task,arm,key_path,configured_value,source,evidence
ic_e1,base,periods,30,cfg_ic\ic_e1.yaml,task configuration; not behavior identified from IO
ic_e1,base,seed,20261001,cfg_ic\ic_e1.yaml,task configuration; not behavior identified from IO
ic_e1,base,import_case,"""proportional""",cfg_ic\ic_e1.yaml,task configuration; not behavior identified from IO
ic_e1,base,budget_share,0.0,cfg_ic\ic_e1.yaml,task configuration; not behavior identified from IO
ic_e1,base,modules[1],"""edge""",cfg_ic\ic_e1.yaml,task configuration; not behavior identified from IO
ic_e1,base,modules[2],"""ai""",cfg_ic\ic_e1.yaml,task configuration; not behavior identified from IO
ic_e1,base,external_supply_elasticity,1.25,cfg_ic\ic_e1.yaml,task configuration; not behavior identified from IO
ic_e1,base,capacity_lag,4,cfg_ic\ic_e1.yaml,task configuration; not behavior identified from IO
ic_e1,base,time_fit,0.9,cfg_ic\ic_e1.yaml,task configuration; not behavior identified from IO
ic_e1,base,labor_share_of_va,0.8,cfg_ic\ic_e1.yaml,task configuration; not behavior identified from IO
ic_e1,base,backlog_retention,0.25,cfg_ic\ic_e1.yaml,task configuration; not behavior identified from IO
ic_e1,base,max_backlog_quarters,2.0,cfg_ic\ic_e1.yaml,task configuration; not behavior identified from IO
ic_e1,base,edge_health_floor,0.85,cfg_ic\ic_e1.yaml,task configuration; not behavior identified from IO
ic_e1,base,data_status,"""2020 IO accounting observed; import uses and behavior parameters are scenarios""",cfg_ic\ic_e1.yaml,task configuration; not behavior identified from IO
ic_e1,base,task_id,"""ic_e1""",cfg_ic\ic_e1.yaml,task configuration; not behavior identified from IO
ic_e1,base,name,"""AI有效生产率""",cfg_ic\ic_e1.yaml,task configuration; not behavior identified from IO
ic_e1,base,research_question,"""AI吸收能力如何改变同等采用投入的产出回报？""",cfg_ic\ic_e1.yaml,task configuration; not behavior identified from IO
ic_e1,base,metrics[1],"""output""",cfg_ic\ic_e1.yaml,task configuration; not behavior identified from IO
ic_e1,base,metrics[2],"""value_added""",cfg_ic\ic_e1.yaml,task configuration; not behavior identified from IO
ic_e1,base,metrics[3],"""shortage""",cfg_ic\ic_e1.yaml,task configuration; not behavior identified from IO
ic_e1,base,metrics[4],"""welfare""",cfg_ic\ic_e1.yaml,task configuration; not behavior identified from IO
ic_e1,base,ai_rate,0.02,cfg_ic\ic_e1.yaml,task configuration; not behavior identified from IO
ic_e1,base,ai_productivity,0.3,cfg_ic\ic_e1.yaml,task configuration; not behavior identified from IO
ic_e1,base,source_v1_task_id,"""ic_e1_effective_ai""",cfg_ic\ic_e1.yaml,task configuration; not behavior identified from IO
ic_e1,base,theory,"""AI采用必须经吸收能力、时间可行性和组织摩擦转化为有效AI能力。""",cfg_ic\ic_e1.yaml,task configuration; not behavior identified from IO
ic_e1,base,source_v1_outcomes[1],"""total_output""",cfg_ic\ic_e1.yaml,task configuration; not behavior identified from IO
ic_e1,base,source_v1_outcomes[2],"""total_value_added""",cfg_ic\ic_e1.yaml,task configuration; not behavior identified from IO
ic_e1,base,source_v1_outcomes[3],"""total_profit""",cfg_ic\ic_e1.yaml,task configuration; not behavior identified from IO
ic_e1,base,source_v1_outcomes[4],"""avg_ai_effective""",cfg_ic\ic_e1.yaml,task configuration; not behavior identified from IO
ic_e1,base,source_v1_outcomes[5],"""shortage_ratio""",cfg_ic\ic_e1.yaml,task configuration; not behavior identified from IO
ic_e1,base,v1_arm_names[1],"""baseline_low_ai""",cfg_ic\ic_e1.yaml,task configuration; not behavior identified from IO
ic_e1,base,v1_arm_names[2],"""high_ai_low_absorption""",cfg_ic\ic_e1.yaml,task configuration; not behavior identified from IO
ic_e1,base,v1_arm_names[3],"""high_ai_high_absorption""",cfg_ic\ic_e1.yaml,task configuration; not behavior identified from IO
ic_e1,baseline,periods,30,cfg_ic\ic_e1.yaml,task configuration; not behavior identified from IO
ic_e1,baseline,seed,20261001,cfg_ic\ic_e1.yaml,task configuration; not behavior identified from IO
ic_e1,baseline,import_case,"""proportional""",cfg_ic\ic_e1.yaml,task configuration; not behavior identified from IO
ic_e1,baseline,budget_share,0.0,cfg_ic\ic_e1.yaml,task configuration; not behavior identified from IO
ic_e1,baseline,modules[1],"""edge""",cfg_ic\ic_e1.yaml,task configuration; not behavior identified from IO
ic_e1,baseline,external_supply_elasticity,1.25,cfg_ic\ic_e1.yaml,task configuration; not behavior identified from IO
ic_e1,baseline,capacity_lag,4,cfg_ic\ic_e1.yaml,task configuration; not behavior identified from IO
ic_e1,baseline,time_fit,0.9,cfg_ic\ic_e1.yaml,task configuration; not behavior identified from IO
ic_e1,baseline,labor_share_of_va,0.8,cfg_ic\ic_e1.yaml,task configuration; not behavior identified from IO
ic_e1,baseline,backlog_retention,0.25,cfg_ic\ic_e1.yaml,task configuration; not behavior identified from IO
ic_e1,baseline,max_backlog_quarters,2.0,cfg_ic\ic_e1.yaml,task configuration; not behavior identified from IO
ic_e1,baseline,edge_health_floor,0.85,cfg_ic\ic_e1.yaml,task configuration; not behavior identified from IO
ic_e1,baseline,data_status,"""2020 IO accounting observed; import uses and behavior parameters are scenarios""",cfg_ic\ic_e1.yaml,task configuration; not behavior identified from IO
ic_e1,baseline,task_id,"""ic_e1""",cfg_ic\ic_e1.yaml,task configuration; not behavior identified from IO
ic_e1,baseline,name,"""AI有效生产率""",cfg_ic\ic_e1.yaml,task configuration; not behavior identified from IO
ic_e1,baseline,research_question,"""AI吸收能力如何改变同等采用投入的产出回报？""",cfg_ic\ic_e1.yaml,task configuration; not behavior identified from IO
ic_e1,baseline,metrics[1],"""output""",cfg_ic\ic_e1.yaml,task configuration; not behavior identified from IO
ic_e1,baseline,metrics[2],"""value_added""",cfg_ic\ic_e1.yaml,task configuration; not behavior identified from IO
ic_e1,baseline,metrics[3],"""shortage""",cfg_ic\ic_e1.yaml,task configuration; not behavior identified from IO
ic_e1,baseline,metrics[4],"""welfare""",cfg_ic\ic_e1.yaml,task configuration; not behavior identified from IO
ic_e1,baseline,ai_rate,0.02,cfg_ic\ic_e1.yaml,task configuration; not behavior identified from IO
ic_e1,baseline,ai_productivity,0.3,cfg_ic\ic_e1.yaml,task configuration; not behavior identified from IO
ic_e1,baseline,source_v1_task_id,"""ic_e1_effective_ai""",cfg_ic\ic_e1.yaml,task configuration; not behavior identified from IO
ic_e1,baseline,theory,"""AI采用必须经吸收能力、时间可行性和组织摩擦转化为有效AI能力。""",cfg_ic\ic_e1.yaml,task configuration; not behavior identified from IO
ic_e1,baseline,source_v1_outcomes[1],"""total_output""",cfg_ic\ic_e1.yaml,task configuration; not behavior identified from IO
ic_e1,baseline,source_v1_outcomes[2],"""total_value_added""",cfg_ic\ic_e1.yaml,task configuration; not behavior identified from IO
ic_e1,baseline,source_v1_outcomes[3],"""total_profit""",cfg_ic\ic_e1.yaml,task configuration; not behavior identified from IO
ic_e1,baseline,source_v1_outcomes[4],"""avg_ai_effective""",cfg_ic\ic_e1.yaml,task configuration; not behavior identified from IO
ic_e1,baseline,source_v1_outcomes[5],"""shortage_ratio""",cfg_ic\ic_e1.yaml,task configuration; not behavior identified from IO
ic_e1,baseline,v1_arm_names[1],"""baseline_low_ai""",cfg_ic\ic_e1.yaml,task configuration; not behavior identified from IO
ic_e1,baseline,v1_arm_names[2],"""high_ai_low_absorption""",cfg_ic\ic_e1.yaml,task configuration; not behavior identified from IO
ic_e1,baseline,v1_arm_names[3],"""high_ai_high_absorption""",cfg_ic\ic_e1.yaml,task configuration; not behavior identified from IO
ic_e1,low_absorption,periods,30,cfg_ic\ic_e1.yaml,task configuration; not behavior identified from IO
ic_e1,low_absorption,seed,20261001,cfg_ic\ic_e1.yaml,task configuration; not behavior identified from IO
ic_e1,low_absorption,import_case,"""proportional""",cfg_ic\ic_e1.yaml,task configuration; not behavior identified from IO
ic_e1,low_absorption,budget_share,0.0,cfg_ic\ic_e1.yaml,task configuration; not behavior identified from IO
ic_e1,low_absorption,modules[1],"""edge""",cfg_ic\ic_e1.yaml,task configuration; not behavior identified from IO
ic_e1,low_absorption,modules[2],"""ai""",cfg_ic\ic_e1.yaml,task configuration; not behavior identified from IO
ic_e1,low_absorption,external_supply_elasticity,1.25,cfg_ic\ic_e1.yaml,task configuration; not behavior identified from IO
ic_e1,low_absorption,capacity_lag,4,cfg_ic\ic_e1.yaml,task configuration; not behavior identified from IO
ic_e1,low_absorption,time_fit,0.9,cfg_ic\ic_e1.yaml,task configuration; not behavior identified from IO
ic_e1,low_absorption,labor_share_of_va,0.8,cfg_ic\ic_e1.yaml,task configuration; not behavior identified from IO
ic_e1,low_absorption,backlog_retention,0.25,cfg_ic\ic_e1.yaml,task configuration; not behavior identified from IO
ic_e1,low_absorption,max_backlog_quarters,2.0,cfg_ic\ic_e1.yaml,task configuration; not behavior identified from IO
ic_e1,low_absorption,edge_health_floor,0.85,cfg_ic\ic_e1.yaml,task configuration; not behavior identified from IO
ic_e1,low_absorption,data_status,"""2020 IO accounting observed; import uses and behavior parameters are scenarios""",cfg_ic\ic_e1.yaml,task configuration; not behavior identified from IO
ic_e1,low_absorption,task_id,"""ic_e1""",cfg_ic\ic_e1.yaml,task configuration; not behavior identified from IO
ic_e1,low_absorption,name,"""AI有效生产率""",cfg_ic\ic_e1.yaml,task configuration; not behavior identified from IO
ic_e1,low_absorption,research_question,"""AI吸收能力如何改变同等采用投入的产出回报？""",cfg_ic\ic_e1.yaml,task configuration; not behavior identified from IO
ic_e1,low_absorption,metrics[1],"""output""",cfg_ic\ic_e1.yaml,task configuration; not behavior identified from IO
ic_e1,low_absorption,metrics[2],"""value_added""",cfg_ic\ic_e1.yaml,task configuration; not behavior identified from IO
ic_e1,low_absorption,metrics[3],"""shortage""",cfg_ic\ic_e1.yaml,task configuration; not behavior identified from IO
ic_e1,low_absorption,metrics[4],"""welfare""",cfg_ic\ic_e1.yaml,task configuration; not behavior identified from IO
ic_e1,low_absorption,ai_rate,0.02,cfg_ic\ic_e1.yaml,task configuration; not behavior identified from IO
ic_e1,low_absorption,ai_productivity,0.3,cfg_ic\ic_e1.yaml,task configuration; not behavior identified from IO
ic_e1,low_absorption,source_v1_task_id,"""ic_e1_effective_ai""",cfg_ic\ic_e1.yaml,task configuration; not behavior identified from IO
ic_e1,low_absorption,theory,"""AI采用必须经吸收能力、时间可行性和组织摩擦转化为有效AI能力。""",cfg_ic\ic_e1.yaml,task configuration; not behavior identified from IO
ic_e1,low_absorption,source_v1_outcomes[1],"""total_output""",cfg_ic\ic_e1.yaml,task configuration; not behavior identified from IO
ic_e1,low_absorption,source_v1_outcomes[2],"""total_value_added""",cfg_ic\ic_e1.yaml,task configuration; not behavior identified from IO
ic_e1,low_absorption,source_v1_outcomes[3],"""total_profit""",cfg_ic\ic_e1.yaml,task configuration; not behavior identified from IO
ic_e1,low_absorption,source_v1_outcomes[4],"""avg_ai_effective""",cfg_ic\ic_e1.yaml,task configuration; not behavior identified from IO
ic_e1,low_absorption,source_v1_outcomes[5],"""shortage_ratio""",cfg_ic\ic_e1.yaml,task configuration; not behavior identified from IO
ic_e1,low_absorption,v1_arm_names[1],"""baseline_low_ai""",cfg_ic\ic_e1.yaml,task configuration; not behavior identified from IO
ic_e1,low_absorption,v1_arm_names[2],"""high_ai_low_absorption""",cfg_ic\ic_e1.yaml,task configuration; not behavior identified from IO
ic_e1,low_absorption,v1_arm_names[3],"""high_ai_high_absorption""",cfg_ic\ic_e1.yaml,task configuration; not behavior identified from IO
ic_e1,low_absorption,absorption[1],0.2,cfg_ic\ic_e1.yaml,task configuration; not behavior identified from IO
ic_e1,low_absorption,absorption[2],0.2,cfg_ic\ic_e1.yaml,task configuration; not behavior identified from IO
ic_e1,low_absorption,absorption[3],0.2,cfg_ic\ic_e1.yaml,task configuration; not behavior identified from IO
ic_e1,low_absorption,absorption[4],0.2,cfg_ic\ic_e1.yaml,task configuration; not behavior identified from IO
ic_e1,low_absorption,absorption[5],0.2,cfg_ic\ic_e1.yaml,task configuration; not behavior identified from IO
ic_e1,low_absorption,absorption[6],0.2,cfg_ic\ic_e1.yaml,task configuration; not behavior identified from IO
ic_e1,low_absorption,absorption[7],0.2,cfg_ic\ic_e1.yaml,task configuration; not behavior identified from IO
ic_e1,low_absorption,absorption[8],0.2,cfg_ic\ic_e1.yaml,task configuration; not behavior identified from IO
ic_e1,low_absorption,absorption[9],0.2,cfg_ic\ic_e1.yaml,task configuration; not behavior identified from IO
ic_e1,low_absorption,absorption[10],0.2,cfg_ic\ic_e1.yaml,task configuration; not behavior identified from IO
ic_e1,low_absorption,absorption[11],0.2,cfg_ic\ic_e1.yaml,task configuration; not behavior identified from IO
ic_e1,low_absorption,absorption[12],0.2,cfg_ic\ic_e1.yaml,task configuration; not behavior identified from IO
ic_e1,low_absorption,absorption[13],0.2,cfg_ic\ic_e1.yaml,task configuration; not behavior identified from IO
ic_e1,baseline_low_ai,periods,30,cfg_ic\ic_e1.yaml,task configuration; not behavior identified from IO
ic_e1,baseline_low_ai,seed,20261001,cfg_ic\ic_e1.yaml,task configuration; not behavior identified from IO
ic_e1,baseline_low_ai,import_case,"""proportional""",cfg_ic\ic_e1.yaml,task configuration; not behavior identified from IO
ic_e1,baseline_low_ai,budget_share,0.0,cfg_ic\ic_e1.yaml,task configuration; not behavior identified from IO
ic_e1,baseline_low_ai,modules[1],"""edge""",cfg_ic\ic_e1.yaml,task configuration; not behavior identified from IO
ic_e1,baseline_low_ai,external_supply_elasticity,1.25,cfg_ic\ic_e1.yaml,task configuration; not behavior identified from IO
ic_e1,baseline_low_ai,capacity_lag,4,cfg_ic\ic_e1.yaml,task configuration; not behavior identified from IO
ic_e1,baseline_low_ai,time_fit,0.9,cfg_ic\ic_e1.yaml,task configuration; not behavior identified from IO
ic_e1,baseline_low_ai,labor_share_of_va,0.8,cfg_ic\ic_e1.yaml,task configuration; not behavior identified from IO
ic_e1,baseline_low_ai,backlog_retention,0.25,cfg_ic\ic_e1.yaml,task configuration; not behavior identified from IO
ic_e1,baseline_low_ai,max_backlog_quarters,2.0,cfg_ic\ic_e1.yaml,task configuration; not behavior identified from IO
ic_e1,baseline_low_ai,edge_health_floor,0.85,cfg_ic\ic_e1.yaml,task configuration; not behavior identified from IO
ic_e1,baseline_low_ai,data_status,"""2020 IO accounting observed; import uses and behavior parameters are scenarios""",cfg_ic\ic_e1.yaml,task configuration; not behavior identified from IO
ic_e1,baseline_low_ai,task_id,"""ic_e1""",cfg_ic\ic_e1.yaml,task configuration; not behavior identified from IO
ic_e1,baseline_low_ai,name,"""AI有效生产率""",cfg_ic\ic_e1.yaml,task configuration; not behavior identified from IO
ic_e1,baseline_low_ai,research_question,"""AI吸收能力如何改变同等采用投入的产出回报？""",cfg_ic\ic_e1.yaml,task configuration; not behavior identified from IO
ic_e1,baseline_low_ai,metrics[1],"""output""",cfg_ic\ic_e1.yaml,task configuration; not behavior identified from IO
ic_e1,baseline_low_ai,metrics[2],"""value_added""",cfg_ic\ic_e1.yaml,task configuration; not behavior identified from IO
ic_e1,baseline_low_ai,metrics[3],"""shortage""",cfg_ic\ic_e1.yaml,task configuration; not behavior identified from IO
ic_e1,baseline_low_ai,metrics[4],"""welfare""",cfg_ic\ic_e1.yaml,task configuration; not behavior identified from IO
ic_e1,baseline_low_ai,ai_rate,0.0,cfg_ic\ic_e1.yaml,task configuration; not behavior identified from IO
ic_e1,baseline_low_ai,ai_productivity,0.3,cfg_ic\ic_e1.yaml,task configuration; not behavior identified from IO
ic_e1,baseline_low_ai,source_v1_task_id,"""ic_e1_effective_ai""",cfg_ic\ic_e1.yaml,task configuration; not behavior identified from IO
ic_e1,baseline_low_ai,theory,"""AI采用必须经吸收能力、时间可行性和组织摩擦转化为有效AI能力。""",cfg_ic\ic_e1.yaml,task configuration; not behavior identified from IO
ic_e1,baseline_low_ai,source_v1_outcomes[1],"""total_output""",cfg_ic\ic_e1.yaml,task configuration; not behavior identified from IO
ic_e1,baseline_low_ai,source_v1_outcomes[2],"""total_value_added""",cfg_ic\ic_e1.yaml,task configuration; not behavior identified from IO
ic_e1,baseline_low_ai,source_v1_outcomes[3],"""total_profit""",cfg_ic\ic_e1.yaml,task configuration; not behavior identified from IO
ic_e1,baseline_low_ai,source_v1_outcomes[4],"""avg_ai_effective""",cfg_ic\ic_e1.yaml,task configuration; not behavior identified from IO
ic_e1,baseline_low_ai,source_v1_outcomes[5],"""shortage_ratio""",cfg_ic\ic_e1.yaml,task configuration; not behavior identified from IO
ic_e1,baseline_low_ai,v1_arm_names[1],"""baseline_low_ai""",cfg_ic\ic_e1.yaml,task configuration; not behavior identified from IO
ic_e1,baseline_low_ai,v1_arm_names[2],"""high_ai_low_absorption""",cfg_ic\ic_e1.yaml,task configuration; not behavior identified from IO
ic_e1,baseline_low_ai,v1_arm_names[3],"""high_ai_high_absorption""",cfg_ic\ic_e1.yaml,task configuration; not behavior identified from IO
ic_e1,high_ai_low_absorption,periods,30,cfg_ic\ic_e1.yaml,task configuration; not behavior identified from IO
ic_e1,high_ai_low_absorption,seed,20261001,cfg_ic\ic_e1.yaml,task configuration; not behavior identified from IO
ic_e1,high_ai_low_absorption,import_case,"""proportional""",cfg_ic\ic_e1.yaml,task configuration; not behavior identified from IO
ic_e1,high_ai_low_absorption,budget_share,0.0,cfg_ic\ic_e1.yaml,task configuration; not behavior identified from IO
ic_e1,high_ai_low_absorption,modules[1],"""edge""",cfg_ic\ic_e1.yaml,task configuration; not behavior identified from IO
ic_e1,high_ai_low_absorption,modules[2],"""ai""",cfg_ic\ic_e1.yaml,task configuration; not behavior identified from IO
ic_e1,high_ai_low_absorption,external_supply_elasticity,1.25,cfg_ic\ic_e1.yaml,task configuration; not behavior identified from IO
ic_e1,high_ai_low_absorption,capacity_lag,4,cfg_ic\ic_e1.yaml,task configuration; not behavior identified from IO
ic_e1,high_ai_low_absorption,time_fit,0.9,cfg_ic\ic_e1.yaml,task configuration; not behavior identified from IO
ic_e1,high_ai_low_absorption,labor_share_of_va,0.8,cfg_ic\ic_e1.yaml,task configuration; not behavior identified from IO
ic_e1,high_ai_low_absorption,backlog_retention,0.25,cfg_ic\ic_e1.yaml,task configuration; not behavior identified from IO
ic_e1,high_ai_low_absorption,max_backlog_quarters,2.0,cfg_ic\ic_e1.yaml,task configuration; not behavior identified from IO
ic_e1,high_ai_low_absorption,edge_health_floor,0.85,cfg_ic\ic_e1.yaml,task configuration; not behavior identified from IO
ic_e1,high_ai_low_absorption,data_status,"""2020 IO accounting observed; import uses and behavior parameters are scenarios""",cfg_ic\ic_e1.yaml,task configuration; not behavior identified from IO
ic_e1,high_ai_low_absorption,task_id,"""ic_e1""",cfg_ic\ic_e1.yaml,task configuration; not behavior identified from IO
ic_e1,high_ai_low_absorption,name,"""AI有效生产率""",cfg_ic\ic_e1.yaml,task configuration; not behavior identified from IO
ic_e1,high_ai_low_absorption,research_question,"""AI吸收能力如何改变同等采用投入的产出回报？""",cfg_ic\ic_e1.yaml,task configuration; not behavior identified from IO
ic_e1,high_ai_low_absorption,metrics[1],"""output""",cfg_ic\ic_e1.yaml,task configuration; not behavior identified from IO
ic_e1,high_ai_low_absorption,metrics[2],"""value_added""",cfg_ic\ic_e1.yaml,task configuration; not behavior identified from IO
ic_e1,high_ai_low_absorption,metrics[3],"""shortage""",cfg_ic\ic_e1.yaml,task configuration; not behavior identified from IO
ic_e1,high_ai_low_absorption,metrics[4],"""welfare""",cfg_ic\ic_e1.yaml,task configuration; not behavior identified from IO
ic_e1,high_ai_low_absorption,ai_rate,0.02,cfg_ic\ic_e1.yaml,task configuration; not behavior identified from IO
ic_e1,high_ai_low_absorption,ai_productivity,0.3,cfg_ic\ic_e1.yaml,task configuration; not behavior identified from IO
ic_e1,high_ai_low_absorption,source_v1_task_id,"""ic_e1_effective_ai""",cfg_ic\ic_e1.yaml,task configuration; not behavior identified from IO
ic_e1,high_ai_low_absorption,theory,"""AI采用必须经吸收能力、时间可行性和组织摩擦转化为有效AI能力。""",cfg_ic\ic_e1.yaml,task configuration; not behavior identified from IO
ic_e1,high_ai_low_absorption,source_v1_outcomes[1],"""total_output""",cfg_ic\ic_e1.yaml,task configuration; not behavior identified from IO
ic_e1,high_ai_low_absorption,source_v1_outcomes[2],"""total_value_added""",cfg_ic\ic_e1.yaml,task configuration; not behavior identified from IO
ic_e1,high_ai_low_absorption,source_v1_outcomes[3],"""total_profit""",cfg_ic\ic_e1.yaml,task configuration; not behavior identified from IO
ic_e1,high_ai_low_absorption,source_v1_outcomes[4],"""avg_ai_effective""",cfg_ic\ic_e1.yaml,task configuration; not behavior identified from IO
ic_e1,high_ai_low_absorption,source_v1_outcomes[5],"""shortage_ratio""",cfg_ic\ic_e1.yaml,task configuration; not behavior identified from IO
ic_e1,high_ai_low_absorption,v1_arm_names[1],"""baseline_low_ai""",cfg_ic\ic_e1.yaml,task configuration; not behavior identified from IO
ic_e1,high_ai_low_absorption,v1_arm_names[2],"""high_ai_low_absorption""",cfg_ic\ic_e1.yaml,task configuration; not behavior identified from IO
ic_e1,high_ai_low_absorption,v1_arm_names[3],"""high_ai_high_absorption""",cfg_ic\ic_e1.yaml,task configuration; not behavior identified from IO
ic_e1,high_ai_low_absorption,absorption[1],0.2,cfg_ic\ic_e1.yaml,task configuration; not behavior identified from IO
ic_e1,high_ai_low_absorption,absorption[2],0.2,cfg_ic\ic_e1.yaml,task configuration; not behavior identified from IO
ic_e1,high_ai_low_absorption,absorption[3],0.2,cfg_ic\ic_e1.yaml,task configuration; not behavior identified from IO
ic_e1,high_ai_low_absorption,absorption[4],0.2,cfg_ic\ic_e1.yaml,task configuration; not behavior identified from IO
ic_e1,high_ai_low_absorption,absorption[5],0.2,cfg_ic\ic_e1.yaml,task configuration; not behavior identified from IO
ic_e1,high_ai_low_absorption,absorption[6],0.2,cfg_ic\ic_e1.yaml,task configuration; not behavior identified from IO
ic_e1,high_ai_low_absorption,absorption[7],0.2,cfg_ic\ic_e1.yaml,task configuration; not behavior identified from IO
ic_e1,high_ai_low_absorption,absorption[8],0.2,cfg_ic\ic_e1.yaml,task configuration; not behavior identified from IO
ic_e1,high_ai_low_absorption,absorption[9],0.2,cfg_ic\ic_e1.yaml,task configuration; not behavior identified from IO
ic_e1,high_ai_low_absorption,absorption[10],0.2,cfg_ic\ic_e1.yaml,task configuration; not behavior identified from IO
ic_e1,high_ai_low_absorption,absorption[11],0.2,cfg_ic\ic_e1.yaml,task configuration; not behavior identified from IO
ic_e1,high_ai_low_absorption,absorption[12],0.2,cfg_ic\ic_e1.yaml,task configuration; not behavior identified from IO
ic_e1,high_ai_low_absorption,absorption[13],0.2,cfg_ic\ic_e1.yaml,task configuration; not behavior identified from IO
ic_e1,high_ai_high_absorption,periods,30,cfg_ic\ic_e1.yaml,task configuration; not behavior identified from IO
ic_e1,high_ai_high_absorption,seed,20261001,cfg_ic\ic_e1.yaml,task configuration; not behavior identified from IO
ic_e1,high_ai_high_absorption,import_case,"""proportional""",cfg_ic\ic_e1.yaml,task configuration; not behavior identified from IO
ic_e1,high_ai_high_absorption,budget_share,0.0,cfg_ic\ic_e1.yaml,task configuration; not behavior identified from IO
ic_e1,high_ai_high_absorption,modules[1],"""edge""",cfg_ic\ic_e1.yaml,task configuration; not behavior identified from IO
ic_e1,high_ai_high_absorption,modules[2],"""ai""",cfg_ic\ic_e1.yaml,task configuration; not behavior identified from IO
ic_e1,high_ai_high_absorption,external_supply_elasticity,1.25,cfg_ic\ic_e1.yaml,task configuration; not behavior identified from IO
ic_e1,high_ai_high_absorption,capacity_lag,4,cfg_ic\ic_e1.yaml,task configuration; not behavior identified from IO
ic_e1,high_ai_high_absorption,time_fit,0.9,cfg_ic\ic_e1.yaml,task configuration; not behavior identified from IO
ic_e1,high_ai_high_absorption,labor_share_of_va,0.8,cfg_ic\ic_e1.yaml,task configuration; not behavior identified from IO
ic_e1,high_ai_high_absorption,backlog_retention,0.25,cfg_ic\ic_e1.yaml,task configuration; not behavior identified from IO
ic_e1,high_ai_high_absorption,max_backlog_quarters,2.0,cfg_ic\ic_e1.yaml,task configuration; not behavior identified from IO
ic_e1,high_ai_high_absorption,edge_health_floor,0.85,cfg_ic\ic_e1.yaml,task configuration; not behavior identified from IO
ic_e1,high_ai_high_absorption,data_status,"""2020 IO accounting observed; import uses and behavior parameters are scenarios""",cfg_ic\ic_e1.yaml,task configuration; not behavior identified from IO
ic_e1,high_ai_high_absorption,task_id,"""ic_e1""",cfg_ic\ic_e1.yaml,task configuration; not behavior identified from IO
ic_e1,high_ai_high_absorption,name,"""AI有效生产率""",cfg_ic\ic_e1.yaml,task configuration; not behavior identified from IO
ic_e1,high_ai_high_absorption,research_question,"""AI吸收能力如何改变同等采用投入的产出回报？""",cfg_ic\ic_e1.yaml,task configuration; not behavior identified from IO
ic_e1,high_ai_high_absorption,metrics[1],"""output""",cfg_ic\ic_e1.yaml,task configuration; not behavior identified from IO
ic_e1,high_ai_high_absorption,metrics[2],"""value_added""",cfg_ic\ic_e1.yaml,task configuration; not behavior identified from IO
ic_e1,high_ai_high_absorption,metrics[3],"""shortage""",cfg_ic\ic_e1.yaml,task configuration; not behavior identified from IO
ic_e1,high_ai_high_absorption,metrics[4],"""welfare""",cfg_ic\ic_e1.yaml,task configuration; not behavior identified from IO
ic_e1,high_ai_high_absorption,ai_rate,0.02,cfg_ic\ic_e1.yaml,task configuration; not behavior identified from IO
ic_e1,high_ai_high_absorption,ai_productivity,0.3,cfg_ic\ic_e1.yaml,task configuration; not behavior identified from IO
ic_e1,high_ai_high_absorption,source_v1_task_id,"""ic_e1_effective_ai""",cfg_ic\ic_e1.yaml,task configuration; not behavior identified from IO
ic_e1,high_ai_high_absorption,theory,"""AI采用必须经吸收能力、时间可行性和组织摩擦转化为有效AI能力。""",cfg_ic\ic_e1.yaml,task configuration; not behavior identified from IO
ic_e1,high_ai_high_absorption,source_v1_outcomes[1],"""total_output""",cfg_ic\ic_e1.yaml,task configuration; not behavior identified from IO
ic_e1,high_ai_high_absorption,source_v1_outcomes[2],"""total_value_added""",cfg_ic\ic_e1.yaml,task configuration; not behavior identified from IO
ic_e1,high_ai_high_absorption,source_v1_outcomes[3],"""total_profit""",cfg_ic\ic_e1.yaml,task configuration; not behavior identified from IO
ic_e1,high_ai_high_absorption,source_v1_outcomes[4],"""avg_ai_effective""",cfg_ic\ic_e1.yaml,task configuration; not behavior identified from IO
ic_e1,high_ai_high_absorption,source_v1_outcomes[5],"""shortage_ratio""",cfg_ic\ic_e1.yaml,task configuration; not behavior identified from IO
ic_e1,high_ai_high_absorption,v1_arm_names[1],"""baseline_low_ai""",cfg_ic\ic_e1.yaml,task configuration; not behavior identified from IO
ic_e1,high_ai_high_absorption,v1_arm_names[2],"""high_ai_low_absorption""",cfg_ic\ic_e1.yaml,task configuration; not behavior identified from IO
ic_e1,high_ai_high_absorption,v1_arm_names[3],"""high_ai_high_absorption""",cfg_ic\ic_e1.yaml,task configuration; not behavior identified from IO
ic_e1,high_ai_high_absorption,absorption[1],0.9,cfg_ic\ic_e1.yaml,task configuration; not behavior identified from IO
ic_e1,high_ai_high_absorption,absorption[2],0.9,cfg_ic\ic_e1.yaml,task configuration; not behavior identified from IO
ic_e1,high_ai_high_absorption,absorption[3],0.9,cfg_ic\ic_e1.yaml,task configuration; not behavior identified from IO
ic_e1,high_ai_high_absorption,absorption[4],0.9,cfg_ic\ic_e1.yaml,task configuration; not behavior identified from IO
ic_e1,high_ai_high_absorption,absorption[5],0.9,cfg_ic\ic_e1.yaml,task configuration; not behavior identified from IO
ic_e1,high_ai_high_absorption,absorption[6],0.9,cfg_ic\ic_e1.yaml,task configuration; not behavior identified from IO
ic_e1,high_ai_high_absorption,absorption[7],0.9,cfg_ic\ic_e1.yaml,task configuration; not behavior identified from IO
ic_e1,high_ai_high_absorption,absorption[8],0.9,cfg_ic\ic_e1.yaml,task configuration; not behavior identified from IO
ic_e1,high_ai_high_absorption,absorption[9],0.9,cfg_ic\ic_e1.yaml,task configuration; not behavior identified from IO
ic_e1,high_ai_high_absorption,absorption[10],0.9,cfg_ic\ic_e1.yaml,task configuration; not behavior identified from IO
ic_e1,high_ai_high_absorption,absorption[11],0.9,cfg_ic\ic_e1.yaml,task configuration; not behavior identified from IO
ic_e1,high_ai_high_absorption,absorption[12],0.9,cfg_ic\ic_e1.yaml,task configuration; not behavior identified from IO
ic_e1,high_ai_high_absorption,absorption[13],0.9,cfg_ic\ic_e1.yaml,task configuration; not behavior identified from IO
ic_e2,base,periods,30,cfg_ic\ic_e2.yaml,task configuration; not behavior identified from IO
ic_e2,base,seed,20261001,cfg_ic\ic_e2.yaml,task configuration; not behavior identified from IO
ic_e2,base,import_case,"""proportional""",cfg_ic\ic_e2.yaml,task configuration; not behavior identified from IO
ic_e2,base,budget_share,0.0,cfg_ic\ic_e2.yaml,task configuration; not behavior identified from IO
ic_e2,base,modules[1],"""edge""",cfg_ic\ic_e2.yaml,task configuration; not behavior identified from IO
ic_e2,base,modules[2],"""forecast""",cfg_ic\ic_e2.yaml,task configuration; not behavior identified from IO
ic_e2,base,modules[3],"""ai""",cfg_ic\ic_e2.yaml,task configuration; not behavior identified from IO
ic_e2,base,external_supply_elasticity,1.25,cfg_ic\ic_e2.yaml,task configuration; not behavior identified from IO
ic_e2,base,capacity_lag,4,cfg_ic\ic_e2.yaml,task configuration; not behavior identified from IO
ic_e2,base,time_fit,0.9,cfg_ic\ic_e2.yaml,task configuration; not behavior identified from IO
ic_e2,base,labor_share_of_va,0.8,cfg_ic\ic_e2.yaml,task configuration; not behavior identified from IO
ic_e2,base,backlog_retention,0.25,cfg_ic\ic_e2.yaml,task configuration; not behavior identified from IO
ic_e2,base,max_backlog_quarters,2.0,cfg_ic\ic_e2.yaml,task configuration; not behavior identified from IO
ic_e2,base,edge_health_floor,0.85,cfg_ic\ic_e2.yaml,task configuration; not behavior identified from IO
ic_e2,base,data_status,"""2020 IO accounting observed; import uses and behavior parameters are scenarios""",cfg_ic\ic_e2.yaml,task configuration; not behavior identified from IO
ic_e2,base,task_id,"""ic_e2""",cfg_ic\ic_e2.yaml,task configuration; not behavior identified from IO
ic_e2,base,name,"""AI预测与供应链协同""",cfg_ic\ic_e2.yaml,task configuration; not behavior identified from IO
ic_e2,base,research_question,"""降低个体预测误差是否同时降低库存和短缺？""",cfg_ic\ic_e2.yaml,task configuration; not behavior identified from IO
ic_e2,base,metrics[1],"""output""",cfg_ic\ic_e2.yaml,task configuration; not behavior identified from IO
ic_e2,base,metrics[2],"""value_added""",cfg_ic\ic_e2.yaml,task configuration; not behavior identified from IO
ic_e2,base,metrics[3],"""shortage""",cfg_ic\ic_e2.yaml,task configuration; not behavior identified from IO
ic_e2,base,metrics[4],"""welfare""",cfg_ic\ic_e2.yaml,task configuration; not behavior identified from IO
ic_e2,base,forecast_error_sd,0.12,cfg_ic\ic_e2.yaml,task configuration; not behavior identified from IO
ic_e2,base,common_forecast_share,0.2,cfg_ic\ic_e2.yaml,task configuration; not behavior identified from IO
ic_e2,base,ai_forecast_gain,0.6,cfg_ic\ic_e2.yaml,task configuration; not behavior identified from IO
ic_e2,base,ai_rate,0.02,cfg_ic\ic_e2.yaml,task configuration; not behavior identified from IO
ic_e2,base,source_v1_task_id,"""ic_e2_ai_forecast_coordination""",cfg_ic\ic_e2.yaml,task configuration; not behavior identified from IO
ic_e2,base,theory,"""AI降低特异性预测误差，但共同模型可能引入相关误差。""",cfg_ic\ic_e2.yaml,task configuration; not behavior identified from IO
ic_e2,base,source_v1_outcomes[1],"""shortage_ratio""",cfg_ic\ic_e2.yaml,task configuration; not behavior identified from IO
ic_e2,base,source_v1_outcomes[2],"""backlog_total""",cfg_ic\ic_e2.yaml,task configuration; not behavior identified from IO
ic_e2,base,source_v1_outcomes[3],"""total_output""",cfg_ic\ic_e2.yaml,task configuration; not behavior identified from IO
ic_e2,base,source_v1_outcomes[4],"""price_index""",cfg_ic\ic_e2.yaml,task configuration; not behavior identified from IO
ic_e2,base,v1_arm_names[1],"""conventional_forecast""",cfg_ic\ic_e2.yaml,task configuration; not behavior identified from IO
ic_e2,base,v1_arm_names[2],"""ai_independent_forecast""",cfg_ic\ic_e2.yaml,task configuration; not behavior identified from IO
ic_e2,base,v1_arm_names[3],"""ai_shared_model_forecast""",cfg_ic\ic_e2.yaml,task configuration; not behavior identified from IO
ic_e2,baseline,periods,30,cfg_ic\ic_e2.yaml,task configuration; not behavior identified from IO
ic_e2,baseline,seed,20261001,cfg_ic\ic_e2.yaml,task configuration; not behavior identified from IO
ic_e2,baseline,import_case,"""proportional""",cfg_ic\ic_e2.yaml,task configuration; not behavior identified from IO
ic_e2,baseline,budget_share,0.0,cfg_ic\ic_e2.yaml,task configuration; not behavior identified from IO
ic_e2,baseline,modules[1],"""edge""",cfg_ic\ic_e2.yaml,task configuration; not behavior identified from IO
ic_e2,baseline,modules[2],"""forecast""",cfg_ic\ic_e2.yaml,task configuration; not behavior identified from IO
ic_e2,baseline,external_supply_elasticity,1.25,cfg_ic\ic_e2.yaml,task configuration; not behavior identified from IO
ic_e2,baseline,capacity_lag,4,cfg_ic\ic_e2.yaml,task configuration; not behavior identified from IO
ic_e2,baseline,time_fit,0.9,cfg_ic\ic_e2.yaml,task configuration; not behavior identified from IO
ic_e2,baseline,labor_share_of_va,0.8,cfg_ic\ic_e2.yaml,task configuration; not behavior identified from IO
ic_e2,baseline,backlog_retention,0.25,cfg_ic\ic_e2.yaml,task configuration; not behavior identified from IO
ic_e2,baseline,max_backlog_quarters,2.0,cfg_ic\ic_e2.yaml,task configuration; not behavior identified from IO
ic_e2,baseline,edge_health_floor,0.85,cfg_ic\ic_e2.yaml,task configuration; not behavior identified from IO
ic_e2,baseline,data_status,"""2020 IO accounting observed; import uses and behavior parameters are scenarios""",cfg_ic\ic_e2.yaml,task configuration; not behavior identified from IO
ic_e2,baseline,task_id,"""ic_e2""",cfg_ic\ic_e2.yaml,task configuration; not behavior identified from IO
ic_e2,baseline,name,"""AI预测与供应链协同""",cfg_ic\ic_e2.yaml,task configuration; not behavior identified from IO
ic_e2,baseline,research_question,"""降低个体预测误差是否同时降低库存和短缺？""",cfg_ic\ic_e2.yaml,task configuration; not behavior identified from IO
ic_e2,baseline,metrics[1],"""output""",cfg_ic\ic_e2.yaml,task configuration; not behavior identified from IO
ic_e2,baseline,metrics[2],"""value_added""",cfg_ic\ic_e2.yaml,task configuration; not behavior identified from IO
ic_e2,baseline,metrics[3],"""shortage""",cfg_ic\ic_e2.yaml,task configuration; not behavior identified from IO
ic_e2,baseline,metrics[4],"""welfare""",cfg_ic\ic_e2.yaml,task configuration; not behavior identified from IO
ic_e2,baseline,forecast_error_sd,0.12,cfg_ic\ic_e2.yaml,task configuration; not behavior identified from IO
ic_e2,baseline,common_forecast_share,0.2,cfg_ic\ic_e2.yaml,task configuration; not behavior identified from IO
ic_e2,baseline,ai_forecast_gain,0.0,cfg_ic\ic_e2.yaml,task configuration; not behavior identified from IO
ic_e2,baseline,ai_rate,0.02,cfg_ic\ic_e2.yaml,task configuration; not behavior identified from IO
ic_e2,baseline,source_v1_task_id,"""ic_e2_ai_forecast_coordination""",cfg_ic\ic_e2.yaml,task configuration; not behavior identified from IO
ic_e2,baseline,theory,"""AI降低特异性预测误差，但共同模型可能引入相关误差。""",cfg_ic\ic_e2.yaml,task configuration; not behavior identified from IO
ic_e2,baseline,source_v1_outcomes[1],"""shortage_ratio""",cfg_ic\ic_e2.yaml,task configuration; not behavior identified from IO
ic_e2,baseline,source_v1_outcomes[2],"""backlog_total""",cfg_ic\ic_e2.yaml,task configuration; not behavior identified from IO
ic_e2,baseline,source_v1_outcomes[3],"""total_output""",cfg_ic\ic_e2.yaml,task configuration; not behavior identified from IO
ic_e2,baseline,source_v1_outcomes[4],"""price_index""",cfg_ic\ic_e2.yaml,task configuration; not behavior identified from IO
ic_e2,baseline,v1_arm_names[1],"""conventional_forecast""",cfg_ic\ic_e2.yaml,task configuration; not behavior identified from IO
ic_e2,baseline,v1_arm_names[2],"""ai_independent_forecast""",cfg_ic\ic_e2.yaml,task configuration; not behavior identified from IO
ic_e2,baseline,v1_arm_names[3],"""ai_shared_model_forecast""",cfg_ic\ic_e2.yaml,task configuration; not behavior identified from IO
ic_e2,conventional_forecast,periods,30,cfg_ic\ic_e2.yaml,task configuration; not behavior identified from IO
ic_e2,conventional_forecast,seed,20261001,cfg_ic\ic_e2.yaml,task configuration; not behavior identified from IO
ic_e2,conventional_forecast,import_case,"""proportional""",cfg_ic\ic_e2.yaml,task configuration; not behavior identified from IO
ic_e2,conventional_forecast,budget_share,0.0,cfg_ic\ic_e2.yaml,task configuration; not behavior identified from IO
ic_e2,conventional_forecast,modules[1],"""edge""",cfg_ic\ic_e2.yaml,task configuration; not behavior identified from IO
ic_e2,conventional_forecast,modules[2],"""forecast""",cfg_ic\ic_e2.yaml,task configuration; not behavior identified from IO
ic_e2,conventional_forecast,external_supply_elasticity,1.25,cfg_ic\ic_e2.yaml,task configuration; not behavior identified from IO
ic_e2,conventional_forecast,capacity_lag,4,cfg_ic\ic_e2.yaml,task configuration; not behavior identified from IO
ic_e2,conventional_forecast,time_fit,0.9,cfg_ic\ic_e2.yaml,task configuration; not behavior identified from IO
ic_e2,conventional_forecast,labor_share_of_va,0.8,cfg_ic\ic_e2.yaml,task configuration; not behavior identified from IO
ic_e2,conventional_forecast,backlog_retention,0.25,cfg_ic\ic_e2.yaml,task configuration; not behavior identified from IO
ic_e2,conventional_forecast,max_backlog_quarters,2.0,cfg_ic\ic_e2.yaml,task configuration; not behavior identified from IO
ic_e2,conventional_forecast,edge_health_floor,0.85,cfg_ic\ic_e2.yaml,task configuration; not behavior identified from IO
ic_e2,conventional_forecast,data_status,"""2020 IO accounting observed; import uses and behavior parameters are scenarios""",cfg_ic\ic_e2.yaml,task configuration; not behavior identified from IO
ic_e2,conventional_forecast,task_id,"""ic_e2""",cfg_ic\ic_e2.yaml,task configuration; not behavior identified from IO
ic_e2,conventional_forecast,name,"""AI预测与供应链协同""",cfg_ic\ic_e2.yaml,task configuration; not behavior identified from IO
ic_e2,conventional_forecast,research_question,"""降低个体预测误差是否同时降低库存和短缺？""",cfg_ic\ic_e2.yaml,task configuration; not behavior identified from IO
ic_e2,conventional_forecast,metrics[1],"""output""",cfg_ic\ic_e2.yaml,task configuration; not behavior identified from IO
ic_e2,conventional_forecast,metrics[2],"""value_added""",cfg_ic\ic_e2.yaml,task configuration; not behavior identified from IO
ic_e2,conventional_forecast,metrics[3],"""shortage""",cfg_ic\ic_e2.yaml,task configuration; not behavior identified from IO
ic_e2,conventional_forecast,metrics[4],"""welfare""",cfg_ic\ic_e2.yaml,task configuration; not behavior identified from IO
ic_e2,conventional_forecast,forecast_error_sd,0.12,cfg_ic\ic_e2.yaml,task configuration; not behavior identified from IO
ic_e2,conventional_forecast,common_forecast_share,0.2,cfg_ic\ic_e2.yaml,task configuration; not behavior identified from IO
ic_e2,conventional_forecast,ai_forecast_gain,0.0,cfg_ic\ic_e2.yaml,task configuration; not behavior identified from IO
ic_e2,conventional_forecast,ai_rate,0.02,cfg_ic\ic_e2.yaml,task configuration; not behavior identified from IO
ic_e2,conventional_forecast,source_v1_task_id,"""ic_e2_ai_forecast_coordination""",cfg_ic\ic_e2.yaml,task configuration; not behavior identified from IO
ic_e2,conventional_forecast,theory,"""AI降低特异性预测误差，但共同模型可能引入相关误差。""",cfg_ic\ic_e2.yaml,task configuration; not behavior identified from IO
ic_e2,conventional_forecast,source_v1_outcomes[1],"""shortage_ratio""",cfg_ic\ic_e2.yaml,task configuration; not behavior identified from IO
ic_e2,conventional_forecast,source_v1_outcomes[2],"""backlog_total""",cfg_ic\ic_e2.yaml,task configuration; not behavior identified from IO
ic_e2,conventional_forecast,source_v1_outcomes[3],"""total_output""",cfg_ic\ic_e2.yaml,task configuration; not behavior identified from IO
ic_e2,conventional_forecast,source_v1_outcomes[4],"""price_index""",cfg_ic\ic_e2.yaml,task configuration; not behavior identified from IO
ic_e2,conventional_forecast,v1_arm_names[1],"""conventional_forecast""",cfg_ic\ic_e2.yaml,task configuration; not behavior identified from IO
ic_e2,conventional_forecast,v1_arm_names[2],"""ai_independent_forecast""",cfg_ic\ic_e2.yaml,task configuration; not behavior identified from IO
ic_e2,conventional_forecast,v1_arm_names[3],"""ai_shared_model_forecast""",cfg_ic\ic_e2.yaml,task configuration; not behavior identified from IO
ic_e2,ai_independent_forecast,periods,30,cfg_ic\ic_e2.yaml,task configuration; not behavior identified from IO
ic_e2,ai_independent_forecast,seed,20261001,cfg_ic\ic_e2.yaml,task configuration; not behavior identified from IO
ic_e2,ai_independent_forecast,import_case,"""proportional""",cfg_ic\ic_e2.yaml,task configuration; not behavior identified from IO
ic_e2,ai_independent_forecast,budget_share,0.0,cfg_ic\ic_e2.yaml,task configuration; not behavior identified from IO
ic_e2,ai_independent_forecast,modules[1],"""edge""",cfg_ic\ic_e2.yaml,task configuration; not behavior identified from IO
ic_e2,ai_independent_forecast,modules[2],"""forecast""",cfg_ic\ic_e2.yaml,task configuration; not behavior identified from IO
ic_e2,ai_independent_forecast,modules[3],"""ai""",cfg_ic\ic_e2.yaml,task configuration; not behavior identified from IO
ic_e2,ai_independent_forecast,external_supply_elasticity,1.25,cfg_ic\ic_e2.yaml,task configuration; not behavior identified from IO
ic_e2,ai_independent_forecast,capacity_lag,4,cfg_ic\ic_e2.yaml,task configuration; not behavior identified from IO
ic_e2,ai_independent_forecast,time_fit,0.9,cfg_ic\ic_e2.yaml,task configuration; not behavior identified from IO
ic_e2,ai_independent_forecast,labor_share_of_va,0.8,cfg_ic\ic_e2.yaml,task configuration; not behavior identified from IO
ic_e2,ai_independent_forecast,backlog_retention,0.25,cfg_ic\ic_e2.yaml,task configuration; not behavior identified from IO
ic_e2,ai_independent_forecast,max_backlog_quarters,2.0,cfg_ic\ic_e2.yaml,task configuration; not behavior identified from IO
ic_e2,ai_independent_forecast,edge_health_floor,0.85,cfg_ic\ic_e2.yaml,task configuration; not behavior identified from IO
ic_e2,ai_independent_forecast,data_status,"""2020 IO accounting observed; import uses and behavior parameters are scenarios""",cfg_ic\ic_e2.yaml,task configuration; not behavior identified from IO
ic_e2,ai_independent_forecast,task_id,"""ic_e2""",cfg_ic\ic_e2.yaml,task configuration; not behavior identified from IO
ic_e2,ai_independent_forecast,name,"""AI预测与供应链协同""",cfg_ic\ic_e2.yaml,task configuration; not behavior identified from IO
ic_e2,ai_independent_forecast,research_question,"""降低个体预测误差是否同时降低库存和短缺？""",cfg_ic\ic_e2.yaml,task configuration; not behavior identified from IO
ic_e2,ai_independent_forecast,metrics[1],"""output""",cfg_ic\ic_e2.yaml,task configuration; not behavior identified from IO
ic_e2,ai_independent_forecast,metrics[2],"""value_added""",cfg_ic\ic_e2.yaml,task configuration; not behavior identified from IO
ic_e2,ai_independent_forecast,metrics[3],"""shortage""",cfg_ic\ic_e2.yaml,task configuration; not behavior identified from IO
ic_e2,ai_independent_forecast,metrics[4],"""welfare""",cfg_ic\ic_e2.yaml,task configuration; not behavior identified from IO
ic_e2,ai_independent_forecast,forecast_error_sd,0.12,cfg_ic\ic_e2.yaml,task configuration; not behavior identified from IO
ic_e2,ai_independent_forecast,common_forecast_share,0.0,cfg_ic\ic_e2.yaml,task configuration; not behavior identified from IO
ic_e2,ai_independent_forecast,ai_forecast_gain,0.6,cfg_ic\ic_e2.yaml,task configuration; not behavior identified from IO
ic_e2,ai_independent_forecast,ai_rate,0.02,cfg_ic\ic_e2.yaml,task configuration; not behavior identified from IO
ic_e2,ai_independent_forecast,source_v1_task_id,"""ic_e2_ai_forecast_coordination""",cfg_ic\ic_e2.yaml,task configuration; not behavior identified from IO
ic_e2,ai_independent_forecast,theory,"""AI降低特异性预测误差，但共同模型可能引入相关误差。""",cfg_ic\ic_e2.yaml,task configuration; not behavior identified from IO
ic_e2,ai_independent_forecast,source_v1_outcomes[1],"""shortage_ratio""",cfg_ic\ic_e2.yaml,task configuration; not behavior identified from IO
ic_e2,ai_independent_forecast,source_v1_outcomes[2],"""backlog_total""",cfg_ic\ic_e2.yaml,task configuration; not behavior identified from IO
ic_e2,ai_independent_forecast,source_v1_outcomes[3],"""total_output""",cfg_ic\ic_e2.yaml,task configuration; not behavior identified from IO
ic_e2,ai_independent_forecast,source_v1_outcomes[4],"""price_index""",cfg_ic\ic_e2.yaml,task configuration; not behavior identified from IO
ic_e2,ai_independent_forecast,v1_arm_names[1],"""conventional_forecast""",cfg_ic\ic_e2.yaml,task configuration; not behavior identified from IO
ic_e2,ai_independent_forecast,v1_arm_names[2],"""ai_independent_forecast""",cfg_ic\ic_e2.yaml,task configuration; not behavior identified from IO
ic_e2,ai_independent_forecast,v1_arm_names[3],"""ai_shared_model_forecast""",cfg_ic\ic_e2.yaml,task configuration; not behavior identified from IO
ic_e2,ai_shared_model_forecast,periods,30,cfg_ic\ic_e2.yaml,task configuration; not behavior identified from IO
ic_e2,ai_shared_model_forecast,seed,20261001,cfg_ic\ic_e2.yaml,task configuration; not behavior identified from IO
ic_e2,ai_shared_model_forecast,import_case,"""proportional""",cfg_ic\ic_e2.yaml,task configuration; not behavior identified from IO
ic_e2,ai_shared_model_forecast,budget_share,0.0,cfg_ic\ic_e2.yaml,task configuration; not behavior identified from IO
ic_e2,ai_shared_model_forecast,modules[1],"""edge""",cfg_ic\ic_e2.yaml,task configuration; not behavior identified from IO
ic_e2,ai_shared_model_forecast,modules[2],"""forecast""",cfg_ic\ic_e2.yaml,task configuration; not behavior identified from IO
ic_e2,ai_shared_model_forecast,modules[3],"""ai""",cfg_ic\ic_e2.yaml,task configuration; not behavior identified from IO
ic_e2,ai_shared_model_forecast,external_supply_elasticity,1.25,cfg_ic\ic_e2.yaml,task configuration; not behavior identified from IO
ic_e2,ai_shared_model_forecast,capacity_lag,4,cfg_ic\ic_e2.yaml,task configuration; not behavior identified from IO
ic_e2,ai_shared_model_forecast,time_fit,0.9,cfg_ic\ic_e2.yaml,task configuration; not behavior identified from IO
ic_e2,ai_shared_model_forecast,labor_share_of_va,0.8,cfg_ic\ic_e2.yaml,task configuration; not behavior identified from IO
ic_e2,ai_shared_model_forecast,backlog_retention,0.25,cfg_ic\ic_e2.yaml,task configuration; not behavior identified from IO
ic_e2,ai_shared_model_forecast,max_backlog_quarters,2.0,cfg_ic\ic_e2.yaml,task configuration; not behavior identified from IO
ic_e2,ai_shared_model_forecast,edge_health_floor,0.85,cfg_ic\ic_e2.yaml,task configuration; not behavior identified from IO
ic_e2,ai_shared_model_forecast,data_status,"""2020 IO accounting observed; import uses and behavior parameters are scenarios""",cfg_ic\ic_e2.yaml,task configuration; not behavior identified from IO
ic_e2,ai_shared_model_forecast,task_id,"""ic_e2""",cfg_ic\ic_e2.yaml,task configuration; not behavior identified from IO
ic_e2,ai_shared_model_forecast,name,"""AI预测与供应链协同""",cfg_ic\ic_e2.yaml,task configuration; not behavior identified from IO
ic_e2,ai_shared_model_forecast,research_question,"""降低个体预测误差是否同时降低库存和短缺？""",cfg_ic\ic_e2.yaml,task configuration; not behavior identified from IO
ic_e2,ai_shared_model_forecast,metrics[1],"""output""",cfg_ic\ic_e2.yaml,task configuration; not behavior identified from IO
ic_e2,ai_shared_model_forecast,metrics[2],"""value_added""",cfg_ic\ic_e2.yaml,task configuration; not behavior identified from IO
ic_e2,ai_shared_model_forecast,metrics[3],"""shortage""",cfg_ic\ic_e2.yaml,task configuration; not behavior identified from IO
ic_e2,ai_shared_model_forecast,metrics[4],"""welfare""",cfg_ic\ic_e2.yaml,task configuration; not behavior identified from IO
ic_e2,ai_shared_model_forecast,forecast_error_sd,0.12,cfg_ic\ic_e2.yaml,task configuration; not behavior identified from IO
ic_e2,ai_shared_model_forecast,common_forecast_share,0.9,cfg_ic\ic_e2.yaml,task configuration; not behavior identified from IO
ic_e2,ai_shared_model_forecast,ai_forecast_gain,0.6,cfg_ic\ic_e2.yaml,task configuration; not behavior identified from IO
ic_e2,ai_shared_model_forecast,ai_rate,0.02,cfg_ic\ic_e2.yaml,task configuration; not behavior identified from IO
ic_e2,ai_shared_model_forecast,source_v1_task_id,"""ic_e2_ai_forecast_coordination""",cfg_ic\ic_e2.yaml,task configuration; not behavior identified from IO
ic_e2,ai_shared_model_forecast,theory,"""AI降低特异性预测误差，但共同模型可能引入相关误差。""",cfg_ic\ic_e2.yaml,task configuration; not behavior identified from IO
ic_e2,ai_shared_model_forecast,source_v1_outcomes[1],"""shortage_ratio""",cfg_ic\ic_e2.yaml,task configuration; not behavior identified from IO
ic_e2,ai_shared_model_forecast,source_v1_outcomes[2],"""backlog_total""",cfg_ic\ic_e2.yaml,task configuration; not behavior identified from IO
ic_e2,ai_shared_model_forecast,source_v1_outcomes[3],"""total_output""",cfg_ic\ic_e2.yaml,task configuration; not behavior identified from IO
ic_e2,ai_shared_model_forecast,source_v1_outcomes[4],"""price_index""",cfg_ic\ic_e2.yaml,task configuration; not behavior identified from IO
ic_e2,ai_shared_model_forecast,v1_arm_names[1],"""conventional_forecast""",cfg_ic\ic_e2.yaml,task configuration; not behavior identified from IO
ic_e2,ai_shared_model_forecast,v1_arm_names[2],"""ai_independent_forecast""",cfg_ic\ic_e2.yaml,task configuration; not behavior identified from IO
ic_e2,ai_shared_model_forecast,v1_arm_names[3],"""ai_shared_model_forecast""",cfg_ic\ic_e2.yaml,task configuration; not behavior identified from IO
ic_e3,base,periods,30,cfg_ic\ic_e3.yaml,task configuration; not behavior identified from IO
ic_e3,base,seed,20261001,cfg_ic\ic_e3.yaml,task configuration; not behavior identified from IO
ic_e3,base,import_case,"""proportional""",cfg_ic\ic_e3.yaml,task configuration; not behavior identified from IO
ic_e3,base,budget_share,0.0,cfg_ic\ic_e3.yaml,task configuration; not behavior identified from IO
ic_e3,base,modules[1],"""edge""",cfg_ic\ic_e3.yaml,task configuration; not behavior identified from IO
ic_e3,base,modules[2],"""innovation""",cfg_ic\ic_e3.yaml,task configuration; not behavior identified from IO
ic_e3,base,modules[3],"""ai""",cfg_ic\ic_e3.yaml,task configuration; not behavior identified from IO
ic_e3,base,external_supply_elasticity,1.25,cfg_ic\ic_e3.yaml,task configuration; not behavior identified from IO
ic_e3,base,capacity_lag,4,cfg_ic\ic_e3.yaml,task configuration; not behavior identified from IO
ic_e3,base,time_fit,0.9,cfg_ic\ic_e3.yaml,task configuration; not behavior identified from IO
ic_e3,base,labor_share_of_va,0.8,cfg_ic\ic_e3.yaml,task configuration; not behavior identified from IO
ic_e3,base,backlog_retention,0.25,cfg_ic\ic_e3.yaml,task configuration; not behavior identified from IO
ic_e3,base,max_backlog_quarters,2.0,cfg_ic\ic_e3.yaml,task configuration; not behavior identified from IO
ic_e3,base,edge_health_floor,0.85,cfg_ic\ic_e3.yaml,task configuration; not behavior identified from IO
ic_e3,base,data_status,"""2020 IO accounting observed; import uses and behavior parameters are scenarios""",cfg_ic\ic_e3.yaml,task configuration; not behavior identified from IO
ic_e3,base,task_id,"""ic_e3""",cfg_ic\ic_e3.yaml,task configuration; not behavior identified from IO
ic_e3,base,name,"""AI与研发效率""",cfg_ic\ic_e3.yaml,task configuration; not behavior identified from IO
ic_e3,base,research_question,"""AI与研发共同投入能否加快技术状态积累？""",cfg_ic\ic_e3.yaml,task configuration; not behavior identified from IO
ic_e3,base,metrics[1],"""technology""",cfg_ic\ic_e3.yaml,task configuration; not behavior identified from IO
ic_e3,base,metrics[2],"""value_added""",cfg_ic\ic_e3.yaml,task configuration; not behavior identified from IO
ic_e3,base,metrics[3],"""output""",cfg_ic\ic_e3.yaml,task configuration; not behavior identified from IO
ic_e3,base,rd_rate,0.02,cfg_ic\ic_e3.yaml,task configuration; not behavior identified from IO
ic_e3,base,ai_rate,0.02,cfg_ic\ic_e3.yaml,task configuration; not behavior identified from IO
ic_e3,base,rd_efficiency,0.1,cfg_ic\ic_e3.yaml,task configuration; not behavior identified from IO
ic_e3,base,tech_depreciation,1e-05,cfg_ic\ic_e3.yaml,task configuration; not behavior identified from IO
ic_e3,base,source_v1_task_id,"""ic_e3_ai_innovation""",cfg_ic\ic_e3.yaml,task configuration; not behavior identified from IO
ic_e3,base,theory,"""知识生产函数中AI与R&D互补，并通过投入产出邻接产生知识溢出。""",cfg_ic\ic_e3.yaml,task configuration; not behavior identified from IO
ic_e3,base,source_v1_outcomes[1],"""avg_technology""",cfg_ic\ic_e3.yaml,task configuration; not behavior identified from IO
ic_e3,base,source_v1_outcomes[2],"""total_value_added""",cfg_ic\ic_e3.yaml,task configuration; not behavior identified from IO
ic_e3,base,source_v1_outcomes[3],"""total_output""",cfg_ic\ic_e3.yaml,task configuration; not behavior identified from IO
ic_e3,base,v1_arm_names[1],"""rd_without_ai_complement""",cfg_ic\ic_e3.yaml,task configuration; not behavior identified from IO
ic_e3,base,v1_arm_names[2],"""moderate_ai_rd_complement""",cfg_ic\ic_e3.yaml,task configuration; not behavior identified from IO
ic_e3,base,v1_arm_names[3],"""strong_ai_rd_complement""",cfg_ic\ic_e3.yaml,task configuration; not behavior identified from IO
ic_e3,baseline,periods,30,cfg_ic\ic_e3.yaml,task configuration; not behavior identified from IO
ic_e3,baseline,seed,20261001,cfg_ic\ic_e3.yaml,task configuration; not behavior identified from IO
ic_e3,baseline,import_case,"""proportional""",cfg_ic\ic_e3.yaml,task configuration; not behavior identified from IO
ic_e3,baseline,budget_share,0.0,cfg_ic\ic_e3.yaml,task configuration; not behavior identified from IO
ic_e3,baseline,modules[1],"""edge""",cfg_ic\ic_e3.yaml,task configuration; not behavior identified from IO
ic_e3,baseline,modules[2],"""innovation""",cfg_ic\ic_e3.yaml,task configuration; not behavior identified from IO
ic_e3,baseline,external_supply_elasticity,1.25,cfg_ic\ic_e3.yaml,task configuration; not behavior identified from IO
ic_e3,baseline,capacity_lag,4,cfg_ic\ic_e3.yaml,task configuration; not behavior identified from IO
ic_e3,baseline,time_fit,0.9,cfg_ic\ic_e3.yaml,task configuration; not behavior identified from IO
ic_e3,baseline,labor_share_of_va,0.8,cfg_ic\ic_e3.yaml,task configuration; not behavior identified from IO
ic_e3,baseline,backlog_retention,0.25,cfg_ic\ic_e3.yaml,task configuration; not behavior identified from IO
ic_e3,baseline,max_backlog_quarters,2.0,cfg_ic\ic_e3.yaml,task configuration; not behavior identified from IO
ic_e3,baseline,edge_health_floor,0.85,cfg_ic\ic_e3.yaml,task configuration; not behavior identified from IO
ic_e3,baseline,data_status,"""2020 IO accounting observed; import uses and behavior parameters are scenarios""",cfg_ic\ic_e3.yaml,task configuration; not behavior identified from IO
ic_e3,baseline,task_id,"""ic_e3""",cfg_ic\ic_e3.yaml,task configuration; not behavior identified from IO
ic_e3,baseline,name,"""AI与研发效率""",cfg_ic\ic_e3.yaml,task configuration; not behavior identified from IO
ic_e3,baseline,research_question,"""AI与研发共同投入能否加快技术状态积累？""",cfg_ic\ic_e3.yaml,task configuration; not behavior identified from IO
ic_e3,baseline,metrics[1],"""technology""",cfg_ic\ic_e3.yaml,task configuration; not behavior identified from IO
ic_e3,baseline,metrics[2],"""value_added""",cfg_ic\ic_e3.yaml,task configuration; not behavior identified from IO
ic_e3,baseline,metrics[3],"""output""",cfg_ic\ic_e3.yaml,task configuration; not behavior identified from IO
ic_e3,baseline,rd_rate,0.02,cfg_ic\ic_e3.yaml,task configuration; not behavior identified from IO
ic_e3,baseline,ai_rate,0.0,cfg_ic\ic_e3.yaml,task configuration; not behavior identified from IO
ic_e3,baseline,rd_efficiency,0.1,cfg_ic\ic_e3.yaml,task configuration; not behavior identified from IO
ic_e3,baseline,tech_depreciation,1e-05,cfg_ic\ic_e3.yaml,task configuration; not behavior identified from IO
ic_e3,baseline,source_v1_task_id,"""ic_e3_ai_innovation""",cfg_ic\ic_e3.yaml,task configuration; not behavior identified from IO
ic_e3,baseline,theory,"""知识生产函数中AI与R&D互补，并通过投入产出邻接产生知识溢出。""",cfg_ic\ic_e3.yaml,task configuration; not behavior identified from IO
ic_e3,baseline,source_v1_outcomes[1],"""avg_technology""",cfg_ic\ic_e3.yaml,task configuration; not behavior identified from IO
ic_e3,baseline,source_v1_outcomes[2],"""total_value_added""",cfg_ic\ic_e3.yaml,task configuration; not behavior identified from IO
ic_e3,baseline,source_v1_outcomes[3],"""total_output""",cfg_ic\ic_e3.yaml,task configuration; not behavior identified from IO
ic_e3,baseline,v1_arm_names[1],"""rd_without_ai_complement""",cfg_ic\ic_e3.yaml,task configuration; not behavior identified from IO
ic_e3,baseline,v1_arm_names[2],"""moderate_ai_rd_complement""",cfg_ic\ic_e3.yaml,task configuration; not behavior identified from IO
ic_e3,baseline,v1_arm_names[3],"""strong_ai_rd_complement""",cfg_ic\ic_e3.yaml,task configuration; not behavior identified from IO
ic_e3,rd_without_ai_complement,periods,30,cfg_ic\ic_e3.yaml,task configuration; not behavior identified from IO
ic_e3,rd_without_ai_complement,seed,20261001,cfg_ic\ic_e3.yaml,task configuration; not behavior identified from IO
ic_e3,rd_without_ai_complement,import_case,"""proportional""",cfg_ic\ic_e3.yaml,task configuration; not behavior identified from IO
ic_e3,rd_without_ai_complement,budget_share,0.0,cfg_ic\ic_e3.yaml,task configuration; not behavior identified from IO
ic_e3,rd_without_ai_complement,modules[1],"""edge""",cfg_ic\ic_e3.yaml,task configuration; not behavior identified from IO
ic_e3,rd_without_ai_complement,modules[2],"""innovation""",cfg_ic\ic_e3.yaml,task configuration; not behavior identified from IO
ic_e3,rd_without_ai_complement,external_supply_elasticity,1.25,cfg_ic\ic_e3.yaml,task configuration; not behavior identified from IO
ic_e3,rd_without_ai_complement,capacity_lag,4,cfg_ic\ic_e3.yaml,task configuration; not behavior identified from IO
ic_e3,rd_without_ai_complement,time_fit,0.9,cfg_ic\ic_e3.yaml,task configuration; not behavior identified from IO
ic_e3,rd_without_ai_complement,labor_share_of_va,0.8,cfg_ic\ic_e3.yaml,task configuration; not behavior identified from IO
ic_e3,rd_without_ai_complement,backlog_retention,0.25,cfg_ic\ic_e3.yaml,task configuration; not behavior identified from IO
ic_e3,rd_without_ai_complement,max_backlog_quarters,2.0,cfg_ic\ic_e3.yaml,task configuration; not behavior identified from IO
ic_e3,rd_without_ai_complement,edge_health_floor,0.85,cfg_ic\ic_e3.yaml,task configuration; not behavior identified from IO
ic_e3,rd_without_ai_complement,data_status,"""2020 IO accounting observed; import uses and behavior parameters are scenarios""",cfg_ic\ic_e3.yaml,task configuration; not behavior identified from IO
ic_e3,rd_without_ai_complement,task_id,"""ic_e3""",cfg_ic\ic_e3.yaml,task configuration; not behavior identified from IO
ic_e3,rd_without_ai_complement,name,"""AI与研发效率""",cfg_ic\ic_e3.yaml,task configuration; not behavior identified from IO
ic_e3,rd_without_ai_complement,research_question,"""AI与研发共同投入能否加快技术状态积累？""",cfg_ic\ic_e3.yaml,task configuration; not behavior identified from IO
ic_e3,rd_without_ai_complement,metrics[1],"""technology""",cfg_ic\ic_e3.yaml,task configuration; not behavior identified from IO
ic_e3,rd_without_ai_complement,metrics[2],"""value_added""",cfg_ic\ic_e3.yaml,task configuration; not behavior identified from IO
ic_e3,rd_without_ai_complement,metrics[3],"""output""",cfg_ic\ic_e3.yaml,task configuration; not behavior identified from IO
ic_e3,rd_without_ai_complement,rd_rate,0.02,cfg_ic\ic_e3.yaml,task configuration; not behavior identified from IO
ic_e3,rd_without_ai_complement,ai_rate,0.0,cfg_ic\ic_e3.yaml,task configuration; not behavior identified from IO
ic_e3,rd_without_ai_complement,rd_efficiency,0.1,cfg_ic\ic_e3.yaml,task configuration; not behavior identified from IO
ic_e3,rd_without_ai_complement,tech_depreciation,1e-05,cfg_ic\ic_e3.yaml,task configuration; not behavior identified from IO
ic_e3,rd_without_ai_complement,source_v1_task_id,"""ic_e3_ai_innovation""",cfg_ic\ic_e3.yaml,task configuration; not behavior identified from IO
ic_e3,rd_without_ai_complement,theory,"""知识生产函数中AI与R&D互补，并通过投入产出邻接产生知识溢出。""",cfg_ic\ic_e3.yaml,task configuration; not behavior identified from IO
ic_e3,rd_without_ai_complement,source_v1_outcomes[1],"""avg_technology""",cfg_ic\ic_e3.yaml,task configuration; not behavior identified from IO
ic_e3,rd_without_ai_complement,source_v1_outcomes[2],"""total_value_added""",cfg_ic\ic_e3.yaml,task configuration; not behavior identified from IO
ic_e3,rd_without_ai_complement,source_v1_outcomes[3],"""total_output""",cfg_ic\ic_e3.yaml,task configuration; not behavior identified from IO
ic_e3,rd_without_ai_complement,v1_arm_names[1],"""rd_without_ai_complement""",cfg_ic\ic_e3.yaml,task configuration; not behavior identified from IO
ic_e3,rd_without_ai_complement,v1_arm_names[2],"""moderate_ai_rd_complement""",cfg_ic\ic_e3.yaml,task configuration; not behavior identified from IO
ic_e3,rd_without_ai_complement,v1_arm_names[3],"""strong_ai_rd_complement""",cfg_ic\ic_e3.yaml,task configuration; not behavior identified from IO
ic_e3,moderate_ai_rd_complement,periods,30,cfg_ic\ic_e3.yaml,task configuration; not behavior identified from IO
ic_e3,moderate_ai_rd_complement,seed,20261001,cfg_ic\ic_e3.yaml,task configuration; not behavior identified from IO
ic_e3,moderate_ai_rd_complement,import_case,"""proportional""",cfg_ic\ic_e3.yaml,task configuration; not behavior identified from IO
ic_e3,moderate_ai_rd_complement,budget_share,0.0,cfg_ic\ic_e3.yaml,task configuration; not behavior identified from IO
ic_e3,moderate_ai_rd_complement,modules[1],"""edge""",cfg_ic\ic_e3.yaml,task configuration; not behavior identified from IO
ic_e3,moderate_ai_rd_complement,modules[2],"""innovation""",cfg_ic\ic_e3.yaml,task configuration; not behavior identified from IO
ic_e3,moderate_ai_rd_complement,modules[3],"""ai""",cfg_ic\ic_e3.yaml,task configuration; not behavior identified from IO
ic_e3,moderate_ai_rd_complement,external_supply_elasticity,1.25,cfg_ic\ic_e3.yaml,task configuration; not behavior identified from IO
ic_e3,moderate_ai_rd_complement,capacity_lag,4,cfg_ic\ic_e3.yaml,task configuration; not behavior identified from IO
ic_e3,moderate_ai_rd_complement,time_fit,0.9,cfg_ic\ic_e3.yaml,task configuration; not behavior identified from IO
ic_e3,moderate_ai_rd_complement,labor_share_of_va,0.8,cfg_ic\ic_e3.yaml,task configuration; not behavior identified from IO
ic_e3,moderate_ai_rd_complement,backlog_retention,0.25,cfg_ic\ic_e3.yaml,task configuration; not behavior identified from IO
ic_e3,moderate_ai_rd_complement,max_backlog_quarters,2.0,cfg_ic\ic_e3.yaml,task configuration; not behavior identified from IO
ic_e3,moderate_ai_rd_complement,edge_health_floor,0.85,cfg_ic\ic_e3.yaml,task configuration; not behavior identified from IO
ic_e3,moderate_ai_rd_complement,data_status,"""2020 IO accounting observed; import uses and behavior parameters are scenarios""",cfg_ic\ic_e3.yaml,task configuration; not behavior identified from IO
ic_e3,moderate_ai_rd_complement,task_id,"""ic_e3""",cfg_ic\ic_e3.yaml,task configuration; not behavior identified from IO
ic_e3,moderate_ai_rd_complement,name,"""AI与研发效率""",cfg_ic\ic_e3.yaml,task configuration; not behavior identified from IO
ic_e3,moderate_ai_rd_complement,research_question,"""AI与研发共同投入能否加快技术状态积累？""",cfg_ic\ic_e3.yaml,task configuration; not behavior identified from IO
ic_e3,moderate_ai_rd_complement,metrics[1],"""technology""",cfg_ic\ic_e3.yaml,task configuration; not behavior identified from IO
ic_e3,moderate_ai_rd_complement,metrics[2],"""value_added""",cfg_ic\ic_e3.yaml,task configuration; not behavior identified from IO
ic_e3,moderate_ai_rd_complement,metrics[3],"""output""",cfg_ic\ic_e3.yaml,task configuration; not behavior identified from IO
ic_e3,moderate_ai_rd_complement,rd_rate,0.02,cfg_ic\ic_e3.yaml,task configuration; not behavior identified from IO
ic_e3,moderate_ai_rd_complement,ai_rate,0.02,cfg_ic\ic_e3.yaml,task configuration; not behavior identified from IO
ic_e3,moderate_ai_rd_complement,rd_efficiency,0.1,cfg_ic\ic_e3.yaml,task configuration; not behavior identified from IO
ic_e3,moderate_ai_rd_complement,tech_depreciation,1e-05,cfg_ic\ic_e3.yaml,task configuration; not behavior identified from IO
ic_e3,moderate_ai_rd_complement,source_v1_task_id,"""ic_e3_ai_innovation""",cfg_ic\ic_e3.yaml,task configuration; not behavior identified from IO
ic_e3,moderate_ai_rd_complement,theory,"""知识生产函数中AI与R&D互补，并通过投入产出邻接产生知识溢出。""",cfg_ic\ic_e3.yaml,task configuration; not behavior identified from IO
ic_e3,moderate_ai_rd_complement,source_v1_outcomes[1],"""avg_technology""",cfg_ic\ic_e3.yaml,task configuration; not behavior identified from IO
ic_e3,moderate_ai_rd_complement,source_v1_outcomes[2],"""total_value_added""",cfg_ic\ic_e3.yaml,task configuration; not behavior identified from IO
ic_e3,moderate_ai_rd_complement,source_v1_outcomes[3],"""total_output""",cfg_ic\ic_e3.yaml,task configuration; not behavior identified from IO
ic_e3,moderate_ai_rd_complement,v1_arm_names[1],"""rd_without_ai_complement""",cfg_ic\ic_e3.yaml,task configuration; not behavior identified from IO
ic_e3,moderate_ai_rd_complement,v1_arm_names[2],"""moderate_ai_rd_complement""",cfg_ic\ic_e3.yaml,task configuration; not behavior identified from IO
ic_e3,moderate_ai_rd_complement,v1_arm_names[3],"""strong_ai_rd_complement""",cfg_ic\ic_e3.yaml,task configuration; not behavior identified from IO
ic_e3,moderate_ai_rd_complement,innovation_ai_gain,0.5,cfg_ic\ic_e3.yaml,task configuration; not behavior identified from IO
ic_e3,strong_ai_rd_complement,periods,30,cfg_ic\ic_e3.yaml,task configuration; not behavior identified from IO
ic_e3,strong_ai_rd_complement,seed,20261001,cfg_ic\ic_e3.yaml,task configuration; not behavior identified from IO
ic_e3,strong_ai_rd_complement,import_case,"""proportional""",cfg_ic\ic_e3.yaml,task configuration; not behavior identified from IO
ic_e3,strong_ai_rd_complement,budget_share,0.0,cfg_ic\ic_e3.yaml,task configuration; not behavior identified from IO
ic_e3,strong_ai_rd_complement,modules[1],"""edge""",cfg_ic\ic_e3.yaml,task configuration; not behavior identified from IO
ic_e3,strong_ai_rd_complement,modules[2],"""innovation""",cfg_ic\ic_e3.yaml,task configuration; not behavior identified from IO
ic_e3,strong_ai_rd_complement,modules[3],"""ai""",cfg_ic\ic_e3.yaml,task configuration; not behavior identified from IO
ic_e3,strong_ai_rd_complement,external_supply_elasticity,1.25,cfg_ic\ic_e3.yaml,task configuration; not behavior identified from IO
ic_e3,strong_ai_rd_complement,capacity_lag,4,cfg_ic\ic_e3.yaml,task configuration; not behavior identified from IO
ic_e3,strong_ai_rd_complement,time_fit,0.9,cfg_ic\ic_e3.yaml,task configuration; not behavior identified from IO
ic_e3,strong_ai_rd_complement,labor_share_of_va,0.8,cfg_ic\ic_e3.yaml,task configuration; not behavior identified from IO
ic_e3,strong_ai_rd_complement,backlog_retention,0.25,cfg_ic\ic_e3.yaml,task configuration; not behavior identified from IO
ic_e3,strong_ai_rd_complement,max_backlog_quarters,2.0,cfg_ic\ic_e3.yaml,task configuration; not behavior identified from IO
ic_e3,strong_ai_rd_complement,edge_health_floor,0.85,cfg_ic\ic_e3.yaml,task configuration; not behavior identified from IO
ic_e3,strong_ai_rd_complement,data_status,"""2020 IO accounting observed; import uses and behavior parameters are scenarios""",cfg_ic\ic_e3.yaml,task configuration; not behavior identified from IO
ic_e3,strong_ai_rd_complement,task_id,"""ic_e3""",cfg_ic\ic_e3.yaml,task configuration; not behavior identified from IO
ic_e3,strong_ai_rd_complement,name,"""AI与研发效率""",cfg_ic\ic_e3.yaml,task configuration; not behavior identified from IO
ic_e3,strong_ai_rd_complement,research_question,"""AI与研发共同投入能否加快技术状态积累？""",cfg_ic\ic_e3.yaml,task configuration; not behavior identified from IO
ic_e3,strong_ai_rd_complement,metrics[1],"""technology""",cfg_ic\ic_e3.yaml,task configuration; not behavior identified from IO
ic_e3,strong_ai_rd_complement,metrics[2],"""value_added""",cfg_ic\ic_e3.yaml,task configuration; not behavior identified from IO
ic_e3,strong_ai_rd_complement,metrics[3],"""output""",cfg_ic\ic_e3.yaml,task configuration; not behavior identified from IO
ic_e3,strong_ai_rd_complement,rd_rate,0.02,cfg_ic\ic_e3.yaml,task configuration; not behavior identified from IO
ic_e3,strong_ai_rd_complement,ai_rate,0.02,cfg_ic\ic_e3.yaml,task configuration; not behavior identified from IO
ic_e3,strong_ai_rd_complement,rd_efficiency,0.1,cfg_ic\ic_e3.yaml,task configuration; not behavior identified from IO
ic_e3,strong_ai_rd_complement,tech_depreciation,1e-05,cfg_ic\ic_e3.yaml,task configuration; not behavior identified from IO
ic_e3,strong_ai_rd_complement,source_v1_task_id,"""ic_e3_ai_innovation""",cfg_ic\ic_e3.yaml,task configuration; not behavior identified from IO
ic_e3,strong_ai_rd_complement,theory,"""知识生产函数中AI与R&D互补，并通过投入产出邻接产生知识溢出。""",cfg_ic\ic_e3.yaml,task configuration; not behavior identified from IO
ic_e3,strong_ai_rd_complement,source_v1_outcomes[1],"""avg_technology""",cfg_ic\ic_e3.yaml,task configuration; not behavior identified from IO
ic_e3,strong_ai_rd_complement,source_v1_outcomes[2],"""total_value_added""",cfg_ic\ic_e3.yaml,task configuration; not behavior identified from IO
ic_e3,strong_ai_rd_complement,source_v1_outcomes[3],"""total_output""",cfg_ic\ic_e3.yaml,task configuration; not behavior identified from IO
ic_e3,strong_ai_rd_complement,v1_arm_names[1],"""rd_without_ai_complement""",cfg_ic\ic_e3.yaml,task configuration; not behavior identified from IO
ic_e3,strong_ai_rd_complement,v1_arm_names[2],"""moderate_ai_rd_complement""",cfg_ic\ic_e3.yaml,task configuration; not behavior identified from IO
ic_e3,strong_ai_rd_complement,v1_arm_names[3],"""strong_ai_rd_complement""",cfg_ic\ic_e3.yaml,task configuration; not behavior identified from IO
ic_e3,strong_ai_rd_complement,innovation_ai_gain,1.5,cfg_ic\ic_e3.yaml,task configuration; not behavior identified from IO
ic_e4,base,periods,30,cfg_ic\ic_e4.yaml,task configuration; not behavior identified from IO
ic_e4,base,seed,20261001,cfg_ic\ic_e4.yaml,task configuration; not behavior identified from IO
ic_e4,base,import_case,"""proportional""",cfg_ic\ic_e4.yaml,task configuration; not behavior identified from IO
ic_e4,base,budget_share,0.0,cfg_ic\ic_e4.yaml,task configuration; not behavior identified from IO
ic_e4,base,modules[1],"""edge""",cfg_ic\ic_e4.yaml,task configuration; not behavior identified from IO
ic_e4,base,modules[2],"""supplier_choice""",cfg_ic\ic_e4.yaml,task configuration; not behavior identified from IO
ic_e4,base,external_supply_elasticity,1.25,cfg_ic\ic_e4.yaml,task configuration; not behavior identified from IO
ic_e4,base,capacity_lag,4,cfg_ic\ic_e4.yaml,task configuration; not behavior identified from IO
ic_e4,base,time_fit,0.9,cfg_ic\ic_e4.yaml,task configuration; not behavior identified from IO
ic_e4,base,labor_share_of_va,0.8,cfg_ic\ic_e4.yaml,task configuration; not behavior identified from IO
ic_e4,base,backlog_retention,0.25,cfg_ic\ic_e4.yaml,task configuration; not behavior identified from IO
ic_e4,base,max_backlog_quarters,2.0,cfg_ic\ic_e4.yaml,task configuration; not behavior identified from IO
ic_e4,base,edge_health_floor,0.85,cfg_ic\ic_e4.yaml,task configuration; not behavior identified from IO
ic_e4,base,data_status,"""2020 IO accounting observed; import uses and behavior parameters are scenarios""",cfg_ic\ic_e4.yaml,task configuration; not behavior identified from IO
ic_e4,base,task_id,"""ic_e4""",cfg_ic\ic_e4.yaml,task configuration; not behavior identified from IO
ic_e4,base,name,"""AI与供应商匹配""",cfg_ic\ic_e4.yaml,task configuration; not behavior identified from IO
ic_e4,base,research_question,"""较高搜索精度如何改变同类供给通道的拥堵？""",cfg_ic\ic_e4.yaml,task configuration; not behavior identified from IO
ic_e4,base,metrics[1],"""supplier_hhi""",cfg_ic\ic_e4.yaml,task configuration; not behavior identified from IO
ic_e4,base,metrics[2],"""congestion_loss""",cfg_ic\ic_e4.yaml,task configuration; not behavior identified from IO
ic_e4,base,metrics[3],"""shortage""",cfg_ic\ic_e4.yaml,task configuration; not behavior identified from IO
ic_e4,base,metrics[4],"""output""",cfg_ic\ic_e4.yaml,task configuration; not behavior identified from IO
ic_e4,base,search_precision,8.0,cfg_ic\ic_e4.yaml,task configuration; not behavior identified from IO
ic_e4,base,source_v1_task_id,"""ic_e4_ai_allocation_efficiency""",cfg_ic\ic_e4.yaml,task configuration; not behavior identified from IO
ic_e4,base,theory,"""信息改善使稀缺中间投入更倾向于流向系统关键且AI可识别的用途。""",cfg_ic\ic_e4.yaml,task configuration; not behavior identified from IO
ic_e4,base,source_v1_outcomes[1],"""total_output""",cfg_ic\ic_e4.yaml,task configuration; not behavior identified from IO
ic_e4,base,source_v1_outcomes[2],"""shortage_ratio""",cfg_ic\ic_e4.yaml,task configuration; not behavior identified from IO
ic_e4,base,source_v1_outcomes[3],"""resilience_index""",cfg_ic\ic_e4.yaml,task configuration; not behavior identified from IO
ic_e4,base,source_v1_outcomes[4],"""total_value_added""",cfg_ic\ic_e4.yaml,task configuration; not behavior identified from IO
ic_e4,base,v1_arm_names[1],"""proportional_allocation""",cfg_ic\ic_e4.yaml,task configuration; not behavior identified from IO
ic_e4,base,v1_arm_names[2],"""moderate_ai_allocation""",cfg_ic\ic_e4.yaml,task configuration; not behavior identified from IO
ic_e4,base,v1_arm_names[3],"""strong_ai_allocation""",cfg_ic\ic_e4.yaml,task configuration; not behavior identified from IO
ic_e4,baseline,periods,30,cfg_ic\ic_e4.yaml,task configuration; not behavior identified from IO
ic_e4,baseline,seed,20261001,cfg_ic\ic_e4.yaml,task configuration; not behavior identified from IO
ic_e4,baseline,import_case,"""proportional""",cfg_ic\ic_e4.yaml,task configuration; not behavior identified from IO
ic_e4,baseline,budget_share,0.0,cfg_ic\ic_e4.yaml,task configuration; not behavior identified from IO
ic_e4,baseline,modules[1],"""edge""",cfg_ic\ic_e4.yaml,task configuration; not behavior identified from IO
ic_e4,baseline,modules[2],"""supplier_choice""",cfg_ic\ic_e4.yaml,task configuration; not behavior identified from IO
ic_e4,baseline,external_supply_elasticity,1.25,cfg_ic\ic_e4.yaml,task configuration; not behavior identified from IO
ic_e4,baseline,capacity_lag,4,cfg_ic\ic_e4.yaml,task configuration; not behavior identified from IO
ic_e4,baseline,time_fit,0.9,cfg_ic\ic_e4.yaml,task configuration; not behavior identified from IO
ic_e4,baseline,labor_share_of_va,0.8,cfg_ic\ic_e4.yaml,task configuration; not behavior identified from IO
ic_e4,baseline,backlog_retention,0.25,cfg_ic\ic_e4.yaml,task configuration; not behavior identified from IO
ic_e4,baseline,max_backlog_quarters,2.0,cfg_ic\ic_e4.yaml,task configuration; not behavior identified from IO
ic_e4,baseline,edge_health_floor,0.85,cfg_ic\ic_e4.yaml,task configuration; not behavior identified from IO
ic_e4,baseline,data_status,"""2020 IO accounting observed; import uses and behavior parameters are scenarios""",cfg_ic\ic_e4.yaml,task configuration; not behavior identified from IO
ic_e4,baseline,task_id,"""ic_e4""",cfg_ic\ic_e4.yaml,task configuration; not behavior identified from IO
ic_e4,baseline,name,"""AI与供应商匹配""",cfg_ic\ic_e4.yaml,task configuration; not behavior identified from IO
ic_e4,baseline,research_question,"""较高搜索精度如何改变同类供给通道的拥堵？""",cfg_ic\ic_e4.yaml,task configuration; not behavior identified from IO
ic_e4,baseline,metrics[1],"""supplier_hhi""",cfg_ic\ic_e4.yaml,task configuration; not behavior identified from IO
ic_e4,baseline,metrics[2],"""congestion_loss""",cfg_ic\ic_e4.yaml,task configuration; not behavior identified from IO
ic_e4,baseline,metrics[3],"""shortage""",cfg_ic\ic_e4.yaml,task configuration; not behavior identified from IO
ic_e4,baseline,metrics[4],"""output""",cfg_ic\ic_e4.yaml,task configuration; not behavior identified from IO
ic_e4,baseline,search_precision,0.0,cfg_ic\ic_e4.yaml,task configuration; not behavior identified from IO
ic_e4,baseline,source_v1_task_id,"""ic_e4_ai_allocation_efficiency""",cfg_ic\ic_e4.yaml,task configuration; not behavior identified from IO
ic_e4,baseline,theory,"""信息改善使稀缺中间投入更倾向于流向系统关键且AI可识别的用途。""",cfg_ic\ic_e4.yaml,task configuration; not behavior identified from IO
ic_e4,baseline,source_v1_outcomes[1],"""total_output""",cfg_ic\ic_e4.yaml,task configuration; not behavior identified from IO
ic_e4,baseline,source_v1_outcomes[2],"""shortage_ratio""",cfg_ic\ic_e4.yaml,task configuration; not behavior identified from IO
ic_e4,baseline,source_v1_outcomes[3],"""resilience_index""",cfg_ic\ic_e4.yaml,task configuration; not behavior identified from IO
ic_e4,baseline,source_v1_outcomes[4],"""total_value_added""",cfg_ic\ic_e4.yaml,task configuration; not behavior identified from IO
ic_e4,baseline,v1_arm_names[1],"""proportional_allocation""",cfg_ic\ic_e4.yaml,task configuration; not behavior identified from IO
ic_e4,baseline,v1_arm_names[2],"""moderate_ai_allocation""",cfg_ic\ic_e4.yaml,task configuration; not behavior identified from IO
ic_e4,baseline,v1_arm_names[3],"""strong_ai_allocation""",cfg_ic\ic_e4.yaml,task configuration; not behavior identified from IO
ic_e4,proportional_allocation,periods,30,cfg_ic\ic_e4.yaml,task configuration; not behavior identified from IO
ic_e4,proportional_allocation,seed,20261001,cfg_ic\ic_e4.yaml,task configuration; not behavior identified from IO
ic_e4,proportional_allocation,import_case,"""proportional""",cfg_ic\ic_e4.yaml,task configuration; not behavior identified from IO
ic_e4,proportional_allocation,budget_share,0.0,cfg_ic\ic_e4.yaml,task configuration; not behavior identified from IO
ic_e4,proportional_allocation,modules[1],"""edge""",cfg_ic\ic_e4.yaml,task configuration; not behavior identified from IO
ic_e4,proportional_allocation,modules[2],"""supplier_choice""",cfg_ic\ic_e4.yaml,task configuration; not behavior identified from IO
ic_e4,proportional_allocation,external_supply_elasticity,1.25,cfg_ic\ic_e4.yaml,task configuration; not behavior identified from IO
ic_e4,proportional_allocation,capacity_lag,4,cfg_ic\ic_e4.yaml,task configuration; not behavior identified from IO
ic_e4,proportional_allocation,time_fit,0.9,cfg_ic\ic_e4.yaml,task configuration; not behavior identified from IO
ic_e4,proportional_allocation,labor_share_of_va,0.8,cfg_ic\ic_e4.yaml,task configuration; not behavior identified from IO
ic_e4,proportional_allocation,backlog_retention,0.25,cfg_ic\ic_e4.yaml,task configuration; not behavior identified from IO
ic_e4,proportional_allocation,max_backlog_quarters,2.0,cfg_ic\ic_e4.yaml,task configuration; not behavior identified from IO
ic_e4,proportional_allocation,edge_health_floor,0.85,cfg_ic\ic_e4.yaml,task configuration; not behavior identified from IO
ic_e4,proportional_allocation,data_status,"""2020 IO accounting observed; import uses and behavior parameters are scenarios""",cfg_ic\ic_e4.yaml,task configuration; not behavior identified from IO
ic_e4,proportional_allocation,task_id,"""ic_e4""",cfg_ic\ic_e4.yaml,task configuration; not behavior identified from IO
ic_e4,proportional_allocation,name,"""AI与供应商匹配""",cfg_ic\ic_e4.yaml,task configuration; not behavior identified from IO
ic_e4,proportional_allocation,research_question,"""较高搜索精度如何改变同类供给通道的拥堵？""",cfg_ic\ic_e4.yaml,task configuration; not behavior identified from IO
ic_e4,proportional_allocation,metrics[1],"""supplier_hhi""",cfg_ic\ic_e4.yaml,task configuration; not behavior identified from IO
ic_e4,proportional_allocation,metrics[2],"""congestion_loss""",cfg_ic\ic_e4.yaml,task configuration; not behavior identified from IO
ic_e4,proportional_allocation,metrics[3],"""shortage""",cfg_ic\ic_e4.yaml,task configuration; not behavior identified from IO
ic_e4,proportional_allocation,metrics[4],"""output""",cfg_ic\ic_e4.yaml,task configuration; not behavior identified from IO
ic_e4,proportional_allocation,search_precision,0.0,cfg_ic\ic_e4.yaml,task configuration; not behavior identified from IO
ic_e4,proportional_allocation,source_v1_task_id,"""ic_e4_ai_allocation_efficiency""",cfg_ic\ic_e4.yaml,task configuration; not behavior identified from IO
ic_e4,proportional_allocation,theory,"""信息改善使稀缺中间投入更倾向于流向系统关键且AI可识别的用途。""",cfg_ic\ic_e4.yaml,task configuration; not behavior identified from IO
ic_e4,proportional_allocation,source_v1_outcomes[1],"""total_output""",cfg_ic\ic_e4.yaml,task configuration; not behavior identified from IO
ic_e4,proportional_allocation,source_v1_outcomes[2],"""shortage_ratio""",cfg_ic\ic_e4.yaml,task configuration; not behavior identified from IO
ic_e4,proportional_allocation,source_v1_outcomes[3],"""resilience_index""",cfg_ic\ic_e4.yaml,task configuration; not behavior identified from IO
ic_e4,proportional_allocation,source_v1_outcomes[4],"""total_value_added""",cfg_ic\ic_e4.yaml,task configuration; not behavior identified from IO
ic_e4,proportional_allocation,v1_arm_names[1],"""proportional_allocation""",cfg_ic\ic_e4.yaml,task configuration; not behavior identified from IO
ic_e4,proportional_allocation,v1_arm_names[2],"""moderate_ai_allocation""",cfg_ic\ic_e4.yaml,task configuration; not behavior identified from IO
ic_e4,proportional_allocation,v1_arm_names[3],"""strong_ai_allocation""",cfg_ic\ic_e4.yaml,task configuration; not behavior identified from IO
ic_e4,moderate_ai_allocation,periods,30,cfg_ic\ic_e4.yaml,task configuration; not behavior identified from IO
ic_e4,moderate_ai_allocation,seed,20261001,cfg_ic\ic_e4.yaml,task configuration; not behavior identified from IO
ic_e4,moderate_ai_allocation,import_case,"""proportional""",cfg_ic\ic_e4.yaml,task configuration; not behavior identified from IO
ic_e4,moderate_ai_allocation,budget_share,0.0,cfg_ic\ic_e4.yaml,task configuration; not behavior identified from IO
ic_e4,moderate_ai_allocation,modules[1],"""edge""",cfg_ic\ic_e4.yaml,task configuration; not behavior identified from IO
ic_e4,moderate_ai_allocation,modules[2],"""supplier_choice""",cfg_ic\ic_e4.yaml,task configuration; not behavior identified from IO
ic_e4,moderate_ai_allocation,external_supply_elasticity,1.25,cfg_ic\ic_e4.yaml,task configuration; not behavior identified from IO
ic_e4,moderate_ai_allocation,capacity_lag,4,cfg_ic\ic_e4.yaml,task configuration; not behavior identified from IO
ic_e4,moderate_ai_allocation,time_fit,0.9,cfg_ic\ic_e4.yaml,task configuration; not behavior identified from IO
ic_e4,moderate_ai_allocation,labor_share_of_va,0.8,cfg_ic\ic_e4.yaml,task configuration; not behavior identified from IO
ic_e4,moderate_ai_allocation,backlog_retention,0.25,cfg_ic\ic_e4.yaml,task configuration; not behavior identified from IO
ic_e4,moderate_ai_allocation,max_backlog_quarters,2.0,cfg_ic\ic_e4.yaml,task configuration; not behavior identified from IO
ic_e4,moderate_ai_allocation,edge_health_floor,0.85,cfg_ic\ic_e4.yaml,task configuration; not behavior identified from IO
ic_e4,moderate_ai_allocation,data_status,"""2020 IO accounting observed; import uses and behavior parameters are scenarios""",cfg_ic\ic_e4.yaml,task configuration; not behavior identified from IO
ic_e4,moderate_ai_allocation,task_id,"""ic_e4""",cfg_ic\ic_e4.yaml,task configuration; not behavior identified from IO
ic_e4,moderate_ai_allocation,name,"""AI与供应商匹配""",cfg_ic\ic_e4.yaml,task configuration; not behavior identified from IO
ic_e4,moderate_ai_allocation,research_question,"""较高搜索精度如何改变同类供给通道的拥堵？""",cfg_ic\ic_e4.yaml,task configuration; not behavior identified from IO
ic_e4,moderate_ai_allocation,metrics[1],"""supplier_hhi""",cfg_ic\ic_e4.yaml,task configuration; not behavior identified from IO
ic_e4,moderate_ai_allocation,metrics[2],"""congestion_loss""",cfg_ic\ic_e4.yaml,task configuration; not behavior identified from IO
ic_e4,moderate_ai_allocation,metrics[3],"""shortage""",cfg_ic\ic_e4.yaml,task configuration; not behavior identified from IO
ic_e4,moderate_ai_allocation,metrics[4],"""output""",cfg_ic\ic_e4.yaml,task configuration; not behavior identified from IO
ic_e4,moderate_ai_allocation,search_precision,3.0,cfg_ic\ic_e4.yaml,task configuration; not behavior identified from IO
ic_e4,moderate_ai_allocation,source_v1_task_id,"""ic_e4_ai_allocation_efficiency""",cfg_ic\ic_e4.yaml,task configuration; not behavior identified from IO
ic_e4,moderate_ai_allocation,theory,"""信息改善使稀缺中间投入更倾向于流向系统关键且AI可识别的用途。""",cfg_ic\ic_e4.yaml,task configuration; not behavior identified from IO
ic_e4,moderate_ai_allocation,source_v1_outcomes[1],"""total_output""",cfg_ic\ic_e4.yaml,task configuration; not behavior identified from IO
ic_e4,moderate_ai_allocation,source_v1_outcomes[2],"""shortage_ratio""",cfg_ic\ic_e4.yaml,task configuration; not behavior identified from IO
ic_e4,moderate_ai_allocation,source_v1_outcomes[3],"""resilience_index""",cfg_ic\ic_e4.yaml,task configuration; not behavior identified from IO
ic_e4,moderate_ai_allocation,source_v1_outcomes[4],"""total_value_added""",cfg_ic\ic_e4.yaml,task configuration; not behavior identified from IO
ic_e4,moderate_ai_allocation,v1_arm_names[1],"""proportional_allocation""",cfg_ic\ic_e4.yaml,task configuration; not behavior identified from IO
ic_e4,moderate_ai_allocation,v1_arm_names[2],"""moderate_ai_allocation""",cfg_ic\ic_e4.yaml,task configuration; not behavior identified from IO
ic_e4,moderate_ai_allocation,v1_arm_names[3],"""strong_ai_allocation""",cfg_ic\ic_e4.yaml,task configuration; not behavior identified from IO
ic_e4,strong_ai_allocation,periods,30,cfg_ic\ic_e4.yaml,task configuration; not behavior identified from IO
ic_e4,strong_ai_allocation,seed,20261001,cfg_ic\ic_e4.yaml,task configuration; not behavior identified from IO
ic_e4,strong_ai_allocation,import_case,"""proportional""",cfg_ic\ic_e4.yaml,task configuration; not behavior identified from IO
ic_e4,strong_ai_allocation,budget_share,0.0,cfg_ic\ic_e4.yaml,task configuration; not behavior identified from IO
ic_e4,strong_ai_allocation,modules[1],"""edge""",cfg_ic\ic_e4.yaml,task configuration; not behavior identified from IO
ic_e4,strong_ai_allocation,modules[2],"""supplier_choice""",cfg_ic\ic_e4.yaml,task configuration; not behavior identified from IO
ic_e4,strong_ai_allocation,external_supply_elasticity,1.25,cfg_ic\ic_e4.yaml,task configuration; not behavior identified from IO
ic_e4,strong_ai_allocation,capacity_lag,4,cfg_ic\ic_e4.yaml,task configuration; not behavior identified from IO
ic_e4,strong_ai_allocation,time_fit,0.9,cfg_ic\ic_e4.yaml,task configuration; not behavior identified from IO
ic_e4,strong_ai_allocation,labor_share_of_va,0.8,cfg_ic\ic_e4.yaml,task configuration; not behavior identified from IO
ic_e4,strong_ai_allocation,backlog_retention,0.25,cfg_ic\ic_e4.yaml,task configuration; not behavior identified from IO
ic_e4,strong_ai_allocation,max_backlog_quarters,2.0,cfg_ic\ic_e4.yaml,task configuration; not behavior identified from IO
ic_e4,strong_ai_allocation,edge_health_floor,0.85,cfg_ic\ic_e4.yaml,task configuration; not behavior identified from IO
ic_e4,strong_ai_allocation,data_status,"""2020 IO accounting observed; import uses and behavior parameters are scenarios""",cfg_ic\ic_e4.yaml,task configuration; not behavior identified from IO
ic_e4,strong_ai_allocation,task_id,"""ic_e4""",cfg_ic\ic_e4.yaml,task configuration; not behavior identified from IO
ic_e4,strong_ai_allocation,name,"""AI与供应商匹配""",cfg_ic\ic_e4.yaml,task configuration; not behavior identified from IO
ic_e4,strong_ai_allocation,research_question,"""较高搜索精度如何改变同类供给通道的拥堵？""",cfg_ic\ic_e4.yaml,task configuration; not behavior identified from IO
ic_e4,strong_ai_allocation,metrics[1],"""supplier_hhi""",cfg_ic\ic_e4.yaml,task configuration; not behavior identified from IO
ic_e4,strong_ai_allocation,metrics[2],"""congestion_loss""",cfg_ic\ic_e4.yaml,task configuration; not behavior identified from IO
ic_e4,strong_ai_allocation,metrics[3],"""shortage""",cfg_ic\ic_e4.yaml,task configuration; not behavior identified from IO
ic_e4,strong_ai_allocation,metrics[4],"""output""",cfg_ic\ic_e4.yaml,task configuration; not behavior identified from IO
ic_e4,strong_ai_allocation,search_precision,8.0,cfg_ic\ic_e4.yaml,task configuration; not behavior identified from IO
ic_e4,strong_ai_allocation,source_v1_task_id,"""ic_e4_ai_allocation_efficiency""",cfg_ic\ic_e4.yaml,task configuration; not behavior identified from IO
ic_e4,strong_ai_allocation,theory,"""信息改善使稀缺中间投入更倾向于流向系统关键且AI可识别的用途。""",cfg_ic\ic_e4.yaml,task configuration; not behavior identified from IO
ic_e4,strong_ai_allocation,source_v1_outcomes[1],"""total_output""",cfg_ic\ic_e4.yaml,task configuration; not behavior identified from IO
ic_e4,strong_ai_allocation,source_v1_outcomes[2],"""shortage_ratio""",cfg_ic\ic_e4.yaml,task configuration; not behavior identified from IO
ic_e4,strong_ai_allocation,source_v1_outcomes[3],"""resilience_index""",cfg_ic\ic_e4.yaml,task configuration; not behavior identified from IO
ic_e4,strong_ai_allocation,source_v1_outcomes[4],"""total_value_added""",cfg_ic\ic_e4.yaml,task configuration; not behavior identified from IO
ic_e4,strong_ai_allocation,v1_arm_names[1],"""proportional_allocation""",cfg_ic\ic_e4.yaml,task configuration; not behavior identified from IO
ic_e4,strong_ai_allocation,v1_arm_names[2],"""moderate_ai_allocation""",cfg_ic\ic_e4.yaml,task configuration; not behavior identified from IO
ic_e4,strong_ai_allocation,v1_arm_names[3],"""strong_ai_allocation""",cfg_ic\ic_e4.yaml,task configuration; not behavior identified from IO
ic_e5,base,periods,30,cfg_ic\ic_e5.yaml,task configuration; not behavior identified from IO
ic_e5,base,seed,20261001,cfg_ic\ic_e5.yaml,task configuration; not behavior identified from IO
ic_e5,base,import_case,"""proportional""",cfg_ic\ic_e5.yaml,task configuration; not behavior identified from IO
ic_e5,base,budget_share,0.0,cfg_ic\ic_e5.yaml,task configuration; not behavior identified from IO
ic_e5,base,modules[1],"""edge""",cfg_ic\ic_e5.yaml,task configuration; not behavior identified from IO
ic_e5,base,modules[2],"""price""",cfg_ic\ic_e5.yaml,task configuration; not behavior identified from IO
ic_e5,base,modules[3],"""investment""",cfg_ic\ic_e5.yaml,task configuration; not behavior identified from IO
ic_e5,base,external_supply_elasticity,1.5,cfg_ic\ic_e5.yaml,task configuration; not behavior identified from IO
ic_e5,base,capacity_lag,4,cfg_ic\ic_e5.yaml,task configuration; not behavior identified from IO
ic_e5,base,time_fit,0.9,cfg_ic\ic_e5.yaml,task configuration; not behavior identified from IO
ic_e5,base,labor_share_of_va,0.8,cfg_ic\ic_e5.yaml,task configuration; not behavior identified from IO
ic_e5,base,backlog_retention,0.25,cfg_ic\ic_e5.yaml,task configuration; not behavior identified from IO
ic_e5,base,max_backlog_quarters,2.0,cfg_ic\ic_e5.yaml,task configuration; not behavior identified from IO
ic_e5,base,edge_health_floor,0.85,cfg_ic\ic_e5.yaml,task configuration; not behavior identified from IO
ic_e5,base,data_status,"""2020 IO accounting observed; import uses and behavior parameters are scenarios""",cfg_ic\ic_e5.yaml,task configuration; not behavior identified from IO
ic_e5,base,task_id,"""ic_e5""",cfg_ic\ic_e5.yaml,task configuration; not behavior identified from IO
ic_e5,base,name,"""AI需求与产业结构""",cfg_ic\ic_e5.yaml,task configuration; not behavior identified from IO
ic_e5,base,research_question,"""下游需求增长如何经部门网络传导至产出与扩产？""",cfg_ic\ic_e5.yaml,task configuration; not behavior identified from IO
ic_e5,base,metrics[1],"""output""",cfg_ic\ic_e5.yaml,task configuration; not behavior identified from IO
ic_e5,base,metrics[2],"""value_added""",cfg_ic\ic_e5.yaml,task configuration; not behavior identified from IO
ic_e5,base,metrics[3],"""shortage""",cfg_ic\ic_e5.yaml,task configuration; not behavior identified from IO
ic_e5,base,metrics[4],"""welfare""",cfg_ic\ic_e5.yaml,task configuration; not behavior identified from IO
ic_e5,base,demand_sector,12,cfg_ic\ic_e5.yaml,task configuration; not behavior identified from IO
ic_e5,base,demand_growth,0.02,cfg_ic\ic_e5.yaml,task configuration; not behavior identified from IO
ic_e5,base,source_v1_task_id,"""ic_e5_ai_demand_structural_upgrade""",cfg_ic\ic_e5.yaml,task configuration; not behavior identified from IO
ic_e5,base,theory,"""最终需求冲击通过直接与间接投入需求、价格和投资时滞改变产业结构。""",cfg_ic\ic_e5.yaml,task configuration; not behavior identified from IO
ic_e5,base,source_v1_outcomes[1],"""total_output""",cfg_ic\ic_e5.yaml,task configuration; not behavior identified from IO
ic_e5,base,source_v1_outcomes[2],"""total_value_added""",cfg_ic\ic_e5.yaml,task configuration; not behavior identified from IO
ic_e5,base,source_v1_outcomes[3],"""total_profit""",cfg_ic\ic_e5.yaml,task configuration; not behavior identified from IO
ic_e5,base,source_v1_outcomes[4],"""price_index""",cfg_ic\ic_e5.yaml,task configuration; not behavior identified from IO
ic_e5,base,v1_arm_names[1],"""no_ai_demand_shock""",cfg_ic\ic_e5.yaml,task configuration; not behavior identified from IO
ic_e5,base,v1_arm_names[2],"""moderate_ai_demand""",cfg_ic\ic_e5.yaml,task configuration; not behavior identified from IO
ic_e5,base,v1_arm_names[3],"""high_ai_demand""",cfg_ic\ic_e5.yaml,task configuration; not behavior identified from IO
ic_e5,baseline,periods,30,cfg_ic\ic_e5.yaml,task configuration; not behavior identified from IO
ic_e5,baseline,seed,20261001,cfg_ic\ic_e5.yaml,task configuration; not behavior identified from IO
ic_e5,baseline,import_case,"""proportional""",cfg_ic\ic_e5.yaml,task configuration; not behavior identified from IO
ic_e5,baseline,budget_share,0.0,cfg_ic\ic_e5.yaml,task configuration; not behavior identified from IO
ic_e5,baseline,modules[1],"""edge""",cfg_ic\ic_e5.yaml,task configuration; not behavior identified from IO
ic_e5,baseline,modules[2],"""price""",cfg_ic\ic_e5.yaml,task configuration; not behavior identified from IO
ic_e5,baseline,modules[3],"""investment""",cfg_ic\ic_e5.yaml,task configuration; not behavior identified from IO
ic_e5,baseline,external_supply_elasticity,1.5,cfg_ic\ic_e5.yaml,task configuration; not behavior identified from IO
ic_e5,baseline,capacity_lag,4,cfg_ic\ic_e5.yaml,task configuration; not behavior identified from IO
ic_e5,baseline,time_fit,0.9,cfg_ic\ic_e5.yaml,task configuration; not behavior identified from IO
ic_e5,baseline,labor_share_of_va,0.8,cfg_ic\ic_e5.yaml,task configuration; not behavior identified from IO
ic_e5,baseline,backlog_retention,0.25,cfg_ic\ic_e5.yaml,task configuration; not behavior identified from IO
ic_e5,baseline,max_backlog_quarters,2.0,cfg_ic\ic_e5.yaml,task configuration; not behavior identified from IO
ic_e5,baseline,edge_health_floor,0.85,cfg_ic\ic_e5.yaml,task configuration; not behavior identified from IO
ic_e5,baseline,data_status,"""2020 IO accounting observed; import uses and behavior parameters are scenarios""",cfg_ic\ic_e5.yaml,task configuration; not behavior identified from IO
ic_e5,baseline,task_id,"""ic_e5""",cfg_ic\ic_e5.yaml,task configuration; not behavior identified from IO
ic_e5,baseline,name,"""AI需求与产业结构""",cfg_ic\ic_e5.yaml,task configuration; not behavior identified from IO
ic_e5,baseline,research_question,"""下游需求增长如何经部门网络传导至产出与扩产？""",cfg_ic\ic_e5.yaml,task configuration; not behavior identified from IO
ic_e5,baseline,metrics[1],"""output""",cfg_ic\ic_e5.yaml,task configuration; not behavior identified from IO
ic_e5,baseline,metrics[2],"""value_added""",cfg_ic\ic_e5.yaml,task configuration; not behavior identified from IO
ic_e5,baseline,metrics[3],"""shortage""",cfg_ic\ic_e5.yaml,task configuration; not behavior identified from IO
ic_e5,baseline,metrics[4],"""welfare""",cfg_ic\ic_e5.yaml,task configuration; not behavior identified from IO
ic_e5,baseline,demand_sector,12,cfg_ic\ic_e5.yaml,task configuration; not behavior identified from IO
ic_e5,baseline,demand_growth,0.0,cfg_ic\ic_e5.yaml,task configuration; not behavior identified from IO
ic_e5,baseline,source_v1_task_id,"""ic_e5_ai_demand_structural_upgrade""",cfg_ic\ic_e5.yaml,task configuration; not behavior identified from IO
ic_e5,baseline,theory,"""最终需求冲击通过直接与间接投入需求、价格和投资时滞改变产业结构。""",cfg_ic\ic_e5.yaml,task configuration; not behavior identified from IO
ic_e5,baseline,source_v1_outcomes[1],"""total_output""",cfg_ic\ic_e5.yaml,task configuration; not behavior identified from IO
ic_e5,baseline,source_v1_outcomes[2],"""total_value_added""",cfg_ic\ic_e5.yaml,task configuration; not behavior identified from IO
ic_e5,baseline,source_v1_outcomes[3],"""total_profit""",cfg_ic\ic_e5.yaml,task configuration; not behavior identified from IO
ic_e5,baseline,source_v1_outcomes[4],"""price_index""",cfg_ic\ic_e5.yaml,task configuration; not behavior identified from IO
ic_e5,baseline,v1_arm_names[1],"""no_ai_demand_shock""",cfg_ic\ic_e5.yaml,task configuration; not behavior identified from IO
ic_e5,baseline,v1_arm_names[2],"""moderate_ai_demand""",cfg_ic\ic_e5.yaml,task configuration; not behavior identified from IO
ic_e5,baseline,v1_arm_names[3],"""high_ai_demand""",cfg_ic\ic_e5.yaml,task configuration; not behavior identified from IO
ic_e5,no_ai_demand_shock,periods,30,cfg_ic\ic_e5.yaml,task configuration; not behavior identified from IO
ic_e5,no_ai_demand_shock,seed,20261001,cfg_ic\ic_e5.yaml,task configuration; not behavior identified from IO
ic_e5,no_ai_demand_shock,import_case,"""proportional""",cfg_ic\ic_e5.yaml,task configuration; not behavior identified from IO
ic_e5,no_ai_demand_shock,budget_share,0.0,cfg_ic\ic_e5.yaml,task configuration; not behavior identified from IO
ic_e5,no_ai_demand_shock,modules[1],"""edge""",cfg_ic\ic_e5.yaml,task configuration; not behavior identified from IO
ic_e5,no_ai_demand_shock,modules[2],"""price""",cfg_ic\ic_e5.yaml,task configuration; not behavior identified from IO
ic_e5,no_ai_demand_shock,modules[3],"""investment""",cfg_ic\ic_e5.yaml,task configuration; not behavior identified from IO
ic_e5,no_ai_demand_shock,external_supply_elasticity,1.5,cfg_ic\ic_e5.yaml,task configuration; not behavior identified from IO
ic_e5,no_ai_demand_shock,capacity_lag,4,cfg_ic\ic_e5.yaml,task configuration; not behavior identified from IO
ic_e5,no_ai_demand_shock,time_fit,0.9,cfg_ic\ic_e5.yaml,task configuration; not behavior identified from IO
ic_e5,no_ai_demand_shock,labor_share_of_va,0.8,cfg_ic\ic_e5.yaml,task configuration; not behavior identified from IO
ic_e5,no_ai_demand_shock,backlog_retention,0.25,cfg_ic\ic_e5.yaml,task configuration; not behavior identified from IO
ic_e5,no_ai_demand_shock,max_backlog_quarters,2.0,cfg_ic\ic_e5.yaml,task configuration; not behavior identified from IO
ic_e5,no_ai_demand_shock,edge_health_floor,0.85,cfg_ic\ic_e5.yaml,task configuration; not behavior identified from IO
ic_e5,no_ai_demand_shock,data_status,"""2020 IO accounting observed; import uses and behavior parameters are scenarios""",cfg_ic\ic_e5.yaml,task configuration; not behavior identified from IO
ic_e5,no_ai_demand_shock,task_id,"""ic_e5""",cfg_ic\ic_e5.yaml,task configuration; not behavior identified from IO
ic_e5,no_ai_demand_shock,name,"""AI需求与产业结构""",cfg_ic\ic_e5.yaml,task configuration; not behavior identified from IO
ic_e5,no_ai_demand_shock,research_question,"""下游需求增长如何经部门网络传导至产出与扩产？""",cfg_ic\ic_e5.yaml,task configuration; not behavior identified from IO
ic_e5,no_ai_demand_shock,metrics[1],"""output""",cfg_ic\ic_e5.yaml,task configuration; not behavior identified from IO
ic_e5,no_ai_demand_shock,metrics[2],"""value_added""",cfg_ic\ic_e5.yaml,task configuration; not behavior identified from IO
ic_e5,no_ai_demand_shock,metrics[3],"""shortage""",cfg_ic\ic_e5.yaml,task configuration; not behavior identified from IO
ic_e5,no_ai_demand_shock,metrics[4],"""welfare""",cfg_ic\ic_e5.yaml,task configuration; not behavior identified from IO
ic_e5,no_ai_demand_shock,demand_sector,12,cfg_ic\ic_e5.yaml,task configuration; not behavior identified from IO
ic_e5,no_ai_demand_shock,demand_growth,0.0,cfg_ic\ic_e5.yaml,task configuration; not behavior identified from IO
ic_e5,no_ai_demand_shock,source_v1_task_id,"""ic_e5_ai_demand_structural_upgrade""",cfg_ic\ic_e5.yaml,task configuration; not behavior identified from IO
ic_e5,no_ai_demand_shock,theory,"""最终需求冲击通过直接与间接投入需求、价格和投资时滞改变产业结构。""",cfg_ic\ic_e5.yaml,task configuration; not behavior identified from IO
ic_e5,no_ai_demand_shock,source_v1_outcomes[1],"""total_output""",cfg_ic\ic_e5.yaml,task configuration; not behavior identified from IO
ic_e5,no_ai_demand_shock,source_v1_outcomes[2],"""total_value_added""",cfg_ic\ic_e5.yaml,task configuration; not behavior identified from IO
ic_e5,no_ai_demand_shock,source_v1_outcomes[3],"""total_profit""",cfg_ic\ic_e5.yaml,task configuration; not behavior identified from IO
ic_e5,no_ai_demand_shock,source_v1_outcomes[4],"""price_index""",cfg_ic\ic_e5.yaml,task configuration; not behavior identified from IO
ic_e5,no_ai_demand_shock,v1_arm_names[1],"""no_ai_demand_shock""",cfg_ic\ic_e5.yaml,task configuration; not behavior identified from IO
ic_e5,no_ai_demand_shock,v1_arm_names[2],"""moderate_ai_demand""",cfg_ic\ic_e5.yaml,task configuration; not behavior identified from IO
ic_e5,no_ai_demand_shock,v1_arm_names[3],"""high_ai_demand""",cfg_ic\ic_e5.yaml,task configuration; not behavior identified from IO
ic_e5,moderate_ai_demand,periods,30,cfg_ic\ic_e5.yaml,task configuration; not behavior identified from IO
ic_e5,moderate_ai_demand,seed,20261001,cfg_ic\ic_e5.yaml,task configuration; not behavior identified from IO
ic_e5,moderate_ai_demand,import_case,"""proportional""",cfg_ic\ic_e5.yaml,task configuration; not behavior identified from IO
ic_e5,moderate_ai_demand,budget_share,0.0,cfg_ic\ic_e5.yaml,task configuration; not behavior identified from IO
ic_e5,moderate_ai_demand,modules[1],"""edge""",cfg_ic\ic_e5.yaml,task configuration; not behavior identified from IO
ic_e5,moderate_ai_demand,modules[2],"""price""",cfg_ic\ic_e5.yaml,task configuration; not behavior identified from IO
ic_e5,moderate_ai_demand,modules[3],"""investment""",cfg_ic\ic_e5.yaml,task configuration; not behavior identified from IO
ic_e5,moderate_ai_demand,external_supply_elasticity,1.5,cfg_ic\ic_e5.yaml,task configuration; not behavior identified from IO
ic_e5,moderate_ai_demand,capacity_lag,4,cfg_ic\ic_e5.yaml,task configuration; not behavior identified from IO
ic_e5,moderate_ai_demand,time_fit,0.9,cfg_ic\ic_e5.yaml,task configuration; not behavior identified from IO
ic_e5,moderate_ai_demand,labor_share_of_va,0.8,cfg_ic\ic_e5.yaml,task configuration; not behavior identified from IO
ic_e5,moderate_ai_demand,backlog_retention,0.25,cfg_ic\ic_e5.yaml,task configuration; not behavior identified from IO
ic_e5,moderate_ai_demand,max_backlog_quarters,2.0,cfg_ic\ic_e5.yaml,task configuration; not behavior identified from IO
ic_e5,moderate_ai_demand,edge_health_floor,0.85,cfg_ic\ic_e5.yaml,task configuration; not behavior identified from IO
ic_e5,moderate_ai_demand,data_status,"""2020 IO accounting observed; import uses and behavior parameters are scenarios""",cfg_ic\ic_e5.yaml,task configuration; not behavior identified from IO
ic_e5,moderate_ai_demand,task_id,"""ic_e5""",cfg_ic\ic_e5.yaml,task configuration; not behavior identified from IO
ic_e5,moderate_ai_demand,name,"""AI需求与产业结构""",cfg_ic\ic_e5.yaml,task configuration; not behavior identified from IO
ic_e5,moderate_ai_demand,research_question,"""下游需求增长如何经部门网络传导至产出与扩产？""",cfg_ic\ic_e5.yaml,task configuration; not behavior identified from IO
ic_e5,moderate_ai_demand,metrics[1],"""output""",cfg_ic\ic_e5.yaml,task configuration; not behavior identified from IO
ic_e5,moderate_ai_demand,metrics[2],"""value_added""",cfg_ic\ic_e5.yaml,task configuration; not behavior identified from IO
ic_e5,moderate_ai_demand,metrics[3],"""shortage""",cfg_ic\ic_e5.yaml,task configuration; not behavior identified from IO
ic_e5,moderate_ai_demand,metrics[4],"""welfare""",cfg_ic\ic_e5.yaml,task configuration; not behavior identified from IO
ic_e5,moderate_ai_demand,demand_sector,12,cfg_ic\ic_e5.yaml,task configuration; not behavior identified from IO
ic_e5,moderate_ai_demand,demand_growth,0.02,cfg_ic\ic_e5.yaml,task configuration; not behavior identified from IO
ic_e5,moderate_ai_demand,source_v1_task_id,"""ic_e5_ai_demand_structural_upgrade""",cfg_ic\ic_e5.yaml,task configuration; not behavior identified from IO
ic_e5,moderate_ai_demand,theory,"""最终需求冲击通过直接与间接投入需求、价格和投资时滞改变产业结构。""",cfg_ic\ic_e5.yaml,task configuration; not behavior identified from IO
ic_e5,moderate_ai_demand,source_v1_outcomes[1],"""total_output""",cfg_ic\ic_e5.yaml,task configuration; not behavior identified from IO
ic_e5,moderate_ai_demand,source_v1_outcomes[2],"""total_value_added""",cfg_ic\ic_e5.yaml,task configuration; not behavior identified from IO
ic_e5,moderate_ai_demand,source_v1_outcomes[3],"""total_profit""",cfg_ic\ic_e5.yaml,task configuration; not behavior identified from IO
ic_e5,moderate_ai_demand,source_v1_outcomes[4],"""price_index""",cfg_ic\ic_e5.yaml,task configuration; not behavior identified from IO
ic_e5,moderate_ai_demand,v1_arm_names[1],"""no_ai_demand_shock""",cfg_ic\ic_e5.yaml,task configuration; not behavior identified from IO
ic_e5,moderate_ai_demand,v1_arm_names[2],"""moderate_ai_demand""",cfg_ic\ic_e5.yaml,task configuration; not behavior identified from IO
ic_e5,moderate_ai_demand,v1_arm_names[3],"""high_ai_demand""",cfg_ic\ic_e5.yaml,task configuration; not behavior identified from IO
ic_e5,high_ai_demand,periods,30,cfg_ic\ic_e5.yaml,task configuration; not behavior identified from IO
ic_e5,high_ai_demand,seed,20261001,cfg_ic\ic_e5.yaml,task configuration; not behavior identified from IO
ic_e5,high_ai_demand,import_case,"""proportional""",cfg_ic\ic_e5.yaml,task configuration; not behavior identified from IO
ic_e5,high_ai_demand,budget_share,0.0,cfg_ic\ic_e5.yaml,task configuration; not behavior identified from IO
ic_e5,high_ai_demand,modules[1],"""edge""",cfg_ic\ic_e5.yaml,task configuration; not behavior identified from IO
ic_e5,high_ai_demand,modules[2],"""price""",cfg_ic\ic_e5.yaml,task configuration; not behavior identified from IO
ic_e5,high_ai_demand,modules[3],"""investment""",cfg_ic\ic_e5.yaml,task configuration; not behavior identified from IO
ic_e5,high_ai_demand,external_supply_elasticity,1.5,cfg_ic\ic_e5.yaml,task configuration; not behavior identified from IO
ic_e5,high_ai_demand,capacity_lag,4,cfg_ic\ic_e5.yaml,task configuration; not behavior identified from IO
ic_e5,high_ai_demand,time_fit,0.9,cfg_ic\ic_e5.yaml,task configuration; not behavior identified from IO
ic_e5,high_ai_demand,labor_share_of_va,0.8,cfg_ic\ic_e5.yaml,task configuration; not behavior identified from IO
ic_e5,high_ai_demand,backlog_retention,0.25,cfg_ic\ic_e5.yaml,task configuration; not behavior identified from IO
ic_e5,high_ai_demand,max_backlog_quarters,2.0,cfg_ic\ic_e5.yaml,task configuration; not behavior identified from IO
ic_e5,high_ai_demand,edge_health_floor,0.85,cfg_ic\ic_e5.yaml,task configuration; not behavior identified from IO
ic_e5,high_ai_demand,data_status,"""2020 IO accounting observed; import uses and behavior parameters are scenarios""",cfg_ic\ic_e5.yaml,task configuration; not behavior identified from IO
ic_e5,high_ai_demand,task_id,"""ic_e5""",cfg_ic\ic_e5.yaml,task configuration; not behavior identified from IO
ic_e5,high_ai_demand,name,"""AI需求与产业结构""",cfg_ic\ic_e5.yaml,task configuration; not behavior identified from IO
ic_e5,high_ai_demand,research_question,"""下游需求增长如何经部门网络传导至产出与扩产？""",cfg_ic\ic_e5.yaml,task configuration; not behavior identified from IO
ic_e5,high_ai_demand,metrics[1],"""output""",cfg_ic\ic_e5.yaml,task configuration; not behavior identified from IO
ic_e5,high_ai_demand,metrics[2],"""value_added""",cfg_ic\ic_e5.yaml,task configuration; not behavior identified from IO
ic_e5,high_ai_demand,metrics[3],"""shortage""",cfg_ic\ic_e5.yaml,task configuration; not behavior identified from IO
ic_e5,high_ai_demand,metrics[4],"""welfare""",cfg_ic\ic_e5.yaml,task configuration; not behavior identified from IO
ic_e5,high_ai_demand,demand_sector,12,cfg_ic\ic_e5.yaml,task configuration; not behavior identified from IO
ic_e5,high_ai_demand,demand_growth,0.04,cfg_ic\ic_e5.yaml,task configuration; not behavior identified from IO
ic_e5,high_ai_demand,source_v1_task_id,"""ic_e5_ai_demand_structural_upgrade""",cfg_ic\ic_e5.yaml,task configuration; not behavior identified from IO
ic_e5,high_ai_demand,theory,"""最终需求冲击通过直接与间接投入需求、价格和投资时滞改变产业结构。""",cfg_ic\ic_e5.yaml,task configuration; not behavior identified from IO
ic_e5,high_ai_demand,source_v1_outcomes[1],"""total_output""",cfg_ic\ic_e5.yaml,task configuration; not behavior identified from IO
ic_e5,high_ai_demand,source_v1_outcomes[2],"""total_value_added""",cfg_ic\ic_e5.yaml,task configuration; not behavior identified from IO
ic_e5,high_ai_demand,source_v1_outcomes[3],"""total_profit""",cfg_ic\ic_e5.yaml,task configuration; not behavior identified from IO
ic_e5,high_ai_demand,source_v1_outcomes[4],"""price_index""",cfg_ic\ic_e5.yaml,task configuration; not behavior identified from IO
ic_e5,high_ai_demand,v1_arm_names[1],"""no_ai_demand_shock""",cfg_ic\ic_e5.yaml,task configuration; not behavior identified from IO
ic_e5,high_ai_demand,v1_arm_names[2],"""moderate_ai_demand""",cfg_ic\ic_e5.yaml,task configuration; not behavior identified from IO
ic_e5,high_ai_demand,v1_arm_names[3],"""high_ai_demand""",cfg_ic\ic_e5.yaml,task configuration; not behavior identified from IO
ic_r1,base,periods,30,cfg_ic\ic_r1.yaml,task configuration; not behavior identified from IO
ic_r1,base,seed,20261001,cfg_ic\ic_r1.yaml,task configuration; not behavior identified from IO
ic_r1,base,import_case,"""proportional""",cfg_ic\ic_r1.yaml,task configuration; not behavior identified from IO
ic_r1,base,budget_share,0.0,cfg_ic\ic_r1.yaml,task configuration; not behavior identified from IO
ic_r1,base,modules[1],"""edge""",cfg_ic\ic_r1.yaml,task configuration; not behavior identified from IO
ic_r1,base,modules[2],"""price""",cfg_ic\ic_r1.yaml,task configuration; not behavior identified from IO
ic_r1,base,modules[3],"""investment""",cfg_ic\ic_r1.yaml,task configuration; not behavior identified from IO
ic_r1,base,external_supply_elasticity,1.25,cfg_ic\ic_r1.yaml,task configuration; not behavior identified from IO
ic_r1,base,capacity_lag,6,cfg_ic\ic_r1.yaml,task configuration; not behavior identified from IO
ic_r1,base,time_fit,0.9,cfg_ic\ic_r1.yaml,task configuration; not behavior identified from IO
ic_r1,base,labor_share_of_va,0.8,cfg_ic\ic_r1.yaml,task configuration; not behavior identified from IO
ic_r1,base,backlog_retention,0.25,cfg_ic\ic_r1.yaml,task configuration; not behavior identified from IO
ic_r1,base,max_backlog_quarters,2.0,cfg_ic\ic_r1.yaml,task configuration; not behavior identified from IO
ic_r1,base,edge_health_floor,0.85,cfg_ic\ic_r1.yaml,task configuration; not behavior identified from IO
ic_r1,base,data_status,"""2020 IO accounting observed; import uses and behavior parameters are scenarios""",cfg_ic\ic_r1.yaml,task configuration; not behavior identified from IO
ic_r1,base,task_id,"""ic_r1""",cfg_ic\ic_r1.yaml,task configuration; not behavior identified from IO
ic_r1,base,name,"""需求扩张与产能周期""",cfg_ic\ic_r1.yaml,task configuration; not behavior identified from IO
ic_r1,base,research_question,"""扩产时滞如何改变需求冲击后的短缺和价格路径？""",cfg_ic\ic_r1.yaml,task configuration; not behavior identified from IO
ic_r1,base,metrics[1],"""output""",cfg_ic\ic_r1.yaml,task configuration; not behavior identified from IO
ic_r1,base,metrics[2],"""value_added""",cfg_ic\ic_r1.yaml,task configuration; not behavior identified from IO
ic_r1,base,metrics[3],"""shortage""",cfg_ic\ic_r1.yaml,task configuration; not behavior identified from IO
ic_r1,base,metrics[4],"""welfare""",cfg_ic\ic_r1.yaml,task configuration; not behavior identified from IO
ic_r1,base,demand_sector,12,cfg_ic\ic_r1.yaml,task configuration; not behavior identified from IO
ic_r1,base,demand_shock.start,4,cfg_ic\ic_r1.yaml,task configuration; not behavior identified from IO
ic_r1,base,demand_shock.end,12,cfg_ic\ic_r1.yaml,task configuration; not behavior identified from IO
ic_r1,base,demand_shock.increase,0.3,cfg_ic\ic_r1.yaml,task configuration; not behavior identified from IO
ic_r1,base,source_v1_task_id,"""ic_r1_ai_demand_capacity_cycle""",cfg_ic\ic_r1.yaml,task configuration; not behavior identified from IO
ic_r1,base,theory,"""蛛网式供需调整与不可逆/滞后投资导致动态过度反应。""",cfg_ic\ic_r1.yaml,task configuration; not behavior identified from IO
ic_r1,base,source_v1_outcomes[1],"""shortage_ratio""",cfg_ic\ic_r1.yaml,task configuration; not behavior identified from IO
ic_r1,base,source_v1_outcomes[2],"""price_index""",cfg_ic\ic_r1.yaml,task configuration; not behavior identified from IO
ic_r1,base,source_v1_outcomes[3],"""total_output""",cfg_ic\ic_r1.yaml,task configuration; not behavior identified from IO
ic_r1,base,source_v1_outcomes[4],"""total_profit""",cfg_ic\ic_r1.yaml,task configuration; not behavior identified from IO
ic_r1,base,v1_arm_names[1],"""short_capacity_lag""",cfg_ic\ic_r1.yaml,task configuration; not behavior identified from IO
ic_r1,base,v1_arm_names[2],"""benchmark_lag""",cfg_ic\ic_r1.yaml,task configuration; not behavior identified from IO
ic_r1,base,v1_arm_names[3],"""long_capacity_lag""",cfg_ic\ic_r1.yaml,task configuration; not behavior identified from IO
ic_r1,no_shock,periods,30,cfg_ic\ic_r1.yaml,task configuration; not behavior identified from IO
ic_r1,no_shock,seed,20261001,cfg_ic\ic_r1.yaml,task configuration; not behavior identified from IO
ic_r1,no_shock,import_case,"""proportional""",cfg_ic\ic_r1.yaml,task configuration; not behavior identified from IO
ic_r1,no_shock,budget_share,0.0,cfg_ic\ic_r1.yaml,task configuration; not behavior identified from IO
ic_r1,no_shock,modules[1],"""edge""",cfg_ic\ic_r1.yaml,task configuration; not behavior identified from IO
ic_r1,no_shock,modules[2],"""price""",cfg_ic\ic_r1.yaml,task configuration; not behavior identified from IO
ic_r1,no_shock,modules[3],"""investment""",cfg_ic\ic_r1.yaml,task configuration; not behavior identified from IO
ic_r1,no_shock,external_supply_elasticity,1.25,cfg_ic\ic_r1.yaml,task configuration; not behavior identified from IO
ic_r1,no_shock,capacity_lag,6,cfg_ic\ic_r1.yaml,task configuration; not behavior identified from IO
ic_r1,no_shock,time_fit,0.9,cfg_ic\ic_r1.yaml,task configuration; not behavior identified from IO
ic_r1,no_shock,labor_share_of_va,0.8,cfg_ic\ic_r1.yaml,task configuration; not behavior identified from IO
ic_r1,no_shock,backlog_retention,0.25,cfg_ic\ic_r1.yaml,task configuration; not behavior identified from IO
ic_r1,no_shock,max_backlog_quarters,2.0,cfg_ic\ic_r1.yaml,task configuration; not behavior identified from IO
ic_r1,no_shock,edge_health_floor,0.85,cfg_ic\ic_r1.yaml,task configuration; not behavior identified from IO
ic_r1,no_shock,data_status,"""2020 IO accounting observed; import uses and behavior parameters are scenarios""",cfg_ic\ic_r1.yaml,task configuration; not behavior identified from IO
ic_r1,no_shock,task_id,"""ic_r1""",cfg_ic\ic_r1.yaml,task configuration; not behavior identified from IO
ic_r1,no_shock,name,"""需求扩张与产能周期""",cfg_ic\ic_r1.yaml,task configuration; not behavior identified from IO
ic_r1,no_shock,research_question,"""扩产时滞如何改变需求冲击后的短缺和价格路径？""",cfg_ic\ic_r1.yaml,task configuration; not behavior identified from IO
ic_r1,no_shock,metrics[1],"""output""",cfg_ic\ic_r1.yaml,task configuration; not behavior identified from IO
ic_r1,no_shock,metrics[2],"""value_added""",cfg_ic\ic_r1.yaml,task configuration; not behavior identified from IO
ic_r1,no_shock,metrics[3],"""shortage""",cfg_ic\ic_r1.yaml,task configuration; not behavior identified from IO
ic_r1,no_shock,metrics[4],"""welfare""",cfg_ic\ic_r1.yaml,task configuration; not behavior identified from IO
ic_r1,no_shock,demand_sector,12,cfg_ic\ic_r1.yaml,task configuration; not behavior identified from IO
ic_r1,no_shock,demand_shock.start,-1,cfg_ic\ic_r1.yaml,task configuration; not behavior identified from IO
ic_r1,no_shock,demand_shock.end,-1,cfg_ic\ic_r1.yaml,task configuration; not behavior identified from IO
ic_r1,no_shock,demand_shock.increase,0.0,cfg_ic\ic_r1.yaml,task configuration; not behavior identified from IO
ic_r1,no_shock,source_v1_task_id,"""ic_r1_ai_demand_capacity_cycle""",cfg_ic\ic_r1.yaml,task configuration; not behavior identified from IO
ic_r1,no_shock,theory,"""蛛网式供需调整与不可逆/滞后投资导致动态过度反应。""",cfg_ic\ic_r1.yaml,task configuration; not behavior identified from IO
ic_r1,no_shock,source_v1_outcomes[1],"""shortage_ratio""",cfg_ic\ic_r1.yaml,task configuration; not behavior identified from IO
ic_r1,no_shock,source_v1_outcomes[2],"""price_index""",cfg_ic\ic_r1.yaml,task configuration; not behavior identified from IO
ic_r1,no_shock,source_v1_outcomes[3],"""total_output""",cfg_ic\ic_r1.yaml,task configuration; not behavior identified from IO
ic_r1,no_shock,source_v1_outcomes[4],"""total_profit""",cfg_ic\ic_r1.yaml,task configuration; not behavior identified from IO
ic_r1,no_shock,v1_arm_names[1],"""short_capacity_lag""",cfg_ic\ic_r1.yaml,task configuration; not behavior identified from IO
ic_r1,no_shock,v1_arm_names[2],"""benchmark_lag""",cfg_ic\ic_r1.yaml,task configuration; not behavior identified from IO
ic_r1,no_shock,v1_arm_names[3],"""long_capacity_lag""",cfg_ic\ic_r1.yaml,task configuration; not behavior identified from IO
ic_r1,short_lag,periods,30,cfg_ic\ic_r1.yaml,task configuration; not behavior identified from IO
ic_r1,short_lag,seed,20261001,cfg_ic\ic_r1.yaml,task configuration; not behavior identified from IO
ic_r1,short_lag,import_case,"""proportional""",cfg_ic\ic_r1.yaml,task configuration; not behavior identified from IO
ic_r1,short_lag,budget_share,0.0,cfg_ic\ic_r1.yaml,task configuration; not behavior identified from IO
ic_r1,short_lag,modules[1],"""edge""",cfg_ic\ic_r1.yaml,task configuration; not behavior identified from IO
ic_r1,short_lag,modules[2],"""price""",cfg_ic\ic_r1.yaml,task configuration; not behavior identified from IO
ic_r1,short_lag,modules[3],"""investment""",cfg_ic\ic_r1.yaml,task configuration; not behavior identified from IO
ic_r1,short_lag,external_supply_elasticity,1.25,cfg_ic\ic_r1.yaml,task configuration; not behavior identified from IO
ic_r1,short_lag,capacity_lag,2,cfg_ic\ic_r1.yaml,task configuration; not behavior identified from IO
ic_r1,short_lag,time_fit,0.9,cfg_ic\ic_r1.yaml,task configuration; not behavior identified from IO
ic_r1,short_lag,labor_share_of_va,0.8,cfg_ic\ic_r1.yaml,task configuration; not behavior identified from IO
ic_r1,short_lag,backlog_retention,0.25,cfg_ic\ic_r1.yaml,task configuration; not behavior identified from IO
ic_r1,short_lag,max_backlog_quarters,2.0,cfg_ic\ic_r1.yaml,task configuration; not behavior identified from IO
ic_r1,short_lag,edge_health_floor,0.85,cfg_ic\ic_r1.yaml,task configuration; not behavior identified from IO
ic_r1,short_lag,data_status,"""2020 IO accounting observed; import uses and behavior parameters are scenarios""",cfg_ic\ic_r1.yaml,task configuration; not behavior identified from IO
ic_r1,short_lag,task_id,"""ic_r1""",cfg_ic\ic_r1.yaml,task configuration; not behavior identified from IO
ic_r1,short_lag,name,"""需求扩张与产能周期""",cfg_ic\ic_r1.yaml,task configuration; not behavior identified from IO
ic_r1,short_lag,research_question,"""扩产时滞如何改变需求冲击后的短缺和价格路径？""",cfg_ic\ic_r1.yaml,task configuration; not behavior identified from IO
ic_r1,short_lag,metrics[1],"""output""",cfg_ic\ic_r1.yaml,task configuration; not behavior identified from IO
ic_r1,short_lag,metrics[2],"""value_added""",cfg_ic\ic_r1.yaml,task configuration; not behavior identified from IO
ic_r1,short_lag,metrics[3],"""shortage""",cfg_ic\ic_r1.yaml,task configuration; not behavior identified from IO
ic_r1,short_lag,metrics[4],"""welfare""",cfg_ic\ic_r1.yaml,task configuration; not behavior identified from IO
ic_r1,short_lag,demand_sector,12,cfg_ic\ic_r1.yaml,task configuration; not behavior identified from IO
ic_r1,short_lag,demand_shock.start,4,cfg_ic\ic_r1.yaml,task configuration; not behavior identified from IO
ic_r1,short_lag,demand_shock.end,12,cfg_ic\ic_r1.yaml,task configuration; not behavior identified from IO
ic_r1,short_lag,demand_shock.increase,0.3,cfg_ic\ic_r1.yaml,task configuration; not behavior identified from IO
ic_r1,short_lag,source_v1_task_id,"""ic_r1_ai_demand_capacity_cycle""",cfg_ic\ic_r1.yaml,task configuration; not behavior identified from IO
ic_r1,short_lag,theory,"""蛛网式供需调整与不可逆/滞后投资导致动态过度反应。""",cfg_ic\ic_r1.yaml,task configuration; not behavior identified from IO
ic_r1,short_lag,source_v1_outcomes[1],"""shortage_ratio""",cfg_ic\ic_r1.yaml,task configuration; not behavior identified from IO
ic_r1,short_lag,source_v1_outcomes[2],"""price_index""",cfg_ic\ic_r1.yaml,task configuration; not behavior identified from IO
ic_r1,short_lag,source_v1_outcomes[3],"""total_output""",cfg_ic\ic_r1.yaml,task configuration; not behavior identified from IO
ic_r1,short_lag,source_v1_outcomes[4],"""total_profit""",cfg_ic\ic_r1.yaml,task configuration; not behavior identified from IO
ic_r1,short_lag,v1_arm_names[1],"""short_capacity_lag""",cfg_ic\ic_r1.yaml,task configuration; not behavior identified from IO
ic_r1,short_lag,v1_arm_names[2],"""benchmark_lag""",cfg_ic\ic_r1.yaml,task configuration; not behavior identified from IO
ic_r1,short_lag,v1_arm_names[3],"""long_capacity_lag""",cfg_ic\ic_r1.yaml,task configuration; not behavior identified from IO
ic_r1,short_capacity_lag,periods,30,cfg_ic\ic_r1.yaml,task configuration; not behavior identified from IO
ic_r1,short_capacity_lag,seed,20261001,cfg_ic\ic_r1.yaml,task configuration; not behavior identified from IO
ic_r1,short_capacity_lag,import_case,"""proportional""",cfg_ic\ic_r1.yaml,task configuration; not behavior identified from IO
ic_r1,short_capacity_lag,budget_share,0.0,cfg_ic\ic_r1.yaml,task configuration; not behavior identified from IO
ic_r1,short_capacity_lag,modules[1],"""edge""",cfg_ic\ic_r1.yaml,task configuration; not behavior identified from IO
ic_r1,short_capacity_lag,modules[2],"""price""",cfg_ic\ic_r1.yaml,task configuration; not behavior identified from IO
ic_r1,short_capacity_lag,modules[3],"""investment""",cfg_ic\ic_r1.yaml,task configuration; not behavior identified from IO
ic_r1,short_capacity_lag,external_supply_elasticity,1.25,cfg_ic\ic_r1.yaml,task configuration; not behavior identified from IO
ic_r1,short_capacity_lag,capacity_lag,2,cfg_ic\ic_r1.yaml,task configuration; not behavior identified from IO
ic_r1,short_capacity_lag,time_fit,0.9,cfg_ic\ic_r1.yaml,task configuration; not behavior identified from IO
ic_r1,short_capacity_lag,labor_share_of_va,0.8,cfg_ic\ic_r1.yaml,task configuration; not behavior identified from IO
ic_r1,short_capacity_lag,backlog_retention,0.25,cfg_ic\ic_r1.yaml,task configuration; not behavior identified from IO
ic_r1,short_capacity_lag,max_backlog_quarters,2.0,cfg_ic\ic_r1.yaml,task configuration; not behavior identified from IO
ic_r1,short_capacity_lag,edge_health_floor,0.85,cfg_ic\ic_r1.yaml,task configuration; not behavior identified from IO
ic_r1,short_capacity_lag,data_status,"""2020 IO accounting observed; import uses and behavior parameters are scenarios""",cfg_ic\ic_r1.yaml,task configuration; not behavior identified from IO
ic_r1,short_capacity_lag,task_id,"""ic_r1""",cfg_ic\ic_r1.yaml,task configuration; not behavior identified from IO
ic_r1,short_capacity_lag,name,"""需求扩张与产能周期""",cfg_ic\ic_r1.yaml,task configuration; not behavior identified from IO
ic_r1,short_capacity_lag,research_question,"""扩产时滞如何改变需求冲击后的短缺和价格路径？""",cfg_ic\ic_r1.yaml,task configuration; not behavior identified from IO
ic_r1,short_capacity_lag,metrics[1],"""output""",cfg_ic\ic_r1.yaml,task configuration; not behavior identified from IO
ic_r1,short_capacity_lag,metrics[2],"""value_added""",cfg_ic\ic_r1.yaml,task configuration; not behavior identified from IO
ic_r1,short_capacity_lag,metrics[3],"""shortage""",cfg_ic\ic_r1.yaml,task configuration; not behavior identified from IO
ic_r1,short_capacity_lag,metrics[4],"""welfare""",cfg_ic\ic_r1.yaml,task configuration; not behavior identified from IO
ic_r1,short_capacity_lag,demand_sector,12,cfg_ic\ic_r1.yaml,task configuration; not behavior identified from IO
ic_r1,short_capacity_lag,demand_shock.start,4,cfg_ic\ic_r1.yaml,task configuration; not behavior identified from IO
ic_r1,short_capacity_lag,demand_shock.end,12,cfg_ic\ic_r1.yaml,task configuration; not behavior identified from IO
ic_r1,short_capacity_lag,demand_shock.increase,0.3,cfg_ic\ic_r1.yaml,task configuration; not behavior identified from IO
ic_r1,short_capacity_lag,source_v1_task_id,"""ic_r1_ai_demand_capacity_cycle""",cfg_ic\ic_r1.yaml,task configuration; not behavior identified from IO
ic_r1,short_capacity_lag,theory,"""蛛网式供需调整与不可逆/滞后投资导致动态过度反应。""",cfg_ic\ic_r1.yaml,task configuration; not behavior identified from IO
ic_r1,short_capacity_lag,source_v1_outcomes[1],"""shortage_ratio""",cfg_ic\ic_r1.yaml,task configuration; not behavior identified from IO
ic_r1,short_capacity_lag,source_v1_outcomes[2],"""price_index""",cfg_ic\ic_r1.yaml,task configuration; not behavior identified from IO
ic_r1,short_capacity_lag,source_v1_outcomes[3],"""total_output""",cfg_ic\ic_r1.yaml,task configuration; not behavior identified from IO
ic_r1,short_capacity_lag,source_v1_outcomes[4],"""total_profit""",cfg_ic\ic_r1.yaml,task configuration; not behavior identified from IO
ic_r1,short_capacity_lag,v1_arm_names[1],"""short_capacity_lag""",cfg_ic\ic_r1.yaml,task configuration; not behavior identified from IO
ic_r1,short_capacity_lag,v1_arm_names[2],"""benchmark_lag""",cfg_ic\ic_r1.yaml,task configuration; not behavior identified from IO
ic_r1,short_capacity_lag,v1_arm_names[3],"""long_capacity_lag""",cfg_ic\ic_r1.yaml,task configuration; not behavior identified from IO
ic_r1,benchmark_lag,periods,30,cfg_ic\ic_r1.yaml,task configuration; not behavior identified from IO
ic_r1,benchmark_lag,seed,20261001,cfg_ic\ic_r1.yaml,task configuration; not behavior identified from IO
ic_r1,benchmark_lag,import_case,"""proportional""",cfg_ic\ic_r1.yaml,task configuration; not behavior identified from IO
ic_r1,benchmark_lag,budget_share,0.0,cfg_ic\ic_r1.yaml,task configuration; not behavior identified from IO
ic_r1,benchmark_lag,modules[1],"""edge""",cfg_ic\ic_r1.yaml,task configuration; not behavior identified from IO
ic_r1,benchmark_lag,modules[2],"""price""",cfg_ic\ic_r1.yaml,task configuration; not behavior identified from IO
ic_r1,benchmark_lag,modules[3],"""investment""",cfg_ic\ic_r1.yaml,task configuration; not behavior identified from IO
ic_r1,benchmark_lag,external_supply_elasticity,1.25,cfg_ic\ic_r1.yaml,task configuration; not behavior identified from IO
ic_r1,benchmark_lag,capacity_lag,6,cfg_ic\ic_r1.yaml,task configuration; not behavior identified from IO
ic_r1,benchmark_lag,time_fit,0.9,cfg_ic\ic_r1.yaml,task configuration; not behavior identified from IO
ic_r1,benchmark_lag,labor_share_of_va,0.8,cfg_ic\ic_r1.yaml,task configuration; not behavior identified from IO
ic_r1,benchmark_lag,backlog_retention,0.25,cfg_ic\ic_r1.yaml,task configuration; not behavior identified from IO
ic_r1,benchmark_lag,max_backlog_quarters,2.0,cfg_ic\ic_r1.yaml,task configuration; not behavior identified from IO
ic_r1,benchmark_lag,edge_health_floor,0.85,cfg_ic\ic_r1.yaml,task configuration; not behavior identified from IO
ic_r1,benchmark_lag,data_status,"""2020 IO accounting observed; import uses and behavior parameters are scenarios""",cfg_ic\ic_r1.yaml,task configuration; not behavior identified from IO
ic_r1,benchmark_lag,task_id,"""ic_r1""",cfg_ic\ic_r1.yaml,task configuration; not behavior identified from IO
ic_r1,benchmark_lag,name,"""需求扩张与产能周期""",cfg_ic\ic_r1.yaml,task configuration; not behavior identified from IO
ic_r1,benchmark_lag,research_question,"""扩产时滞如何改变需求冲击后的短缺和价格路径？""",cfg_ic\ic_r1.yaml,task configuration; not behavior identified from IO
ic_r1,benchmark_lag,metrics[1],"""output""",cfg_ic\ic_r1.yaml,task configuration; not behavior identified from IO
ic_r1,benchmark_lag,metrics[2],"""value_added""",cfg_ic\ic_r1.yaml,task configuration; not behavior identified from IO
ic_r1,benchmark_lag,metrics[3],"""shortage""",cfg_ic\ic_r1.yaml,task configuration; not behavior identified from IO
ic_r1,benchmark_lag,metrics[4],"""welfare""",cfg_ic\ic_r1.yaml,task configuration; not behavior identified from IO
ic_r1,benchmark_lag,demand_sector,12,cfg_ic\ic_r1.yaml,task configuration; not behavior identified from IO
ic_r1,benchmark_lag,demand_shock.start,4,cfg_ic\ic_r1.yaml,task configuration; not behavior identified from IO
ic_r1,benchmark_lag,demand_shock.end,12,cfg_ic\ic_r1.yaml,task configuration; not behavior identified from IO
ic_r1,benchmark_lag,demand_shock.increase,0.3,cfg_ic\ic_r1.yaml,task configuration; not behavior identified from IO
ic_r1,benchmark_lag,source_v1_task_id,"""ic_r1_ai_demand_capacity_cycle""",cfg_ic\ic_r1.yaml,task configuration; not behavior identified from IO
ic_r1,benchmark_lag,theory,"""蛛网式供需调整与不可逆/滞后投资导致动态过度反应。""",cfg_ic\ic_r1.yaml,task configuration; not behavior identified from IO
ic_r1,benchmark_lag,source_v1_outcomes[1],"""shortage_ratio""",cfg_ic\ic_r1.yaml,task configuration; not behavior identified from IO
ic_r1,benchmark_lag,source_v1_outcomes[2],"""price_index""",cfg_ic\ic_r1.yaml,task configuration; not behavior identified from IO
ic_r1,benchmark_lag,source_v1_outcomes[3],"""total_output""",cfg_ic\ic_r1.yaml,task configuration; not behavior identified from IO
ic_r1,benchmark_lag,source_v1_outcomes[4],"""total_profit""",cfg_ic\ic_r1.yaml,task configuration; not behavior identified from IO
ic_r1,benchmark_lag,v1_arm_names[1],"""short_capacity_lag""",cfg_ic\ic_r1.yaml,task configuration; not behavior identified from IO
ic_r1,benchmark_lag,v1_arm_names[2],"""benchmark_lag""",cfg_ic\ic_r1.yaml,task configuration; not behavior identified from IO
ic_r1,benchmark_lag,v1_arm_names[3],"""long_capacity_lag""",cfg_ic\ic_r1.yaml,task configuration; not behavior identified from IO
ic_r1,long_capacity_lag,periods,30,cfg_ic\ic_r1.yaml,task configuration; not behavior identified from IO
ic_r1,long_capacity_lag,seed,20261001,cfg_ic\ic_r1.yaml,task configuration; not behavior identified from IO
ic_r1,long_capacity_lag,import_case,"""proportional""",cfg_ic\ic_r1.yaml,task configuration; not behavior identified from IO
ic_r1,long_capacity_lag,budget_share,0.0,cfg_ic\ic_r1.yaml,task configuration; not behavior identified from IO
ic_r1,long_capacity_lag,modules[1],"""edge""",cfg_ic\ic_r1.yaml,task configuration; not behavior identified from IO
ic_r1,long_capacity_lag,modules[2],"""price""",cfg_ic\ic_r1.yaml,task configuration; not behavior identified from IO
ic_r1,long_capacity_lag,modules[3],"""investment""",cfg_ic\ic_r1.yaml,task configuration; not behavior identified from IO
ic_r1,long_capacity_lag,external_supply_elasticity,1.25,cfg_ic\ic_r1.yaml,task configuration; not behavior identified from IO
ic_r1,long_capacity_lag,capacity_lag,10,cfg_ic\ic_r1.yaml,task configuration; not behavior identified from IO
ic_r1,long_capacity_lag,time_fit,0.9,cfg_ic\ic_r1.yaml,task configuration; not behavior identified from IO
ic_r1,long_capacity_lag,labor_share_of_va,0.8,cfg_ic\ic_r1.yaml,task configuration; not behavior identified from IO
ic_r1,long_capacity_lag,backlog_retention,0.25,cfg_ic\ic_r1.yaml,task configuration; not behavior identified from IO
ic_r1,long_capacity_lag,max_backlog_quarters,2.0,cfg_ic\ic_r1.yaml,task configuration; not behavior identified from IO
ic_r1,long_capacity_lag,edge_health_floor,0.85,cfg_ic\ic_r1.yaml,task configuration; not behavior identified from IO
ic_r1,long_capacity_lag,data_status,"""2020 IO accounting observed; import uses and behavior parameters are scenarios""",cfg_ic\ic_r1.yaml,task configuration; not behavior identified from IO
ic_r1,long_capacity_lag,task_id,"""ic_r1""",cfg_ic\ic_r1.yaml,task configuration; not behavior identified from IO
ic_r1,long_capacity_lag,name,"""需求扩张与产能周期""",cfg_ic\ic_r1.yaml,task configuration; not behavior identified from IO
ic_r1,long_capacity_lag,research_question,"""扩产时滞如何改变需求冲击后的短缺和价格路径？""",cfg_ic\ic_r1.yaml,task configuration; not behavior identified from IO
ic_r1,long_capacity_lag,metrics[1],"""output""",cfg_ic\ic_r1.yaml,task configuration; not behavior identified from IO
ic_r1,long_capacity_lag,metrics[2],"""value_added""",cfg_ic\ic_r1.yaml,task configuration; not behavior identified from IO
ic_r1,long_capacity_lag,metrics[3],"""shortage""",cfg_ic\ic_r1.yaml,task configuration; not behavior identified from IO
ic_r1,long_capacity_lag,metrics[4],"""welfare""",cfg_ic\ic_r1.yaml,task configuration; not behavior identified from IO
ic_r1,long_capacity_lag,demand_sector,12,cfg_ic\ic_r1.yaml,task configuration; not behavior identified from IO
ic_r1,long_capacity_lag,demand_shock.start,4,cfg_ic\ic_r1.yaml,task configuration; not behavior identified from IO
ic_r1,long_capacity_lag,demand_shock.end,12,cfg_ic\ic_r1.yaml,task configuration; not behavior identified from IO
ic_r1,long_capacity_lag,demand_shock.increase,0.3,cfg_ic\ic_r1.yaml,task configuration; not behavior identified from IO
ic_r1,long_capacity_lag,source_v1_task_id,"""ic_r1_ai_demand_capacity_cycle""",cfg_ic\ic_r1.yaml,task configuration; not behavior identified from IO
ic_r1,long_capacity_lag,theory,"""蛛网式供需调整与不可逆/滞后投资导致动态过度反应。""",cfg_ic\ic_r1.yaml,task configuration; not behavior identified from IO
ic_r1,long_capacity_lag,source_v1_outcomes[1],"""shortage_ratio""",cfg_ic\ic_r1.yaml,task configuration; not behavior identified from IO
ic_r1,long_capacity_lag,source_v1_outcomes[2],"""price_index""",cfg_ic\ic_r1.yaml,task configuration; not behavior identified from IO
ic_r1,long_capacity_lag,source_v1_outcomes[3],"""total_output""",cfg_ic\ic_r1.yaml,task configuration; not behavior identified from IO
ic_r1,long_capacity_lag,source_v1_outcomes[4],"""total_profit""",cfg_ic\ic_r1.yaml,task configuration; not behavior identified from IO
ic_r1,long_capacity_lag,v1_arm_names[1],"""short_capacity_lag""",cfg_ic\ic_r1.yaml,task configuration; not behavior identified from IO
ic_r1,long_capacity_lag,v1_arm_names[2],"""benchmark_lag""",cfg_ic\ic_r1.yaml,task configuration; not behavior identified from IO
ic_r1,long_capacity_lag,v1_arm_names[3],"""long_capacity_lag""",cfg_ic\ic_r1.yaml,task configuration; not behavior identified from IO
ic_r2,base,periods,30,cfg_ic\ic_r2.yaml,task configuration; not behavior identified from IO
ic_r2,base,seed,20261001,cfg_ic\ic_r2.yaml,task configuration; not behavior identified from IO
ic_r2,base,import_case,"""proportional""",cfg_ic\ic_r2.yaml,task configuration; not behavior identified from IO
ic_r2,base,budget_share,0.0,cfg_ic\ic_r2.yaml,task configuration; not behavior identified from IO
ic_r2,base,modules[1],"""edge""",cfg_ic\ic_r2.yaml,task configuration; not behavior identified from IO
ic_r2,base,modules[2],"""ai""",cfg_ic\ic_r2.yaml,task configuration; not behavior identified from IO
ic_r2,base,external_supply_elasticity,1.25,cfg_ic\ic_r2.yaml,task configuration; not behavior identified from IO
ic_r2,base,capacity_lag,4,cfg_ic\ic_r2.yaml,task configuration; not behavior identified from IO
ic_r2,base,time_fit,0.9,cfg_ic\ic_r2.yaml,task configuration; not behavior identified from IO
ic_r2,base,labor_share_of_va,0.8,cfg_ic\ic_r2.yaml,task configuration; not behavior identified from IO
ic_r2,base,backlog_retention,0.25,cfg_ic\ic_r2.yaml,task configuration; not behavior identified from IO
ic_r2,base,max_backlog_quarters,2.0,cfg_ic\ic_r2.yaml,task configuration; not behavior identified from IO
ic_r2,base,edge_health_floor,0.85,cfg_ic\ic_r2.yaml,task configuration; not behavior identified from IO
ic_r2,base,data_status,"""2020 IO accounting observed; import uses and behavior parameters are scenarios""",cfg_ic\ic_r2.yaml,task configuration; not behavior identified from IO
ic_r2,base,task_id,"""ic_r2""",cfg_ic\ic_r2.yaml,task configuration; not behavior identified from IO
ic_r2,base,name,"""AI扩散与承接错配""",cfg_ic\ic_r2.yaml,task configuration; not behavior identified from IO
ic_r2,base,research_question,"""AI变化负荷超过下游吸收能力时会否提高边压力？""",cfg_ic\ic_r2.yaml,task configuration; not behavior identified from IO
ic_r2,base,metrics[1],"""edge_health_mean""",cfg_ic\ic_r2.yaml,task configuration; not behavior identified from IO
ic_r2,base,metrics[2],"""shortage""",cfg_ic\ic_r2.yaml,task configuration; not behavior identified from IO
ic_r2,base,metrics[3],"""output""",cfg_ic\ic_r2.yaml,task configuration; not behavior identified from IO
ic_r2,base,ai_rate,0.05,cfg_ic\ic_r2.yaml,task configuration; not behavior identified from IO
ic_r2,base,ai_productivity,0.3,cfg_ic\ic_r2.yaml,task configuration; not behavior identified from IO
ic_r2,base,absorption[1],0.3,cfg_ic\ic_r2.yaml,task configuration; not behavior identified from IO
ic_r2,base,absorption[2],0.3,cfg_ic\ic_r2.yaml,task configuration; not behavior identified from IO
ic_r2,base,absorption[3],0.3,cfg_ic\ic_r2.yaml,task configuration; not behavior identified from IO
ic_r2,base,absorption[4],0.3,cfg_ic\ic_r2.yaml,task configuration; not behavior identified from IO
ic_r2,base,absorption[5],0.3,cfg_ic\ic_r2.yaml,task configuration; not behavior identified from IO
ic_r2,base,absorption[6],0.3,cfg_ic\ic_r2.yaml,task configuration; not behavior identified from IO
ic_r2,base,absorption[7],0.3,cfg_ic\ic_r2.yaml,task configuration; not behavior identified from IO
ic_r2,base,absorption[8],0.3,cfg_ic\ic_r2.yaml,task configuration; not behavior identified from IO
ic_r2,base,absorption[9],0.3,cfg_ic\ic_r2.yaml,task configuration; not behavior identified from IO
ic_r2,base,absorption[10],0.3,cfg_ic\ic_r2.yaml,task configuration; not behavior identified from IO
ic_r2,base,absorption[11],0.3,cfg_ic\ic_r2.yaml,task configuration; not behavior identified from IO
ic_r2,base,absorption[12],0.3,cfg_ic\ic_r2.yaml,task configuration; not behavior identified from IO
ic_r2,base,absorption[13],0.3,cfg_ic\ic_r2.yaml,task configuration; not behavior identified from IO
ic_r2,base,source_v1_task_id,"""ic_r2_ai_absorption_mismatch""",cfg_ic\ic_r2.yaml,task configuration; not behavior identified from IO
ic_r2,base,theory,"""AI扩散本身不是风险，AI诱发调整负荷超过界面吸收能力时才形成正错配。""",cfg_ic\ic_r2.yaml,task configuration; not behavior identified from IO
ic_r2,base,source_v1_outcomes[1],"""avg_edge_pressure""",cfg_ic\ic_r2.yaml,task configuration; not behavior identified from IO
ic_r2,base,source_v1_outcomes[2],"""min_edge_health""",cfg_ic\ic_r2.yaml,task configuration; not behavior identified from IO
ic_r2,base,source_v1_outcomes[3],"""shortage_ratio""",cfg_ic\ic_r2.yaml,task configuration; not behavior identified from IO
ic_r2,base,source_v1_outcomes[4],"""output_loss""",cfg_ic\ic_r2.yaml,task configuration; not behavior identified from IO
ic_r2,base,source_v1_outcomes[5],"""resilience_index""",cfg_ic\ic_r2.yaml,task configuration; not behavior identified from IO
ic_r2,base,v1_arm_names[1],"""balanced_ai_absorption""",cfg_ic\ic_r2.yaml,task configuration; not behavior identified from IO
ic_r2,base,v1_arm_names[2],"""front_end_ai_low_absorption""",cfg_ic\ic_r2.yaml,task configuration; not behavior identified from IO
ic_r2,base,v1_arm_names[3],"""mismatch_with_coordination""",cfg_ic\ic_r2.yaml,task configuration; not behavior identified from IO
ic_r2,high_absorption,periods,30,cfg_ic\ic_r2.yaml,task configuration; not behavior identified from IO
ic_r2,high_absorption,seed,20261001,cfg_ic\ic_r2.yaml,task configuration; not behavior identified from IO
ic_r2,high_absorption,import_case,"""proportional""",cfg_ic\ic_r2.yaml,task configuration; not behavior identified from IO
ic_r2,high_absorption,budget_share,0.0,cfg_ic\ic_r2.yaml,task configuration; not behavior identified from IO
ic_r2,high_absorption,modules[1],"""edge""",cfg_ic\ic_r2.yaml,task configuration; not behavior identified from IO
ic_r2,high_absorption,modules[2],"""ai""",cfg_ic\ic_r2.yaml,task configuration; not behavior identified from IO
ic_r2,high_absorption,external_supply_elasticity,1.25,cfg_ic\ic_r2.yaml,task configuration; not behavior identified from IO
ic_r2,high_absorption,capacity_lag,4,cfg_ic\ic_r2.yaml,task configuration; not behavior identified from IO
ic_r2,high_absorption,time_fit,0.9,cfg_ic\ic_r2.yaml,task configuration; not behavior identified from IO
ic_r2,high_absorption,labor_share_of_va,0.8,cfg_ic\ic_r2.yaml,task configuration; not behavior identified from IO
ic_r2,high_absorption,backlog_retention,0.25,cfg_ic\ic_r2.yaml,task configuration; not behavior identified from IO
ic_r2,high_absorption,max_backlog_quarters,2.0,cfg_ic\ic_r2.yaml,task configuration; not behavior identified from IO
ic_r2,high_absorption,edge_health_floor,0.85,cfg_ic\ic_r2.yaml,task configuration; not behavior identified from IO
ic_r2,high_absorption,data_status,"""2020 IO accounting observed; import uses and behavior parameters are scenarios""",cfg_ic\ic_r2.yaml,task configuration; not behavior identified from IO
ic_r2,high_absorption,task_id,"""ic_r2""",cfg_ic\ic_r2.yaml,task configuration; not behavior identified from IO
ic_r2,high_absorption,name,"""AI扩散与承接错配""",cfg_ic\ic_r2.yaml,task configuration; not behavior identified from IO
ic_r2,high_absorption,research_question,"""AI变化负荷超过下游吸收能力时会否提高边压力？""",cfg_ic\ic_r2.yaml,task configuration; not behavior identified from IO
ic_r2,high_absorption,metrics[1],"""edge_health_mean""",cfg_ic\ic_r2.yaml,task configuration; not behavior identified from IO
ic_r2,high_absorption,metrics[2],"""shortage""",cfg_ic\ic_r2.yaml,task configuration; not behavior identified from IO
ic_r2,high_absorption,metrics[3],"""output""",cfg_ic\ic_r2.yaml,task configuration; not behavior identified from IO
ic_r2,high_absorption,ai_rate,0.05,cfg_ic\ic_r2.yaml,task configuration; not behavior identified from IO
ic_r2,high_absorption,ai_productivity,0.3,cfg_ic\ic_r2.yaml,task configuration; not behavior identified from IO
ic_r2,high_absorption,absorption[1],0.9,cfg_ic\ic_r2.yaml,task configuration; not behavior identified from IO
ic_r2,high_absorption,absorption[2],0.9,cfg_ic\ic_r2.yaml,task configuration; not behavior identified from IO
ic_r2,high_absorption,absorption[3],0.9,cfg_ic\ic_r2.yaml,task configuration; not behavior identified from IO
ic_r2,high_absorption,absorption[4],0.9,cfg_ic\ic_r2.yaml,task configuration; not behavior identified from IO
ic_r2,high_absorption,absorption[5],0.9,cfg_ic\ic_r2.yaml,task configuration; not behavior identified from IO
ic_r2,high_absorption,absorption[6],0.9,cfg_ic\ic_r2.yaml,task configuration; not behavior identified from IO
ic_r2,high_absorption,absorption[7],0.9,cfg_ic\ic_r2.yaml,task configuration; not behavior identified from IO
ic_r2,high_absorption,absorption[8],0.9,cfg_ic\ic_r2.yaml,task configuration; not behavior identified from IO
ic_r2,high_absorption,absorption[9],0.9,cfg_ic\ic_r2.yaml,task configuration; not behavior identified from IO
ic_r2,high_absorption,absorption[10],0.9,cfg_ic\ic_r2.yaml,task configuration; not behavior identified from IO
ic_r2,high_absorption,absorption[11],0.9,cfg_ic\ic_r2.yaml,task configuration; not behavior identified from IO
ic_r2,high_absorption,absorption[12],0.9,cfg_ic\ic_r2.yaml,task configuration; not behavior identified from IO
ic_r2,high_absorption,absorption[13],0.9,cfg_ic\ic_r2.yaml,task configuration; not behavior identified from IO
ic_r2,high_absorption,source_v1_task_id,"""ic_r2_ai_absorption_mismatch""",cfg_ic\ic_r2.yaml,task configuration; not behavior identified from IO
ic_r2,high_absorption,theory,"""AI扩散本身不是风险，AI诱发调整负荷超过界面吸收能力时才形成正错配。""",cfg_ic\ic_r2.yaml,task configuration; not behavior identified from IO
ic_r2,high_absorption,source_v1_outcomes[1],"""avg_edge_pressure""",cfg_ic\ic_r2.yaml,task configuration; not behavior identified from IO
ic_r2,high_absorption,source_v1_outcomes[2],"""min_edge_health""",cfg_ic\ic_r2.yaml,task configuration; not behavior identified from IO
ic_r2,high_absorption,source_v1_outcomes[3],"""shortage_ratio""",cfg_ic\ic_r2.yaml,task configuration; not behavior identified from IO
ic_r2,high_absorption,source_v1_outcomes[4],"""output_loss""",cfg_ic\ic_r2.yaml,task configuration; not behavior identified from IO
ic_r2,high_absorption,source_v1_outcomes[5],"""resilience_index""",cfg_ic\ic_r2.yaml,task configuration; not behavior identified from IO
ic_r2,high_absorption,v1_arm_names[1],"""balanced_ai_absorption""",cfg_ic\ic_r2.yaml,task configuration; not behavior identified from IO
ic_r2,high_absorption,v1_arm_names[2],"""front_end_ai_low_absorption""",cfg_ic\ic_r2.yaml,task configuration; not behavior identified from IO
ic_r2,high_absorption,v1_arm_names[3],"""mismatch_with_coordination""",cfg_ic\ic_r2.yaml,task configuration; not behavior identified from IO
ic_r2,balanced_ai_absorption,periods,30,cfg_ic\ic_r2.yaml,task configuration; not behavior identified from IO
ic_r2,balanced_ai_absorption,seed,20261001,cfg_ic\ic_r2.yaml,task configuration; not behavior identified from IO
ic_r2,balanced_ai_absorption,import_case,"""proportional""",cfg_ic\ic_r2.yaml,task configuration; not behavior identified from IO
ic_r2,balanced_ai_absorption,budget_share,0.0,cfg_ic\ic_r2.yaml,task configuration; not behavior identified from IO
ic_r2,balanced_ai_absorption,modules[1],"""edge""",cfg_ic\ic_r2.yaml,task configuration; not behavior identified from IO
ic_r2,balanced_ai_absorption,modules[2],"""ai""",cfg_ic\ic_r2.yaml,task configuration; not behavior identified from IO
ic_r2,balanced_ai_absorption,external_supply_elasticity,1.25,cfg_ic\ic_r2.yaml,task configuration; not behavior identified from IO
ic_r2,balanced_ai_absorption,capacity_lag,4,cfg_ic\ic_r2.yaml,task configuration; not behavior identified from IO
ic_r2,balanced_ai_absorption,time_fit,0.9,cfg_ic\ic_r2.yaml,task configuration; not behavior identified from IO
ic_r2,balanced_ai_absorption,labor_share_of_va,0.8,cfg_ic\ic_r2.yaml,task configuration; not behavior identified from IO
ic_r2,balanced_ai_absorption,backlog_retention,0.25,cfg_ic\ic_r2.yaml,task configuration; not behavior identified from IO
ic_r2,balanced_ai_absorption,max_backlog_quarters,2.0,cfg_ic\ic_r2.yaml,task configuration; not behavior identified from IO
ic_r2,balanced_ai_absorption,edge_health_floor,0.85,cfg_ic\ic_r2.yaml,task configuration; not behavior identified from IO
ic_r2,balanced_ai_absorption,data_status,"""2020 IO accounting observed; import uses and behavior parameters are scenarios""",cfg_ic\ic_r2.yaml,task configuration; not behavior identified from IO
ic_r2,balanced_ai_absorption,task_id,"""ic_r2""",cfg_ic\ic_r2.yaml,task configuration; not behavior identified from IO
ic_r2,balanced_ai_absorption,name,"""AI扩散与承接错配""",cfg_ic\ic_r2.yaml,task configuration; not behavior identified from IO
ic_r2,balanced_ai_absorption,research_question,"""AI变化负荷超过下游吸收能力时会否提高边压力？""",cfg_ic\ic_r2.yaml,task configuration; not behavior identified from IO
ic_r2,balanced_ai_absorption,metrics[1],"""edge_health_mean""",cfg_ic\ic_r2.yaml,task configuration; not behavior identified from IO
ic_r2,balanced_ai_absorption,metrics[2],"""shortage""",cfg_ic\ic_r2.yaml,task configuration; not behavior identified from IO
ic_r2,balanced_ai_absorption,metrics[3],"""output""",cfg_ic\ic_r2.yaml,task configuration; not behavior identified from IO
ic_r2,balanced_ai_absorption,ai_rate,0.05,cfg_ic\ic_r2.yaml,task configuration; not behavior identified from IO
ic_r2,balanced_ai_absorption,ai_productivity,0.3,cfg_ic\ic_r2.yaml,task configuration; not behavior identified from IO
ic_r2,balanced_ai_absorption,absorption[1],0.9,cfg_ic\ic_r2.yaml,task configuration; not behavior identified from IO
ic_r2,balanced_ai_absorption,absorption[2],0.9,cfg_ic\ic_r2.yaml,task configuration; not behavior identified from IO
ic_r2,balanced_ai_absorption,absorption[3],0.9,cfg_ic\ic_r2.yaml,task configuration; not behavior identified from IO
ic_r2,balanced_ai_absorption,absorption[4],0.9,cfg_ic\ic_r2.yaml,task configuration; not behavior identified from IO
ic_r2,balanced_ai_absorption,absorption[5],0.9,cfg_ic\ic_r2.yaml,task configuration; not behavior identified from IO
ic_r2,balanced_ai_absorption,absorption[6],0.9,cfg_ic\ic_r2.yaml,task configuration; not behavior identified from IO
ic_r2,balanced_ai_absorption,absorption[7],0.9,cfg_ic\ic_r2.yaml,task configuration; not behavior identified from IO
ic_r2,balanced_ai_absorption,absorption[8],0.9,cfg_ic\ic_r2.yaml,task configuration; not behavior identified from IO
ic_r2,balanced_ai_absorption,absorption[9],0.9,cfg_ic\ic_r2.yaml,task configuration; not behavior identified from IO
ic_r2,balanced_ai_absorption,absorption[10],0.9,cfg_ic\ic_r2.yaml,task configuration; not behavior identified from IO
ic_r2,balanced_ai_absorption,absorption[11],0.9,cfg_ic\ic_r2.yaml,task configuration; not behavior identified from IO
ic_r2,balanced_ai_absorption,absorption[12],0.9,cfg_ic\ic_r2.yaml,task configuration; not behavior identified from IO
ic_r2,balanced_ai_absorption,absorption[13],0.9,cfg_ic\ic_r2.yaml,task configuration; not behavior identified from IO
ic_r2,balanced_ai_absorption,source_v1_task_id,"""ic_r2_ai_absorption_mismatch""",cfg_ic\ic_r2.yaml,task configuration; not behavior identified from IO
ic_r2,balanced_ai_absorption,theory,"""AI扩散本身不是风险，AI诱发调整负荷超过界面吸收能力时才形成正错配。""",cfg_ic\ic_r2.yaml,task configuration; not behavior identified from IO
ic_r2,balanced_ai_absorption,source_v1_outcomes[1],"""avg_edge_pressure""",cfg_ic\ic_r2.yaml,task configuration; not behavior identified from IO
ic_r2,balanced_ai_absorption,source_v1_outcomes[2],"""min_edge_health""",cfg_ic\ic_r2.yaml,task configuration; not behavior identified from IO
ic_r2,balanced_ai_absorption,source_v1_outcomes[3],"""shortage_ratio""",cfg_ic\ic_r2.yaml,task configuration; not behavior identified from IO
ic_r2,balanced_ai_absorption,source_v1_outcomes[4],"""output_loss""",cfg_ic\ic_r2.yaml,task configuration; not behavior identified from IO
ic_r2,balanced_ai_absorption,source_v1_outcomes[5],"""resilience_index""",cfg_ic\ic_r2.yaml,task configuration; not behavior identified from IO
ic_r2,balanced_ai_absorption,v1_arm_names[1],"""balanced_ai_absorption""",cfg_ic\ic_r2.yaml,task configuration; not behavior identified from IO
ic_r2,balanced_ai_absorption,v1_arm_names[2],"""front_end_ai_low_absorption""",cfg_ic\ic_r2.yaml,task configuration; not behavior identified from IO
ic_r2,balanced_ai_absorption,v1_arm_names[3],"""mismatch_with_coordination""",cfg_ic\ic_r2.yaml,task configuration; not behavior identified from IO
ic_r2,front_end_ai_low_absorption,periods,30,cfg_ic\ic_r2.yaml,task configuration; not behavior identified from IO
ic_r2,front_end_ai_low_absorption,seed,20261001,cfg_ic\ic_r2.yaml,task configuration; not behavior identified from IO
ic_r2,front_end_ai_low_absorption,import_case,"""proportional""",cfg_ic\ic_r2.yaml,task configuration; not behavior identified from IO
ic_r2,front_end_ai_low_absorption,budget_share,0.0,cfg_ic\ic_r2.yaml,task configuration; not behavior identified from IO
ic_r2,front_end_ai_low_absorption,modules[1],"""edge""",cfg_ic\ic_r2.yaml,task configuration; not behavior identified from IO
ic_r2,front_end_ai_low_absorption,modules[2],"""ai""",cfg_ic\ic_r2.yaml,task configuration; not behavior identified from IO
ic_r2,front_end_ai_low_absorption,external_supply_elasticity,1.25,cfg_ic\ic_r2.yaml,task configuration; not behavior identified from IO
ic_r2,front_end_ai_low_absorption,capacity_lag,4,cfg_ic\ic_r2.yaml,task configuration; not behavior identified from IO
ic_r2,front_end_ai_low_absorption,time_fit,0.9,cfg_ic\ic_r2.yaml,task configuration; not behavior identified from IO
ic_r2,front_end_ai_low_absorption,labor_share_of_va,0.8,cfg_ic\ic_r2.yaml,task configuration; not behavior identified from IO
ic_r2,front_end_ai_low_absorption,backlog_retention,0.25,cfg_ic\ic_r2.yaml,task configuration; not behavior identified from IO
ic_r2,front_end_ai_low_absorption,max_backlog_quarters,2.0,cfg_ic\ic_r2.yaml,task configuration; not behavior identified from IO
ic_r2,front_end_ai_low_absorption,edge_health_floor,0.85,cfg_ic\ic_r2.yaml,task configuration; not behavior identified from IO
ic_r2,front_end_ai_low_absorption,data_status,"""2020 IO accounting observed; import uses and behavior parameters are scenarios""",cfg_ic\ic_r2.yaml,task configuration; not behavior identified from IO
ic_r2,front_end_ai_low_absorption,task_id,"""ic_r2""",cfg_ic\ic_r2.yaml,task configuration; not behavior identified from IO
ic_r2,front_end_ai_low_absorption,name,"""AI扩散与承接错配""",cfg_ic\ic_r2.yaml,task configuration; not behavior identified from IO
ic_r2,front_end_ai_low_absorption,research_question,"""AI变化负荷超过下游吸收能力时会否提高边压力？""",cfg_ic\ic_r2.yaml,task configuration; not behavior identified from IO
ic_r2,front_end_ai_low_absorption,metrics[1],"""edge_health_mean""",cfg_ic\ic_r2.yaml,task configuration; not behavior identified from IO
ic_r2,front_end_ai_low_absorption,metrics[2],"""shortage""",cfg_ic\ic_r2.yaml,task configuration; not behavior identified from IO
ic_r2,front_end_ai_low_absorption,metrics[3],"""output""",cfg_ic\ic_r2.yaml,task configuration; not behavior identified from IO
ic_r2,front_end_ai_low_absorption,ai_rate,0.05,cfg_ic\ic_r2.yaml,task configuration; not behavior identified from IO
ic_r2,front_end_ai_low_absorption,ai_productivity,0.3,cfg_ic\ic_r2.yaml,task configuration; not behavior identified from IO
ic_r2,front_end_ai_low_absorption,absorption[1],0.3,cfg_ic\ic_r2.yaml,task configuration; not behavior identified from IO
ic_r2,front_end_ai_low_absorption,absorption[2],0.3,cfg_ic\ic_r2.yaml,task configuration; not behavior identified from IO
ic_r2,front_end_ai_low_absorption,absorption[3],0.3,cfg_ic\ic_r2.yaml,task configuration; not behavior identified from IO
ic_r2,front_end_ai_low_absorption,absorption[4],0.3,cfg_ic\ic_r2.yaml,task configuration; not behavior identified from IO
ic_r2,front_end_ai_low_absorption,absorption[5],0.3,cfg_ic\ic_r2.yaml,task configuration; not behavior identified from IO
ic_r2,front_end_ai_low_absorption,absorption[6],0.3,cfg_ic\ic_r2.yaml,task configuration; not behavior identified from IO
ic_r2,front_end_ai_low_absorption,absorption[7],0.3,cfg_ic\ic_r2.yaml,task configuration; not behavior identified from IO
ic_r2,front_end_ai_low_absorption,absorption[8],0.3,cfg_ic\ic_r2.yaml,task configuration; not behavior identified from IO
ic_r2,front_end_ai_low_absorption,absorption[9],0.3,cfg_ic\ic_r2.yaml,task configuration; not behavior identified from IO
ic_r2,front_end_ai_low_absorption,absorption[10],0.3,cfg_ic\ic_r2.yaml,task configuration; not behavior identified from IO
ic_r2,front_end_ai_low_absorption,absorption[11],0.3,cfg_ic\ic_r2.yaml,task configuration; not behavior identified from IO
ic_r2,front_end_ai_low_absorption,absorption[12],0.3,cfg_ic\ic_r2.yaml,task configuration; not behavior identified from IO
ic_r2,front_end_ai_low_absorption,absorption[13],0.3,cfg_ic\ic_r2.yaml,task configuration; not behavior identified from IO
ic_r2,front_end_ai_low_absorption,source_v1_task_id,"""ic_r2_ai_absorption_mismatch""",cfg_ic\ic_r2.yaml,task configuration; not behavior identified from IO
ic_r2,front_end_ai_low_absorption,theory,"""AI扩散本身不是风险，AI诱发调整负荷超过界面吸收能力时才形成正错配。""",cfg_ic\ic_r2.yaml,task configuration; not behavior identified from IO
ic_r2,front_end_ai_low_absorption,source_v1_outcomes[1],"""avg_edge_pressure""",cfg_ic\ic_r2.yaml,task configuration; not behavior identified from IO
ic_r2,front_end_ai_low_absorption,source_v1_outcomes[2],"""min_edge_health""",cfg_ic\ic_r2.yaml,task configuration; not behavior identified from IO
ic_r2,front_end_ai_low_absorption,source_v1_outcomes[3],"""shortage_ratio""",cfg_ic\ic_r2.yaml,task configuration; not behavior identified from IO
ic_r2,front_end_ai_low_absorption,source_v1_outcomes[4],"""output_loss""",cfg_ic\ic_r2.yaml,task configuration; not behavior identified from IO
ic_r2,front_end_ai_low_absorption,source_v1_outcomes[5],"""resilience_index""",cfg_ic\ic_r2.yaml,task configuration; not behavior identified from IO
ic_r2,front_end_ai_low_absorption,v1_arm_names[1],"""balanced_ai_absorption""",cfg_ic\ic_r2.yaml,task configuration; not behavior identified from IO
ic_r2,front_end_ai_low_absorption,v1_arm_names[2],"""front_end_ai_low_absorption""",cfg_ic\ic_r2.yaml,task configuration; not behavior identified from IO
ic_r2,front_end_ai_low_absorption,v1_arm_names[3],"""mismatch_with_coordination""",cfg_ic\ic_r2.yaml,task configuration; not behavior identified from IO
ic_r2,mismatch_with_coordination,periods,30,cfg_ic\ic_r2.yaml,task configuration; not behavior identified from IO
ic_r2,mismatch_with_coordination,seed,20261001,cfg_ic\ic_r2.yaml,task configuration; not behavior identified from IO
ic_r2,mismatch_with_coordination,import_case,"""proportional""",cfg_ic\ic_r2.yaml,task configuration; not behavior identified from IO
ic_r2,mismatch_with_coordination,budget_share,0.0,cfg_ic\ic_r2.yaml,task configuration; not behavior identified from IO
ic_r2,mismatch_with_coordination,modules[1],"""edge""",cfg_ic\ic_r2.yaml,task configuration; not behavior identified from IO
ic_r2,mismatch_with_coordination,modules[2],"""ai""",cfg_ic\ic_r2.yaml,task configuration; not behavior identified from IO
ic_r2,mismatch_with_coordination,modules[3],"""coordination""",cfg_ic\ic_r2.yaml,task configuration; not behavior identified from IO
ic_r2,mismatch_with_coordination,external_supply_elasticity,1.25,cfg_ic\ic_r2.yaml,task configuration; not behavior identified from IO
ic_r2,mismatch_with_coordination,capacity_lag,4,cfg_ic\ic_r2.yaml,task configuration; not behavior identified from IO
ic_r2,mismatch_with_coordination,time_fit,0.9,cfg_ic\ic_r2.yaml,task configuration; not behavior identified from IO
ic_r2,mismatch_with_coordination,labor_share_of_va,0.8,cfg_ic\ic_r2.yaml,task configuration; not behavior identified from IO
ic_r2,mismatch_with_coordination,backlog_retention,0.25,cfg_ic\ic_r2.yaml,task configuration; not behavior identified from IO
ic_r2,mismatch_with_coordination,max_backlog_quarters,2.0,cfg_ic\ic_r2.yaml,task configuration; not behavior identified from IO
ic_r2,mismatch_with_coordination,edge_health_floor,0.85,cfg_ic\ic_r2.yaml,task configuration; not behavior identified from IO
ic_r2,mismatch_with_coordination,data_status,"""2020 IO accounting observed; import uses and behavior parameters are scenarios""",cfg_ic\ic_r2.yaml,task configuration; not behavior identified from IO
ic_r2,mismatch_with_coordination,task_id,"""ic_r2""",cfg_ic\ic_r2.yaml,task configuration; not behavior identified from IO
ic_r2,mismatch_with_coordination,name,"""AI扩散与承接错配""",cfg_ic\ic_r2.yaml,task configuration; not behavior identified from IO
ic_r2,mismatch_with_coordination,research_question,"""AI变化负荷超过下游吸收能力时会否提高边压力？""",cfg_ic\ic_r2.yaml,task configuration; not behavior identified from IO
ic_r2,mismatch_with_coordination,metrics[1],"""edge_health_mean""",cfg_ic\ic_r2.yaml,task configuration; not behavior identified from IO
ic_r2,mismatch_with_coordination,metrics[2],"""shortage""",cfg_ic\ic_r2.yaml,task configuration; not behavior identified from IO
ic_r2,mismatch_with_coordination,metrics[3],"""output""",cfg_ic\ic_r2.yaml,task configuration; not behavior identified from IO
ic_r2,mismatch_with_coordination,ai_rate,0.05,cfg_ic\ic_r2.yaml,task configuration; not behavior identified from IO
ic_r2,mismatch_with_coordination,ai_productivity,0.3,cfg_ic\ic_r2.yaml,task configuration; not behavior identified from IO
ic_r2,mismatch_with_coordination,absorption[1],0.3,cfg_ic\ic_r2.yaml,task configuration; not behavior identified from IO
ic_r2,mismatch_with_coordination,absorption[2],0.3,cfg_ic\ic_r2.yaml,task configuration; not behavior identified from IO
ic_r2,mismatch_with_coordination,absorption[3],0.3,cfg_ic\ic_r2.yaml,task configuration; not behavior identified from IO
ic_r2,mismatch_with_coordination,absorption[4],0.3,cfg_ic\ic_r2.yaml,task configuration; not behavior identified from IO
ic_r2,mismatch_with_coordination,absorption[5],0.3,cfg_ic\ic_r2.yaml,task configuration; not behavior identified from IO
ic_r2,mismatch_with_coordination,absorption[6],0.3,cfg_ic\ic_r2.yaml,task configuration; not behavior identified from IO
ic_r2,mismatch_with_coordination,absorption[7],0.3,cfg_ic\ic_r2.yaml,task configuration; not behavior identified from IO
ic_r2,mismatch_with_coordination,absorption[8],0.3,cfg_ic\ic_r2.yaml,task configuration; not behavior identified from IO
ic_r2,mismatch_with_coordination,absorption[9],0.3,cfg_ic\ic_r2.yaml,task configuration; not behavior identified from IO
ic_r2,mismatch_with_coordination,absorption[10],0.3,cfg_ic\ic_r2.yaml,task configuration; not behavior identified from IO
ic_r2,mismatch_with_coordination,absorption[11],0.3,cfg_ic\ic_r2.yaml,task configuration; not behavior identified from IO
ic_r2,mismatch_with_coordination,absorption[12],0.3,cfg_ic\ic_r2.yaml,task configuration; not behavior identified from IO
ic_r2,mismatch_with_coordination,absorption[13],0.3,cfg_ic\ic_r2.yaml,task configuration; not behavior identified from IO
ic_r2,mismatch_with_coordination,source_v1_task_id,"""ic_r2_ai_absorption_mismatch""",cfg_ic\ic_r2.yaml,task configuration; not behavior identified from IO
ic_r2,mismatch_with_coordination,theory,"""AI扩散本身不是风险，AI诱发调整负荷超过界面吸收能力时才形成正错配。""",cfg_ic\ic_r2.yaml,task configuration; not behavior identified from IO
ic_r2,mismatch_with_coordination,source_v1_outcomes[1],"""avg_edge_pressure""",cfg_ic\ic_r2.yaml,task configuration; not behavior identified from IO
ic_r2,mismatch_with_coordination,source_v1_outcomes[2],"""min_edge_health""",cfg_ic\ic_r2.yaml,task configuration; not behavior identified from IO
ic_r2,mismatch_with_coordination,source_v1_outcomes[3],"""shortage_ratio""",cfg_ic\ic_r2.yaml,task configuration; not behavior identified from IO
ic_r2,mismatch_with_coordination,source_v1_outcomes[4],"""output_loss""",cfg_ic\ic_r2.yaml,task configuration; not behavior identified from IO
ic_r2,mismatch_with_coordination,source_v1_outcomes[5],"""resilience_index""",cfg_ic\ic_r2.yaml,task configuration; not behavior identified from IO
ic_r2,mismatch_with_coordination,v1_arm_names[1],"""balanced_ai_absorption""",cfg_ic\ic_r2.yaml,task configuration; not behavior identified from IO
ic_r2,mismatch_with_coordination,v1_arm_names[2],"""front_end_ai_low_absorption""",cfg_ic\ic_r2.yaml,task configuration; not behavior identified from IO
ic_r2,mismatch_with_coordination,v1_arm_names[3],"""mismatch_with_coordination""",cfg_ic\ic_r2.yaml,task configuration; not behavior identified from IO
ic_r2,mismatch_with_coordination,coordination_effort,0.4,cfg_ic\ic_r2.yaml,task configuration; not behavior identified from IO
ic_r3,base,periods,30,cfg_ic\ic_r3.yaml,task configuration; not behavior identified from IO
ic_r3,base,seed,20261001,cfg_ic\ic_r3.yaml,task configuration; not behavior identified from IO
ic_r3,base,import_case,"""proportional""",cfg_ic\ic_r3.yaml,task configuration; not behavior identified from IO
ic_r3,base,budget_share,0.0,cfg_ic\ic_r3.yaml,task configuration; not behavior identified from IO
ic_r3,base,modules[1],"""edge""",cfg_ic\ic_r3.yaml,task configuration; not behavior identified from IO
ic_r3,base,modules[2],"""forecast""",cfg_ic\ic_r3.yaml,task configuration; not behavior identified from IO
ic_r3,base,external_supply_elasticity,1.25,cfg_ic\ic_r3.yaml,task configuration; not behavior identified from IO
ic_r3,base,capacity_lag,4,cfg_ic\ic_r3.yaml,task configuration; not behavior identified from IO
ic_r3,base,time_fit,0.9,cfg_ic\ic_r3.yaml,task configuration; not behavior identified from IO
ic_r3,base,labor_share_of_va,0.8,cfg_ic\ic_r3.yaml,task configuration; not behavior identified from IO
ic_r3,base,backlog_retention,0.25,cfg_ic\ic_r3.yaml,task configuration; not behavior identified from IO
ic_r3,base,max_backlog_quarters,2.0,cfg_ic\ic_r3.yaml,task configuration; not behavior identified from IO
ic_r3,base,edge_health_floor,0.85,cfg_ic\ic_r3.yaml,task configuration; not behavior identified from IO
ic_r3,base,data_status,"""2020 IO accounting observed; import uses and behavior parameters are scenarios""",cfg_ic\ic_r3.yaml,task configuration; not behavior identified from IO
ic_r3,base,task_id,"""ic_r3""",cfg_ic\ic_r3.yaml,task configuration; not behavior identified from IO
ic_r3,base,name,"""共同预测误判""",cfg_ic\ic_r3.yaml,task configuration; not behavior identified from IO
ic_r3,base,research_question,"""相关预测误差是否放大订单与短缺波动？""",cfg_ic\ic_r3.yaml,task configuration; not behavior identified from IO
ic_r3,base,metrics[1],"""output""",cfg_ic\ic_r3.yaml,task configuration; not behavior identified from IO
ic_r3,base,metrics[2],"""value_added""",cfg_ic\ic_r3.yaml,task configuration; not behavior identified from IO
ic_r3,base,metrics[3],"""shortage""",cfg_ic\ic_r3.yaml,task configuration; not behavior identified from IO
ic_r3,base,metrics[4],"""welfare""",cfg_ic\ic_r3.yaml,task configuration; not behavior identified from IO
ic_r3,base,forecast_error_sd,0.2,cfg_ic\ic_r3.yaml,task configuration; not behavior identified from IO
ic_r3,base,common_forecast_share,0.95,cfg_ic\ic_r3.yaml,task configuration; not behavior identified from IO
ic_r3,base,source_v1_task_id,"""ic_r3_algorithmic_common_error""",cfg_ic\ic_r3.yaml,task configuration; not behavior identified from IO
ic_r3,base,theory,"""个体预测误差下降与跨主体误差相关性上升之间存在系统层权衡。""",cfg_ic\ic_r3.yaml,task configuration; not behavior identified from IO
ic_r3,base,source_v1_outcomes[1],"""shortage_ratio""",cfg_ic\ic_r3.yaml,task configuration; not behavior identified from IO
ic_r3,base,source_v1_outcomes[2],"""backlog_total""",cfg_ic\ic_r3.yaml,task configuration; not behavior identified from IO
ic_r3,base,source_v1_outcomes[3],"""price_index""",cfg_ic\ic_r3.yaml,task configuration; not behavior identified from IO
ic_r3,base,source_v1_outcomes[4],"""avg_edge_pressure""",cfg_ic\ic_r3.yaml,task configuration; not behavior identified from IO
ic_r3,base,v1_arm_names[1],"""diversified_models""",cfg_ic\ic_r3.yaml,task configuration; not behavior identified from IO
ic_r3,base,v1_arm_names[2],"""moderate_common_model""",cfg_ic\ic_r3.yaml,task configuration; not behavior identified from IO
ic_r3,base,v1_arm_names[3],"""highly_homogeneous_models""",cfg_ic\ic_r3.yaml,task configuration; not behavior identified from IO
ic_r3,independent_errors,periods,30,cfg_ic\ic_r3.yaml,task configuration; not behavior identified from IO
ic_r3,independent_errors,seed,20261001,cfg_ic\ic_r3.yaml,task configuration; not behavior identified from IO
ic_r3,independent_errors,import_case,"""proportional""",cfg_ic\ic_r3.yaml,task configuration; not behavior identified from IO
ic_r3,independent_errors,budget_share,0.0,cfg_ic\ic_r3.yaml,task configuration; not behavior identified from IO
ic_r3,independent_errors,modules[1],"""edge""",cfg_ic\ic_r3.yaml,task configuration; not behavior identified from IO
ic_r3,independent_errors,modules[2],"""forecast""",cfg_ic\ic_r3.yaml,task configuration; not behavior identified from IO
ic_r3,independent_errors,external_supply_elasticity,1.25,cfg_ic\ic_r3.yaml,task configuration; not behavior identified from IO
ic_r3,independent_errors,capacity_lag,4,cfg_ic\ic_r3.yaml,task configuration; not behavior identified from IO
ic_r3,independent_errors,time_fit,0.9,cfg_ic\ic_r3.yaml,task configuration; not behavior identified from IO
ic_r3,independent_errors,labor_share_of_va,0.8,cfg_ic\ic_r3.yaml,task configuration; not behavior identified from IO
ic_r3,independent_errors,backlog_retention,0.25,cfg_ic\ic_r3.yaml,task configuration; not behavior identified from IO
ic_r3,independent_errors,max_backlog_quarters,2.0,cfg_ic\ic_r3.yaml,task configuration; not behavior identified from IO
ic_r3,independent_errors,edge_health_floor,0.85,cfg_ic\ic_r3.yaml,task configuration; not behavior identified from IO
ic_r3,independent_errors,data_status,"""2020 IO accounting observed; import uses and behavior parameters are scenarios""",cfg_ic\ic_r3.yaml,task configuration; not behavior identified from IO
ic_r3,independent_errors,task_id,"""ic_r3""",cfg_ic\ic_r3.yaml,task configuration; not behavior identified from IO
ic_r3,independent_errors,name,"""共同预测误判""",cfg_ic\ic_r3.yaml,task configuration; not behavior identified from IO
ic_r3,independent_errors,research_question,"""相关预测误差是否放大订单与短缺波动？""",cfg_ic\ic_r3.yaml,task configuration; not behavior identified from IO
ic_r3,independent_errors,metrics[1],"""output""",cfg_ic\ic_r3.yaml,task configuration; not behavior identified from IO
ic_r3,independent_errors,metrics[2],"""value_added""",cfg_ic\ic_r3.yaml,task configuration; not behavior identified from IO
ic_r3,independent_errors,metrics[3],"""shortage""",cfg_ic\ic_r3.yaml,task configuration; not behavior identified from IO
ic_r3,independent_errors,metrics[4],"""welfare""",cfg_ic\ic_r3.yaml,task configuration; not behavior identified from IO
ic_r3,independent_errors,forecast_error_sd,0.2,cfg_ic\ic_r3.yaml,task configuration; not behavior identified from IO
ic_r3,independent_errors,common_forecast_share,0.0,cfg_ic\ic_r3.yaml,task configuration; not behavior identified from IO
ic_r3,independent_errors,source_v1_task_id,"""ic_r3_algorithmic_common_error""",cfg_ic\ic_r3.yaml,task configuration; not behavior identified from IO
ic_r3,independent_errors,theory,"""个体预测误差下降与跨主体误差相关性上升之间存在系统层权衡。""",cfg_ic\ic_r3.yaml,task configuration; not behavior identified from IO
ic_r3,independent_errors,source_v1_outcomes[1],"""shortage_ratio""",cfg_ic\ic_r3.yaml,task configuration; not behavior identified from IO
ic_r3,independent_errors,source_v1_outcomes[2],"""backlog_total""",cfg_ic\ic_r3.yaml,task configuration; not behavior identified from IO
ic_r3,independent_errors,source_v1_outcomes[3],"""price_index""",cfg_ic\ic_r3.yaml,task configuration; not behavior identified from IO
ic_r3,independent_errors,source_v1_outcomes[4],"""avg_edge_pressure""",cfg_ic\ic_r3.yaml,task configuration; not behavior identified from IO
ic_r3,independent_errors,v1_arm_names[1],"""diversified_models""",cfg_ic\ic_r3.yaml,task configuration; not behavior identified from IO
ic_r3,independent_errors,v1_arm_names[2],"""moderate_common_model""",cfg_ic\ic_r3.yaml,task configuration; not behavior identified from IO
ic_r3,independent_errors,v1_arm_names[3],"""highly_homogeneous_models""",cfg_ic\ic_r3.yaml,task configuration; not behavior identified from IO
ic_r3,diversified_models,periods,30,cfg_ic\ic_r3.yaml,task configuration; not behavior identified from IO
ic_r3,diversified_models,seed,20261001,cfg_ic\ic_r3.yaml,task configuration; not behavior identified from IO
ic_r3,diversified_models,import_case,"""proportional""",cfg_ic\ic_r3.yaml,task configuration; not behavior identified from IO
ic_r3,diversified_models,budget_share,0.0,cfg_ic\ic_r3.yaml,task configuration; not behavior identified from IO
ic_r3,diversified_models,modules[1],"""edge""",cfg_ic\ic_r3.yaml,task configuration; not behavior identified from IO
ic_r3,diversified_models,modules[2],"""forecast""",cfg_ic\ic_r3.yaml,task configuration; not behavior identified from IO
ic_r3,diversified_models,external_supply_elasticity,1.25,cfg_ic\ic_r3.yaml,task configuration; not behavior identified from IO
ic_r3,diversified_models,capacity_lag,4,cfg_ic\ic_r3.yaml,task configuration; not behavior identified from IO
ic_r3,diversified_models,time_fit,0.9,cfg_ic\ic_r3.yaml,task configuration; not behavior identified from IO
ic_r3,diversified_models,labor_share_of_va,0.8,cfg_ic\ic_r3.yaml,task configuration; not behavior identified from IO
ic_r3,diversified_models,backlog_retention,0.25,cfg_ic\ic_r3.yaml,task configuration; not behavior identified from IO
ic_r3,diversified_models,max_backlog_quarters,2.0,cfg_ic\ic_r3.yaml,task configuration; not behavior identified from IO
ic_r3,diversified_models,edge_health_floor,0.85,cfg_ic\ic_r3.yaml,task configuration; not behavior identified from IO
ic_r3,diversified_models,data_status,"""2020 IO accounting observed; import uses and behavior parameters are scenarios""",cfg_ic\ic_r3.yaml,task configuration; not behavior identified from IO
ic_r3,diversified_models,task_id,"""ic_r3""",cfg_ic\ic_r3.yaml,task configuration; not behavior identified from IO
ic_r3,diversified_models,name,"""共同预测误判""",cfg_ic\ic_r3.yaml,task configuration; not behavior identified from IO
ic_r3,diversified_models,research_question,"""相关预测误差是否放大订单与短缺波动？""",cfg_ic\ic_r3.yaml,task configuration; not behavior identified from IO
ic_r3,diversified_models,metrics[1],"""output""",cfg_ic\ic_r3.yaml,task configuration; not behavior identified from IO
ic_r3,diversified_models,metrics[2],"""value_added""",cfg_ic\ic_r3.yaml,task configuration; not behavior identified from IO
ic_r3,diversified_models,metrics[3],"""shortage""",cfg_ic\ic_r3.yaml,task configuration; not behavior identified from IO
ic_r3,diversified_models,metrics[4],"""welfare""",cfg_ic\ic_r3.yaml,task configuration; not behavior identified from IO
ic_r3,diversified_models,forecast_error_sd,0.2,cfg_ic\ic_r3.yaml,task configuration; not behavior identified from IO
ic_r3,diversified_models,common_forecast_share,0.0,cfg_ic\ic_r3.yaml,task configuration; not behavior identified from IO
ic_r3,diversified_models,source_v1_task_id,"""ic_r3_algorithmic_common_error""",cfg_ic\ic_r3.yaml,task configuration; not behavior identified from IO
ic_r3,diversified_models,theory,"""个体预测误差下降与跨主体误差相关性上升之间存在系统层权衡。""",cfg_ic\ic_r3.yaml,task configuration; not behavior identified from IO
ic_r3,diversified_models,source_v1_outcomes[1],"""shortage_ratio""",cfg_ic\ic_r3.yaml,task configuration; not behavior identified from IO
ic_r3,diversified_models,source_v1_outcomes[2],"""backlog_total""",cfg_ic\ic_r3.yaml,task configuration; not behavior identified from IO
ic_r3,diversified_models,source_v1_outcomes[3],"""price_index""",cfg_ic\ic_r3.yaml,task configuration; not behavior identified from IO
ic_r3,diversified_models,source_v1_outcomes[4],"""avg_edge_pressure""",cfg_ic\ic_r3.yaml,task configuration; not behavior identified from IO
ic_r3,diversified_models,v1_arm_names[1],"""diversified_models""",cfg_ic\ic_r3.yaml,task configuration; not behavior identified from IO
ic_r3,diversified_models,v1_arm_names[2],"""moderate_common_model""",cfg_ic\ic_r3.yaml,task configuration; not behavior identified from IO
ic_r3,diversified_models,v1_arm_names[3],"""highly_homogeneous_models""",cfg_ic\ic_r3.yaml,task configuration; not behavior identified from IO
ic_r3,moderate_common_model,periods,30,cfg_ic\ic_r3.yaml,task configuration; not behavior identified from IO
ic_r3,moderate_common_model,seed,20261001,cfg_ic\ic_r3.yaml,task configuration; not behavior identified from IO
ic_r3,moderate_common_model,import_case,"""proportional""",cfg_ic\ic_r3.yaml,task configuration; not behavior identified from IO
ic_r3,moderate_common_model,budget_share,0.0,cfg_ic\ic_r3.yaml,task configuration; not behavior identified from IO
ic_r3,moderate_common_model,modules[1],"""edge""",cfg_ic\ic_r3.yaml,task configuration; not behavior identified from IO
ic_r3,moderate_common_model,modules[2],"""forecast""",cfg_ic\ic_r3.yaml,task configuration; not behavior identified from IO
ic_r3,moderate_common_model,external_supply_elasticity,1.25,cfg_ic\ic_r3.yaml,task configuration; not behavior identified from IO
ic_r3,moderate_common_model,capacity_lag,4,cfg_ic\ic_r3.yaml,task configuration; not behavior identified from IO
ic_r3,moderate_common_model,time_fit,0.9,cfg_ic\ic_r3.yaml,task configuration; not behavior identified from IO
ic_r3,moderate_common_model,labor_share_of_va,0.8,cfg_ic\ic_r3.yaml,task configuration; not behavior identified from IO
ic_r3,moderate_common_model,backlog_retention,0.25,cfg_ic\ic_r3.yaml,task configuration; not behavior identified from IO
ic_r3,moderate_common_model,max_backlog_quarters,2.0,cfg_ic\ic_r3.yaml,task configuration; not behavior identified from IO
ic_r3,moderate_common_model,edge_health_floor,0.85,cfg_ic\ic_r3.yaml,task configuration; not behavior identified from IO
ic_r3,moderate_common_model,data_status,"""2020 IO accounting observed; import uses and behavior parameters are scenarios""",cfg_ic\ic_r3.yaml,task configuration; not behavior identified from IO
ic_r3,moderate_common_model,task_id,"""ic_r3""",cfg_ic\ic_r3.yaml,task configuration; not behavior identified from IO
ic_r3,moderate_common_model,name,"""共同预测误判""",cfg_ic\ic_r3.yaml,task configuration; not behavior identified from IO
ic_r3,moderate_common_model,research_question,"""相关预测误差是否放大订单与短缺波动？""",cfg_ic\ic_r3.yaml,task configuration; not behavior identified from IO
ic_r3,moderate_common_model,metrics[1],"""output""",cfg_ic\ic_r3.yaml,task configuration; not behavior identified from IO
ic_r3,moderate_common_model,metrics[2],"""value_added""",cfg_ic\ic_r3.yaml,task configuration; not behavior identified from IO
ic_r3,moderate_common_model,metrics[3],"""shortage""",cfg_ic\ic_r3.yaml,task configuration; not behavior identified from IO
ic_r3,moderate_common_model,metrics[4],"""welfare""",cfg_ic\ic_r3.yaml,task configuration; not behavior identified from IO
ic_r3,moderate_common_model,forecast_error_sd,0.2,cfg_ic\ic_r3.yaml,task configuration; not behavior identified from IO
ic_r3,moderate_common_model,common_forecast_share,0.5,cfg_ic\ic_r3.yaml,task configuration; not behavior identified from IO
ic_r3,moderate_common_model,source_v1_task_id,"""ic_r3_algorithmic_common_error""",cfg_ic\ic_r3.yaml,task configuration; not behavior identified from IO
ic_r3,moderate_common_model,theory,"""个体预测误差下降与跨主体误差相关性上升之间存在系统层权衡。""",cfg_ic\ic_r3.yaml,task configuration; not behavior identified from IO
ic_r3,moderate_common_model,source_v1_outcomes[1],"""shortage_ratio""",cfg_ic\ic_r3.yaml,task configuration; not behavior identified from IO
ic_r3,moderate_common_model,source_v1_outcomes[2],"""backlog_total""",cfg_ic\ic_r3.yaml,task configuration; not behavior identified from IO
ic_r3,moderate_common_model,source_v1_outcomes[3],"""price_index""",cfg_ic\ic_r3.yaml,task configuration; not behavior identified from IO
ic_r3,moderate_common_model,source_v1_outcomes[4],"""avg_edge_pressure""",cfg_ic\ic_r3.yaml,task configuration; not behavior identified from IO
ic_r3,moderate_common_model,v1_arm_names[1],"""diversified_models""",cfg_ic\ic_r3.yaml,task configuration; not behavior identified from IO
ic_r3,moderate_common_model,v1_arm_names[2],"""moderate_common_model""",cfg_ic\ic_r3.yaml,task configuration; not behavior identified from IO
ic_r3,moderate_common_model,v1_arm_names[3],"""highly_homogeneous_models""",cfg_ic\ic_r3.yaml,task configuration; not behavior identified from IO
ic_r3,highly_homogeneous_models,periods,30,cfg_ic\ic_r3.yaml,task configuration; not behavior identified from IO
ic_r3,highly_homogeneous_models,seed,20261001,cfg_ic\ic_r3.yaml,task configuration; not behavior identified from IO
ic_r3,highly_homogeneous_models,import_case,"""proportional""",cfg_ic\ic_r3.yaml,task configuration; not behavior identified from IO
ic_r3,highly_homogeneous_models,budget_share,0.0,cfg_ic\ic_r3.yaml,task configuration; not behavior identified from IO
ic_r3,highly_homogeneous_models,modules[1],"""edge""",cfg_ic\ic_r3.yaml,task configuration; not behavior identified from IO
ic_r3,highly_homogeneous_models,modules[2],"""forecast""",cfg_ic\ic_r3.yaml,task configuration; not behavior identified from IO
ic_r3,highly_homogeneous_models,external_supply_elasticity,1.25,cfg_ic\ic_r3.yaml,task configuration; not behavior identified from IO
ic_r3,highly_homogeneous_models,capacity_lag,4,cfg_ic\ic_r3.yaml,task configuration; not behavior identified from IO
ic_r3,highly_homogeneous_models,time_fit,0.9,cfg_ic\ic_r3.yaml,task configuration; not behavior identified from IO
ic_r3,highly_homogeneous_models,labor_share_of_va,0.8,cfg_ic\ic_r3.yaml,task configuration; not behavior identified from IO
ic_r3,highly_homogeneous_models,backlog_retention,0.25,cfg_ic\ic_r3.yaml,task configuration; not behavior identified from IO
ic_r3,highly_homogeneous_models,max_backlog_quarters,2.0,cfg_ic\ic_r3.yaml,task configuration; not behavior identified from IO
ic_r3,highly_homogeneous_models,edge_health_floor,0.85,cfg_ic\ic_r3.yaml,task configuration; not behavior identified from IO
ic_r3,highly_homogeneous_models,data_status,"""2020 IO accounting observed; import uses and behavior parameters are scenarios""",cfg_ic\ic_r3.yaml,task configuration; not behavior identified from IO
ic_r3,highly_homogeneous_models,task_id,"""ic_r3""",cfg_ic\ic_r3.yaml,task configuration; not behavior identified from IO
ic_r3,highly_homogeneous_models,name,"""共同预测误判""",cfg_ic\ic_r3.yaml,task configuration; not behavior identified from IO
ic_r3,highly_homogeneous_models,research_question,"""相关预测误差是否放大订单与短缺波动？""",cfg_ic\ic_r3.yaml,task configuration; not behavior identified from IO
ic_r3,highly_homogeneous_models,metrics[1],"""output""",cfg_ic\ic_r3.yaml,task configuration; not behavior identified from IO
ic_r3,highly_homogeneous_models,metrics[2],"""value_added""",cfg_ic\ic_r3.yaml,task configuration; not behavior identified from IO
ic_r3,highly_homogeneous_models,metrics[3],"""shortage""",cfg_ic\ic_r3.yaml,task configuration; not behavior identified from IO
ic_r3,highly_homogeneous_models,metrics[4],"""welfare""",cfg_ic\ic_r3.yaml,task configuration; not behavior identified from IO
ic_r3,highly_homogeneous_models,forecast_error_sd,0.2,cfg_ic\ic_r3.yaml,task configuration; not behavior identified from IO
ic_r3,highly_homogeneous_models,common_forecast_share,0.95,cfg_ic\ic_r3.yaml,task configuration; not behavior identified from IO
ic_r3,highly_homogeneous_models,source_v1_task_id,"""ic_r3_algorithmic_common_error""",cfg_ic\ic_r3.yaml,task configuration; not behavior identified from IO
ic_r3,highly_homogeneous_models,theory,"""个体预测误差下降与跨主体误差相关性上升之间存在系统层权衡。""",cfg_ic\ic_r3.yaml,task configuration; not behavior identified from IO
ic_r3,highly_homogeneous_models,source_v1_outcomes[1],"""shortage_ratio""",cfg_ic\ic_r3.yaml,task configuration; not behavior identified from IO
ic_r3,highly_homogeneous_models,source_v1_outcomes[2],"""backlog_total""",cfg_ic\ic_r3.yaml,task configuration; not behavior identified from IO
ic_r3,highly_homogeneous_models,source_v1_outcomes[3],"""price_index""",cfg_ic\ic_r3.yaml,task configuration; not behavior identified from IO
ic_r3,highly_homogeneous_models,source_v1_outcomes[4],"""avg_edge_pressure""",cfg_ic\ic_r3.yaml,task configuration; not behavior identified from IO
ic_r3,highly_homogeneous_models,v1_arm_names[1],"""diversified_models""",cfg_ic\ic_r3.yaml,task configuration; not behavior identified from IO
ic_r3,highly_homogeneous_models,v1_arm_names[2],"""moderate_common_model""",cfg_ic\ic_r3.yaml,task configuration; not behavior identified from IO
ic_r3,highly_homogeneous_models,v1_arm_names[3],"""highly_homogeneous_models""",cfg_ic\ic_r3.yaml,task configuration; not behavior identified from IO
ic_r4,base,periods,30,cfg_ic\ic_r4.yaml,task configuration; not behavior identified from IO
ic_r4,base,seed,20261001,cfg_ic\ic_r4.yaml,task configuration; not behavior identified from IO
ic_r4,base,import_case,"""proportional""",cfg_ic\ic_r4.yaml,task configuration; not behavior identified from IO
ic_r4,base,budget_share,0.0,cfg_ic\ic_r4.yaml,task configuration; not behavior identified from IO
ic_r4,base,modules[1],"""edge""",cfg_ic\ic_r4.yaml,task configuration; not behavior identified from IO
ic_r4,base,modules[2],"""supplier_choice""",cfg_ic\ic_r4.yaml,task configuration; not behavior identified from IO
ic_r4,base,modules[3],"""price""",cfg_ic\ic_r4.yaml,task configuration; not behavior identified from IO
ic_r4,base,external_supply_elasticity,1.25,cfg_ic\ic_r4.yaml,task configuration; not behavior identified from IO
ic_r4,base,capacity_lag,4,cfg_ic\ic_r4.yaml,task configuration; not behavior identified from IO
ic_r4,base,time_fit,0.9,cfg_ic\ic_r4.yaml,task configuration; not behavior identified from IO
ic_r4,base,labor_share_of_va,0.8,cfg_ic\ic_r4.yaml,task configuration; not behavior identified from IO
ic_r4,base,backlog_retention,0.25,cfg_ic\ic_r4.yaml,task configuration; not behavior identified from IO
ic_r4,base,max_backlog_quarters,2.0,cfg_ic\ic_r4.yaml,task configuration; not behavior identified from IO
ic_r4,base,edge_health_floor,0.85,cfg_ic\ic_r4.yaml,task configuration; not behavior identified from IO
ic_r4,base,data_status,"""2020 IO accounting observed; import uses and behavior parameters are scenarios""",cfg_ic\ic_r4.yaml,task configuration; not behavior identified from IO
ic_r4,base,task_id,"""ic_r4""",cfg_ic\ic_r4.yaml,task configuration; not behavior identified from IO
ic_r4,base,name,"""算法采购与供给集中""",cfg_ic\ic_r4.yaml,task configuration; not behavior identified from IO
ic_r4,base,research_question,"""提高搜索精度会否使同类供应通道拥堵？""",cfg_ic\ic_r4.yaml,task configuration; not behavior identified from IO
ic_r4,base,metrics[1],"""supplier_hhi""",cfg_ic\ic_r4.yaml,task configuration; not behavior identified from IO
ic_r4,base,metrics[2],"""congestion_loss""",cfg_ic\ic_r4.yaml,task configuration; not behavior identified from IO
ic_r4,base,metrics[3],"""output""",cfg_ic\ic_r4.yaml,task configuration; not behavior identified from IO
ic_r4,base,metrics[4],"""shortage""",cfg_ic\ic_r4.yaml,task configuration; not behavior identified from IO
ic_r4,base,search_precision,12.0,cfg_ic\ic_r4.yaml,task configuration; not behavior identified from IO
ic_r4,base,supplier_channel_capacity,1.05,cfg_ic\ic_r4.yaml,task configuration; not behavior identified from IO
ic_r4,base,source_v1_task_id,"""ic_r4_ai_procurement_reconcentration""",cfg_ic\ic_r4.yaml,task configuration; not behavior identified from IO
ic_r4,base,theory,"""个体最优匹配可能通过算法羊群效应提高供应来源集中和系统脆弱性。""",cfg_ic\ic_r4.yaml,task configuration; not behavior identified from IO
ic_r4,base,source_v1_outcomes[1],"""supplier_hhi""",cfg_ic\ic_r4.yaml,task configuration; not behavior identified from IO
ic_r4,base,source_v1_outcomes[2],"""price_index""",cfg_ic\ic_r4.yaml,task configuration; not behavior identified from IO
ic_r4,base,source_v1_outcomes[3],"""resilience_index""",cfg_ic\ic_r4.yaml,task configuration; not behavior identified from IO
ic_r4,base,source_v1_outcomes[4],"""total_output""",cfg_ic\ic_r4.yaml,task configuration; not behavior identified from IO
ic_r4,base,v1_arm_names[1],"""heterogeneous_procurement""",cfg_ic\ic_r4.yaml,task configuration; not behavior identified from IO
ic_r4,base,v1_arm_names[2],"""moderate_ai_herding""",cfg_ic\ic_r4.yaml,task configuration; not behavior identified from IO
ic_r4,base,v1_arm_names[3],"""strong_ai_herding""",cfg_ic\ic_r4.yaml,task configuration; not behavior identified from IO
ic_r4,low_precision,periods,30,cfg_ic\ic_r4.yaml,task configuration; not behavior identified from IO
ic_r4,low_precision,seed,20261001,cfg_ic\ic_r4.yaml,task configuration; not behavior identified from IO
ic_r4,low_precision,import_case,"""proportional""",cfg_ic\ic_r4.yaml,task configuration; not behavior identified from IO
ic_r4,low_precision,budget_share,0.0,cfg_ic\ic_r4.yaml,task configuration; not behavior identified from IO
ic_r4,low_precision,modules[1],"""edge""",cfg_ic\ic_r4.yaml,task configuration; not behavior identified from IO
ic_r4,low_precision,modules[2],"""supplier_choice""",cfg_ic\ic_r4.yaml,task configuration; not behavior identified from IO
ic_r4,low_precision,modules[3],"""price""",cfg_ic\ic_r4.yaml,task configuration; not behavior identified from IO
ic_r4,low_precision,external_supply_elasticity,1.25,cfg_ic\ic_r4.yaml,task configuration; not behavior identified from IO
ic_r4,low_precision,capacity_lag,4,cfg_ic\ic_r4.yaml,task configuration; not behavior identified from IO
ic_r4,low_precision,time_fit,0.9,cfg_ic\ic_r4.yaml,task configuration; not behavior identified from IO
ic_r4,low_precision,labor_share_of_va,0.8,cfg_ic\ic_r4.yaml,task configuration; not behavior identified from IO
ic_r4,low_precision,backlog_retention,0.25,cfg_ic\ic_r4.yaml,task configuration; not behavior identified from IO
ic_r4,low_precision,max_backlog_quarters,2.0,cfg_ic\ic_r4.yaml,task configuration; not behavior identified from IO
ic_r4,low_precision,edge_health_floor,0.85,cfg_ic\ic_r4.yaml,task configuration; not behavior identified from IO
ic_r4,low_precision,data_status,"""2020 IO accounting observed; import uses and behavior parameters are scenarios""",cfg_ic\ic_r4.yaml,task configuration; not behavior identified from IO
ic_r4,low_precision,task_id,"""ic_r4""",cfg_ic\ic_r4.yaml,task configuration; not behavior identified from IO
ic_r4,low_precision,name,"""算法采购与供给集中""",cfg_ic\ic_r4.yaml,task configuration; not behavior identified from IO
ic_r4,low_precision,research_question,"""提高搜索精度会否使同类供应通道拥堵？""",cfg_ic\ic_r4.yaml,task configuration; not behavior identified from IO
ic_r4,low_precision,metrics[1],"""supplier_hhi""",cfg_ic\ic_r4.yaml,task configuration; not behavior identified from IO
ic_r4,low_precision,metrics[2],"""congestion_loss""",cfg_ic\ic_r4.yaml,task configuration; not behavior identified from IO
ic_r4,low_precision,metrics[3],"""output""",cfg_ic\ic_r4.yaml,task configuration; not behavior identified from IO
ic_r4,low_precision,metrics[4],"""shortage""",cfg_ic\ic_r4.yaml,task configuration; not behavior identified from IO
ic_r4,low_precision,search_precision,0.0,cfg_ic\ic_r4.yaml,task configuration; not behavior identified from IO
ic_r4,low_precision,supplier_channel_capacity,1.05,cfg_ic\ic_r4.yaml,task configuration; not behavior identified from IO
ic_r4,low_precision,source_v1_task_id,"""ic_r4_ai_procurement_reconcentration""",cfg_ic\ic_r4.yaml,task configuration; not behavior identified from IO
ic_r4,low_precision,theory,"""个体最优匹配可能通过算法羊群效应提高供应来源集中和系统脆弱性。""",cfg_ic\ic_r4.yaml,task configuration; not behavior identified from IO
ic_r4,low_precision,source_v1_outcomes[1],"""supplier_hhi""",cfg_ic\ic_r4.yaml,task configuration; not behavior identified from IO
ic_r4,low_precision,source_v1_outcomes[2],"""price_index""",cfg_ic\ic_r4.yaml,task configuration; not behavior identified from IO
ic_r4,low_precision,source_v1_outcomes[3],"""resilience_index""",cfg_ic\ic_r4.yaml,task configuration; not behavior identified from IO
ic_r4,low_precision,source_v1_outcomes[4],"""total_output""",cfg_ic\ic_r4.yaml,task configuration; not behavior identified from IO
ic_r4,low_precision,v1_arm_names[1],"""heterogeneous_procurement""",cfg_ic\ic_r4.yaml,task configuration; not behavior identified from IO
ic_r4,low_precision,v1_arm_names[2],"""moderate_ai_herding""",cfg_ic\ic_r4.yaml,task configuration; not behavior identified from IO
ic_r4,low_precision,v1_arm_names[3],"""strong_ai_herding""",cfg_ic\ic_r4.yaml,task configuration; not behavior identified from IO
ic_r4,heterogeneous_procurement,periods,30,cfg_ic\ic_r4.yaml,task configuration; not behavior identified from IO
ic_r4,heterogeneous_procurement,seed,20261001,cfg_ic\ic_r4.yaml,task configuration; not behavior identified from IO
ic_r4,heterogeneous_procurement,import_case,"""proportional""",cfg_ic\ic_r4.yaml,task configuration; not behavior identified from IO
ic_r4,heterogeneous_procurement,budget_share,0.0,cfg_ic\ic_r4.yaml,task configuration; not behavior identified from IO
ic_r4,heterogeneous_procurement,modules[1],"""edge""",cfg_ic\ic_r4.yaml,task configuration; not behavior identified from IO
ic_r4,heterogeneous_procurement,modules[2],"""supplier_choice""",cfg_ic\ic_r4.yaml,task configuration; not behavior identified from IO
ic_r4,heterogeneous_procurement,modules[3],"""price""",cfg_ic\ic_r4.yaml,task configuration; not behavior identified from IO
ic_r4,heterogeneous_procurement,external_supply_elasticity,1.25,cfg_ic\ic_r4.yaml,task configuration; not behavior identified from IO
ic_r4,heterogeneous_procurement,capacity_lag,4,cfg_ic\ic_r4.yaml,task configuration; not behavior identified from IO
ic_r4,heterogeneous_procurement,time_fit,0.9,cfg_ic\ic_r4.yaml,task configuration; not behavior identified from IO
ic_r4,heterogeneous_procurement,labor_share_of_va,0.8,cfg_ic\ic_r4.yaml,task configuration; not behavior identified from IO
ic_r4,heterogeneous_procurement,backlog_retention,0.25,cfg_ic\ic_r4.yaml,task configuration; not behavior identified from IO
ic_r4,heterogeneous_procurement,max_backlog_quarters,2.0,cfg_ic\ic_r4.yaml,task configuration; not behavior identified from IO
ic_r4,heterogeneous_procurement,edge_health_floor,0.85,cfg_ic\ic_r4.yaml,task configuration; not behavior identified from IO
ic_r4,heterogeneous_procurement,data_status,"""2020 IO accounting observed; import uses and behavior parameters are scenarios""",cfg_ic\ic_r4.yaml,task configuration; not behavior identified from IO
ic_r4,heterogeneous_procurement,task_id,"""ic_r4""",cfg_ic\ic_r4.yaml,task configuration; not behavior identified from IO
ic_r4,heterogeneous_procurement,name,"""算法采购与供给集中""",cfg_ic\ic_r4.yaml,task configuration; not behavior identified from IO
ic_r4,heterogeneous_procurement,research_question,"""提高搜索精度会否使同类供应通道拥堵？""",cfg_ic\ic_r4.yaml,task configuration; not behavior identified from IO
ic_r4,heterogeneous_procurement,metrics[1],"""supplier_hhi""",cfg_ic\ic_r4.yaml,task configuration; not behavior identified from IO
ic_r4,heterogeneous_procurement,metrics[2],"""congestion_loss""",cfg_ic\ic_r4.yaml,task configuration; not behavior identified from IO
ic_r4,heterogeneous_procurement,metrics[3],"""output""",cfg_ic\ic_r4.yaml,task configuration; not behavior identified from IO
ic_r4,heterogeneous_procurement,metrics[4],"""shortage""",cfg_ic\ic_r4.yaml,task configuration; not behavior identified from IO
ic_r4,heterogeneous_procurement,search_precision,0.0,cfg_ic\ic_r4.yaml,task configuration; not behavior identified from IO
ic_r4,heterogeneous_procurement,supplier_channel_capacity,1.05,cfg_ic\ic_r4.yaml,task configuration; not behavior identified from IO
ic_r4,heterogeneous_procurement,source_v1_task_id,"""ic_r4_ai_procurement_reconcentration""",cfg_ic\ic_r4.yaml,task configuration; not behavior identified from IO
ic_r4,heterogeneous_procurement,theory,"""个体最优匹配可能通过算法羊群效应提高供应来源集中和系统脆弱性。""",cfg_ic\ic_r4.yaml,task configuration; not behavior identified from IO
ic_r4,heterogeneous_procurement,source_v1_outcomes[1],"""supplier_hhi""",cfg_ic\ic_r4.yaml,task configuration; not behavior identified from IO
ic_r4,heterogeneous_procurement,source_v1_outcomes[2],"""price_index""",cfg_ic\ic_r4.yaml,task configuration; not behavior identified from IO
ic_r4,heterogeneous_procurement,source_v1_outcomes[3],"""resilience_index""",cfg_ic\ic_r4.yaml,task configuration; not behavior identified from IO
ic_r4,heterogeneous_procurement,source_v1_outcomes[4],"""total_output""",cfg_ic\ic_r4.yaml,task configuration; not behavior identified from IO
ic_r4,heterogeneous_procurement,v1_arm_names[1],"""heterogeneous_procurement""",cfg_ic\ic_r4.yaml,task configuration; not behavior identified from IO
ic_r4,heterogeneous_procurement,v1_arm_names[2],"""moderate_ai_herding""",cfg_ic\ic_r4.yaml,task configuration; not behavior identified from IO
ic_r4,heterogeneous_procurement,v1_arm_names[3],"""strong_ai_herding""",cfg_ic\ic_r4.yaml,task configuration; not behavior identified from IO
ic_r4,moderate_ai_herding,periods,30,cfg_ic\ic_r4.yaml,task configuration; not behavior identified from IO
ic_r4,moderate_ai_herding,seed,20261001,cfg_ic\ic_r4.yaml,task configuration; not behavior identified from IO
ic_r4,moderate_ai_herding,import_case,"""proportional""",cfg_ic\ic_r4.yaml,task configuration; not behavior identified from IO
ic_r4,moderate_ai_herding,budget_share,0.0,cfg_ic\ic_r4.yaml,task configuration; not behavior identified from IO
ic_r4,moderate_ai_herding,modules[1],"""edge""",cfg_ic\ic_r4.yaml,task configuration; not behavior identified from IO
ic_r4,moderate_ai_herding,modules[2],"""supplier_choice""",cfg_ic\ic_r4.yaml,task configuration; not behavior identified from IO
ic_r4,moderate_ai_herding,modules[3],"""price""",cfg_ic\ic_r4.yaml,task configuration; not behavior identified from IO
ic_r4,moderate_ai_herding,external_supply_elasticity,1.25,cfg_ic\ic_r4.yaml,task configuration; not behavior identified from IO
ic_r4,moderate_ai_herding,capacity_lag,4,cfg_ic\ic_r4.yaml,task configuration; not behavior identified from IO
ic_r4,moderate_ai_herding,time_fit,0.9,cfg_ic\ic_r4.yaml,task configuration; not behavior identified from IO
ic_r4,moderate_ai_herding,labor_share_of_va,0.8,cfg_ic\ic_r4.yaml,task configuration; not behavior identified from IO
ic_r4,moderate_ai_herding,backlog_retention,0.25,cfg_ic\ic_r4.yaml,task configuration; not behavior identified from IO
ic_r4,moderate_ai_herding,max_backlog_quarters,2.0,cfg_ic\ic_r4.yaml,task configuration; not behavior identified from IO
ic_r4,moderate_ai_herding,edge_health_floor,0.85,cfg_ic\ic_r4.yaml,task configuration; not behavior identified from IO
ic_r4,moderate_ai_herding,data_status,"""2020 IO accounting observed; import uses and behavior parameters are scenarios""",cfg_ic\ic_r4.yaml,task configuration; not behavior identified from IO
ic_r4,moderate_ai_herding,task_id,"""ic_r4""",cfg_ic\ic_r4.yaml,task configuration; not behavior identified from IO
ic_r4,moderate_ai_herding,name,"""算法采购与供给集中""",cfg_ic\ic_r4.yaml,task configuration; not behavior identified from IO
ic_r4,moderate_ai_herding,research_question,"""提高搜索精度会否使同类供应通道拥堵？""",cfg_ic\ic_r4.yaml,task configuration; not behavior identified from IO
ic_r4,moderate_ai_herding,metrics[1],"""supplier_hhi""",cfg_ic\ic_r4.yaml,task configuration; not behavior identified from IO
ic_r4,moderate_ai_herding,metrics[2],"""congestion_loss""",cfg_ic\ic_r4.yaml,task configuration; not behavior identified from IO
ic_r4,moderate_ai_herding,metrics[3],"""output""",cfg_ic\ic_r4.yaml,task configuration; not behavior identified from IO
ic_r4,moderate_ai_herding,metrics[4],"""shortage""",cfg_ic\ic_r4.yaml,task configuration; not behavior identified from IO
ic_r4,moderate_ai_herding,search_precision,5.0,cfg_ic\ic_r4.yaml,task configuration; not behavior identified from IO
ic_r4,moderate_ai_herding,supplier_channel_capacity,1.05,cfg_ic\ic_r4.yaml,task configuration; not behavior identified from IO
ic_r4,moderate_ai_herding,source_v1_task_id,"""ic_r4_ai_procurement_reconcentration""",cfg_ic\ic_r4.yaml,task configuration; not behavior identified from IO
ic_r4,moderate_ai_herding,theory,"""个体最优匹配可能通过算法羊群效应提高供应来源集中和系统脆弱性。""",cfg_ic\ic_r4.yaml,task configuration; not behavior identified from IO
ic_r4,moderate_ai_herding,source_v1_outcomes[1],"""supplier_hhi""",cfg_ic\ic_r4.yaml,task configuration; not behavior identified from IO
ic_r4,moderate_ai_herding,source_v1_outcomes[2],"""price_index""",cfg_ic\ic_r4.yaml,task configuration; not behavior identified from IO
ic_r4,moderate_ai_herding,source_v1_outcomes[3],"""resilience_index""",cfg_ic\ic_r4.yaml,task configuration; not behavior identified from IO
ic_r4,moderate_ai_herding,source_v1_outcomes[4],"""total_output""",cfg_ic\ic_r4.yaml,task configuration; not behavior identified from IO
ic_r4,moderate_ai_herding,v1_arm_names[1],"""heterogeneous_procurement""",cfg_ic\ic_r4.yaml,task configuration; not behavior identified from IO
ic_r4,moderate_ai_herding,v1_arm_names[2],"""moderate_ai_herding""",cfg_ic\ic_r4.yaml,task configuration; not behavior identified from IO
ic_r4,moderate_ai_herding,v1_arm_names[3],"""strong_ai_herding""",cfg_ic\ic_r4.yaml,task configuration; not behavior identified from IO
ic_r4,strong_ai_herding,periods,30,cfg_ic\ic_r4.yaml,task configuration; not behavior identified from IO
ic_r4,strong_ai_herding,seed,20261001,cfg_ic\ic_r4.yaml,task configuration; not behavior identified from IO
ic_r4,strong_ai_herding,import_case,"""proportional""",cfg_ic\ic_r4.yaml,task configuration; not behavior identified from IO
ic_r4,strong_ai_herding,budget_share,0.0,cfg_ic\ic_r4.yaml,task configuration; not behavior identified from IO
ic_r4,strong_ai_herding,modules[1],"""edge""",cfg_ic\ic_r4.yaml,task configuration; not behavior identified from IO
ic_r4,strong_ai_herding,modules[2],"""supplier_choice""",cfg_ic\ic_r4.yaml,task configuration; not behavior identified from IO
ic_r4,strong_ai_herding,modules[3],"""price""",cfg_ic\ic_r4.yaml,task configuration; not behavior identified from IO
ic_r4,strong_ai_herding,external_supply_elasticity,1.25,cfg_ic\ic_r4.yaml,task configuration; not behavior identified from IO
ic_r4,strong_ai_herding,capacity_lag,4,cfg_ic\ic_r4.yaml,task configuration; not behavior identified from IO
ic_r4,strong_ai_herding,time_fit,0.9,cfg_ic\ic_r4.yaml,task configuration; not behavior identified from IO
ic_r4,strong_ai_herding,labor_share_of_va,0.8,cfg_ic\ic_r4.yaml,task configuration; not behavior identified from IO
ic_r4,strong_ai_herding,backlog_retention,0.25,cfg_ic\ic_r4.yaml,task configuration; not behavior identified from IO
ic_r4,strong_ai_herding,max_backlog_quarters,2.0,cfg_ic\ic_r4.yaml,task configuration; not behavior identified from IO
ic_r4,strong_ai_herding,edge_health_floor,0.85,cfg_ic\ic_r4.yaml,task configuration; not behavior identified from IO
ic_r4,strong_ai_herding,data_status,"""2020 IO accounting observed; import uses and behavior parameters are scenarios""",cfg_ic\ic_r4.yaml,task configuration; not behavior identified from IO
ic_r4,strong_ai_herding,task_id,"""ic_r4""",cfg_ic\ic_r4.yaml,task configuration; not behavior identified from IO
ic_r4,strong_ai_herding,name,"""算法采购与供给集中""",cfg_ic\ic_r4.yaml,task configuration; not behavior identified from IO
ic_r4,strong_ai_herding,research_question,"""提高搜索精度会否使同类供应通道拥堵？""",cfg_ic\ic_r4.yaml,task configuration; not behavior identified from IO
ic_r4,strong_ai_herding,metrics[1],"""supplier_hhi""",cfg_ic\ic_r4.yaml,task configuration; not behavior identified from IO
ic_r4,strong_ai_herding,metrics[2],"""congestion_loss""",cfg_ic\ic_r4.yaml,task configuration; not behavior identified from IO
ic_r4,strong_ai_herding,metrics[3],"""output""",cfg_ic\ic_r4.yaml,task configuration; not behavior identified from IO
ic_r4,strong_ai_herding,metrics[4],"""shortage""",cfg_ic\ic_r4.yaml,task configuration; not behavior identified from IO
ic_r4,strong_ai_herding,search_precision,12.0,cfg_ic\ic_r4.yaml,task configuration; not behavior identified from IO
ic_r4,strong_ai_herding,supplier_channel_capacity,1.05,cfg_ic\ic_r4.yaml,task configuration; not behavior identified from IO
ic_r4,strong_ai_herding,source_v1_task_id,"""ic_r4_ai_procurement_reconcentration""",cfg_ic\ic_r4.yaml,task configuration; not behavior identified from IO
ic_r4,strong_ai_herding,theory,"""个体最优匹配可能通过算法羊群效应提高供应来源集中和系统脆弱性。""",cfg_ic\ic_r4.yaml,task configuration; not behavior identified from IO
ic_r4,strong_ai_herding,source_v1_outcomes[1],"""supplier_hhi""",cfg_ic\ic_r4.yaml,task configuration; not behavior identified from IO
ic_r4,strong_ai_herding,source_v1_outcomes[2],"""price_index""",cfg_ic\ic_r4.yaml,task configuration; not behavior identified from IO
ic_r4,strong_ai_herding,source_v1_outcomes[3],"""resilience_index""",cfg_ic\ic_r4.yaml,task configuration; not behavior identified from IO
ic_r4,strong_ai_herding,source_v1_outcomes[4],"""total_output""",cfg_ic\ic_r4.yaml,task configuration; not behavior identified from IO
ic_r4,strong_ai_herding,v1_arm_names[1],"""heterogeneous_procurement""",cfg_ic\ic_r4.yaml,task configuration; not behavior identified from IO
ic_r4,strong_ai_herding,v1_arm_names[2],"""moderate_ai_herding""",cfg_ic\ic_r4.yaml,task configuration; not behavior identified from IO
ic_r4,strong_ai_herding,v1_arm_names[3],"""strong_ai_herding""",cfg_ic\ic_r4.yaml,task configuration; not behavior identified from IO
ic_r5,base,periods,30,cfg_ic\ic_r5.yaml,task configuration; not behavior identified from IO
ic_r5,base,seed,20261001,cfg_ic\ic_r5.yaml,task configuration; not behavior identified from IO
ic_r5,base,import_case,"""proportional""",cfg_ic\ic_r5.yaml,task configuration; not behavior identified from IO
ic_r5,base,budget_share,0.0,cfg_ic\ic_r5.yaml,task configuration; not behavior identified from IO
ic_r5,base,modules[1],"""edge""",cfg_ic\ic_r5.yaml,task configuration; not behavior identified from IO
ic_r5,base,modules[2],"""supplier_choice""",cfg_ic\ic_r5.yaml,task configuration; not behavior identified from IO
ic_r5,base,modules[3],"""price""",cfg_ic\ic_r5.yaml,task configuration; not behavior identified from IO
ic_r5,base,modules[4],"""market_power""",cfg_ic\ic_r5.yaml,task configuration; not behavior identified from IO
ic_r5,base,modules[5],"""ai""",cfg_ic\ic_r5.yaml,task configuration; not behavior identified from IO
ic_r5,base,external_supply_elasticity,1.25,cfg_ic\ic_r5.yaml,task configuration; not behavior identified from IO
ic_r5,base,capacity_lag,4,cfg_ic\ic_r5.yaml,task configuration; not behavior identified from IO
ic_r5,base,time_fit,0.9,cfg_ic\ic_r5.yaml,task configuration; not behavior identified from IO
ic_r5,base,labor_share_of_va,0.8,cfg_ic\ic_r5.yaml,task configuration; not behavior identified from IO
ic_r5,base,backlog_retention,0.25,cfg_ic\ic_r5.yaml,task configuration; not behavior identified from IO
ic_r5,base,max_backlog_quarters,2.0,cfg_ic\ic_r5.yaml,task configuration; not behavior identified from IO
ic_r5,base,edge_health_floor,0.85,cfg_ic\ic_r5.yaml,task configuration; not behavior identified from IO
ic_r5,base,data_status,"""2020 IO accounting observed; import uses and behavior parameters are scenarios""",cfg_ic\ic_r5.yaml,task configuration; not behavior identified from IO
ic_r5,base,task_id,"""ic_r5""",cfg_ic\ic_r5.yaml,task configuration; not behavior identified from IO
ic_r5,base,name,"""AI异质性与市场势力""",cfg_ic\ic_r5.yaml,task configuration; not behavior identified from IO
ic_r5,base,research_question,"""效率差异和采购集中如何共同影响加价与产出？""",cfg_ic\ic_r5.yaml,task configuration; not behavior identified from IO
ic_r5,base,metrics[1],"""supplier_hhi""",cfg_ic\ic_r5.yaml,task configuration; not behavior identified from IO
ic_r5,base,metrics[2],"""price_index""",cfg_ic\ic_r5.yaml,task configuration; not behavior identified from IO
ic_r5,base,metrics[3],"""value_added""",cfg_ic\ic_r5.yaml,task configuration; not behavior identified from IO
ic_r5,base,metrics[4],"""output""",cfg_ic\ic_r5.yaml,task configuration; not behavior identified from IO
ic_r5,base,search_precision,10.0,cfg_ic\ic_r5.yaml,task configuration; not behavior identified from IO
ic_r5,base,hhi_markup,0.08,cfg_ic\ic_r5.yaml,task configuration; not behavior identified from IO
ic_r5,base,ai_rate,0.03,cfg_ic\ic_r5.yaml,task configuration; not behavior identified from IO
ic_r5,base,source_v1_task_id,"""ic_r5_ai_productivity_concentration""",cfg_ic\ic_r5.yaml,task configuration; not behavior identified from IO
ic_r5,base,theory,"""AI导致的成本异质性通过利润、投资和价格反馈改变产出与价值集中度。""",cfg_ic\ic_r5.yaml,task configuration; not behavior identified from IO
ic_r5,base,source_v1_outcomes[1],"""output_hhi""",cfg_ic\ic_r5.yaml,task configuration; not behavior identified from IO
ic_r5,base,source_v1_outcomes[2],"""profit_hhi""",cfg_ic\ic_r5.yaml,task configuration; not behavior identified from IO
ic_r5,base,source_v1_outcomes[3],"""value_added_hhi""",cfg_ic\ic_r5.yaml,task configuration; not behavior identified from IO
ic_r5,base,source_v1_outcomes[4],"""total_profit""",cfg_ic\ic_r5.yaml,task configuration; not behavior identified from IO
ic_r5,base,source_v1_outcomes[5],"""total_value_added""",cfg_ic\ic_r5.yaml,task configuration; not behavior identified from IO
ic_r5,base,v1_arm_names[1],"""balanced_ai""",cfg_ic\ic_r5.yaml,task configuration; not behavior identified from IO
ic_r5,base,v1_arm_names[2],"""core_sector_ai_advantage""",cfg_ic\ic_r5.yaml,task configuration; not behavior identified from IO
ic_r5,base,v1_arm_names[3],"""core_advantage_high_markup""",cfg_ic\ic_r5.yaml,task configuration; not behavior identified from IO
ic_r5,no_market_power,periods,30,cfg_ic\ic_r5.yaml,task configuration; not behavior identified from IO
ic_r5,no_market_power,seed,20261001,cfg_ic\ic_r5.yaml,task configuration; not behavior identified from IO
ic_r5,no_market_power,import_case,"""proportional""",cfg_ic\ic_r5.yaml,task configuration; not behavior identified from IO
ic_r5,no_market_power,budget_share,0.0,cfg_ic\ic_r5.yaml,task configuration; not behavior identified from IO
ic_r5,no_market_power,modules[1],"""edge""",cfg_ic\ic_r5.yaml,task configuration; not behavior identified from IO
ic_r5,no_market_power,modules[2],"""supplier_choice""",cfg_ic\ic_r5.yaml,task configuration; not behavior identified from IO
ic_r5,no_market_power,modules[3],"""price""",cfg_ic\ic_r5.yaml,task configuration; not behavior identified from IO
ic_r5,no_market_power,modules[4],"""ai""",cfg_ic\ic_r5.yaml,task configuration; not behavior identified from IO
ic_r5,no_market_power,external_supply_elasticity,1.25,cfg_ic\ic_r5.yaml,task configuration; not behavior identified from IO
ic_r5,no_market_power,capacity_lag,4,cfg_ic\ic_r5.yaml,task configuration; not behavior identified from IO
ic_r5,no_market_power,time_fit,0.9,cfg_ic\ic_r5.yaml,task configuration; not behavior identified from IO
ic_r5,no_market_power,labor_share_of_va,0.8,cfg_ic\ic_r5.yaml,task configuration; not behavior identified from IO
ic_r5,no_market_power,backlog_retention,0.25,cfg_ic\ic_r5.yaml,task configuration; not behavior identified from IO
ic_r5,no_market_power,max_backlog_quarters,2.0,cfg_ic\ic_r5.yaml,task configuration; not behavior identified from IO
ic_r5,no_market_power,edge_health_floor,0.85,cfg_ic\ic_r5.yaml,task configuration; not behavior identified from IO
ic_r5,no_market_power,data_status,"""2020 IO accounting observed; import uses and behavior parameters are scenarios""",cfg_ic\ic_r5.yaml,task configuration; not behavior identified from IO
ic_r5,no_market_power,task_id,"""ic_r5""",cfg_ic\ic_r5.yaml,task configuration; not behavior identified from IO
ic_r5,no_market_power,name,"""AI异质性与市场势力""",cfg_ic\ic_r5.yaml,task configuration; not behavior identified from IO
ic_r5,no_market_power,research_question,"""效率差异和采购集中如何共同影响加价与产出？""",cfg_ic\ic_r5.yaml,task configuration; not behavior identified from IO
ic_r5,no_market_power,metrics[1],"""supplier_hhi""",cfg_ic\ic_r5.yaml,task configuration; not behavior identified from IO
ic_r5,no_market_power,metrics[2],"""price_index""",cfg_ic\ic_r5.yaml,task configuration; not behavior identified from IO
ic_r5,no_market_power,metrics[3],"""value_added""",cfg_ic\ic_r5.yaml,task configuration; not behavior identified from IO
ic_r5,no_market_power,metrics[4],"""output""",cfg_ic\ic_r5.yaml,task configuration; not behavior identified from IO
ic_r5,no_market_power,search_precision,10.0,cfg_ic\ic_r5.yaml,task configuration; not behavior identified from IO
ic_r5,no_market_power,hhi_markup,0.0,cfg_ic\ic_r5.yaml,task configuration; not behavior identified from IO
ic_r5,no_market_power,ai_rate,0.03,cfg_ic\ic_r5.yaml,task configuration; not behavior identified from IO
ic_r5,no_market_power,source_v1_task_id,"""ic_r5_ai_productivity_concentration""",cfg_ic\ic_r5.yaml,task configuration; not behavior identified from IO
ic_r5,no_market_power,theory,"""AI导致的成本异质性通过利润、投资和价格反馈改变产出与价值集中度。""",cfg_ic\ic_r5.yaml,task configuration; not behavior identified from IO
ic_r5,no_market_power,source_v1_outcomes[1],"""output_hhi""",cfg_ic\ic_r5.yaml,task configuration; not behavior identified from IO
ic_r5,no_market_power,source_v1_outcomes[2],"""profit_hhi""",cfg_ic\ic_r5.yaml,task configuration; not behavior identified from IO
ic_r5,no_market_power,source_v1_outcomes[3],"""value_added_hhi""",cfg_ic\ic_r5.yaml,task configuration; not behavior identified from IO
ic_r5,no_market_power,source_v1_outcomes[4],"""total_profit""",cfg_ic\ic_r5.yaml,task configuration; not behavior identified from IO
ic_r5,no_market_power,source_v1_outcomes[5],"""total_value_added""",cfg_ic\ic_r5.yaml,task configuration; not behavior identified from IO
ic_r5,no_market_power,v1_arm_names[1],"""balanced_ai""",cfg_ic\ic_r5.yaml,task configuration; not behavior identified from IO
ic_r5,no_market_power,v1_arm_names[2],"""core_sector_ai_advantage""",cfg_ic\ic_r5.yaml,task configuration; not behavior identified from IO
ic_r5,no_market_power,v1_arm_names[3],"""core_advantage_high_markup""",cfg_ic\ic_r5.yaml,task configuration; not behavior identified from IO
ic_r5,balanced_ai,periods,30,cfg_ic\ic_r5.yaml,task configuration; not behavior identified from IO
ic_r5,balanced_ai,seed,20261001,cfg_ic\ic_r5.yaml,task configuration; not behavior identified from IO
ic_r5,balanced_ai,import_case,"""proportional""",cfg_ic\ic_r5.yaml,task configuration; not behavior identified from IO
ic_r5,balanced_ai,budget_share,0.0,cfg_ic\ic_r5.yaml,task configuration; not behavior identified from IO
ic_r5,balanced_ai,modules[1],"""edge""",cfg_ic\ic_r5.yaml,task configuration; not behavior identified from IO
ic_r5,balanced_ai,modules[2],"""supplier_choice""",cfg_ic\ic_r5.yaml,task configuration; not behavior identified from IO
ic_r5,balanced_ai,modules[3],"""price""",cfg_ic\ic_r5.yaml,task configuration; not behavior identified from IO
ic_r5,balanced_ai,modules[4],"""ai""",cfg_ic\ic_r5.yaml,task configuration; not behavior identified from IO
ic_r5,balanced_ai,external_supply_elasticity,1.25,cfg_ic\ic_r5.yaml,task configuration; not behavior identified from IO
ic_r5,balanced_ai,capacity_lag,4,cfg_ic\ic_r5.yaml,task configuration; not behavior identified from IO
ic_r5,balanced_ai,time_fit,0.9,cfg_ic\ic_r5.yaml,task configuration; not behavior identified from IO
ic_r5,balanced_ai,labor_share_of_va,0.8,cfg_ic\ic_r5.yaml,task configuration; not behavior identified from IO
ic_r5,balanced_ai,backlog_retention,0.25,cfg_ic\ic_r5.yaml,task configuration; not behavior identified from IO
ic_r5,balanced_ai,max_backlog_quarters,2.0,cfg_ic\ic_r5.yaml,task configuration; not behavior identified from IO
ic_r5,balanced_ai,edge_health_floor,0.85,cfg_ic\ic_r5.yaml,task configuration; not behavior identified from IO
ic_r5,balanced_ai,data_status,"""2020 IO accounting observed; import uses and behavior parameters are scenarios""",cfg_ic\ic_r5.yaml,task configuration; not behavior identified from IO
ic_r5,balanced_ai,task_id,"""ic_r5""",cfg_ic\ic_r5.yaml,task configuration; not behavior identified from IO
ic_r5,balanced_ai,name,"""AI异质性与市场势力""",cfg_ic\ic_r5.yaml,task configuration; not behavior identified from IO
ic_r5,balanced_ai,research_question,"""效率差异和采购集中如何共同影响加价与产出？""",cfg_ic\ic_r5.yaml,task configuration; not behavior identified from IO
ic_r5,balanced_ai,metrics[1],"""supplier_hhi""",cfg_ic\ic_r5.yaml,task configuration; not behavior identified from IO
ic_r5,balanced_ai,metrics[2],"""price_index""",cfg_ic\ic_r5.yaml,task configuration; not behavior identified from IO
ic_r5,balanced_ai,metrics[3],"""value_added""",cfg_ic\ic_r5.yaml,task configuration; not behavior identified from IO
ic_r5,balanced_ai,metrics[4],"""output""",cfg_ic\ic_r5.yaml,task configuration; not behavior identified from IO
ic_r5,balanced_ai,search_precision,1.0,cfg_ic\ic_r5.yaml,task configuration; not behavior identified from IO
ic_r5,balanced_ai,hhi_markup,0.0,cfg_ic\ic_r5.yaml,task configuration; not behavior identified from IO
ic_r5,balanced_ai,ai_rate,0.03,cfg_ic\ic_r5.yaml,task configuration; not behavior identified from IO
ic_r5,balanced_ai,source_v1_task_id,"""ic_r5_ai_productivity_concentration""",cfg_ic\ic_r5.yaml,task configuration; not behavior identified from IO
ic_r5,balanced_ai,theory,"""AI导致的成本异质性通过利润、投资和价格反馈改变产出与价值集中度。""",cfg_ic\ic_r5.yaml,task configuration; not behavior identified from IO
ic_r5,balanced_ai,source_v1_outcomes[1],"""output_hhi""",cfg_ic\ic_r5.yaml,task configuration; not behavior identified from IO
ic_r5,balanced_ai,source_v1_outcomes[2],"""profit_hhi""",cfg_ic\ic_r5.yaml,task configuration; not behavior identified from IO
ic_r5,balanced_ai,source_v1_outcomes[3],"""value_added_hhi""",cfg_ic\ic_r5.yaml,task configuration; not behavior identified from IO
ic_r5,balanced_ai,source_v1_outcomes[4],"""total_profit""",cfg_ic\ic_r5.yaml,task configuration; not behavior identified from IO
ic_r5,balanced_ai,source_v1_outcomes[5],"""total_value_added""",cfg_ic\ic_r5.yaml,task configuration; not behavior identified from IO
ic_r5,balanced_ai,v1_arm_names[1],"""balanced_ai""",cfg_ic\ic_r5.yaml,task configuration; not behavior identified from IO
ic_r5,balanced_ai,v1_arm_names[2],"""core_sector_ai_advantage""",cfg_ic\ic_r5.yaml,task configuration; not behavior identified from IO
ic_r5,balanced_ai,v1_arm_names[3],"""core_advantage_high_markup""",cfg_ic\ic_r5.yaml,task configuration; not behavior identified from IO
ic_r5,core_sector_ai_advantage,periods,30,cfg_ic\ic_r5.yaml,task configuration; not behavior identified from IO
ic_r5,core_sector_ai_advantage,seed,20261001,cfg_ic\ic_r5.yaml,task configuration; not behavior identified from IO
ic_r5,core_sector_ai_advantage,import_case,"""proportional""",cfg_ic\ic_r5.yaml,task configuration; not behavior identified from IO
ic_r5,core_sector_ai_advantage,budget_share,0.0,cfg_ic\ic_r5.yaml,task configuration; not behavior identified from IO
ic_r5,core_sector_ai_advantage,modules[1],"""edge""",cfg_ic\ic_r5.yaml,task configuration; not behavior identified from IO
ic_r5,core_sector_ai_advantage,modules[2],"""supplier_choice""",cfg_ic\ic_r5.yaml,task configuration; not behavior identified from IO
ic_r5,core_sector_ai_advantage,modules[3],"""price""",cfg_ic\ic_r5.yaml,task configuration; not behavior identified from IO
ic_r5,core_sector_ai_advantage,modules[4],"""market_power""",cfg_ic\ic_r5.yaml,task configuration; not behavior identified from IO
ic_r5,core_sector_ai_advantage,modules[5],"""ai""",cfg_ic\ic_r5.yaml,task configuration; not behavior identified from IO
ic_r5,core_sector_ai_advantage,external_supply_elasticity,1.25,cfg_ic\ic_r5.yaml,task configuration; not behavior identified from IO
ic_r5,core_sector_ai_advantage,capacity_lag,4,cfg_ic\ic_r5.yaml,task configuration; not behavior identified from IO
ic_r5,core_sector_ai_advantage,time_fit,0.9,cfg_ic\ic_r5.yaml,task configuration; not behavior identified from IO
ic_r5,core_sector_ai_advantage,labor_share_of_va,0.8,cfg_ic\ic_r5.yaml,task configuration; not behavior identified from IO
ic_r5,core_sector_ai_advantage,backlog_retention,0.25,cfg_ic\ic_r5.yaml,task configuration; not behavior identified from IO
ic_r5,core_sector_ai_advantage,max_backlog_quarters,2.0,cfg_ic\ic_r5.yaml,task configuration; not behavior identified from IO
ic_r5,core_sector_ai_advantage,edge_health_floor,0.85,cfg_ic\ic_r5.yaml,task configuration; not behavior identified from IO
ic_r5,core_sector_ai_advantage,data_status,"""2020 IO accounting observed; import uses and behavior parameters are scenarios""",cfg_ic\ic_r5.yaml,task configuration; not behavior identified from IO
ic_r5,core_sector_ai_advantage,task_id,"""ic_r5""",cfg_ic\ic_r5.yaml,task configuration; not behavior identified from IO
ic_r5,core_sector_ai_advantage,name,"""AI异质性与市场势力""",cfg_ic\ic_r5.yaml,task configuration; not behavior identified from IO
ic_r5,core_sector_ai_advantage,research_question,"""效率差异和采购集中如何共同影响加价与产出？""",cfg_ic\ic_r5.yaml,task configuration; not behavior identified from IO
ic_r5,core_sector_ai_advantage,metrics[1],"""supplier_hhi""",cfg_ic\ic_r5.yaml,task configuration; not behavior identified from IO
ic_r5,core_sector_ai_advantage,metrics[2],"""price_index""",cfg_ic\ic_r5.yaml,task configuration; not behavior identified from IO
ic_r5,core_sector_ai_advantage,metrics[3],"""value_added""",cfg_ic\ic_r5.yaml,task configuration; not behavior identified from IO
ic_r5,core_sector_ai_advantage,metrics[4],"""output""",cfg_ic\ic_r5.yaml,task configuration; not behavior identified from IO
ic_r5,core_sector_ai_advantage,search_precision,10.0,cfg_ic\ic_r5.yaml,task configuration; not behavior identified from IO
ic_r5,core_sector_ai_advantage,hhi_markup,0.04,cfg_ic\ic_r5.yaml,task configuration; not behavior identified from IO
ic_r5,core_sector_ai_advantage,ai_rate,0.03,cfg_ic\ic_r5.yaml,task configuration; not behavior identified from IO
ic_r5,core_sector_ai_advantage,source_v1_task_id,"""ic_r5_ai_productivity_concentration""",cfg_ic\ic_r5.yaml,task configuration; not behavior identified from IO
ic_r5,core_sector_ai_advantage,theory,"""AI导致的成本异质性通过利润、投资和价格反馈改变产出与价值集中度。""",cfg_ic\ic_r5.yaml,task configuration; not behavior identified from IO
ic_r5,core_sector_ai_advantage,source_v1_outcomes[1],"""output_hhi""",cfg_ic\ic_r5.yaml,task configuration; not behavior identified from IO
ic_r5,core_sector_ai_advantage,source_v1_outcomes[2],"""profit_hhi""",cfg_ic\ic_r5.yaml,task configuration; not behavior identified from IO
ic_r5,core_sector_ai_advantage,source_v1_outcomes[3],"""value_added_hhi""",cfg_ic\ic_r5.yaml,task configuration; not behavior identified from IO
ic_r5,core_sector_ai_advantage,source_v1_outcomes[4],"""total_profit""",cfg_ic\ic_r5.yaml,task configuration; not behavior identified from IO
ic_r5,core_sector_ai_advantage,source_v1_outcomes[5],"""total_value_added""",cfg_ic\ic_r5.yaml,task configuration; not behavior identified from IO
ic_r5,core_sector_ai_advantage,v1_arm_names[1],"""balanced_ai""",cfg_ic\ic_r5.yaml,task configuration; not behavior identified from IO
ic_r5,core_sector_ai_advantage,v1_arm_names[2],"""core_sector_ai_advantage""",cfg_ic\ic_r5.yaml,task configuration; not behavior identified from IO
ic_r5,core_sector_ai_advantage,v1_arm_names[3],"""core_advantage_high_markup""",cfg_ic\ic_r5.yaml,task configuration; not behavior identified from IO
ic_r5,core_sector_ai_advantage,absorption[1],0.5,cfg_ic\ic_r5.yaml,task configuration; not behavior identified from IO
ic_r5,core_sector_ai_advantage,absorption[2],0.5,cfg_ic\ic_r5.yaml,task configuration; not behavior identified from IO
ic_r5,core_sector_ai_advantage,absorption[3],0.5,cfg_ic\ic_r5.yaml,task configuration; not behavior identified from IO
ic_r5,core_sector_ai_advantage,absorption[4],0.5,cfg_ic\ic_r5.yaml,task configuration; not behavior identified from IO
ic_r5,core_sector_ai_advantage,absorption[5],0.5,cfg_ic\ic_r5.yaml,task configuration; not behavior identified from IO
ic_r5,core_sector_ai_advantage,absorption[6],0.5,cfg_ic\ic_r5.yaml,task configuration; not behavior identified from IO
ic_r5,core_sector_ai_advantage,absorption[7],0.5,cfg_ic\ic_r5.yaml,task configuration; not behavior identified from IO
ic_r5,core_sector_ai_advantage,absorption[8],0.95,cfg_ic\ic_r5.yaml,task configuration; not behavior identified from IO
ic_r5,core_sector_ai_advantage,absorption[9],0.5,cfg_ic\ic_r5.yaml,task configuration; not behavior identified from IO
ic_r5,core_sector_ai_advantage,absorption[10],0.5,cfg_ic\ic_r5.yaml,task configuration; not behavior identified from IO
ic_r5,core_sector_ai_advantage,absorption[11],0.5,cfg_ic\ic_r5.yaml,task configuration; not behavior identified from IO
ic_r5,core_sector_ai_advantage,absorption[12],0.5,cfg_ic\ic_r5.yaml,task configuration; not behavior identified from IO
ic_r5,core_sector_ai_advantage,absorption[13],0.5,cfg_ic\ic_r5.yaml,task configuration; not behavior identified from IO
ic_r5,core_advantage_high_markup,periods,30,cfg_ic\ic_r5.yaml,task configuration; not behavior identified from IO
ic_r5,core_advantage_high_markup,seed,20261001,cfg_ic\ic_r5.yaml,task configuration; not behavior identified from IO
ic_r5,core_advantage_high_markup,import_case,"""proportional""",cfg_ic\ic_r5.yaml,task configuration; not behavior identified from IO
ic_r5,core_advantage_high_markup,budget_share,0.0,cfg_ic\ic_r5.yaml,task configuration; not behavior identified from IO
ic_r5,core_advantage_high_markup,modules[1],"""edge""",cfg_ic\ic_r5.yaml,task configuration; not behavior identified from IO
ic_r5,core_advantage_high_markup,modules[2],"""supplier_choice""",cfg_ic\ic_r5.yaml,task configuration; not behavior identified from IO
ic_r5,core_advantage_high_markup,modules[3],"""price""",cfg_ic\ic_r5.yaml,task configuration; not behavior identified from IO
ic_r5,core_advantage_high_markup,modules[4],"""market_power""",cfg_ic\ic_r5.yaml,task configuration; not behavior identified from IO
ic_r5,core_advantage_high_markup,modules[5],"""ai""",cfg_ic\ic_r5.yaml,task configuration; not behavior identified from IO
ic_r5,core_advantage_high_markup,external_supply_elasticity,1.25,cfg_ic\ic_r5.yaml,task configuration; not behavior identified from IO
ic_r5,core_advantage_high_markup,capacity_lag,4,cfg_ic\ic_r5.yaml,task configuration; not behavior identified from IO
ic_r5,core_advantage_high_markup,time_fit,0.9,cfg_ic\ic_r5.yaml,task configuration; not behavior identified from IO
ic_r5,core_advantage_high_markup,labor_share_of_va,0.8,cfg_ic\ic_r5.yaml,task configuration; not behavior identified from IO
ic_r5,core_advantage_high_markup,backlog_retention,0.25,cfg_ic\ic_r5.yaml,task configuration; not behavior identified from IO
ic_r5,core_advantage_high_markup,max_backlog_quarters,2.0,cfg_ic\ic_r5.yaml,task configuration; not behavior identified from IO
ic_r5,core_advantage_high_markup,edge_health_floor,0.85,cfg_ic\ic_r5.yaml,task configuration; not behavior identified from IO
ic_r5,core_advantage_high_markup,data_status,"""2020 IO accounting observed; import uses and behavior parameters are scenarios""",cfg_ic\ic_r5.yaml,task configuration; not behavior identified from IO
ic_r5,core_advantage_high_markup,task_id,"""ic_r5""",cfg_ic\ic_r5.yaml,task configuration; not behavior identified from IO
ic_r5,core_advantage_high_markup,name,"""AI异质性与市场势力""",cfg_ic\ic_r5.yaml,task configuration; not behavior identified from IO
ic_r5,core_advantage_high_markup,research_question,"""效率差异和采购集中如何共同影响加价与产出？""",cfg_ic\ic_r5.yaml,task configuration; not behavior identified from IO
ic_r5,core_advantage_high_markup,metrics[1],"""supplier_hhi""",cfg_ic\ic_r5.yaml,task configuration; not behavior identified from IO
ic_r5,core_advantage_high_markup,metrics[2],"""price_index""",cfg_ic\ic_r5.yaml,task configuration; not behavior identified from IO
ic_r5,core_advantage_high_markup,metrics[3],"""value_added""",cfg_ic\ic_r5.yaml,task configuration; not behavior identified from IO
ic_r5,core_advantage_high_markup,metrics[4],"""output""",cfg_ic\ic_r5.yaml,task configuration; not behavior identified from IO
ic_r5,core_advantage_high_markup,search_precision,10.0,cfg_ic\ic_r5.yaml,task configuration; not behavior identified from IO
ic_r5,core_advantage_high_markup,hhi_markup,0.12,cfg_ic\ic_r5.yaml,task configuration; not behavior identified from IO
ic_r5,core_advantage_high_markup,ai_rate,0.03,cfg_ic\ic_r5.yaml,task configuration; not behavior identified from IO
ic_r5,core_advantage_high_markup,source_v1_task_id,"""ic_r5_ai_productivity_concentration""",cfg_ic\ic_r5.yaml,task configuration; not behavior identified from IO
ic_r5,core_advantage_high_markup,theory,"""AI导致的成本异质性通过利润、投资和价格反馈改变产出与价值集中度。""",cfg_ic\ic_r5.yaml,task configuration; not behavior identified from IO
ic_r5,core_advantage_high_markup,source_v1_outcomes[1],"""output_hhi""",cfg_ic\ic_r5.yaml,task configuration; not behavior identified from IO
ic_r5,core_advantage_high_markup,source_v1_outcomes[2],"""profit_hhi""",cfg_ic\ic_r5.yaml,task configuration; not behavior identified from IO
ic_r5,core_advantage_high_markup,source_v1_outcomes[3],"""value_added_hhi""",cfg_ic\ic_r5.yaml,task configuration; not behavior identified from IO
ic_r5,core_advantage_high_markup,source_v1_outcomes[4],"""total_profit""",cfg_ic\ic_r5.yaml,task configuration; not behavior identified from IO
ic_r5,core_advantage_high_markup,source_v1_outcomes[5],"""total_value_added""",cfg_ic\ic_r5.yaml,task configuration; not behavior identified from IO
ic_r5,core_advantage_high_markup,v1_arm_names[1],"""balanced_ai""",cfg_ic\ic_r5.yaml,task configuration; not behavior identified from IO
ic_r5,core_advantage_high_markup,v1_arm_names[2],"""core_sector_ai_advantage""",cfg_ic\ic_r5.yaml,task configuration; not behavior identified from IO
ic_r5,core_advantage_high_markup,v1_arm_names[3],"""core_advantage_high_markup""",cfg_ic\ic_r5.yaml,task configuration; not behavior identified from IO
ic_r5,core_advantage_high_markup,absorption[1],0.5,cfg_ic\ic_r5.yaml,task configuration; not behavior identified from IO
ic_r5,core_advantage_high_markup,absorption[2],0.5,cfg_ic\ic_r5.yaml,task configuration; not behavior identified from IO
ic_r5,core_advantage_high_markup,absorption[3],0.5,cfg_ic\ic_r5.yaml,task configuration; not behavior identified from IO
ic_r5,core_advantage_high_markup,absorption[4],0.5,cfg_ic\ic_r5.yaml,task configuration; not behavior identified from IO
ic_r5,core_advantage_high_markup,absorption[5],0.5,cfg_ic\ic_r5.yaml,task configuration; not behavior identified from IO
ic_r5,core_advantage_high_markup,absorption[6],0.5,cfg_ic\ic_r5.yaml,task configuration; not behavior identified from IO
ic_r5,core_advantage_high_markup,absorption[7],0.5,cfg_ic\ic_r5.yaml,task configuration; not behavior identified from IO
ic_r5,core_advantage_high_markup,absorption[8],0.95,cfg_ic\ic_r5.yaml,task configuration; not behavior identified from IO
ic_r5,core_advantage_high_markup,absorption[9],0.5,cfg_ic\ic_r5.yaml,task configuration; not behavior identified from IO
ic_r5,core_advantage_high_markup,absorption[10],0.5,cfg_ic\ic_r5.yaml,task configuration; not behavior identified from IO
ic_r5,core_advantage_high_markup,absorption[11],0.5,cfg_ic\ic_r5.yaml,task configuration; not behavior identified from IO
ic_r5,core_advantage_high_markup,absorption[12],0.5,cfg_ic\ic_r5.yaml,task configuration; not behavior identified from IO
ic_r5,core_advantage_high_markup,absorption[13],0.5,cfg_ic\ic_r5.yaml,task configuration; not behavior identified from IO
ic_g1,base,periods,30,cfg_ic\ic_g1.yaml,task configuration; not behavior identified from IO
ic_g1,base,seed,20261001,cfg_ic\ic_g1.yaml,task configuration; not behavior identified from IO
ic_g1,base,import_case,"""proportional""",cfg_ic\ic_g1.yaml,task configuration; not behavior identified from IO
ic_g1,base,budget_share,0.005,cfg_ic\ic_g1.yaml,task configuration; not behavior identified from IO
ic_g1,base,modules[1],"""edge""",cfg_ic\ic_g1.yaml,task configuration; not behavior identified from IO
ic_g1,base,modules[2],"""ai""",cfg_ic\ic_g1.yaml,task configuration; not behavior identified from IO
ic_g1,base,external_supply_elasticity,1.25,cfg_ic\ic_g1.yaml,task configuration; not behavior identified from IO
ic_g1,base,capacity_lag,4,cfg_ic\ic_g1.yaml,task configuration; not behavior identified from IO
ic_g1,base,time_fit,0.9,cfg_ic\ic_g1.yaml,task configuration; not behavior identified from IO
ic_g1,base,labor_share_of_va,0.8,cfg_ic\ic_g1.yaml,task configuration; not behavior identified from IO
ic_g1,base,backlog_retention,0.25,cfg_ic\ic_g1.yaml,task configuration; not behavior identified from IO
ic_g1,base,max_backlog_quarters,2.0,cfg_ic\ic_g1.yaml,task configuration; not behavior identified from IO
ic_g1,base,edge_health_floor,0.85,cfg_ic\ic_g1.yaml,task configuration; not behavior identified from IO
ic_g1,base,data_status,"""2020 IO accounting observed; import uses and behavior parameters are scenarios""",cfg_ic\ic_g1.yaml,task configuration; not behavior identified from IO
ic_g1,base,task_id,"""ic_g1""",cfg_ic\ic_g1.yaml,task configuration; not behavior identified from IO
ic_g1,base,name,"""AI补贴配置""",cfg_ic\ic_g1.yaml,task configuration; not behavior identified from IO
ic_g1,base,research_question,"""固定预算下按何种部门权重配置AI支持更有效？""",cfg_ic\ic_g1.yaml,task configuration; not behavior identified from IO
ic_g1,base,metrics[1],"""output""",cfg_ic\ic_g1.yaml,task configuration; not behavior identified from IO
ic_g1,base,metrics[2],"""value_added""",cfg_ic\ic_g1.yaml,task configuration; not behavior identified from IO
ic_g1,base,metrics[3],"""shortage""",cfg_ic\ic_g1.yaml,task configuration; not behavior identified from IO
ic_g1,base,metrics[4],"""welfare""",cfg_ic\ic_g1.yaml,task configuration; not behavior identified from IO
ic_g1,base,policy.enabled,true,cfg_ic\ic_g1.yaml,task configuration; not behavior identified from IO
ic_g1,base,policy.channels.ai,1.0,cfg_ic\ic_g1.yaml,task configuration; not behavior identified from IO
ic_g1,base,policy.spend_fraction,1.0,cfg_ic\ic_g1.yaml,task configuration; not behavior identified from IO
ic_g1,base,policy.sector_weights[1],1.0,cfg_ic\ic_g1.yaml,task configuration; not behavior identified from IO
ic_g1,base,policy.sector_weights[2],1.0,cfg_ic\ic_g1.yaml,task configuration; not behavior identified from IO
ic_g1,base,policy.sector_weights[3],1.0,cfg_ic\ic_g1.yaml,task configuration; not behavior identified from IO
ic_g1,base,policy.sector_weights[4],1.0,cfg_ic\ic_g1.yaml,task configuration; not behavior identified from IO
ic_g1,base,policy.sector_weights[5],1.0,cfg_ic\ic_g1.yaml,task configuration; not behavior identified from IO
ic_g1,base,policy.sector_weights[6],1.0,cfg_ic\ic_g1.yaml,task configuration; not behavior identified from IO
ic_g1,base,policy.sector_weights[7],1.0,cfg_ic\ic_g1.yaml,task configuration; not behavior identified from IO
ic_g1,base,policy.sector_weights[8],1.0,cfg_ic\ic_g1.yaml,task configuration; not behavior identified from IO
ic_g1,base,policy.sector_weights[9],1.0,cfg_ic\ic_g1.yaml,task configuration; not behavior identified from IO
ic_g1,base,policy.sector_weights[10],1.0,cfg_ic\ic_g1.yaml,task configuration; not behavior identified from IO
ic_g1,base,policy.sector_weights[11],1.0,cfg_ic\ic_g1.yaml,task configuration; not behavior identified from IO
ic_g1,base,policy.sector_weights[12],1.0,cfg_ic\ic_g1.yaml,task configuration; not behavior identified from IO
ic_g1,base,policy.sector_weights[13],1.0,cfg_ic\ic_g1.yaml,task configuration; not behavior identified from IO
ic_g1,base,source_v1_task_id,"""ic_g1_ai_policy_targeting""",cfg_ic\ic_g1.yaml,task configuration; not behavior identified from IO
ic_g1,base,theory,"""同一财政预算下，不同靶向规则产生不同的边际社会收益。""",cfg_ic\ic_g1.yaml,task configuration; not behavior identified from IO
ic_g1,base,source_v1_outcomes[1],"""total_value_added""",cfg_ic\ic_g1.yaml,task configuration; not behavior identified from IO
ic_g1,base,source_v1_outcomes[2],"""total_output""",cfg_ic\ic_g1.yaml,task configuration; not behavior identified from IO
ic_g1,base,source_v1_outcomes[3],"""avg_ai_effective""",cfg_ic\ic_g1.yaml,task configuration; not behavior identified from IO
ic_g1,base,source_v1_outcomes[4],"""resilience_index""",cfg_ic\ic_g1.yaml,task configuration; not behavior identified from IO
ic_g1,base,source_v1_outcomes[5],"""fiscal_cost""",cfg_ic\ic_g1.yaml,task configuration; not behavior identified from IO
ic_g1,base,v1_arm_names[1],"""uniform""",cfg_ic\ic_g1.yaml,task configuration; not behavior identified from IO
ic_g1,base,v1_arm_names[2],"""output_scale""",cfg_ic\ic_g1.yaml,task configuration; not behavior identified from IO
ic_g1,base,v1_arm_names[3],"""ai_gap""",cfg_ic\ic_g1.yaml,task configuration; not behavior identified from IO
ic_g1,base,v1_arm_names[4],"""backward_linkage""",cfg_ic\ic_g1.yaml,task configuration; not behavior identified from IO
ic_g1,base,v1_arm_names[5],"""linkage_stress_proxy""",cfg_ic\ic_g1.yaml,task configuration; not behavior identified from IO
ic_g1,no_policy,periods,30,cfg_ic\ic_g1.yaml,task configuration; not behavior identified from IO
ic_g1,no_policy,seed,20261001,cfg_ic\ic_g1.yaml,task configuration; not behavior identified from IO
ic_g1,no_policy,import_case,"""proportional""",cfg_ic\ic_g1.yaml,task configuration; not behavior identified from IO
ic_g1,no_policy,budget_share,0.005,cfg_ic\ic_g1.yaml,task configuration; not behavior identified from IO
ic_g1,no_policy,modules[1],"""edge""",cfg_ic\ic_g1.yaml,task configuration; not behavior identified from IO
ic_g1,no_policy,modules[2],"""ai""",cfg_ic\ic_g1.yaml,task configuration; not behavior identified from IO
ic_g1,no_policy,external_supply_elasticity,1.25,cfg_ic\ic_g1.yaml,task configuration; not behavior identified from IO
ic_g1,no_policy,capacity_lag,4,cfg_ic\ic_g1.yaml,task configuration; not behavior identified from IO
ic_g1,no_policy,time_fit,0.9,cfg_ic\ic_g1.yaml,task configuration; not behavior identified from IO
ic_g1,no_policy,labor_share_of_va,0.8,cfg_ic\ic_g1.yaml,task configuration; not behavior identified from IO
ic_g1,no_policy,backlog_retention,0.25,cfg_ic\ic_g1.yaml,task configuration; not behavior identified from IO
ic_g1,no_policy,max_backlog_quarters,2.0,cfg_ic\ic_g1.yaml,task configuration; not behavior identified from IO
ic_g1,no_policy,edge_health_floor,0.85,cfg_ic\ic_g1.yaml,task configuration; not behavior identified from IO
ic_g1,no_policy,data_status,"""2020 IO accounting observed; import uses and behavior parameters are scenarios""",cfg_ic\ic_g1.yaml,task configuration; not behavior identified from IO
ic_g1,no_policy,task_id,"""ic_g1""",cfg_ic\ic_g1.yaml,task configuration; not behavior identified from IO
ic_g1,no_policy,name,"""AI补贴配置""",cfg_ic\ic_g1.yaml,task configuration; not behavior identified from IO
ic_g1,no_policy,research_question,"""固定预算下按何种部门权重配置AI支持更有效？""",cfg_ic\ic_g1.yaml,task configuration; not behavior identified from IO
ic_g1,no_policy,metrics[1],"""output""",cfg_ic\ic_g1.yaml,task configuration; not behavior identified from IO
ic_g1,no_policy,metrics[2],"""value_added""",cfg_ic\ic_g1.yaml,task configuration; not behavior identified from IO
ic_g1,no_policy,metrics[3],"""shortage""",cfg_ic\ic_g1.yaml,task configuration; not behavior identified from IO
ic_g1,no_policy,metrics[4],"""welfare""",cfg_ic\ic_g1.yaml,task configuration; not behavior identified from IO
ic_g1,no_policy,policy.enabled,false,cfg_ic\ic_g1.yaml,task configuration; not behavior identified from IO
ic_g1,no_policy,policy.channels.ai,1.0,cfg_ic\ic_g1.yaml,task configuration; not behavior identified from IO
ic_g1,no_policy,policy.spend_fraction,1.0,cfg_ic\ic_g1.yaml,task configuration; not behavior identified from IO
ic_g1,no_policy,policy.sector_weights[1],1.0,cfg_ic\ic_g1.yaml,task configuration; not behavior identified from IO
ic_g1,no_policy,policy.sector_weights[2],1.0,cfg_ic\ic_g1.yaml,task configuration; not behavior identified from IO
ic_g1,no_policy,policy.sector_weights[3],1.0,cfg_ic\ic_g1.yaml,task configuration; not behavior identified from IO
ic_g1,no_policy,policy.sector_weights[4],1.0,cfg_ic\ic_g1.yaml,task configuration; not behavior identified from IO
ic_g1,no_policy,policy.sector_weights[5],1.0,cfg_ic\ic_g1.yaml,task configuration; not behavior identified from IO
ic_g1,no_policy,policy.sector_weights[6],1.0,cfg_ic\ic_g1.yaml,task configuration; not behavior identified from IO
ic_g1,no_policy,policy.sector_weights[7],1.0,cfg_ic\ic_g1.yaml,task configuration; not behavior identified from IO
ic_g1,no_policy,policy.sector_weights[8],1.0,cfg_ic\ic_g1.yaml,task configuration; not behavior identified from IO
ic_g1,no_policy,policy.sector_weights[9],1.0,cfg_ic\ic_g1.yaml,task configuration; not behavior identified from IO
ic_g1,no_policy,policy.sector_weights[10],1.0,cfg_ic\ic_g1.yaml,task configuration; not behavior identified from IO
ic_g1,no_policy,policy.sector_weights[11],1.0,cfg_ic\ic_g1.yaml,task configuration; not behavior identified from IO
ic_g1,no_policy,policy.sector_weights[12],1.0,cfg_ic\ic_g1.yaml,task configuration; not behavior identified from IO
ic_g1,no_policy,policy.sector_weights[13],1.0,cfg_ic\ic_g1.yaml,task configuration; not behavior identified from IO
ic_g1,no_policy,source_v1_task_id,"""ic_g1_ai_policy_targeting""",cfg_ic\ic_g1.yaml,task configuration; not behavior identified from IO
ic_g1,no_policy,theory,"""同一财政预算下，不同靶向规则产生不同的边际社会收益。""",cfg_ic\ic_g1.yaml,task configuration; not behavior identified from IO
ic_g1,no_policy,source_v1_outcomes[1],"""total_value_added""",cfg_ic\ic_g1.yaml,task configuration; not behavior identified from IO
ic_g1,no_policy,source_v1_outcomes[2],"""total_output""",cfg_ic\ic_g1.yaml,task configuration; not behavior identified from IO
ic_g1,no_policy,source_v1_outcomes[3],"""avg_ai_effective""",cfg_ic\ic_g1.yaml,task configuration; not behavior identified from IO
ic_g1,no_policy,source_v1_outcomes[4],"""resilience_index""",cfg_ic\ic_g1.yaml,task configuration; not behavior identified from IO
ic_g1,no_policy,source_v1_outcomes[5],"""fiscal_cost""",cfg_ic\ic_g1.yaml,task configuration; not behavior identified from IO
ic_g1,no_policy,v1_arm_names[1],"""uniform""",cfg_ic\ic_g1.yaml,task configuration; not behavior identified from IO
ic_g1,no_policy,v1_arm_names[2],"""output_scale""",cfg_ic\ic_g1.yaml,task configuration; not behavior identified from IO
ic_g1,no_policy,v1_arm_names[3],"""ai_gap""",cfg_ic\ic_g1.yaml,task configuration; not behavior identified from IO
ic_g1,no_policy,v1_arm_names[4],"""backward_linkage""",cfg_ic\ic_g1.yaml,task configuration; not behavior identified from IO
ic_g1,no_policy,v1_arm_names[5],"""linkage_stress_proxy""",cfg_ic\ic_g1.yaml,task configuration; not behavior identified from IO
ic_g1,manufacturing_target,periods,30,cfg_ic\ic_g1.yaml,task configuration; not behavior identified from IO
ic_g1,manufacturing_target,seed,20261001,cfg_ic\ic_g1.yaml,task configuration; not behavior identified from IO
ic_g1,manufacturing_target,import_case,"""proportional""",cfg_ic\ic_g1.yaml,task configuration; not behavior identified from IO
ic_g1,manufacturing_target,budget_share,0.005,cfg_ic\ic_g1.yaml,task configuration; not behavior identified from IO
ic_g1,manufacturing_target,modules[1],"""edge""",cfg_ic\ic_g1.yaml,task configuration; not behavior identified from IO
ic_g1,manufacturing_target,modules[2],"""ai""",cfg_ic\ic_g1.yaml,task configuration; not behavior identified from IO
ic_g1,manufacturing_target,external_supply_elasticity,1.25,cfg_ic\ic_g1.yaml,task configuration; not behavior identified from IO
ic_g1,manufacturing_target,capacity_lag,4,cfg_ic\ic_g1.yaml,task configuration; not behavior identified from IO
ic_g1,manufacturing_target,time_fit,0.9,cfg_ic\ic_g1.yaml,task configuration; not behavior identified from IO
ic_g1,manufacturing_target,labor_share_of_va,0.8,cfg_ic\ic_g1.yaml,task configuration; not behavior identified from IO
ic_g1,manufacturing_target,backlog_retention,0.25,cfg_ic\ic_g1.yaml,task configuration; not behavior identified from IO
ic_g1,manufacturing_target,max_backlog_quarters,2.0,cfg_ic\ic_g1.yaml,task configuration; not behavior identified from IO
ic_g1,manufacturing_target,edge_health_floor,0.85,cfg_ic\ic_g1.yaml,task configuration; not behavior identified from IO
ic_g1,manufacturing_target,data_status,"""2020 IO accounting observed; import uses and behavior parameters are scenarios""",cfg_ic\ic_g1.yaml,task configuration; not behavior identified from IO
ic_g1,manufacturing_target,task_id,"""ic_g1""",cfg_ic\ic_g1.yaml,task configuration; not behavior identified from IO
ic_g1,manufacturing_target,name,"""AI补贴配置""",cfg_ic\ic_g1.yaml,task configuration; not behavior identified from IO
ic_g1,manufacturing_target,research_question,"""固定预算下按何种部门权重配置AI支持更有效？""",cfg_ic\ic_g1.yaml,task configuration; not behavior identified from IO
ic_g1,manufacturing_target,metrics[1],"""output""",cfg_ic\ic_g1.yaml,task configuration; not behavior identified from IO
ic_g1,manufacturing_target,metrics[2],"""value_added""",cfg_ic\ic_g1.yaml,task configuration; not behavior identified from IO
ic_g1,manufacturing_target,metrics[3],"""shortage""",cfg_ic\ic_g1.yaml,task configuration; not behavior identified from IO
ic_g1,manufacturing_target,metrics[4],"""welfare""",cfg_ic\ic_g1.yaml,task configuration; not behavior identified from IO
ic_g1,manufacturing_target,policy.enabled,true,cfg_ic\ic_g1.yaml,task configuration; not behavior identified from IO
ic_g1,manufacturing_target,policy.channels.ai,1.0,cfg_ic\ic_g1.yaml,task configuration; not behavior identified from IO
ic_g1,manufacturing_target,policy.spend_fraction,1.0,cfg_ic\ic_g1.yaml,task configuration; not behavior identified from IO
ic_g1,manufacturing_target,policy.sector_weights[1],0.1,cfg_ic\ic_g1.yaml,task configuration; not behavior identified from IO
ic_g1,manufacturing_target,policy.sector_weights[2],0.1,cfg_ic\ic_g1.yaml,task configuration; not behavior identified from IO
ic_g1,manufacturing_target,policy.sector_weights[3],0.1,cfg_ic\ic_g1.yaml,task configuration; not behavior identified from IO
ic_g1,manufacturing_target,policy.sector_weights[4],0.1,cfg_ic\ic_g1.yaml,task configuration; not behavior identified from IO
ic_g1,manufacturing_target,policy.sector_weights[5],0.1,cfg_ic\ic_g1.yaml,task configuration; not behavior identified from IO
ic_g1,manufacturing_target,policy.sector_weights[6],0.1,cfg_ic\ic_g1.yaml,task configuration; not behavior identified from IO
ic_g1,manufacturing_target,policy.sector_weights[7],0.1,cfg_ic\ic_g1.yaml,task configuration; not behavior identified from IO
ic_g1,manufacturing_target,policy.sector_weights[8],10.0,cfg_ic\ic_g1.yaml,task configuration; not behavior identified from IO
ic_g1,manufacturing_target,policy.sector_weights[9],0.1,cfg_ic\ic_g1.yaml,task configuration; not behavior identified from IO
ic_g1,manufacturing_target,policy.sector_weights[10],0.1,cfg_ic\ic_g1.yaml,task configuration; not behavior identified from IO
ic_g1,manufacturing_target,policy.sector_weights[11],0.1,cfg_ic\ic_g1.yaml,task configuration; not behavior identified from IO
ic_g1,manufacturing_target,policy.sector_weights[12],0.1,cfg_ic\ic_g1.yaml,task configuration; not behavior identified from IO
ic_g1,manufacturing_target,policy.sector_weights[13],0.1,cfg_ic\ic_g1.yaml,task configuration; not behavior identified from IO
ic_g1,manufacturing_target,source_v1_task_id,"""ic_g1_ai_policy_targeting""",cfg_ic\ic_g1.yaml,task configuration; not behavior identified from IO
ic_g1,manufacturing_target,theory,"""同一财政预算下，不同靶向规则产生不同的边际社会收益。""",cfg_ic\ic_g1.yaml,task configuration; not behavior identified from IO
ic_g1,manufacturing_target,source_v1_outcomes[1],"""total_value_added""",cfg_ic\ic_g1.yaml,task configuration; not behavior identified from IO
ic_g1,manufacturing_target,source_v1_outcomes[2],"""total_output""",cfg_ic\ic_g1.yaml,task configuration; not behavior identified from IO
ic_g1,manufacturing_target,source_v1_outcomes[3],"""avg_ai_effective""",cfg_ic\ic_g1.yaml,task configuration; not behavior identified from IO
ic_g1,manufacturing_target,source_v1_outcomes[4],"""resilience_index""",cfg_ic\ic_g1.yaml,task configuration; not behavior identified from IO
ic_g1,manufacturing_target,source_v1_outcomes[5],"""fiscal_cost""",cfg_ic\ic_g1.yaml,task configuration; not behavior identified from IO
ic_g1,manufacturing_target,v1_arm_names[1],"""uniform""",cfg_ic\ic_g1.yaml,task configuration; not behavior identified from IO
ic_g1,manufacturing_target,v1_arm_names[2],"""output_scale""",cfg_ic\ic_g1.yaml,task configuration; not behavior identified from IO
ic_g1,manufacturing_target,v1_arm_names[3],"""ai_gap""",cfg_ic\ic_g1.yaml,task configuration; not behavior identified from IO
ic_g1,manufacturing_target,v1_arm_names[4],"""backward_linkage""",cfg_ic\ic_g1.yaml,task configuration; not behavior identified from IO
ic_g1,manufacturing_target,v1_arm_names[5],"""linkage_stress_proxy""",cfg_ic\ic_g1.yaml,task configuration; not behavior identified from IO
ic_g1,uniform,periods,30,cfg_ic\ic_g1.yaml,task configuration; not behavior identified from IO
ic_g1,uniform,seed,20261001,cfg_ic\ic_g1.yaml,task configuration; not behavior identified from IO
ic_g1,uniform,import_case,"""proportional""",cfg_ic\ic_g1.yaml,task configuration; not behavior identified from IO
ic_g1,uniform,budget_share,0.005,cfg_ic\ic_g1.yaml,task configuration; not behavior identified from IO
ic_g1,uniform,modules[1],"""edge""",cfg_ic\ic_g1.yaml,task configuration; not behavior identified from IO
ic_g1,uniform,modules[2],"""ai""",cfg_ic\ic_g1.yaml,task configuration; not behavior identified from IO
ic_g1,uniform,external_supply_elasticity,1.25,cfg_ic\ic_g1.yaml,task configuration; not behavior identified from IO
ic_g1,uniform,capacity_lag,4,cfg_ic\ic_g1.yaml,task configuration; not behavior identified from IO
ic_g1,uniform,time_fit,0.9,cfg_ic\ic_g1.yaml,task configuration; not behavior identified from IO
ic_g1,uniform,labor_share_of_va,0.8,cfg_ic\ic_g1.yaml,task configuration; not behavior identified from IO
ic_g1,uniform,backlog_retention,0.25,cfg_ic\ic_g1.yaml,task configuration; not behavior identified from IO
ic_g1,uniform,max_backlog_quarters,2.0,cfg_ic\ic_g1.yaml,task configuration; not behavior identified from IO
ic_g1,uniform,edge_health_floor,0.85,cfg_ic\ic_g1.yaml,task configuration; not behavior identified from IO
ic_g1,uniform,data_status,"""2020 IO accounting observed; import uses and behavior parameters are scenarios""",cfg_ic\ic_g1.yaml,task configuration; not behavior identified from IO
ic_g1,uniform,task_id,"""ic_g1""",cfg_ic\ic_g1.yaml,task configuration; not behavior identified from IO
ic_g1,uniform,name,"""AI补贴配置""",cfg_ic\ic_g1.yaml,task configuration; not behavior identified from IO
ic_g1,uniform,research_question,"""固定预算下按何种部门权重配置AI支持更有效？""",cfg_ic\ic_g1.yaml,task configuration; not behavior identified from IO
ic_g1,uniform,metrics[1],"""output""",cfg_ic\ic_g1.yaml,task configuration; not behavior identified from IO
ic_g1,uniform,metrics[2],"""value_added""",cfg_ic\ic_g1.yaml,task configuration; not behavior identified from IO
ic_g1,uniform,metrics[3],"""shortage""",cfg_ic\ic_g1.yaml,task configuration; not behavior identified from IO
ic_g1,uniform,metrics[4],"""welfare""",cfg_ic\ic_g1.yaml,task configuration; not behavior identified from IO
ic_g1,uniform,policy.enabled,true,cfg_ic\ic_g1.yaml,task configuration; not behavior identified from IO
ic_g1,uniform,policy.channels.ai,1.0,cfg_ic\ic_g1.yaml,task configuration; not behavior identified from IO
ic_g1,uniform,policy.spend_fraction,1.0,cfg_ic\ic_g1.yaml,task configuration; not behavior identified from IO
ic_g1,uniform,policy.sector_weights,null,cfg_ic\ic_g1.yaml,task configuration; not behavior identified from IO
ic_g1,uniform,policy.targeting_rule,"""uniform""",cfg_ic\ic_g1.yaml,task configuration; not behavior identified from IO
ic_g1,uniform,source_v1_task_id,"""ic_g1_ai_policy_targeting""",cfg_ic\ic_g1.yaml,task configuration; not behavior identified from IO
ic_g1,uniform,theory,"""同一财政预算下，不同靶向规则产生不同的边际社会收益。""",cfg_ic\ic_g1.yaml,task configuration; not behavior identified from IO
ic_g1,uniform,source_v1_outcomes[1],"""total_value_added""",cfg_ic\ic_g1.yaml,task configuration; not behavior identified from IO
ic_g1,uniform,source_v1_outcomes[2],"""total_output""",cfg_ic\ic_g1.yaml,task configuration; not behavior identified from IO
ic_g1,uniform,source_v1_outcomes[3],"""avg_ai_effective""",cfg_ic\ic_g1.yaml,task configuration; not behavior identified from IO
ic_g1,uniform,source_v1_outcomes[4],"""resilience_index""",cfg_ic\ic_g1.yaml,task configuration; not behavior identified from IO
ic_g1,uniform,source_v1_outcomes[5],"""fiscal_cost""",cfg_ic\ic_g1.yaml,task configuration; not behavior identified from IO
ic_g1,uniform,v1_arm_names[1],"""uniform""",cfg_ic\ic_g1.yaml,task configuration; not behavior identified from IO
ic_g1,uniform,v1_arm_names[2],"""output_scale""",cfg_ic\ic_g1.yaml,task configuration; not behavior identified from IO
ic_g1,uniform,v1_arm_names[3],"""ai_gap""",cfg_ic\ic_g1.yaml,task configuration; not behavior identified from IO
ic_g1,uniform,v1_arm_names[4],"""backward_linkage""",cfg_ic\ic_g1.yaml,task configuration; not behavior identified from IO
ic_g1,uniform,v1_arm_names[5],"""linkage_stress_proxy""",cfg_ic\ic_g1.yaml,task configuration; not behavior identified from IO
ic_g1,output_scale,periods,30,cfg_ic\ic_g1.yaml,task configuration; not behavior identified from IO
ic_g1,output_scale,seed,20261001,cfg_ic\ic_g1.yaml,task configuration; not behavior identified from IO
ic_g1,output_scale,import_case,"""proportional""",cfg_ic\ic_g1.yaml,task configuration; not behavior identified from IO
ic_g1,output_scale,budget_share,0.005,cfg_ic\ic_g1.yaml,task configuration; not behavior identified from IO
ic_g1,output_scale,modules[1],"""edge""",cfg_ic\ic_g1.yaml,task configuration; not behavior identified from IO
ic_g1,output_scale,modules[2],"""ai""",cfg_ic\ic_g1.yaml,task configuration; not behavior identified from IO
ic_g1,output_scale,external_supply_elasticity,1.25,cfg_ic\ic_g1.yaml,task configuration; not behavior identified from IO
ic_g1,output_scale,capacity_lag,4,cfg_ic\ic_g1.yaml,task configuration; not behavior identified from IO
ic_g1,output_scale,time_fit,0.9,cfg_ic\ic_g1.yaml,task configuration; not behavior identified from IO
ic_g1,output_scale,labor_share_of_va,0.8,cfg_ic\ic_g1.yaml,task configuration; not behavior identified from IO
ic_g1,output_scale,backlog_retention,0.25,cfg_ic\ic_g1.yaml,task configuration; not behavior identified from IO
ic_g1,output_scale,max_backlog_quarters,2.0,cfg_ic\ic_g1.yaml,task configuration; not behavior identified from IO
ic_g1,output_scale,edge_health_floor,0.85,cfg_ic\ic_g1.yaml,task configuration; not behavior identified from IO
ic_g1,output_scale,data_status,"""2020 IO accounting observed; import uses and behavior parameters are scenarios""",cfg_ic\ic_g1.yaml,task configuration; not behavior identified from IO
ic_g1,output_scale,task_id,"""ic_g1""",cfg_ic\ic_g1.yaml,task configuration; not behavior identified from IO
ic_g1,output_scale,name,"""AI补贴配置""",cfg_ic\ic_g1.yaml,task configuration; not behavior identified from IO
ic_g1,output_scale,research_question,"""固定预算下按何种部门权重配置AI支持更有效？""",cfg_ic\ic_g1.yaml,task configuration; not behavior identified from IO
ic_g1,output_scale,metrics[1],"""output""",cfg_ic\ic_g1.yaml,task configuration; not behavior identified from IO
ic_g1,output_scale,metrics[2],"""value_added""",cfg_ic\ic_g1.yaml,task configuration; not behavior identified from IO
ic_g1,output_scale,metrics[3],"""shortage""",cfg_ic\ic_g1.yaml,task configuration; not behavior identified from IO
ic_g1,output_scale,metrics[4],"""welfare""",cfg_ic\ic_g1.yaml,task configuration; not behavior identified from IO
ic_g1,output_scale,policy.enabled,true,cfg_ic\ic_g1.yaml,task configuration; not behavior identified from IO
ic_g1,output_scale,policy.channels.ai,1.0,cfg_ic\ic_g1.yaml,task configuration; not behavior identified from IO
ic_g1,output_scale,policy.spend_fraction,1.0,cfg_ic\ic_g1.yaml,task configuration; not behavior identified from IO
ic_g1,output_scale,policy.sector_weights,null,cfg_ic\ic_g1.yaml,task configuration; not behavior identified from IO
ic_g1,output_scale,policy.targeting_rule,"""output_scale""",cfg_ic\ic_g1.yaml,task configuration; not behavior identified from IO
ic_g1,output_scale,source_v1_task_id,"""ic_g1_ai_policy_targeting""",cfg_ic\ic_g1.yaml,task configuration; not behavior identified from IO
ic_g1,output_scale,theory,"""同一财政预算下，不同靶向规则产生不同的边际社会收益。""",cfg_ic\ic_g1.yaml,task configuration; not behavior identified from IO
ic_g1,output_scale,source_v1_outcomes[1],"""total_value_added""",cfg_ic\ic_g1.yaml,task configuration; not behavior identified from IO
ic_g1,output_scale,source_v1_outcomes[2],"""total_output""",cfg_ic\ic_g1.yaml,task configuration; not behavior identified from IO
ic_g1,output_scale,source_v1_outcomes[3],"""avg_ai_effective""",cfg_ic\ic_g1.yaml,task configuration; not behavior identified from IO
ic_g1,output_scale,source_v1_outcomes[4],"""resilience_index""",cfg_ic\ic_g1.yaml,task configuration; not behavior identified from IO
ic_g1,output_scale,source_v1_outcomes[5],"""fiscal_cost""",cfg_ic\ic_g1.yaml,task configuration; not behavior identified from IO
ic_g1,output_scale,v1_arm_names[1],"""uniform""",cfg_ic\ic_g1.yaml,task configuration; not behavior identified from IO
ic_g1,output_scale,v1_arm_names[2],"""output_scale""",cfg_ic\ic_g1.yaml,task configuration; not behavior identified from IO
ic_g1,output_scale,v1_arm_names[3],"""ai_gap""",cfg_ic\ic_g1.yaml,task configuration; not behavior identified from IO
ic_g1,output_scale,v1_arm_names[4],"""backward_linkage""",cfg_ic\ic_g1.yaml,task configuration; not behavior identified from IO
ic_g1,output_scale,v1_arm_names[5],"""linkage_stress_proxy""",cfg_ic\ic_g1.yaml,task configuration; not behavior identified from IO
ic_g1,ai_gap,periods,30,cfg_ic\ic_g1.yaml,task configuration; not behavior identified from IO
ic_g1,ai_gap,seed,20261001,cfg_ic\ic_g1.yaml,task configuration; not behavior identified from IO
ic_g1,ai_gap,import_case,"""proportional""",cfg_ic\ic_g1.yaml,task configuration; not behavior identified from IO
ic_g1,ai_gap,budget_share,0.005,cfg_ic\ic_g1.yaml,task configuration; not behavior identified from IO
ic_g1,ai_gap,modules[1],"""edge""",cfg_ic\ic_g1.yaml,task configuration; not behavior identified from IO
ic_g1,ai_gap,modules[2],"""ai""",cfg_ic\ic_g1.yaml,task configuration; not behavior identified from IO
ic_g1,ai_gap,external_supply_elasticity,1.25,cfg_ic\ic_g1.yaml,task configuration; not behavior identified from IO
ic_g1,ai_gap,capacity_lag,4,cfg_ic\ic_g1.yaml,task configuration; not behavior identified from IO
ic_g1,ai_gap,time_fit,0.9,cfg_ic\ic_g1.yaml,task configuration; not behavior identified from IO
ic_g1,ai_gap,labor_share_of_va,0.8,cfg_ic\ic_g1.yaml,task configuration; not behavior identified from IO
ic_g1,ai_gap,backlog_retention,0.25,cfg_ic\ic_g1.yaml,task configuration; not behavior identified from IO
ic_g1,ai_gap,max_backlog_quarters,2.0,cfg_ic\ic_g1.yaml,task configuration; not behavior identified from IO
ic_g1,ai_gap,edge_health_floor,0.85,cfg_ic\ic_g1.yaml,task configuration; not behavior identified from IO
ic_g1,ai_gap,data_status,"""2020 IO accounting observed; import uses and behavior parameters are scenarios""",cfg_ic\ic_g1.yaml,task configuration; not behavior identified from IO
ic_g1,ai_gap,task_id,"""ic_g1""",cfg_ic\ic_g1.yaml,task configuration; not behavior identified from IO
ic_g1,ai_gap,name,"""AI补贴配置""",cfg_ic\ic_g1.yaml,task configuration; not behavior identified from IO
ic_g1,ai_gap,research_question,"""固定预算下按何种部门权重配置AI支持更有效？""",cfg_ic\ic_g1.yaml,task configuration; not behavior identified from IO
ic_g1,ai_gap,metrics[1],"""output""",cfg_ic\ic_g1.yaml,task configuration; not behavior identified from IO
ic_g1,ai_gap,metrics[2],"""value_added""",cfg_ic\ic_g1.yaml,task configuration; not behavior identified from IO
ic_g1,ai_gap,metrics[3],"""shortage""",cfg_ic\ic_g1.yaml,task configuration; not behavior identified from IO
ic_g1,ai_gap,metrics[4],"""welfare""",cfg_ic\ic_g1.yaml,task configuration; not behavior identified from IO
ic_g1,ai_gap,policy.enabled,true,cfg_ic\ic_g1.yaml,task configuration; not behavior identified from IO
ic_g1,ai_gap,policy.channels.ai,1.0,cfg_ic\ic_g1.yaml,task configuration; not behavior identified from IO
ic_g1,ai_gap,policy.spend_fraction,1.0,cfg_ic\ic_g1.yaml,task configuration; not behavior identified from IO
ic_g1,ai_gap,policy.sector_weights,null,cfg_ic\ic_g1.yaml,task configuration; not behavior identified from IO
ic_g1,ai_gap,policy.targeting_rule,"""ai_gap""",cfg_ic\ic_g1.yaml,task configuration; not behavior identified from IO
ic_g1,ai_gap,source_v1_task_id,"""ic_g1_ai_policy_targeting""",cfg_ic\ic_g1.yaml,task configuration; not behavior identified from IO
ic_g1,ai_gap,theory,"""同一财政预算下，不同靶向规则产生不同的边际社会收益。""",cfg_ic\ic_g1.yaml,task configuration; not behavior identified from IO
ic_g1,ai_gap,source_v1_outcomes[1],"""total_value_added""",cfg_ic\ic_g1.yaml,task configuration; not behavior identified from IO
ic_g1,ai_gap,source_v1_outcomes[2],"""total_output""",cfg_ic\ic_g1.yaml,task configuration; not behavior identified from IO
ic_g1,ai_gap,source_v1_outcomes[3],"""avg_ai_effective""",cfg_ic\ic_g1.yaml,task configuration; not behavior identified from IO
ic_g1,ai_gap,source_v1_outcomes[4],"""resilience_index""",cfg_ic\ic_g1.yaml,task configuration; not behavior identified from IO
ic_g1,ai_gap,source_v1_outcomes[5],"""fiscal_cost""",cfg_ic\ic_g1.yaml,task configuration; not behavior identified from IO
ic_g1,ai_gap,v1_arm_names[1],"""uniform""",cfg_ic\ic_g1.yaml,task configuration; not behavior identified from IO
ic_g1,ai_gap,v1_arm_names[2],"""output_scale""",cfg_ic\ic_g1.yaml,task configuration; not behavior identified from IO
ic_g1,ai_gap,v1_arm_names[3],"""ai_gap""",cfg_ic\ic_g1.yaml,task configuration; not behavior identified from IO
ic_g1,ai_gap,v1_arm_names[4],"""backward_linkage""",cfg_ic\ic_g1.yaml,task configuration; not behavior identified from IO
ic_g1,ai_gap,v1_arm_names[5],"""linkage_stress_proxy""",cfg_ic\ic_g1.yaml,task configuration; not behavior identified from IO
ic_g1,backward_linkage,periods,30,cfg_ic\ic_g1.yaml,task configuration; not behavior identified from IO
ic_g1,backward_linkage,seed,20261001,cfg_ic\ic_g1.yaml,task configuration; not behavior identified from IO
ic_g1,backward_linkage,import_case,"""proportional""",cfg_ic\ic_g1.yaml,task configuration; not behavior identified from IO
ic_g1,backward_linkage,budget_share,0.005,cfg_ic\ic_g1.yaml,task configuration; not behavior identified from IO
ic_g1,backward_linkage,modules[1],"""edge""",cfg_ic\ic_g1.yaml,task configuration; not behavior identified from IO
ic_g1,backward_linkage,modules[2],"""ai""",cfg_ic\ic_g1.yaml,task configuration; not behavior identified from IO
ic_g1,backward_linkage,external_supply_elasticity,1.25,cfg_ic\ic_g1.yaml,task configuration; not behavior identified from IO
ic_g1,backward_linkage,capacity_lag,4,cfg_ic\ic_g1.yaml,task configuration; not behavior identified from IO
ic_g1,backward_linkage,time_fit,0.9,cfg_ic\ic_g1.yaml,task configuration; not behavior identified from IO
ic_g1,backward_linkage,labor_share_of_va,0.8,cfg_ic\ic_g1.yaml,task configuration; not behavior identified from IO
ic_g1,backward_linkage,backlog_retention,0.25,cfg_ic\ic_g1.yaml,task configuration; not behavior identified from IO
ic_g1,backward_linkage,max_backlog_quarters,2.0,cfg_ic\ic_g1.yaml,task configuration; not behavior identified from IO
ic_g1,backward_linkage,edge_health_floor,0.85,cfg_ic\ic_g1.yaml,task configuration; not behavior identified from IO
ic_g1,backward_linkage,data_status,"""2020 IO accounting observed; import uses and behavior parameters are scenarios""",cfg_ic\ic_g1.yaml,task configuration; not behavior identified from IO
ic_g1,backward_linkage,task_id,"""ic_g1""",cfg_ic\ic_g1.yaml,task configuration; not behavior identified from IO
ic_g1,backward_linkage,name,"""AI补贴配置""",cfg_ic\ic_g1.yaml,task configuration; not behavior identified from IO
ic_g1,backward_linkage,research_question,"""固定预算下按何种部门权重配置AI支持更有效？""",cfg_ic\ic_g1.yaml,task configuration; not behavior identified from IO
ic_g1,backward_linkage,metrics[1],"""output""",cfg_ic\ic_g1.yaml,task configuration; not behavior identified from IO
ic_g1,backward_linkage,metrics[2],"""value_added""",cfg_ic\ic_g1.yaml,task configuration; not behavior identified from IO
ic_g1,backward_linkage,metrics[3],"""shortage""",cfg_ic\ic_g1.yaml,task configuration; not behavior identified from IO
ic_g1,backward_linkage,metrics[4],"""welfare""",cfg_ic\ic_g1.yaml,task configuration; not behavior identified from IO
ic_g1,backward_linkage,policy.enabled,true,cfg_ic\ic_g1.yaml,task configuration; not behavior identified from IO
ic_g1,backward_linkage,policy.channels.ai,1.0,cfg_ic\ic_g1.yaml,task configuration; not behavior identified from IO
ic_g1,backward_linkage,policy.spend_fraction,1.0,cfg_ic\ic_g1.yaml,task configuration; not behavior identified from IO
ic_g1,backward_linkage,policy.sector_weights,null,cfg_ic\ic_g1.yaml,task configuration; not behavior identified from IO
ic_g1,backward_linkage,policy.targeting_rule,"""backward_linkage""",cfg_ic\ic_g1.yaml,task configuration; not behavior identified from IO
ic_g1,backward_linkage,source_v1_task_id,"""ic_g1_ai_policy_targeting""",cfg_ic\ic_g1.yaml,task configuration; not behavior identified from IO
ic_g1,backward_linkage,theory,"""同一财政预算下，不同靶向规则产生不同的边际社会收益。""",cfg_ic\ic_g1.yaml,task configuration; not behavior identified from IO
ic_g1,backward_linkage,source_v1_outcomes[1],"""total_value_added""",cfg_ic\ic_g1.yaml,task configuration; not behavior identified from IO
ic_g1,backward_linkage,source_v1_outcomes[2],"""total_output""",cfg_ic\ic_g1.yaml,task configuration; not behavior identified from IO
ic_g1,backward_linkage,source_v1_outcomes[3],"""avg_ai_effective""",cfg_ic\ic_g1.yaml,task configuration; not behavior identified from IO
ic_g1,backward_linkage,source_v1_outcomes[4],"""resilience_index""",cfg_ic\ic_g1.yaml,task configuration; not behavior identified from IO
ic_g1,backward_linkage,source_v1_outcomes[5],"""fiscal_cost""",cfg_ic\ic_g1.yaml,task configuration; not behavior identified from IO
ic_g1,backward_linkage,v1_arm_names[1],"""uniform""",cfg_ic\ic_g1.yaml,task configuration; not behavior identified from IO
ic_g1,backward_linkage,v1_arm_names[2],"""output_scale""",cfg_ic\ic_g1.yaml,task configuration; not behavior identified from IO
ic_g1,backward_linkage,v1_arm_names[3],"""ai_gap""",cfg_ic\ic_g1.yaml,task configuration; not behavior identified from IO
ic_g1,backward_linkage,v1_arm_names[4],"""backward_linkage""",cfg_ic\ic_g1.yaml,task configuration; not behavior identified from IO
ic_g1,backward_linkage,v1_arm_names[5],"""linkage_stress_proxy""",cfg_ic\ic_g1.yaml,task configuration; not behavior identified from IO
ic_g1,linkage_stress_proxy,periods,30,cfg_ic\ic_g1.yaml,task configuration; not behavior identified from IO
ic_g1,linkage_stress_proxy,seed,20261001,cfg_ic\ic_g1.yaml,task configuration; not behavior identified from IO
ic_g1,linkage_stress_proxy,import_case,"""proportional""",cfg_ic\ic_g1.yaml,task configuration; not behavior identified from IO
ic_g1,linkage_stress_proxy,budget_share,0.005,cfg_ic\ic_g1.yaml,task configuration; not behavior identified from IO
ic_g1,linkage_stress_proxy,modules[1],"""edge""",cfg_ic\ic_g1.yaml,task configuration; not behavior identified from IO
ic_g1,linkage_stress_proxy,modules[2],"""ai""",cfg_ic\ic_g1.yaml,task configuration; not behavior identified from IO
ic_g1,linkage_stress_proxy,external_supply_elasticity,1.25,cfg_ic\ic_g1.yaml,task configuration; not behavior identified from IO
ic_g1,linkage_stress_proxy,capacity_lag,4,cfg_ic\ic_g1.yaml,task configuration; not behavior identified from IO
ic_g1,linkage_stress_proxy,time_fit,0.9,cfg_ic\ic_g1.yaml,task configuration; not behavior identified from IO
ic_g1,linkage_stress_proxy,labor_share_of_va,0.8,cfg_ic\ic_g1.yaml,task configuration; not behavior identified from IO
ic_g1,linkage_stress_proxy,backlog_retention,0.25,cfg_ic\ic_g1.yaml,task configuration; not behavior identified from IO
ic_g1,linkage_stress_proxy,max_backlog_quarters,2.0,cfg_ic\ic_g1.yaml,task configuration; not behavior identified from IO
ic_g1,linkage_stress_proxy,edge_health_floor,0.85,cfg_ic\ic_g1.yaml,task configuration; not behavior identified from IO
ic_g1,linkage_stress_proxy,data_status,"""2020 IO accounting observed; import uses and behavior parameters are scenarios""",cfg_ic\ic_g1.yaml,task configuration; not behavior identified from IO
ic_g1,linkage_stress_proxy,task_id,"""ic_g1""",cfg_ic\ic_g1.yaml,task configuration; not behavior identified from IO
ic_g1,linkage_stress_proxy,name,"""AI补贴配置""",cfg_ic\ic_g1.yaml,task configuration; not behavior identified from IO
ic_g1,linkage_stress_proxy,research_question,"""固定预算下按何种部门权重配置AI支持更有效？""",cfg_ic\ic_g1.yaml,task configuration; not behavior identified from IO
ic_g1,linkage_stress_proxy,metrics[1],"""output""",cfg_ic\ic_g1.yaml,task configuration; not behavior identified from IO
ic_g1,linkage_stress_proxy,metrics[2],"""value_added""",cfg_ic\ic_g1.yaml,task configuration; not behavior identified from IO
ic_g1,linkage_stress_proxy,metrics[3],"""shortage""",cfg_ic\ic_g1.yaml,task configuration; not behavior identified from IO
ic_g1,linkage_stress_proxy,metrics[4],"""welfare""",cfg_ic\ic_g1.yaml,task configuration; not behavior identified from IO
ic_g1,linkage_stress_proxy,policy.enabled,true,cfg_ic\ic_g1.yaml,task configuration; not behavior identified from IO
ic_g1,linkage_stress_proxy,policy.channels.ai,1.0,cfg_ic\ic_g1.yaml,task configuration; not behavior identified from IO
ic_g1,linkage_stress_proxy,policy.spend_fraction,1.0,cfg_ic\ic_g1.yaml,task configuration; not behavior identified from IO
ic_g1,linkage_stress_proxy,policy.sector_weights,null,cfg_ic\ic_g1.yaml,task configuration; not behavior identified from IO
ic_g1,linkage_stress_proxy,policy.targeting_rule,"""linkage_stress_proxy""",cfg_ic\ic_g1.yaml,task configuration; not behavior identified from IO
ic_g1,linkage_stress_proxy,source_v1_task_id,"""ic_g1_ai_policy_targeting""",cfg_ic\ic_g1.yaml,task configuration; not behavior identified from IO
ic_g1,linkage_stress_proxy,theory,"""同一财政预算下，不同靶向规则产生不同的边际社会收益。""",cfg_ic\ic_g1.yaml,task configuration; not behavior identified from IO
ic_g1,linkage_stress_proxy,source_v1_outcomes[1],"""total_value_added""",cfg_ic\ic_g1.yaml,task configuration; not behavior identified from IO
ic_g1,linkage_stress_proxy,source_v1_outcomes[2],"""total_output""",cfg_ic\ic_g1.yaml,task configuration; not behavior identified from IO
ic_g1,linkage_stress_proxy,source_v1_outcomes[3],"""avg_ai_effective""",cfg_ic\ic_g1.yaml,task configuration; not behavior identified from IO
ic_g1,linkage_stress_proxy,source_v1_outcomes[4],"""resilience_index""",cfg_ic\ic_g1.yaml,task configuration; not behavior identified from IO
ic_g1,linkage_stress_proxy,source_v1_outcomes[5],"""fiscal_cost""",cfg_ic\ic_g1.yaml,task configuration; not behavior identified from IO
ic_g1,linkage_stress_proxy,v1_arm_names[1],"""uniform""",cfg_ic\ic_g1.yaml,task configuration; not behavior identified from IO
ic_g1,linkage_stress_proxy,v1_arm_names[2],"""output_scale""",cfg_ic\ic_g1.yaml,task configuration; not behavior identified from IO
ic_g1,linkage_stress_proxy,v1_arm_names[3],"""ai_gap""",cfg_ic\ic_g1.yaml,task configuration; not behavior identified from IO
ic_g1,linkage_stress_proxy,v1_arm_names[4],"""backward_linkage""",cfg_ic\ic_g1.yaml,task configuration; not behavior identified from IO
ic_g1,linkage_stress_proxy,v1_arm_names[5],"""linkage_stress_proxy""",cfg_ic\ic_g1.yaml,task configuration; not behavior identified from IO
ic_g2,base,periods,30,cfg_ic\ic_g2.yaml,task configuration; not behavior identified from IO
ic_g2,base,seed,20261001,cfg_ic\ic_g2.yaml,task configuration; not behavior identified from IO
ic_g2,base,import_case,"""proportional""",cfg_ic\ic_g2.yaml,task configuration; not behavior identified from IO
ic_g2,base,budget_share,0.01,cfg_ic\ic_g2.yaml,task configuration; not behavior identified from IO
ic_g2,base,modules[1],"""edge""",cfg_ic\ic_g2.yaml,task configuration; not behavior identified from IO
ic_g2,base,modules[2],"""ai""",cfg_ic\ic_g2.yaml,task configuration; not behavior identified from IO
ic_g2,base,modules[3],"""investment""",cfg_ic\ic_g2.yaml,task configuration; not behavior identified from IO
ic_g2,base,modules[4],"""innovation""",cfg_ic\ic_g2.yaml,task configuration; not behavior identified from IO
ic_g2,base,modules[5],"""qualification""",cfg_ic\ic_g2.yaml,task configuration; not behavior identified from IO
ic_g2,base,external_supply_elasticity,1.25,cfg_ic\ic_g2.yaml,task configuration; not behavior identified from IO
ic_g2,base,capacity_lag,4,cfg_ic\ic_g2.yaml,task configuration; not behavior identified from IO
ic_g2,base,time_fit,0.9,cfg_ic\ic_g2.yaml,task configuration; not behavior identified from IO
ic_g2,base,labor_share_of_va,0.8,cfg_ic\ic_g2.yaml,task configuration; not behavior identified from IO
ic_g2,base,backlog_retention,0.25,cfg_ic\ic_g2.yaml,task configuration; not behavior identified from IO
ic_g2,base,max_backlog_quarters,2.0,cfg_ic\ic_g2.yaml,task configuration; not behavior identified from IO
ic_g2,base,edge_health_floor,0.85,cfg_ic\ic_g2.yaml,task configuration; not behavior identified from IO
ic_g2,base,data_status,"""2020 IO accounting observed; import uses and behavior parameters are scenarios""",cfg_ic\ic_g2.yaml,task configuration; not behavior identified from IO
ic_g2,base,task_id,"""ic_g2""",cfg_ic\ic_g2.yaml,task configuration; not behavior identified from IO
ic_g2,base,name,"""AI与实体能力组合政策""",cfg_ic\ic_g2.yaml,task configuration; not behavior identified from IO
ic_g2,base,research_question,"""AI与产能、研发及认证补贴的组合能否缓解瓶颈？""",cfg_ic\ic_g2.yaml,task configuration; not behavior identified from IO
ic_g2,base,metrics[1],"""output""",cfg_ic\ic_g2.yaml,task configuration; not behavior identified from IO
ic_g2,base,metrics[2],"""value_added""",cfg_ic\ic_g2.yaml,task configuration; not behavior identified from IO
ic_g2,base,metrics[3],"""shortage""",cfg_ic\ic_g2.yaml,task configuration; not behavior identified from IO
ic_g2,base,metrics[4],"""welfare""",cfg_ic\ic_g2.yaml,task configuration; not behavior identified from IO
ic_g2,base,demand_shock.start,4,cfg_ic\ic_g2.yaml,task configuration; not behavior identified from IO
ic_g2,base,demand_shock.end,12,cfg_ic\ic_g2.yaml,task configuration; not behavior identified from IO
ic_g2,base,demand_shock.increase,0.2,cfg_ic\ic_g2.yaml,task configuration; not behavior identified from IO
ic_g2,base,policy.enabled,true,cfg_ic\ic_g2.yaml,task configuration; not behavior identified from IO
ic_g2,base,policy.channels.ai,0.25,cfg_ic\ic_g2.yaml,task configuration; not behavior identified from IO
ic_g2,base,policy.channels.capacity,0.35,cfg_ic\ic_g2.yaml,task configuration; not behavior identified from IO
ic_g2,base,policy.channels.rd,0.2,cfg_ic\ic_g2.yaml,task configuration; not behavior identified from IO
ic_g2,base,policy.channels.qualification,0.2,cfg_ic\ic_g2.yaml,task configuration; not behavior identified from IO
ic_g2,base,policy.start_period,4,cfg_ic\ic_g2.yaml,task configuration; not behavior identified from IO
ic_g2,base,source_v1_task_id,"""ic_g2_ai_physical_policy_mix""",cfg_ic\ic_g2.yaml,task configuration; not behavior identified from IO
ic_g2,base,theory,"""数字能力与物理承接能力具有互补性，单一AI政策可能受实体瓶颈约束。""",cfg_ic\ic_g2.yaml,task configuration; not behavior identified from IO
ic_g2,base,source_v1_outcomes[1],"""total_value_added""",cfg_ic\ic_g2.yaml,task configuration; not behavior identified from IO
ic_g2,base,source_v1_outcomes[2],"""shortage_ratio""",cfg_ic\ic_g2.yaml,task configuration; not behavior identified from IO
ic_g2,base,source_v1_outcomes[3],"""resilience_index""",cfg_ic\ic_g2.yaml,task configuration; not behavior identified from IO
ic_g2,base,source_v1_outcomes[4],"""avg_technology""",cfg_ic\ic_g2.yaml,task configuration; not behavior identified from IO
ic_g2,base,source_v1_outcomes[5],"""fiscal_cost""",cfg_ic\ic_g2.yaml,task configuration; not behavior identified from IO
ic_g2,base,v1_arm_names[1],"""ai_only""",cfg_ic\ic_g2.yaml,task configuration; not behavior identified from IO
ic_g2,base,v1_arm_names[2],"""physical_only""",cfg_ic\ic_g2.yaml,task configuration; not behavior identified from IO
ic_g2,base,v1_arm_names[3],"""coordinated_mix""",cfg_ic\ic_g2.yaml,task configuration; not behavior identified from IO
ic_g2,ai_only,periods,30,cfg_ic\ic_g2.yaml,task configuration; not behavior identified from IO
ic_g2,ai_only,seed,20261001,cfg_ic\ic_g2.yaml,task configuration; not behavior identified from IO
ic_g2,ai_only,import_case,"""proportional""",cfg_ic\ic_g2.yaml,task configuration; not behavior identified from IO
ic_g2,ai_only,budget_share,0.01,cfg_ic\ic_g2.yaml,task configuration; not behavior identified from IO
ic_g2,ai_only,modules[1],"""edge""",cfg_ic\ic_g2.yaml,task configuration; not behavior identified from IO
ic_g2,ai_only,modules[2],"""ai""",cfg_ic\ic_g2.yaml,task configuration; not behavior identified from IO
ic_g2,ai_only,modules[3],"""investment""",cfg_ic\ic_g2.yaml,task configuration; not behavior identified from IO
ic_g2,ai_only,modules[4],"""innovation""",cfg_ic\ic_g2.yaml,task configuration; not behavior identified from IO
ic_g2,ai_only,modules[5],"""qualification""",cfg_ic\ic_g2.yaml,task configuration; not behavior identified from IO
ic_g2,ai_only,external_supply_elasticity,1.25,cfg_ic\ic_g2.yaml,task configuration; not behavior identified from IO
ic_g2,ai_only,capacity_lag,4,cfg_ic\ic_g2.yaml,task configuration; not behavior identified from IO
ic_g2,ai_only,time_fit,0.9,cfg_ic\ic_g2.yaml,task configuration; not behavior identified from IO
ic_g2,ai_only,labor_share_of_va,0.8,cfg_ic\ic_g2.yaml,task configuration; not behavior identified from IO
ic_g2,ai_only,backlog_retention,0.25,cfg_ic\ic_g2.yaml,task configuration; not behavior identified from IO
ic_g2,ai_only,max_backlog_quarters,2.0,cfg_ic\ic_g2.yaml,task configuration; not behavior identified from IO
ic_g2,ai_only,edge_health_floor,0.85,cfg_ic\ic_g2.yaml,task configuration; not behavior identified from IO
ic_g2,ai_only,data_status,"""2020 IO accounting observed; import uses and behavior parameters are scenarios""",cfg_ic\ic_g2.yaml,task configuration; not behavior identified from IO
ic_g2,ai_only,task_id,"""ic_g2""",cfg_ic\ic_g2.yaml,task configuration; not behavior identified from IO
ic_g2,ai_only,name,"""AI与实体能力组合政策""",cfg_ic\ic_g2.yaml,task configuration; not behavior identified from IO
ic_g2,ai_only,research_question,"""AI与产能、研发及认证补贴的组合能否缓解瓶颈？""",cfg_ic\ic_g2.yaml,task configuration; not behavior identified from IO
ic_g2,ai_only,metrics[1],"""output""",cfg_ic\ic_g2.yaml,task configuration; not behavior identified from IO
ic_g2,ai_only,metrics[2],"""value_added""",cfg_ic\ic_g2.yaml,task configuration; not behavior identified from IO
ic_g2,ai_only,metrics[3],"""shortage""",cfg_ic\ic_g2.yaml,task configuration; not behavior identified from IO
ic_g2,ai_only,metrics[4],"""welfare""",cfg_ic\ic_g2.yaml,task configuration; not behavior identified from IO
ic_g2,ai_only,demand_shock.start,4,cfg_ic\ic_g2.yaml,task configuration; not behavior identified from IO
ic_g2,ai_only,demand_shock.end,12,cfg_ic\ic_g2.yaml,task configuration; not behavior identified from IO
ic_g2,ai_only,demand_shock.increase,0.2,cfg_ic\ic_g2.yaml,task configuration; not behavior identified from IO
ic_g2,ai_only,policy.enabled,true,cfg_ic\ic_g2.yaml,task configuration; not behavior identified from IO
ic_g2,ai_only,policy.channels.ai,1.0,cfg_ic\ic_g2.yaml,task configuration; not behavior identified from IO
ic_g2,ai_only,policy.start_period,4,cfg_ic\ic_g2.yaml,task configuration; not behavior identified from IO
ic_g2,ai_only,source_v1_task_id,"""ic_g2_ai_physical_policy_mix""",cfg_ic\ic_g2.yaml,task configuration; not behavior identified from IO
ic_g2,ai_only,theory,"""数字能力与物理承接能力具有互补性，单一AI政策可能受实体瓶颈约束。""",cfg_ic\ic_g2.yaml,task configuration; not behavior identified from IO
ic_g2,ai_only,source_v1_outcomes[1],"""total_value_added""",cfg_ic\ic_g2.yaml,task configuration; not behavior identified from IO
ic_g2,ai_only,source_v1_outcomes[2],"""shortage_ratio""",cfg_ic\ic_g2.yaml,task configuration; not behavior identified from IO
ic_g2,ai_only,source_v1_outcomes[3],"""resilience_index""",cfg_ic\ic_g2.yaml,task configuration; not behavior identified from IO
ic_g2,ai_only,source_v1_outcomes[4],"""avg_technology""",cfg_ic\ic_g2.yaml,task configuration; not behavior identified from IO
ic_g2,ai_only,source_v1_outcomes[5],"""fiscal_cost""",cfg_ic\ic_g2.yaml,task configuration; not behavior identified from IO
ic_g2,ai_only,v1_arm_names[1],"""ai_only""",cfg_ic\ic_g2.yaml,task configuration; not behavior identified from IO
ic_g2,ai_only,v1_arm_names[2],"""physical_only""",cfg_ic\ic_g2.yaml,task configuration; not behavior identified from IO
ic_g2,ai_only,v1_arm_names[3],"""coordinated_mix""",cfg_ic\ic_g2.yaml,task configuration; not behavior identified from IO
ic_g2,no_policy,periods,30,cfg_ic\ic_g2.yaml,task configuration; not behavior identified from IO
ic_g2,no_policy,seed,20261001,cfg_ic\ic_g2.yaml,task configuration; not behavior identified from IO
ic_g2,no_policy,import_case,"""proportional""",cfg_ic\ic_g2.yaml,task configuration; not behavior identified from IO
ic_g2,no_policy,budget_share,0.01,cfg_ic\ic_g2.yaml,task configuration; not behavior identified from IO
ic_g2,no_policy,modules[1],"""edge""",cfg_ic\ic_g2.yaml,task configuration; not behavior identified from IO
ic_g2,no_policy,modules[2],"""ai""",cfg_ic\ic_g2.yaml,task configuration; not behavior identified from IO
ic_g2,no_policy,modules[3],"""investment""",cfg_ic\ic_g2.yaml,task configuration; not behavior identified from IO
ic_g2,no_policy,modules[4],"""innovation""",cfg_ic\ic_g2.yaml,task configuration; not behavior identified from IO
ic_g2,no_policy,modules[5],"""qualification""",cfg_ic\ic_g2.yaml,task configuration; not behavior identified from IO
ic_g2,no_policy,external_supply_elasticity,1.25,cfg_ic\ic_g2.yaml,task configuration; not behavior identified from IO
ic_g2,no_policy,capacity_lag,4,cfg_ic\ic_g2.yaml,task configuration; not behavior identified from IO
ic_g2,no_policy,time_fit,0.9,cfg_ic\ic_g2.yaml,task configuration; not behavior identified from IO
ic_g2,no_policy,labor_share_of_va,0.8,cfg_ic\ic_g2.yaml,task configuration; not behavior identified from IO
ic_g2,no_policy,backlog_retention,0.25,cfg_ic\ic_g2.yaml,task configuration; not behavior identified from IO
ic_g2,no_policy,max_backlog_quarters,2.0,cfg_ic\ic_g2.yaml,task configuration; not behavior identified from IO
ic_g2,no_policy,edge_health_floor,0.85,cfg_ic\ic_g2.yaml,task configuration; not behavior identified from IO
ic_g2,no_policy,data_status,"""2020 IO accounting observed; import uses and behavior parameters are scenarios""",cfg_ic\ic_g2.yaml,task configuration; not behavior identified from IO
ic_g2,no_policy,task_id,"""ic_g2""",cfg_ic\ic_g2.yaml,task configuration; not behavior identified from IO
ic_g2,no_policy,name,"""AI与实体能力组合政策""",cfg_ic\ic_g2.yaml,task configuration; not behavior identified from IO
ic_g2,no_policy,research_question,"""AI与产能、研发及认证补贴的组合能否缓解瓶颈？""",cfg_ic\ic_g2.yaml,task configuration; not behavior identified from IO
ic_g2,no_policy,metrics[1],"""output""",cfg_ic\ic_g2.yaml,task configuration; not behavior identified from IO
ic_g2,no_policy,metrics[2],"""value_added""",cfg_ic\ic_g2.yaml,task configuration; not behavior identified from IO
ic_g2,no_policy,metrics[3],"""shortage""",cfg_ic\ic_g2.yaml,task configuration; not behavior identified from IO
ic_g2,no_policy,metrics[4],"""welfare""",cfg_ic\ic_g2.yaml,task configuration; not behavior identified from IO
ic_g2,no_policy,demand_shock.start,4,cfg_ic\ic_g2.yaml,task configuration; not behavior identified from IO
ic_g2,no_policy,demand_shock.end,12,cfg_ic\ic_g2.yaml,task configuration; not behavior identified from IO
ic_g2,no_policy,demand_shock.increase,0.2,cfg_ic\ic_g2.yaml,task configuration; not behavior identified from IO
ic_g2,no_policy,policy.enabled,false,cfg_ic\ic_g2.yaml,task configuration; not behavior identified from IO
ic_g2,no_policy,policy.channels.ai,0.25,cfg_ic\ic_g2.yaml,task configuration; not behavior identified from IO
ic_g2,no_policy,policy.channels.capacity,0.35,cfg_ic\ic_g2.yaml,task configuration; not behavior identified from IO
ic_g2,no_policy,policy.channels.rd,0.2,cfg_ic\ic_g2.yaml,task configuration; not behavior identified from IO
ic_g2,no_policy,policy.channels.qualification,0.2,cfg_ic\ic_g2.yaml,task configuration; not behavior identified from IO
ic_g2,no_policy,policy.start_period,4,cfg_ic\ic_g2.yaml,task configuration; not behavior identified from IO
ic_g2,no_policy,source_v1_task_id,"""ic_g2_ai_physical_policy_mix""",cfg_ic\ic_g2.yaml,task configuration; not behavior identified from IO
ic_g2,no_policy,theory,"""数字能力与物理承接能力具有互补性，单一AI政策可能受实体瓶颈约束。""",cfg_ic\ic_g2.yaml,task configuration; not behavior identified from IO
ic_g2,no_policy,source_v1_outcomes[1],"""total_value_added""",cfg_ic\ic_g2.yaml,task configuration; not behavior identified from IO
ic_g2,no_policy,source_v1_outcomes[2],"""shortage_ratio""",cfg_ic\ic_g2.yaml,task configuration; not behavior identified from IO
ic_g2,no_policy,source_v1_outcomes[3],"""resilience_index""",cfg_ic\ic_g2.yaml,task configuration; not behavior identified from IO
ic_g2,no_policy,source_v1_outcomes[4],"""avg_technology""",cfg_ic\ic_g2.yaml,task configuration; not behavior identified from IO
ic_g2,no_policy,source_v1_outcomes[5],"""fiscal_cost""",cfg_ic\ic_g2.yaml,task configuration; not behavior identified from IO
ic_g2,no_policy,v1_arm_names[1],"""ai_only""",cfg_ic\ic_g2.yaml,task configuration; not behavior identified from IO
ic_g2,no_policy,v1_arm_names[2],"""physical_only""",cfg_ic\ic_g2.yaml,task configuration; not behavior identified from IO
ic_g2,no_policy,v1_arm_names[3],"""coordinated_mix""",cfg_ic\ic_g2.yaml,task configuration; not behavior identified from IO
ic_g2,physical_only,periods,30,cfg_ic\ic_g2.yaml,task configuration; not behavior identified from IO
ic_g2,physical_only,seed,20261001,cfg_ic\ic_g2.yaml,task configuration; not behavior identified from IO
ic_g2,physical_only,import_case,"""proportional""",cfg_ic\ic_g2.yaml,task configuration; not behavior identified from IO
ic_g2,physical_only,budget_share,0.01,cfg_ic\ic_g2.yaml,task configuration; not behavior identified from IO
ic_g2,physical_only,modules[1],"""edge""",cfg_ic\ic_g2.yaml,task configuration; not behavior identified from IO
ic_g2,physical_only,modules[2],"""ai""",cfg_ic\ic_g2.yaml,task configuration; not behavior identified from IO
ic_g2,physical_only,modules[3],"""investment""",cfg_ic\ic_g2.yaml,task configuration; not behavior identified from IO
ic_g2,physical_only,modules[4],"""innovation""",cfg_ic\ic_g2.yaml,task configuration; not behavior identified from IO
ic_g2,physical_only,modules[5],"""qualification""",cfg_ic\ic_g2.yaml,task configuration; not behavior identified from IO
ic_g2,physical_only,external_supply_elasticity,1.25,cfg_ic\ic_g2.yaml,task configuration; not behavior identified from IO
ic_g2,physical_only,capacity_lag,4,cfg_ic\ic_g2.yaml,task configuration; not behavior identified from IO
ic_g2,physical_only,time_fit,0.9,cfg_ic\ic_g2.yaml,task configuration; not behavior identified from IO
ic_g2,physical_only,labor_share_of_va,0.8,cfg_ic\ic_g2.yaml,task configuration; not behavior identified from IO
ic_g2,physical_only,backlog_retention,0.25,cfg_ic\ic_g2.yaml,task configuration; not behavior identified from IO
ic_g2,physical_only,max_backlog_quarters,2.0,cfg_ic\ic_g2.yaml,task configuration; not behavior identified from IO
ic_g2,physical_only,edge_health_floor,0.85,cfg_ic\ic_g2.yaml,task configuration; not behavior identified from IO
ic_g2,physical_only,data_status,"""2020 IO accounting observed; import uses and behavior parameters are scenarios""",cfg_ic\ic_g2.yaml,task configuration; not behavior identified from IO
ic_g2,physical_only,task_id,"""ic_g2""",cfg_ic\ic_g2.yaml,task configuration; not behavior identified from IO
ic_g2,physical_only,name,"""AI与实体能力组合政策""",cfg_ic\ic_g2.yaml,task configuration; not behavior identified from IO
ic_g2,physical_only,research_question,"""AI与产能、研发及认证补贴的组合能否缓解瓶颈？""",cfg_ic\ic_g2.yaml,task configuration; not behavior identified from IO
ic_g2,physical_only,metrics[1],"""output""",cfg_ic\ic_g2.yaml,task configuration; not behavior identified from IO
ic_g2,physical_only,metrics[2],"""value_added""",cfg_ic\ic_g2.yaml,task configuration; not behavior identified from IO
ic_g2,physical_only,metrics[3],"""shortage""",cfg_ic\ic_g2.yaml,task configuration; not behavior identified from IO
ic_g2,physical_only,metrics[4],"""welfare""",cfg_ic\ic_g2.yaml,task configuration; not behavior identified from IO
ic_g2,physical_only,demand_shock.start,4,cfg_ic\ic_g2.yaml,task configuration; not behavior identified from IO
ic_g2,physical_only,demand_shock.end,12,cfg_ic\ic_g2.yaml,task configuration; not behavior identified from IO
ic_g2,physical_only,demand_shock.increase,0.2,cfg_ic\ic_g2.yaml,task configuration; not behavior identified from IO
ic_g2,physical_only,policy.enabled,true,cfg_ic\ic_g2.yaml,task configuration; not behavior identified from IO
ic_g2,physical_only,policy.channels.capacity,0.5,cfg_ic\ic_g2.yaml,task configuration; not behavior identified from IO
ic_g2,physical_only,policy.channels.qualification,0.3,cfg_ic\ic_g2.yaml,task configuration; not behavior identified from IO
ic_g2,physical_only,policy.channels.inventory,0.2,cfg_ic\ic_g2.yaml,task configuration; not behavior identified from IO
ic_g2,physical_only,policy.start_period,4,cfg_ic\ic_g2.yaml,task configuration; not behavior identified from IO
ic_g2,physical_only,source_v1_task_id,"""ic_g2_ai_physical_policy_mix""",cfg_ic\ic_g2.yaml,task configuration; not behavior identified from IO
ic_g2,physical_only,theory,"""数字能力与物理承接能力具有互补性，单一AI政策可能受实体瓶颈约束。""",cfg_ic\ic_g2.yaml,task configuration; not behavior identified from IO
ic_g2,physical_only,source_v1_outcomes[1],"""total_value_added""",cfg_ic\ic_g2.yaml,task configuration; not behavior identified from IO
ic_g2,physical_only,source_v1_outcomes[2],"""shortage_ratio""",cfg_ic\ic_g2.yaml,task configuration; not behavior identified from IO
ic_g2,physical_only,source_v1_outcomes[3],"""resilience_index""",cfg_ic\ic_g2.yaml,task configuration; not behavior identified from IO
ic_g2,physical_only,source_v1_outcomes[4],"""avg_technology""",cfg_ic\ic_g2.yaml,task configuration; not behavior identified from IO
ic_g2,physical_only,source_v1_outcomes[5],"""fiscal_cost""",cfg_ic\ic_g2.yaml,task configuration; not behavior identified from IO
ic_g2,physical_only,v1_arm_names[1],"""ai_only""",cfg_ic\ic_g2.yaml,task configuration; not behavior identified from IO
ic_g2,physical_only,v1_arm_names[2],"""physical_only""",cfg_ic\ic_g2.yaml,task configuration; not behavior identified from IO
ic_g2,physical_only,v1_arm_names[3],"""coordinated_mix""",cfg_ic\ic_g2.yaml,task configuration; not behavior identified from IO
ic_g2,coordinated_mix,periods,30,cfg_ic\ic_g2.yaml,task configuration; not behavior identified from IO
ic_g2,coordinated_mix,seed,20261001,cfg_ic\ic_g2.yaml,task configuration; not behavior identified from IO
ic_g2,coordinated_mix,import_case,"""proportional""",cfg_ic\ic_g2.yaml,task configuration; not behavior identified from IO
ic_g2,coordinated_mix,budget_share,0.01,cfg_ic\ic_g2.yaml,task configuration; not behavior identified from IO
ic_g2,coordinated_mix,modules[1],"""edge""",cfg_ic\ic_g2.yaml,task configuration; not behavior identified from IO
ic_g2,coordinated_mix,modules[2],"""ai""",cfg_ic\ic_g2.yaml,task configuration; not behavior identified from IO
ic_g2,coordinated_mix,modules[3],"""investment""",cfg_ic\ic_g2.yaml,task configuration; not behavior identified from IO
ic_g2,coordinated_mix,modules[4],"""innovation""",cfg_ic\ic_g2.yaml,task configuration; not behavior identified from IO
ic_g2,coordinated_mix,modules[5],"""qualification""",cfg_ic\ic_g2.yaml,task configuration; not behavior identified from IO
ic_g2,coordinated_mix,external_supply_elasticity,1.25,cfg_ic\ic_g2.yaml,task configuration; not behavior identified from IO
ic_g2,coordinated_mix,capacity_lag,4,cfg_ic\ic_g2.yaml,task configuration; not behavior identified from IO
ic_g2,coordinated_mix,time_fit,0.9,cfg_ic\ic_g2.yaml,task configuration; not behavior identified from IO
ic_g2,coordinated_mix,labor_share_of_va,0.8,cfg_ic\ic_g2.yaml,task configuration; not behavior identified from IO
ic_g2,coordinated_mix,backlog_retention,0.25,cfg_ic\ic_g2.yaml,task configuration; not behavior identified from IO
ic_g2,coordinated_mix,max_backlog_quarters,2.0,cfg_ic\ic_g2.yaml,task configuration; not behavior identified from IO
ic_g2,coordinated_mix,edge_health_floor,0.85,cfg_ic\ic_g2.yaml,task configuration; not behavior identified from IO
ic_g2,coordinated_mix,data_status,"""2020 IO accounting observed; import uses and behavior parameters are scenarios""",cfg_ic\ic_g2.yaml,task configuration; not behavior identified from IO
ic_g2,coordinated_mix,task_id,"""ic_g2""",cfg_ic\ic_g2.yaml,task configuration; not behavior identified from IO
ic_g2,coordinated_mix,name,"""AI与实体能力组合政策""",cfg_ic\ic_g2.yaml,task configuration; not behavior identified from IO
ic_g2,coordinated_mix,research_question,"""AI与产能、研发及认证补贴的组合能否缓解瓶颈？""",cfg_ic\ic_g2.yaml,task configuration; not behavior identified from IO
ic_g2,coordinated_mix,metrics[1],"""output""",cfg_ic\ic_g2.yaml,task configuration; not behavior identified from IO
ic_g2,coordinated_mix,metrics[2],"""value_added""",cfg_ic\ic_g2.yaml,task configuration; not behavior identified from IO
ic_g2,coordinated_mix,metrics[3],"""shortage""",cfg_ic\ic_g2.yaml,task configuration; not behavior identified from IO
ic_g2,coordinated_mix,metrics[4],"""welfare""",cfg_ic\ic_g2.yaml,task configuration; not behavior identified from IO
ic_g2,coordinated_mix,demand_shock.start,4,cfg_ic\ic_g2.yaml,task configuration; not behavior identified from IO
ic_g2,coordinated_mix,demand_shock.end,12,cfg_ic\ic_g2.yaml,task configuration; not behavior identified from IO
ic_g2,coordinated_mix,demand_shock.increase,0.2,cfg_ic\ic_g2.yaml,task configuration; not behavior identified from IO
ic_g2,coordinated_mix,policy.enabled,true,cfg_ic\ic_g2.yaml,task configuration; not behavior identified from IO
ic_g2,coordinated_mix,policy.channels.ai,0.25,cfg_ic\ic_g2.yaml,task configuration; not behavior identified from IO
ic_g2,coordinated_mix,policy.channels.capacity,0.35,cfg_ic\ic_g2.yaml,task configuration; not behavior identified from IO
ic_g2,coordinated_mix,policy.channels.rd,0.2,cfg_ic\ic_g2.yaml,task configuration; not behavior identified from IO
ic_g2,coordinated_mix,policy.channels.qualification,0.2,cfg_ic\ic_g2.yaml,task configuration; not behavior identified from IO
ic_g2,coordinated_mix,policy.start_period,4,cfg_ic\ic_g2.yaml,task configuration; not behavior identified from IO
ic_g2,coordinated_mix,source_v1_task_id,"""ic_g2_ai_physical_policy_mix""",cfg_ic\ic_g2.yaml,task configuration; not behavior identified from IO
ic_g2,coordinated_mix,theory,"""数字能力与物理承接能力具有互补性，单一AI政策可能受实体瓶颈约束。""",cfg_ic\ic_g2.yaml,task configuration; not behavior identified from IO
ic_g2,coordinated_mix,source_v1_outcomes[1],"""total_value_added""",cfg_ic\ic_g2.yaml,task configuration; not behavior identified from IO
ic_g2,coordinated_mix,source_v1_outcomes[2],"""shortage_ratio""",cfg_ic\ic_g2.yaml,task configuration; not behavior identified from IO
ic_g2,coordinated_mix,source_v1_outcomes[3],"""resilience_index""",cfg_ic\ic_g2.yaml,task configuration; not behavior identified from IO
ic_g2,coordinated_mix,source_v1_outcomes[4],"""avg_technology""",cfg_ic\ic_g2.yaml,task configuration; not behavior identified from IO
ic_g2,coordinated_mix,source_v1_outcomes[5],"""fiscal_cost""",cfg_ic\ic_g2.yaml,task configuration; not behavior identified from IO
ic_g2,coordinated_mix,v1_arm_names[1],"""ai_only""",cfg_ic\ic_g2.yaml,task configuration; not behavior identified from IO
ic_g2,coordinated_mix,v1_arm_names[2],"""physical_only""",cfg_ic\ic_g2.yaml,task configuration; not behavior identified from IO
ic_g2,coordinated_mix,v1_arm_names[3],"""coordinated_mix""",cfg_ic\ic_g2.yaml,task configuration; not behavior identified from IO
ic_g3,base,periods,30,cfg_ic\ic_g3.yaml,task configuration; not behavior identified from IO
ic_g3,base,seed,20261001,cfg_ic\ic_g3.yaml,task configuration; not behavior identified from IO
ic_g3,base,import_case,"""proportional""",cfg_ic\ic_g3.yaml,task configuration; not behavior identified from IO
ic_g3,base,budget_share,0.005,cfg_ic\ic_g3.yaml,task configuration; not behavior identified from IO
ic_g3,base,modules[1],"""edge""",cfg_ic\ic_g3.yaml,task configuration; not behavior identified from IO
ic_g3,base,modules[2],"""coordination""",cfg_ic\ic_g3.yaml,task configuration; not behavior identified from IO
ic_g3,base,modules[3],"""contract""",cfg_ic\ic_g3.yaml,task configuration; not behavior identified from IO
ic_g3,base,modules[4],"""qualification""",cfg_ic\ic_g3.yaml,task configuration; not behavior identified from IO
ic_g3,base,external_supply_elasticity,1.25,cfg_ic\ic_g3.yaml,task configuration; not behavior identified from IO
ic_g3,base,capacity_lag,4,cfg_ic\ic_g3.yaml,task configuration; not behavior identified from IO
ic_g3,base,time_fit,0.9,cfg_ic\ic_g3.yaml,task configuration; not behavior identified from IO
ic_g3,base,labor_share_of_va,0.8,cfg_ic\ic_g3.yaml,task configuration; not behavior identified from IO
ic_g3,base,backlog_retention,0.25,cfg_ic\ic_g3.yaml,task configuration; not behavior identified from IO
ic_g3,base,max_backlog_quarters,2.0,cfg_ic\ic_g3.yaml,task configuration; not behavior identified from IO
ic_g3,base,edge_health_floor,0.85,cfg_ic\ic_g3.yaml,task configuration; not behavior identified from IO
ic_g3,base,data_status,"""2020 IO accounting observed; import uses and behavior parameters are scenarios""",cfg_ic\ic_g3.yaml,task configuration; not behavior identified from IO
ic_g3,base,task_id,"""ic_g3""",cfg_ic\ic_g3.yaml,task configuration; not behavior identified from IO
ic_g3,base,name,"""数字契约与可核验协同""",cfg_ic\ic_g3.yaml,task configuration; not behavior identified from IO
ic_g3,base,research_question,"""平台核验与契约激励如何改变协同采用及资源配置？""",cfg_ic\ic_g3.yaml,task configuration; not behavior identified from IO
ic_g3,base,metrics[1],"""output""",cfg_ic\ic_g3.yaml,task configuration; not behavior identified from IO
ic_g3,base,metrics[2],"""value_added""",cfg_ic\ic_g3.yaml,task configuration; not behavior identified from IO
ic_g3,base,metrics[3],"""shortage""",cfg_ic\ic_g3.yaml,task configuration; not behavior identified from IO
ic_g3,base,metrics[4],"""welfare""",cfg_ic\ic_g3.yaml,task configuration; not behavior identified from IO
ic_g3,base,shock.sector,8,cfg_ic\ic_g3.yaml,task configuration; not behavior identified from IO
ic_g3,base,shock.start,4,cfg_ic\ic_g3.yaml,task configuration; not behavior identified from IO
ic_g3,base,shock.end,8,cfg_ic\ic_g3.yaml,task configuration; not behavior identified from IO
ic_g3,base,shock.capacity_loss,0.2,cfg_ic\ic_g3.yaml,task configuration; not behavior identified from IO
ic_g3,base,policy.enabled,true,cfg_ic\ic_g3.yaml,task configuration; not behavior identified from IO
ic_g3,base,policy.channels.qualification,1.0,cfg_ic\ic_g3.yaml,task configuration; not behavior identified from IO
ic_g3,base,policy.start_period,4,cfg_ic\ic_g3.yaml,task configuration; not behavior identified from IO
ic_g3,base,contract.platform_quality,0.8,cfg_ic\ic_g3.yaml,task configuration; not behavior identified from IO
ic_g3,base,contract.audit,0.9,cfg_ic\ic_g3.yaml,task configuration; not behavior identified from IO
ic_g3,base,contract.penalty,0.2,cfg_ic\ic_g3.yaml,task configuration; not behavior identified from IO
ic_g3,base,contract.sector_bargaining_weight,0.5,cfg_ic\ic_g3.yaml,task configuration; not behavior identified from IO
ic_g3,base,source_v1_task_id,"""ic_g3_verifiable_digital_contract""",cfg_ic\ic_g3.yaml,task configuration; not behavior identified from IO
ic_g3,base,theory,"""核验性提高有效激励，再经Logit影响高协同概率，并由KKT在产能预留、库存、反馈、联合验证和恢复之间配置有限资源。""",cfg_ic\ic_g3.yaml,task configuration; not behavior identified from IO
ic_g3,base,source_v1_outcomes[1],"""resilience_index""",cfg_ic\ic_g3.yaml,task configuration; not behavior identified from IO
ic_g3,base,source_v1_outcomes[2],"""shortage_ratio""",cfg_ic\ic_g3.yaml,task configuration; not behavior identified from IO
ic_g3,base,source_v1_outcomes[3],"""avg_edge_pressure""",cfg_ic\ic_g3.yaml,task configuration; not behavior identified from IO
ic_g3,base,source_v1_outcomes[4],"""total_output""",cfg_ic\ic_g3.yaml,task configuration; not behavior identified from IO
ic_g3,base,v1_arm_names[1],"""low_verifiability""",cfg_ic\ic_g3.yaml,task configuration; not behavior identified from IO
ic_g3,base,v1_arm_names[2],"""medium_verifiability""",cfg_ic\ic_g3.yaml,task configuration; not behavior identified from IO
ic_g3,base,v1_arm_names[3],"""high_verifiability""",cfg_ic\ic_g3.yaml,task configuration; not behavior identified from IO
ic_g3,low_audit,periods,30,cfg_ic\ic_g3.yaml,task configuration; not behavior identified from IO
ic_g3,low_audit,seed,20261001,cfg_ic\ic_g3.yaml,task configuration; not behavior identified from IO
ic_g3,low_audit,import_case,"""proportional""",cfg_ic\ic_g3.yaml,task configuration; not behavior identified from IO
ic_g3,low_audit,budget_share,0.005,cfg_ic\ic_g3.yaml,task configuration; not behavior identified from IO
ic_g3,low_audit,modules[1],"""edge""",cfg_ic\ic_g3.yaml,task configuration; not behavior identified from IO
ic_g3,low_audit,modules[2],"""coordination""",cfg_ic\ic_g3.yaml,task configuration; not behavior identified from IO
ic_g3,low_audit,modules[3],"""contract""",cfg_ic\ic_g3.yaml,task configuration; not behavior identified from IO
ic_g3,low_audit,modules[4],"""qualification""",cfg_ic\ic_g3.yaml,task configuration; not behavior identified from IO
ic_g3,low_audit,external_supply_elasticity,1.25,cfg_ic\ic_g3.yaml,task configuration; not behavior identified from IO
ic_g3,low_audit,capacity_lag,4,cfg_ic\ic_g3.yaml,task configuration; not behavior identified from IO
ic_g3,low_audit,time_fit,0.9,cfg_ic\ic_g3.yaml,task configuration; not behavior identified from IO
ic_g3,low_audit,labor_share_of_va,0.8,cfg_ic\ic_g3.yaml,task configuration; not behavior identified from IO
ic_g3,low_audit,backlog_retention,0.25,cfg_ic\ic_g3.yaml,task configuration; not behavior identified from IO
ic_g3,low_audit,max_backlog_quarters,2.0,cfg_ic\ic_g3.yaml,task configuration; not behavior identified from IO
ic_g3,low_audit,edge_health_floor,0.85,cfg_ic\ic_g3.yaml,task configuration; not behavior identified from IO
ic_g3,low_audit,data_status,"""2020 IO accounting observed; import uses and behavior parameters are scenarios""",cfg_ic\ic_g3.yaml,task configuration; not behavior identified from IO
ic_g3,low_audit,task_id,"""ic_g3""",cfg_ic\ic_g3.yaml,task configuration; not behavior identified from IO
ic_g3,low_audit,name,"""数字契约与可核验协同""",cfg_ic\ic_g3.yaml,task configuration; not behavior identified from IO
ic_g3,low_audit,research_question,"""平台核验与契约激励如何改变协同采用及资源配置？""",cfg_ic\ic_g3.yaml,task configuration; not behavior identified from IO
ic_g3,low_audit,metrics[1],"""output""",cfg_ic\ic_g3.yaml,task configuration; not behavior identified from IO
ic_g3,low_audit,metrics[2],"""value_added""",cfg_ic\ic_g3.yaml,task configuration; not behavior identified from IO
ic_g3,low_audit,metrics[3],"""shortage""",cfg_ic\ic_g3.yaml,task configuration; not behavior identified from IO
ic_g3,low_audit,metrics[4],"""welfare""",cfg_ic\ic_g3.yaml,task configuration; not behavior identified from IO
ic_g3,low_audit,shock.sector,8,cfg_ic\ic_g3.yaml,task configuration; not behavior identified from IO
ic_g3,low_audit,shock.start,4,cfg_ic\ic_g3.yaml,task configuration; not behavior identified from IO
ic_g3,low_audit,shock.end,8,cfg_ic\ic_g3.yaml,task configuration; not behavior identified from IO
ic_g3,low_audit,shock.capacity_loss,0.2,cfg_ic\ic_g3.yaml,task configuration; not behavior identified from IO
ic_g3,low_audit,policy.enabled,true,cfg_ic\ic_g3.yaml,task configuration; not behavior identified from IO
ic_g3,low_audit,policy.channels.qualification,1.0,cfg_ic\ic_g3.yaml,task configuration; not behavior identified from IO
ic_g3,low_audit,policy.start_period,4,cfg_ic\ic_g3.yaml,task configuration; not behavior identified from IO
ic_g3,low_audit,contract.platform_quality,0.8,cfg_ic\ic_g3.yaml,task configuration; not behavior identified from IO
ic_g3,low_audit,contract.audit,0.1,cfg_ic\ic_g3.yaml,task configuration; not behavior identified from IO
ic_g3,low_audit,contract.penalty,0.2,cfg_ic\ic_g3.yaml,task configuration; not behavior identified from IO
ic_g3,low_audit,contract.sector_bargaining_weight,0.5,cfg_ic\ic_g3.yaml,task configuration; not behavior identified from IO
ic_g3,low_audit,source_v1_task_id,"""ic_g3_verifiable_digital_contract""",cfg_ic\ic_g3.yaml,task configuration; not behavior identified from IO
ic_g3,low_audit,theory,"""核验性提高有效激励，再经Logit影响高协同概率，并由KKT在产能预留、库存、反馈、联合验证和恢复之间配置有限资源。""",cfg_ic\ic_g3.yaml,task configuration; not behavior identified from IO
ic_g3,low_audit,source_v1_outcomes[1],"""resilience_index""",cfg_ic\ic_g3.yaml,task configuration; not behavior identified from IO
ic_g3,low_audit,source_v1_outcomes[2],"""shortage_ratio""",cfg_ic\ic_g3.yaml,task configuration; not behavior identified from IO
ic_g3,low_audit,source_v1_outcomes[3],"""avg_edge_pressure""",cfg_ic\ic_g3.yaml,task configuration; not behavior identified from IO
ic_g3,low_audit,source_v1_outcomes[4],"""total_output""",cfg_ic\ic_g3.yaml,task configuration; not behavior identified from IO
ic_g3,low_audit,v1_arm_names[1],"""low_verifiability""",cfg_ic\ic_g3.yaml,task configuration; not behavior identified from IO
ic_g3,low_audit,v1_arm_names[2],"""medium_verifiability""",cfg_ic\ic_g3.yaml,task configuration; not behavior identified from IO
ic_g3,low_audit,v1_arm_names[3],"""high_verifiability""",cfg_ic\ic_g3.yaml,task configuration; not behavior identified from IO
ic_g3,no_contract,periods,30,cfg_ic\ic_g3.yaml,task configuration; not behavior identified from IO
ic_g3,no_contract,seed,20261001,cfg_ic\ic_g3.yaml,task configuration; not behavior identified from IO
ic_g3,no_contract,import_case,"""proportional""",cfg_ic\ic_g3.yaml,task configuration; not behavior identified from IO
ic_g3,no_contract,budget_share,0.005,cfg_ic\ic_g3.yaml,task configuration; not behavior identified from IO
ic_g3,no_contract,modules[1],"""edge""",cfg_ic\ic_g3.yaml,task configuration; not behavior identified from IO
ic_g3,no_contract,modules[2],"""coordination""",cfg_ic\ic_g3.yaml,task configuration; not behavior identified from IO
ic_g3,no_contract,modules[3],"""qualification""",cfg_ic\ic_g3.yaml,task configuration; not behavior identified from IO
ic_g3,no_contract,external_supply_elasticity,1.25,cfg_ic\ic_g3.yaml,task configuration; not behavior identified from IO
ic_g3,no_contract,capacity_lag,4,cfg_ic\ic_g3.yaml,task configuration; not behavior identified from IO
ic_g3,no_contract,time_fit,0.9,cfg_ic\ic_g3.yaml,task configuration; not behavior identified from IO
ic_g3,no_contract,labor_share_of_va,0.8,cfg_ic\ic_g3.yaml,task configuration; not behavior identified from IO
ic_g3,no_contract,backlog_retention,0.25,cfg_ic\ic_g3.yaml,task configuration; not behavior identified from IO
ic_g3,no_contract,max_backlog_quarters,2.0,cfg_ic\ic_g3.yaml,task configuration; not behavior identified from IO
ic_g3,no_contract,edge_health_floor,0.85,cfg_ic\ic_g3.yaml,task configuration; not behavior identified from IO
ic_g3,no_contract,data_status,"""2020 IO accounting observed; import uses and behavior parameters are scenarios""",cfg_ic\ic_g3.yaml,task configuration; not behavior identified from IO
ic_g3,no_contract,task_id,"""ic_g3""",cfg_ic\ic_g3.yaml,task configuration; not behavior identified from IO
ic_g3,no_contract,name,"""数字契约与可核验协同""",cfg_ic\ic_g3.yaml,task configuration; not behavior identified from IO
ic_g3,no_contract,research_question,"""平台核验与契约激励如何改变协同采用及资源配置？""",cfg_ic\ic_g3.yaml,task configuration; not behavior identified from IO
ic_g3,no_contract,metrics[1],"""output""",cfg_ic\ic_g3.yaml,task configuration; not behavior identified from IO
ic_g3,no_contract,metrics[2],"""value_added""",cfg_ic\ic_g3.yaml,task configuration; not behavior identified from IO
ic_g3,no_contract,metrics[3],"""shortage""",cfg_ic\ic_g3.yaml,task configuration; not behavior identified from IO
ic_g3,no_contract,metrics[4],"""welfare""",cfg_ic\ic_g3.yaml,task configuration; not behavior identified from IO
ic_g3,no_contract,shock.sector,8,cfg_ic\ic_g3.yaml,task configuration; not behavior identified from IO
ic_g3,no_contract,shock.start,4,cfg_ic\ic_g3.yaml,task configuration; not behavior identified from IO
ic_g3,no_contract,shock.end,8,cfg_ic\ic_g3.yaml,task configuration; not behavior identified from IO
ic_g3,no_contract,shock.capacity_loss,0.2,cfg_ic\ic_g3.yaml,task configuration; not behavior identified from IO
ic_g3,no_contract,policy.enabled,true,cfg_ic\ic_g3.yaml,task configuration; not behavior identified from IO
ic_g3,no_contract,policy.channels.qualification,1.0,cfg_ic\ic_g3.yaml,task configuration; not behavior identified from IO
ic_g3,no_contract,policy.start_period,4,cfg_ic\ic_g3.yaml,task configuration; not behavior identified from IO
ic_g3,no_contract,contract.platform_quality,0.8,cfg_ic\ic_g3.yaml,task configuration; not behavior identified from IO
ic_g3,no_contract,contract.audit,0.9,cfg_ic\ic_g3.yaml,task configuration; not behavior identified from IO
ic_g3,no_contract,contract.penalty,0.2,cfg_ic\ic_g3.yaml,task configuration; not behavior identified from IO
ic_g3,no_contract,contract.sector_bargaining_weight,0.5,cfg_ic\ic_g3.yaml,task configuration; not behavior identified from IO
ic_g3,no_contract,source_v1_task_id,"""ic_g3_verifiable_digital_contract""",cfg_ic\ic_g3.yaml,task configuration; not behavior identified from IO
ic_g3,no_contract,theory,"""核验性提高有效激励，再经Logit影响高协同概率，并由KKT在产能预留、库存、反馈、联合验证和恢复之间配置有限资源。""",cfg_ic\ic_g3.yaml,task configuration; not behavior identified from IO
ic_g3,no_contract,source_v1_outcomes[1],"""resilience_index""",cfg_ic\ic_g3.yaml,task configuration; not behavior identified from IO
ic_g3,no_contract,source_v1_outcomes[2],"""shortage_ratio""",cfg_ic\ic_g3.yaml,task configuration; not behavior identified from IO
ic_g3,no_contract,source_v1_outcomes[3],"""avg_edge_pressure""",cfg_ic\ic_g3.yaml,task configuration; not behavior identified from IO
ic_g3,no_contract,source_v1_outcomes[4],"""total_output""",cfg_ic\ic_g3.yaml,task configuration; not behavior identified from IO
ic_g3,no_contract,v1_arm_names[1],"""low_verifiability""",cfg_ic\ic_g3.yaml,task configuration; not behavior identified from IO
ic_g3,no_contract,v1_arm_names[2],"""medium_verifiability""",cfg_ic\ic_g3.yaml,task configuration; not behavior identified from IO
ic_g3,no_contract,v1_arm_names[3],"""high_verifiability""",cfg_ic\ic_g3.yaml,task configuration; not behavior identified from IO
ic_g3,low_verifiability,periods,30,cfg_ic\ic_g3.yaml,task configuration; not behavior identified from IO
ic_g3,low_verifiability,seed,20261001,cfg_ic\ic_g3.yaml,task configuration; not behavior identified from IO
ic_g3,low_verifiability,import_case,"""proportional""",cfg_ic\ic_g3.yaml,task configuration; not behavior identified from IO
ic_g3,low_verifiability,budget_share,0.005,cfg_ic\ic_g3.yaml,task configuration; not behavior identified from IO
ic_g3,low_verifiability,modules[1],"""edge""",cfg_ic\ic_g3.yaml,task configuration; not behavior identified from IO
ic_g3,low_verifiability,modules[2],"""coordination""",cfg_ic\ic_g3.yaml,task configuration; not behavior identified from IO
ic_g3,low_verifiability,modules[3],"""contract""",cfg_ic\ic_g3.yaml,task configuration; not behavior identified from IO
ic_g3,low_verifiability,modules[4],"""qualification""",cfg_ic\ic_g3.yaml,task configuration; not behavior identified from IO
ic_g3,low_verifiability,external_supply_elasticity,1.25,cfg_ic\ic_g3.yaml,task configuration; not behavior identified from IO
ic_g3,low_verifiability,capacity_lag,4,cfg_ic\ic_g3.yaml,task configuration; not behavior identified from IO
ic_g3,low_verifiability,time_fit,0.9,cfg_ic\ic_g3.yaml,task configuration; not behavior identified from IO
ic_g3,low_verifiability,labor_share_of_va,0.8,cfg_ic\ic_g3.yaml,task configuration; not behavior identified from IO
ic_g3,low_verifiability,backlog_retention,0.25,cfg_ic\ic_g3.yaml,task configuration; not behavior identified from IO
ic_g3,low_verifiability,max_backlog_quarters,2.0,cfg_ic\ic_g3.yaml,task configuration; not behavior identified from IO
ic_g3,low_verifiability,edge_health_floor,0.85,cfg_ic\ic_g3.yaml,task configuration; not behavior identified from IO
ic_g3,low_verifiability,data_status,"""2020 IO accounting observed; import uses and behavior parameters are scenarios""",cfg_ic\ic_g3.yaml,task configuration; not behavior identified from IO
ic_g3,low_verifiability,task_id,"""ic_g3""",cfg_ic\ic_g3.yaml,task configuration; not behavior identified from IO
ic_g3,low_verifiability,name,"""数字契约与可核验协同""",cfg_ic\ic_g3.yaml,task configuration; not behavior identified from IO
ic_g3,low_verifiability,research_question,"""平台核验与契约激励如何改变协同采用及资源配置？""",cfg_ic\ic_g3.yaml,task configuration; not behavior identified from IO
ic_g3,low_verifiability,metrics[1],"""output""",cfg_ic\ic_g3.yaml,task configuration; not behavior identified from IO
ic_g3,low_verifiability,metrics[2],"""value_added""",cfg_ic\ic_g3.yaml,task configuration; not behavior identified from IO
ic_g3,low_verifiability,metrics[3],"""shortage""",cfg_ic\ic_g3.yaml,task configuration; not behavior identified from IO
ic_g3,low_verifiability,metrics[4],"""welfare""",cfg_ic\ic_g3.yaml,task configuration; not behavior identified from IO
ic_g3,low_verifiability,shock.sector,8,cfg_ic\ic_g3.yaml,task configuration; not behavior identified from IO
ic_g3,low_verifiability,shock.start,4,cfg_ic\ic_g3.yaml,task configuration; not behavior identified from IO
ic_g3,low_verifiability,shock.end,8,cfg_ic\ic_g3.yaml,task configuration; not behavior identified from IO
ic_g3,low_verifiability,shock.capacity_loss,0.2,cfg_ic\ic_g3.yaml,task configuration; not behavior identified from IO
ic_g3,low_verifiability,policy.enabled,true,cfg_ic\ic_g3.yaml,task configuration; not behavior identified from IO
ic_g3,low_verifiability,policy.channels.qualification,1.0,cfg_ic\ic_g3.yaml,task configuration; not behavior identified from IO
ic_g3,low_verifiability,policy.start_period,4,cfg_ic\ic_g3.yaml,task configuration; not behavior identified from IO
ic_g3,low_verifiability,contract.platform_quality,0.2,cfg_ic\ic_g3.yaml,task configuration; not behavior identified from IO
ic_g3,low_verifiability,contract.audit,0.1,cfg_ic\ic_g3.yaml,task configuration; not behavior identified from IO
ic_g3,low_verifiability,contract.penalty,0.2,cfg_ic\ic_g3.yaml,task configuration; not behavior identified from IO
ic_g3,low_verifiability,contract.sector_bargaining_weight,0.5,cfg_ic\ic_g3.yaml,task configuration; not behavior identified from IO
ic_g3,low_verifiability,source_v1_task_id,"""ic_g3_verifiable_digital_contract""",cfg_ic\ic_g3.yaml,task configuration; not behavior identified from IO
ic_g3,low_verifiability,theory,"""核验性提高有效激励，再经Logit影响高协同概率，并由KKT在产能预留、库存、反馈、联合验证和恢复之间配置有限资源。""",cfg_ic\ic_g3.yaml,task configuration; not behavior identified from IO
ic_g3,low_verifiability,source_v1_outcomes[1],"""resilience_index""",cfg_ic\ic_g3.yaml,task configuration; not behavior identified from IO
ic_g3,low_verifiability,source_v1_outcomes[2],"""shortage_ratio""",cfg_ic\ic_g3.yaml,task configuration; not behavior identified from IO
ic_g3,low_verifiability,source_v1_outcomes[3],"""avg_edge_pressure""",cfg_ic\ic_g3.yaml,task configuration; not behavior identified from IO
ic_g3,low_verifiability,source_v1_outcomes[4],"""total_output""",cfg_ic\ic_g3.yaml,task configuration; not behavior identified from IO
ic_g3,low_verifiability,v1_arm_names[1],"""low_verifiability""",cfg_ic\ic_g3.yaml,task configuration; not behavior identified from IO
ic_g3,low_verifiability,v1_arm_names[2],"""medium_verifiability""",cfg_ic\ic_g3.yaml,task configuration; not behavior identified from IO
ic_g3,low_verifiability,v1_arm_names[3],"""high_verifiability""",cfg_ic\ic_g3.yaml,task configuration; not behavior identified from IO
ic_g3,medium_verifiability,periods,30,cfg_ic\ic_g3.yaml,task configuration; not behavior identified from IO
ic_g3,medium_verifiability,seed,20261001,cfg_ic\ic_g3.yaml,task configuration; not behavior identified from IO
ic_g3,medium_verifiability,import_case,"""proportional""",cfg_ic\ic_g3.yaml,task configuration; not behavior identified from IO
ic_g3,medium_verifiability,budget_share,0.005,cfg_ic\ic_g3.yaml,task configuration; not behavior identified from IO
ic_g3,medium_verifiability,modules[1],"""edge""",cfg_ic\ic_g3.yaml,task configuration; not behavior identified from IO
ic_g3,medium_verifiability,modules[2],"""coordination""",cfg_ic\ic_g3.yaml,task configuration; not behavior identified from IO
ic_g3,medium_verifiability,modules[3],"""contract""",cfg_ic\ic_g3.yaml,task configuration; not behavior identified from IO
ic_g3,medium_verifiability,modules[4],"""qualification""",cfg_ic\ic_g3.yaml,task configuration; not behavior identified from IO
ic_g3,medium_verifiability,external_supply_elasticity,1.25,cfg_ic\ic_g3.yaml,task configuration; not behavior identified from IO
ic_g3,medium_verifiability,capacity_lag,4,cfg_ic\ic_g3.yaml,task configuration; not behavior identified from IO
ic_g3,medium_verifiability,time_fit,0.9,cfg_ic\ic_g3.yaml,task configuration; not behavior identified from IO
ic_g3,medium_verifiability,labor_share_of_va,0.8,cfg_ic\ic_g3.yaml,task configuration; not behavior identified from IO
ic_g3,medium_verifiability,backlog_retention,0.25,cfg_ic\ic_g3.yaml,task configuration; not behavior identified from IO
ic_g3,medium_verifiability,max_backlog_quarters,2.0,cfg_ic\ic_g3.yaml,task configuration; not behavior identified from IO
ic_g3,medium_verifiability,edge_health_floor,0.85,cfg_ic\ic_g3.yaml,task configuration; not behavior identified from IO
ic_g3,medium_verifiability,data_status,"""2020 IO accounting observed; import uses and behavior parameters are scenarios""",cfg_ic\ic_g3.yaml,task configuration; not behavior identified from IO
ic_g3,medium_verifiability,task_id,"""ic_g3""",cfg_ic\ic_g3.yaml,task configuration; not behavior identified from IO
ic_g3,medium_verifiability,name,"""数字契约与可核验协同""",cfg_ic\ic_g3.yaml,task configuration; not behavior identified from IO
ic_g3,medium_verifiability,research_question,"""平台核验与契约激励如何改变协同采用及资源配置？""",cfg_ic\ic_g3.yaml,task configuration; not behavior identified from IO
ic_g3,medium_verifiability,metrics[1],"""output""",cfg_ic\ic_g3.yaml,task configuration; not behavior identified from IO
ic_g3,medium_verifiability,metrics[2],"""value_added""",cfg_ic\ic_g3.yaml,task configuration; not behavior identified from IO
ic_g3,medium_verifiability,metrics[3],"""shortage""",cfg_ic\ic_g3.yaml,task configuration; not behavior identified from IO
ic_g3,medium_verifiability,metrics[4],"""welfare""",cfg_ic\ic_g3.yaml,task configuration; not behavior identified from IO
ic_g3,medium_verifiability,shock.sector,8,cfg_ic\ic_g3.yaml,task configuration; not behavior identified from IO
ic_g3,medium_verifiability,shock.start,4,cfg_ic\ic_g3.yaml,task configuration; not behavior identified from IO
ic_g3,medium_verifiability,shock.end,8,cfg_ic\ic_g3.yaml,task configuration; not behavior identified from IO
ic_g3,medium_verifiability,shock.capacity_loss,0.2,cfg_ic\ic_g3.yaml,task configuration; not behavior identified from IO
ic_g3,medium_verifiability,policy.enabled,true,cfg_ic\ic_g3.yaml,task configuration; not behavior identified from IO
ic_g3,medium_verifiability,policy.channels.qualification,1.0,cfg_ic\ic_g3.yaml,task configuration; not behavior identified from IO
ic_g3,medium_verifiability,policy.start_period,4,cfg_ic\ic_g3.yaml,task configuration; not behavior identified from IO
ic_g3,medium_verifiability,contract.platform_quality,0.5,cfg_ic\ic_g3.yaml,task configuration; not behavior identified from IO
ic_g3,medium_verifiability,contract.audit,0.5,cfg_ic\ic_g3.yaml,task configuration; not behavior identified from IO
ic_g3,medium_verifiability,contract.penalty,0.2,cfg_ic\ic_g3.yaml,task configuration; not behavior identified from IO
ic_g3,medium_verifiability,contract.sector_bargaining_weight,0.5,cfg_ic\ic_g3.yaml,task configuration; not behavior identified from IO
ic_g3,medium_verifiability,source_v1_task_id,"""ic_g3_verifiable_digital_contract""",cfg_ic\ic_g3.yaml,task configuration; not behavior identified from IO
ic_g3,medium_verifiability,theory,"""核验性提高有效激励，再经Logit影响高协同概率，并由KKT在产能预留、库存、反馈、联合验证和恢复之间配置有限资源。""",cfg_ic\ic_g3.yaml,task configuration; not behavior identified from IO
ic_g3,medium_verifiability,source_v1_outcomes[1],"""resilience_index""",cfg_ic\ic_g3.yaml,task configuration; not behavior identified from IO
ic_g3,medium_verifiability,source_v1_outcomes[2],"""shortage_ratio""",cfg_ic\ic_g3.yaml,task configuration; not behavior identified from IO
ic_g3,medium_verifiability,source_v1_outcomes[3],"""avg_edge_pressure""",cfg_ic\ic_g3.yaml,task configuration; not behavior identified from IO
ic_g3,medium_verifiability,source_v1_outcomes[4],"""total_output""",cfg_ic\ic_g3.yaml,task configuration; not behavior identified from IO
ic_g3,medium_verifiability,v1_arm_names[1],"""low_verifiability""",cfg_ic\ic_g3.yaml,task configuration; not behavior identified from IO
ic_g3,medium_verifiability,v1_arm_names[2],"""medium_verifiability""",cfg_ic\ic_g3.yaml,task configuration; not behavior identified from IO
ic_g3,medium_verifiability,v1_arm_names[3],"""high_verifiability""",cfg_ic\ic_g3.yaml,task configuration; not behavior identified from IO
ic_g3,high_verifiability,periods,30,cfg_ic\ic_g3.yaml,task configuration; not behavior identified from IO
ic_g3,high_verifiability,seed,20261001,cfg_ic\ic_g3.yaml,task configuration; not behavior identified from IO
ic_g3,high_verifiability,import_case,"""proportional""",cfg_ic\ic_g3.yaml,task configuration; not behavior identified from IO
ic_g3,high_verifiability,budget_share,0.005,cfg_ic\ic_g3.yaml,task configuration; not behavior identified from IO
ic_g3,high_verifiability,modules[1],"""edge""",cfg_ic\ic_g3.yaml,task configuration; not behavior identified from IO
ic_g3,high_verifiability,modules[2],"""coordination""",cfg_ic\ic_g3.yaml,task configuration; not behavior identified from IO
ic_g3,high_verifiability,modules[3],"""contract""",cfg_ic\ic_g3.yaml,task configuration; not behavior identified from IO
ic_g3,high_verifiability,modules[4],"""qualification""",cfg_ic\ic_g3.yaml,task configuration; not behavior identified from IO
ic_g3,high_verifiability,external_supply_elasticity,1.25,cfg_ic\ic_g3.yaml,task configuration; not behavior identified from IO
ic_g3,high_verifiability,capacity_lag,4,cfg_ic\ic_g3.yaml,task configuration; not behavior identified from IO
ic_g3,high_verifiability,time_fit,0.9,cfg_ic\ic_g3.yaml,task configuration; not behavior identified from IO
ic_g3,high_verifiability,labor_share_of_va,0.8,cfg_ic\ic_g3.yaml,task configuration; not behavior identified from IO
ic_g3,high_verifiability,backlog_retention,0.25,cfg_ic\ic_g3.yaml,task configuration; not behavior identified from IO
ic_g3,high_verifiability,max_backlog_quarters,2.0,cfg_ic\ic_g3.yaml,task configuration; not behavior identified from IO
ic_g3,high_verifiability,edge_health_floor,0.85,cfg_ic\ic_g3.yaml,task configuration; not behavior identified from IO
ic_g3,high_verifiability,data_status,"""2020 IO accounting observed; import uses and behavior parameters are scenarios""",cfg_ic\ic_g3.yaml,task configuration; not behavior identified from IO
ic_g3,high_verifiability,task_id,"""ic_g3""",cfg_ic\ic_g3.yaml,task configuration; not behavior identified from IO
ic_g3,high_verifiability,name,"""数字契约与可核验协同""",cfg_ic\ic_g3.yaml,task configuration; not behavior identified from IO
ic_g3,high_verifiability,research_question,"""平台核验与契约激励如何改变协同采用及资源配置？""",cfg_ic\ic_g3.yaml,task configuration; not behavior identified from IO
ic_g3,high_verifiability,metrics[1],"""output""",cfg_ic\ic_g3.yaml,task configuration; not behavior identified from IO
ic_g3,high_verifiability,metrics[2],"""value_added""",cfg_ic\ic_g3.yaml,task configuration; not behavior identified from IO
ic_g3,high_verifiability,metrics[3],"""shortage""",cfg_ic\ic_g3.yaml,task configuration; not behavior identified from IO
ic_g3,high_verifiability,metrics[4],"""welfare""",cfg_ic\ic_g3.yaml,task configuration; not behavior identified from IO
ic_g3,high_verifiability,shock.sector,8,cfg_ic\ic_g3.yaml,task configuration; not behavior identified from IO
ic_g3,high_verifiability,shock.start,4,cfg_ic\ic_g3.yaml,task configuration; not behavior identified from IO
ic_g3,high_verifiability,shock.end,8,cfg_ic\ic_g3.yaml,task configuration; not behavior identified from IO
ic_g3,high_verifiability,shock.capacity_loss,0.2,cfg_ic\ic_g3.yaml,task configuration; not behavior identified from IO
ic_g3,high_verifiability,policy.enabled,true,cfg_ic\ic_g3.yaml,task configuration; not behavior identified from IO
ic_g3,high_verifiability,policy.channels.qualification,1.0,cfg_ic\ic_g3.yaml,task configuration; not behavior identified from IO
ic_g3,high_verifiability,policy.start_period,4,cfg_ic\ic_g3.yaml,task configuration; not behavior identified from IO
ic_g3,high_verifiability,contract.platform_quality,0.8,cfg_ic\ic_g3.yaml,task configuration; not behavior identified from IO
ic_g3,high_verifiability,contract.audit,0.9,cfg_ic\ic_g3.yaml,task configuration; not behavior identified from IO
ic_g3,high_verifiability,contract.penalty,0.2,cfg_ic\ic_g3.yaml,task configuration; not behavior identified from IO
ic_g3,high_verifiability,contract.sector_bargaining_weight,0.5,cfg_ic\ic_g3.yaml,task configuration; not behavior identified from IO
ic_g3,high_verifiability,source_v1_task_id,"""ic_g3_verifiable_digital_contract""",cfg_ic\ic_g3.yaml,task configuration; not behavior identified from IO
ic_g3,high_verifiability,theory,"""核验性提高有效激励，再经Logit影响高协同概率，并由KKT在产能预留、库存、反馈、联合验证和恢复之间配置有限资源。""",cfg_ic\ic_g3.yaml,task configuration; not behavior identified from IO
ic_g3,high_verifiability,source_v1_outcomes[1],"""resilience_index""",cfg_ic\ic_g3.yaml,task configuration; not behavior identified from IO
ic_g3,high_verifiability,source_v1_outcomes[2],"""shortage_ratio""",cfg_ic\ic_g3.yaml,task configuration; not behavior identified from IO
ic_g3,high_verifiability,source_v1_outcomes[3],"""avg_edge_pressure""",cfg_ic\ic_g3.yaml,task configuration; not behavior identified from IO
ic_g3,high_verifiability,source_v1_outcomes[4],"""total_output""",cfg_ic\ic_g3.yaml,task configuration; not behavior identified from IO
ic_g3,high_verifiability,v1_arm_names[1],"""low_verifiability""",cfg_ic\ic_g3.yaml,task configuration; not behavior identified from IO
ic_g3,high_verifiability,v1_arm_names[2],"""medium_verifiability""",cfg_ic\ic_g3.yaml,task configuration; not behavior identified from IO
ic_g3,high_verifiability,v1_arm_names[3],"""high_verifiability""",cfg_ic\ic_g3.yaml,task configuration; not behavior identified from IO
ic_g4,base,periods,30,cfg_ic\ic_g4.yaml,task configuration; not behavior identified from IO
ic_g4,base,seed,20261001,cfg_ic\ic_g4.yaml,task configuration; not behavior identified from IO
ic_g4,base,import_case,"""proportional""",cfg_ic\ic_g4.yaml,task configuration; not behavior identified from IO
ic_g4,base,budget_share,0.005,cfg_ic\ic_g4.yaml,task configuration; not behavior identified from IO
ic_g4,base,modules[1],"""edge""",cfg_ic\ic_g4.yaml,task configuration; not behavior identified from IO
ic_g4,base,modules[2],"""qualification""",cfg_ic\ic_g4.yaml,task configuration; not behavior identified from IO
ic_g4,base,modules[3],"""inventory""",cfg_ic\ic_g4.yaml,task configuration; not behavior identified from IO
ic_g4,base,external_supply_elasticity,1.25,cfg_ic\ic_g4.yaml,task configuration; not behavior identified from IO
ic_g4,base,capacity_lag,4,cfg_ic\ic_g4.yaml,task configuration; not behavior identified from IO
ic_g4,base,time_fit,0.9,cfg_ic\ic_g4.yaml,task configuration; not behavior identified from IO
ic_g4,base,labor_share_of_va,0.8,cfg_ic\ic_g4.yaml,task configuration; not behavior identified from IO
ic_g4,base,backlog_retention,0.25,cfg_ic\ic_g4.yaml,task configuration; not behavior identified from IO
ic_g4,base,max_backlog_quarters,2.0,cfg_ic\ic_g4.yaml,task configuration; not behavior identified from IO
ic_g4,base,edge_health_floor,0.85,cfg_ic\ic_g4.yaml,task configuration; not behavior identified from IO
ic_g4,base,data_status,"""2020 IO accounting observed; import uses and behavior parameters are scenarios""",cfg_ic\ic_g4.yaml,task configuration; not behavior identified from IO
ic_g4,base,task_id,"""ic_g4""",cfg_ic\ic_g4.yaml,task configuration; not behavior identified from IO
ic_g4,base,name,"""库存认证与修复""",cfg_ic\ic_g4.yaml,task configuration; not behavior identified from IO
ic_g4,base,research_question,"""同预算下库存、资格和边修复对供给冲击有何差异？""",cfg_ic\ic_g4.yaml,task configuration; not behavior identified from IO
ic_g4,base,metrics[1],"""output""",cfg_ic\ic_g4.yaml,task configuration; not behavior identified from IO
ic_g4,base,metrics[2],"""value_added""",cfg_ic\ic_g4.yaml,task configuration; not behavior identified from IO
ic_g4,base,metrics[3],"""shortage""",cfg_ic\ic_g4.yaml,task configuration; not behavior identified from IO
ic_g4,base,metrics[4],"""welfare""",cfg_ic\ic_g4.yaml,task configuration; not behavior identified from IO
ic_g4,base,shock.sector,4,cfg_ic\ic_g4.yaml,task configuration; not behavior identified from IO
ic_g4,base,shock.start,4,cfg_ic\ic_g4.yaml,task configuration; not behavior identified from IO
ic_g4,base,shock.end,8,cfg_ic\ic_g4.yaml,task configuration; not behavior identified from IO
ic_g4,base,shock.capacity_loss,0.3,cfg_ic\ic_g4.yaml,task configuration; not behavior identified from IO
ic_g4,base,policy.enabled,true,cfg_ic\ic_g4.yaml,task configuration; not behavior identified from IO
ic_g4,base,policy.channels.inventory,0.5,cfg_ic\ic_g4.yaml,task configuration; not behavior identified from IO
ic_g4,base,policy.channels.qualification,0.25,cfg_ic\ic_g4.yaml,task configuration; not behavior identified from IO
ic_g4,base,policy.channels.edge_repair,0.25,cfg_ic\ic_g4.yaml,task configuration; not behavior identified from IO
ic_g4,base,policy.start_period,4,cfg_ic\ic_g4.yaml,task configuration; not behavior identified from IO
ic_g4,base,source_v1_task_id,"""ic_g4_resilience_action_selection""",cfg_ic\ic_g4.yaml,task configuration; not behavior identified from IO
ic_g4,base,theory,"""韧性行动的缓释收益必须超过搜索、认证、协调和资源重配摩擦。""",cfg_ic\ic_g4.yaml,task configuration; not behavior identified from IO
ic_g4,base,source_v1_outcomes[1],"""resilience_index""",cfg_ic\ic_g4.yaml,task configuration; not behavior identified from IO
ic_g4,base,source_v1_outcomes[2],"""shortage_ratio""",cfg_ic\ic_g4.yaml,task configuration; not behavior identified from IO
ic_g4,base,source_v1_outcomes[3],"""output_loss""",cfg_ic\ic_g4.yaml,task configuration; not behavior identified from IO
ic_g4,base,source_v1_outcomes[4],"""fiscal_cost""",cfg_ic\ic_g4.yaml,task configuration; not behavior identified from IO
ic_g4,base,v1_arm_names[1],"""inventory_buffer_bias""",cfg_ic\ic_g4.yaml,task configuration; not behavior identified from IO
ic_g4,base,v1_arm_names[2],"""joint_verification_bias""",cfg_ic\ic_g4.yaml,task configuration; not behavior identified from IO
ic_g4,base,v1_arm_names[3],"""recovery_bias""",cfg_ic\ic_g4.yaml,task configuration; not behavior identified from IO
ic_g4,base,v1_arm_names[4],"""balanced_adaptive""",cfg_ic\ic_g4.yaml,task configuration; not behavior identified from IO
ic_g4,inventory_only,periods,30,cfg_ic\ic_g4.yaml,task configuration; not behavior identified from IO
ic_g4,inventory_only,seed,20261001,cfg_ic\ic_g4.yaml,task configuration; not behavior identified from IO
ic_g4,inventory_only,import_case,"""proportional""",cfg_ic\ic_g4.yaml,task configuration; not behavior identified from IO
ic_g4,inventory_only,budget_share,0.005,cfg_ic\ic_g4.yaml,task configuration; not behavior identified from IO
ic_g4,inventory_only,modules[1],"""edge""",cfg_ic\ic_g4.yaml,task configuration; not behavior identified from IO
ic_g4,inventory_only,modules[2],"""qualification""",cfg_ic\ic_g4.yaml,task configuration; not behavior identified from IO
ic_g4,inventory_only,modules[3],"""inventory""",cfg_ic\ic_g4.yaml,task configuration; not behavior identified from IO
ic_g4,inventory_only,external_supply_elasticity,1.25,cfg_ic\ic_g4.yaml,task configuration; not behavior identified from IO
ic_g4,inventory_only,capacity_lag,4,cfg_ic\ic_g4.yaml,task configuration; not behavior identified from IO
ic_g4,inventory_only,time_fit,0.9,cfg_ic\ic_g4.yaml,task configuration; not behavior identified from IO
ic_g4,inventory_only,labor_share_of_va,0.8,cfg_ic\ic_g4.yaml,task configuration; not behavior identified from IO
ic_g4,inventory_only,backlog_retention,0.25,cfg_ic\ic_g4.yaml,task configuration; not behavior identified from IO
ic_g4,inventory_only,max_backlog_quarters,2.0,cfg_ic\ic_g4.yaml,task configuration; not behavior identified from IO
ic_g4,inventory_only,edge_health_floor,0.85,cfg_ic\ic_g4.yaml,task configuration; not behavior identified from IO
ic_g4,inventory_only,data_status,"""2020 IO accounting observed; import uses and behavior parameters are scenarios""",cfg_ic\ic_g4.yaml,task configuration; not behavior identified from IO
ic_g4,inventory_only,task_id,"""ic_g4""",cfg_ic\ic_g4.yaml,task configuration; not behavior identified from IO
ic_g4,inventory_only,name,"""库存认证与修复""",cfg_ic\ic_g4.yaml,task configuration; not behavior identified from IO
ic_g4,inventory_only,research_question,"""同预算下库存、资格和边修复对供给冲击有何差异？""",cfg_ic\ic_g4.yaml,task configuration; not behavior identified from IO
ic_g4,inventory_only,metrics[1],"""output""",cfg_ic\ic_g4.yaml,task configuration; not behavior identified from IO
ic_g4,inventory_only,metrics[2],"""value_added""",cfg_ic\ic_g4.yaml,task configuration; not behavior identified from IO
ic_g4,inventory_only,metrics[3],"""shortage""",cfg_ic\ic_g4.yaml,task configuration; not behavior identified from IO
ic_g4,inventory_only,metrics[4],"""welfare""",cfg_ic\ic_g4.yaml,task configuration; not behavior identified from IO
ic_g4,inventory_only,shock.sector,4,cfg_ic\ic_g4.yaml,task configuration; not behavior identified from IO
ic_g4,inventory_only,shock.start,4,cfg_ic\ic_g4.yaml,task configuration; not behavior identified from IO
ic_g4,inventory_only,shock.end,8,cfg_ic\ic_g4.yaml,task configuration; not behavior identified from IO
ic_g4,inventory_only,shock.capacity_loss,0.3,cfg_ic\ic_g4.yaml,task configuration; not behavior identified from IO
ic_g4,inventory_only,policy.enabled,true,cfg_ic\ic_g4.yaml,task configuration; not behavior identified from IO
ic_g4,inventory_only,policy.channels.inventory,1.0,cfg_ic\ic_g4.yaml,task configuration; not behavior identified from IO
ic_g4,inventory_only,policy.start_period,4,cfg_ic\ic_g4.yaml,task configuration; not behavior identified from IO
ic_g4,inventory_only,source_v1_task_id,"""ic_g4_resilience_action_selection""",cfg_ic\ic_g4.yaml,task configuration; not behavior identified from IO
ic_g4,inventory_only,theory,"""韧性行动的缓释收益必须超过搜索、认证、协调和资源重配摩擦。""",cfg_ic\ic_g4.yaml,task configuration; not behavior identified from IO
ic_g4,inventory_only,source_v1_outcomes[1],"""resilience_index""",cfg_ic\ic_g4.yaml,task configuration; not behavior identified from IO
ic_g4,inventory_only,source_v1_outcomes[2],"""shortage_ratio""",cfg_ic\ic_g4.yaml,task configuration; not behavior identified from IO
ic_g4,inventory_only,source_v1_outcomes[3],"""output_loss""",cfg_ic\ic_g4.yaml,task configuration; not behavior identified from IO
ic_g4,inventory_only,source_v1_outcomes[4],"""fiscal_cost""",cfg_ic\ic_g4.yaml,task configuration; not behavior identified from IO
ic_g4,inventory_only,v1_arm_names[1],"""inventory_buffer_bias""",cfg_ic\ic_g4.yaml,task configuration; not behavior identified from IO
ic_g4,inventory_only,v1_arm_names[2],"""joint_verification_bias""",cfg_ic\ic_g4.yaml,task configuration; not behavior identified from IO
ic_g4,inventory_only,v1_arm_names[3],"""recovery_bias""",cfg_ic\ic_g4.yaml,task configuration; not behavior identified from IO
ic_g4,inventory_only,v1_arm_names[4],"""balanced_adaptive""",cfg_ic\ic_g4.yaml,task configuration; not behavior identified from IO
ic_g4,edge_only,periods,30,cfg_ic\ic_g4.yaml,task configuration; not behavior identified from IO
ic_g4,edge_only,seed,20261001,cfg_ic\ic_g4.yaml,task configuration; not behavior identified from IO
ic_g4,edge_only,import_case,"""proportional""",cfg_ic\ic_g4.yaml,task configuration; not behavior identified from IO
ic_g4,edge_only,budget_share,0.005,cfg_ic\ic_g4.yaml,task configuration; not behavior identified from IO
ic_g4,edge_only,modules[1],"""edge""",cfg_ic\ic_g4.yaml,task configuration; not behavior identified from IO
ic_g4,edge_only,modules[2],"""qualification""",cfg_ic\ic_g4.yaml,task configuration; not behavior identified from IO
ic_g4,edge_only,modules[3],"""inventory""",cfg_ic\ic_g4.yaml,task configuration; not behavior identified from IO
ic_g4,edge_only,external_supply_elasticity,1.25,cfg_ic\ic_g4.yaml,task configuration; not behavior identified from IO
ic_g4,edge_only,capacity_lag,4,cfg_ic\ic_g4.yaml,task configuration; not behavior identified from IO
ic_g4,edge_only,time_fit,0.9,cfg_ic\ic_g4.yaml,task configuration; not behavior identified from IO
ic_g4,edge_only,labor_share_of_va,0.8,cfg_ic\ic_g4.yaml,task configuration; not behavior identified from IO
ic_g4,edge_only,backlog_retention,0.25,cfg_ic\ic_g4.yaml,task configuration; not behavior identified from IO
ic_g4,edge_only,max_backlog_quarters,2.0,cfg_ic\ic_g4.yaml,task configuration; not behavior identified from IO
ic_g4,edge_only,edge_health_floor,0.85,cfg_ic\ic_g4.yaml,task configuration; not behavior identified from IO
ic_g4,edge_only,data_status,"""2020 IO accounting observed; import uses and behavior parameters are scenarios""",cfg_ic\ic_g4.yaml,task configuration; not behavior identified from IO
ic_g4,edge_only,task_id,"""ic_g4""",cfg_ic\ic_g4.yaml,task configuration; not behavior identified from IO
ic_g4,edge_only,name,"""库存认证与修复""",cfg_ic\ic_g4.yaml,task configuration; not behavior identified from IO
ic_g4,edge_only,research_question,"""同预算下库存、资格和边修复对供给冲击有何差异？""",cfg_ic\ic_g4.yaml,task configuration; not behavior identified from IO
ic_g4,edge_only,metrics[1],"""output""",cfg_ic\ic_g4.yaml,task configuration; not behavior identified from IO
ic_g4,edge_only,metrics[2],"""value_added""",cfg_ic\ic_g4.yaml,task configuration; not behavior identified from IO
ic_g4,edge_only,metrics[3],"""shortage""",cfg_ic\ic_g4.yaml,task configuration; not behavior identified from IO
ic_g4,edge_only,metrics[4],"""welfare""",cfg_ic\ic_g4.yaml,task configuration; not behavior identified from IO
ic_g4,edge_only,shock.sector,4,cfg_ic\ic_g4.yaml,task configuration; not behavior identified from IO
ic_g4,edge_only,shock.start,4,cfg_ic\ic_g4.yaml,task configuration; not behavior identified from IO
ic_g4,edge_only,shock.end,8,cfg_ic\ic_g4.yaml,task configuration; not behavior identified from IO
ic_g4,edge_only,shock.capacity_loss,0.3,cfg_ic\ic_g4.yaml,task configuration; not behavior identified from IO
ic_g4,edge_only,policy.enabled,true,cfg_ic\ic_g4.yaml,task configuration; not behavior identified from IO
ic_g4,edge_only,policy.channels.edge_repair,1.0,cfg_ic\ic_g4.yaml,task configuration; not behavior identified from IO
ic_g4,edge_only,policy.start_period,4,cfg_ic\ic_g4.yaml,task configuration; not behavior identified from IO
ic_g4,edge_only,source_v1_task_id,"""ic_g4_resilience_action_selection""",cfg_ic\ic_g4.yaml,task configuration; not behavior identified from IO
ic_g4,edge_only,theory,"""韧性行动的缓释收益必须超过搜索、认证、协调和资源重配摩擦。""",cfg_ic\ic_g4.yaml,task configuration; not behavior identified from IO
ic_g4,edge_only,source_v1_outcomes[1],"""resilience_index""",cfg_ic\ic_g4.yaml,task configuration; not behavior identified from IO
ic_g4,edge_only,source_v1_outcomes[2],"""shortage_ratio""",cfg_ic\ic_g4.yaml,task configuration; not behavior identified from IO
ic_g4,edge_only,source_v1_outcomes[3],"""output_loss""",cfg_ic\ic_g4.yaml,task configuration; not behavior identified from IO
ic_g4,edge_only,source_v1_outcomes[4],"""fiscal_cost""",cfg_ic\ic_g4.yaml,task configuration; not behavior identified from IO
ic_g4,edge_only,v1_arm_names[1],"""inventory_buffer_bias""",cfg_ic\ic_g4.yaml,task configuration; not behavior identified from IO
ic_g4,edge_only,v1_arm_names[2],"""joint_verification_bias""",cfg_ic\ic_g4.yaml,task configuration; not behavior identified from IO
ic_g4,edge_only,v1_arm_names[3],"""recovery_bias""",cfg_ic\ic_g4.yaml,task configuration; not behavior identified from IO
ic_g4,edge_only,v1_arm_names[4],"""balanced_adaptive""",cfg_ic\ic_g4.yaml,task configuration; not behavior identified from IO
ic_g4,no_policy,periods,30,cfg_ic\ic_g4.yaml,task configuration; not behavior identified from IO
ic_g4,no_policy,seed,20261001,cfg_ic\ic_g4.yaml,task configuration; not behavior identified from IO
ic_g4,no_policy,import_case,"""proportional""",cfg_ic\ic_g4.yaml,task configuration; not behavior identified from IO
ic_g4,no_policy,budget_share,0.005,cfg_ic\ic_g4.yaml,task configuration; not behavior identified from IO
ic_g4,no_policy,modules[1],"""edge""",cfg_ic\ic_g4.yaml,task configuration; not behavior identified from IO
ic_g4,no_policy,modules[2],"""qualification""",cfg_ic\ic_g4.yaml,task configuration; not behavior identified from IO
ic_g4,no_policy,modules[3],"""inventory""",cfg_ic\ic_g4.yaml,task configuration; not behavior identified from IO
ic_g4,no_policy,external_supply_elasticity,1.25,cfg_ic\ic_g4.yaml,task configuration; not behavior identified from IO
ic_g4,no_policy,capacity_lag,4,cfg_ic\ic_g4.yaml,task configuration; not behavior identified from IO
ic_g4,no_policy,time_fit,0.9,cfg_ic\ic_g4.yaml,task configuration; not behavior identified from IO
ic_g4,no_policy,labor_share_of_va,0.8,cfg_ic\ic_g4.yaml,task configuration; not behavior identified from IO
ic_g4,no_policy,backlog_retention,0.25,cfg_ic\ic_g4.yaml,task configuration; not behavior identified from IO
ic_g4,no_policy,max_backlog_quarters,2.0,cfg_ic\ic_g4.yaml,task configuration; not behavior identified from IO
ic_g4,no_policy,edge_health_floor,0.85,cfg_ic\ic_g4.yaml,task configuration; not behavior identified from IO
ic_g4,no_policy,data_status,"""2020 IO accounting observed; import uses and behavior parameters are scenarios""",cfg_ic\ic_g4.yaml,task configuration; not behavior identified from IO
ic_g4,no_policy,task_id,"""ic_g4""",cfg_ic\ic_g4.yaml,task configuration; not behavior identified from IO
ic_g4,no_policy,name,"""库存认证与修复""",cfg_ic\ic_g4.yaml,task configuration; not behavior identified from IO
ic_g4,no_policy,research_question,"""同预算下库存、资格和边修复对供给冲击有何差异？""",cfg_ic\ic_g4.yaml,task configuration; not behavior identified from IO
ic_g4,no_policy,metrics[1],"""output""",cfg_ic\ic_g4.yaml,task configuration; not behavior identified from IO
ic_g4,no_policy,metrics[2],"""value_added""",cfg_ic\ic_g4.yaml,task configuration; not behavior identified from IO
ic_g4,no_policy,metrics[3],"""shortage""",cfg_ic\ic_g4.yaml,task configuration; not behavior identified from IO
ic_g4,no_policy,metrics[4],"""welfare""",cfg_ic\ic_g4.yaml,task configuration; not behavior identified from IO
ic_g4,no_policy,shock.sector,4,cfg_ic\ic_g4.yaml,task configuration; not behavior identified from IO
ic_g4,no_policy,shock.start,4,cfg_ic\ic_g4.yaml,task configuration; not behavior identified from IO
ic_g4,no_policy,shock.end,8,cfg_ic\ic_g4.yaml,task configuration; not behavior identified from IO
ic_g4,no_policy,shock.capacity_loss,0.3,cfg_ic\ic_g4.yaml,task configuration; not behavior identified from IO
ic_g4,no_policy,policy.enabled,false,cfg_ic\ic_g4.yaml,task configuration; not behavior identified from IO
ic_g4,no_policy,policy.channels.inventory,0.5,cfg_ic\ic_g4.yaml,task configuration; not behavior identified from IO
ic_g4,no_policy,policy.channels.qualification,0.25,cfg_ic\ic_g4.yaml,task configuration; not behavior identified from IO
ic_g4,no_policy,policy.channels.edge_repair,0.25,cfg_ic\ic_g4.yaml,task configuration; not behavior identified from IO
ic_g4,no_policy,policy.start_period,4,cfg_ic\ic_g4.yaml,task configuration; not behavior identified from IO
ic_g4,no_policy,source_v1_task_id,"""ic_g4_resilience_action_selection""",cfg_ic\ic_g4.yaml,task configuration; not behavior identified from IO
ic_g4,no_policy,theory,"""韧性行动的缓释收益必须超过搜索、认证、协调和资源重配摩擦。""",cfg_ic\ic_g4.yaml,task configuration; not behavior identified from IO
ic_g4,no_policy,source_v1_outcomes[1],"""resilience_index""",cfg_ic\ic_g4.yaml,task configuration; not behavior identified from IO
ic_g4,no_policy,source_v1_outcomes[2],"""shortage_ratio""",cfg_ic\ic_g4.yaml,task configuration; not behavior identified from IO
ic_g4,no_policy,source_v1_outcomes[3],"""output_loss""",cfg_ic\ic_g4.yaml,task configuration; not behavior identified from IO
ic_g4,no_policy,source_v1_outcomes[4],"""fiscal_cost""",cfg_ic\ic_g4.yaml,task configuration; not behavior identified from IO
ic_g4,no_policy,v1_arm_names[1],"""inventory_buffer_bias""",cfg_ic\ic_g4.yaml,task configuration; not behavior identified from IO
ic_g4,no_policy,v1_arm_names[2],"""joint_verification_bias""",cfg_ic\ic_g4.yaml,task configuration; not behavior identified from IO
ic_g4,no_policy,v1_arm_names[3],"""recovery_bias""",cfg_ic\ic_g4.yaml,task configuration; not behavior identified from IO
ic_g4,no_policy,v1_arm_names[4],"""balanced_adaptive""",cfg_ic\ic_g4.yaml,task configuration; not behavior identified from IO
ic_g4,inventory_buffer_bias,periods,30,cfg_ic\ic_g4.yaml,task configuration; not behavior identified from IO
ic_g4,inventory_buffer_bias,seed,20261001,cfg_ic\ic_g4.yaml,task configuration; not behavior identified from IO
ic_g4,inventory_buffer_bias,import_case,"""proportional""",cfg_ic\ic_g4.yaml,task configuration; not behavior identified from IO
ic_g4,inventory_buffer_bias,budget_share,0.005,cfg_ic\ic_g4.yaml,task configuration; not behavior identified from IO
ic_g4,inventory_buffer_bias,modules[1],"""edge""",cfg_ic\ic_g4.yaml,task configuration; not behavior identified from IO
ic_g4,inventory_buffer_bias,modules[2],"""qualification""",cfg_ic\ic_g4.yaml,task configuration; not behavior identified from IO
ic_g4,inventory_buffer_bias,modules[3],"""inventory""",cfg_ic\ic_g4.yaml,task configuration; not behavior identified from IO
ic_g4,inventory_buffer_bias,external_supply_elasticity,1.25,cfg_ic\ic_g4.yaml,task configuration; not behavior identified from IO
ic_g4,inventory_buffer_bias,capacity_lag,4,cfg_ic\ic_g4.yaml,task configuration; not behavior identified from IO
ic_g4,inventory_buffer_bias,time_fit,0.9,cfg_ic\ic_g4.yaml,task configuration; not behavior identified from IO
ic_g4,inventory_buffer_bias,labor_share_of_va,0.8,cfg_ic\ic_g4.yaml,task configuration; not behavior identified from IO
ic_g4,inventory_buffer_bias,backlog_retention,0.25,cfg_ic\ic_g4.yaml,task configuration; not behavior identified from IO
ic_g4,inventory_buffer_bias,max_backlog_quarters,2.0,cfg_ic\ic_g4.yaml,task configuration; not behavior identified from IO
ic_g4,inventory_buffer_bias,edge_health_floor,0.85,cfg_ic\ic_g4.yaml,task configuration; not behavior identified from IO
ic_g4,inventory_buffer_bias,data_status,"""2020 IO accounting observed; import uses and behavior parameters are scenarios""",cfg_ic\ic_g4.yaml,task configuration; not behavior identified from IO
ic_g4,inventory_buffer_bias,task_id,"""ic_g4""",cfg_ic\ic_g4.yaml,task configuration; not behavior identified from IO
ic_g4,inventory_buffer_bias,name,"""库存认证与修复""",cfg_ic\ic_g4.yaml,task configuration; not behavior identified from IO
ic_g4,inventory_buffer_bias,research_question,"""同预算下库存、资格和边修复对供给冲击有何差异？""",cfg_ic\ic_g4.yaml,task configuration; not behavior identified from IO
ic_g4,inventory_buffer_bias,metrics[1],"""output""",cfg_ic\ic_g4.yaml,task configuration; not behavior identified from IO
ic_g4,inventory_buffer_bias,metrics[2],"""value_added""",cfg_ic\ic_g4.yaml,task configuration; not behavior identified from IO
ic_g4,inventory_buffer_bias,metrics[3],"""shortage""",cfg_ic\ic_g4.yaml,task configuration; not behavior identified from IO
ic_g4,inventory_buffer_bias,metrics[4],"""welfare""",cfg_ic\ic_g4.yaml,task configuration; not behavior identified from IO
ic_g4,inventory_buffer_bias,shock.sector,4,cfg_ic\ic_g4.yaml,task configuration; not behavior identified from IO
ic_g4,inventory_buffer_bias,shock.start,4,cfg_ic\ic_g4.yaml,task configuration; not behavior identified from IO
ic_g4,inventory_buffer_bias,shock.end,8,cfg_ic\ic_g4.yaml,task configuration; not behavior identified from IO
ic_g4,inventory_buffer_bias,shock.capacity_loss,0.3,cfg_ic\ic_g4.yaml,task configuration; not behavior identified from IO
ic_g4,inventory_buffer_bias,policy.enabled,true,cfg_ic\ic_g4.yaml,task configuration; not behavior identified from IO
ic_g4,inventory_buffer_bias,policy.channels.inventory,1.0,cfg_ic\ic_g4.yaml,task configuration; not behavior identified from IO
ic_g4,inventory_buffer_bias,policy.start_period,4,cfg_ic\ic_g4.yaml,task configuration; not behavior identified from IO
ic_g4,inventory_buffer_bias,source_v1_task_id,"""ic_g4_resilience_action_selection""",cfg_ic\ic_g4.yaml,task configuration; not behavior identified from IO
ic_g4,inventory_buffer_bias,theory,"""韧性行动的缓释收益必须超过搜索、认证、协调和资源重配摩擦。""",cfg_ic\ic_g4.yaml,task configuration; not behavior identified from IO
ic_g4,inventory_buffer_bias,source_v1_outcomes[1],"""resilience_index""",cfg_ic\ic_g4.yaml,task configuration; not behavior identified from IO
ic_g4,inventory_buffer_bias,source_v1_outcomes[2],"""shortage_ratio""",cfg_ic\ic_g4.yaml,task configuration; not behavior identified from IO
ic_g4,inventory_buffer_bias,source_v1_outcomes[3],"""output_loss""",cfg_ic\ic_g4.yaml,task configuration; not behavior identified from IO
ic_g4,inventory_buffer_bias,source_v1_outcomes[4],"""fiscal_cost""",cfg_ic\ic_g4.yaml,task configuration; not behavior identified from IO
ic_g4,inventory_buffer_bias,v1_arm_names[1],"""inventory_buffer_bias""",cfg_ic\ic_g4.yaml,task configuration; not behavior identified from IO
ic_g4,inventory_buffer_bias,v1_arm_names[2],"""joint_verification_bias""",cfg_ic\ic_g4.yaml,task configuration; not behavior identified from IO
ic_g4,inventory_buffer_bias,v1_arm_names[3],"""recovery_bias""",cfg_ic\ic_g4.yaml,task configuration; not behavior identified from IO
ic_g4,inventory_buffer_bias,v1_arm_names[4],"""balanced_adaptive""",cfg_ic\ic_g4.yaml,task configuration; not behavior identified from IO
ic_g4,joint_verification_bias,periods,30,cfg_ic\ic_g4.yaml,task configuration; not behavior identified from IO
ic_g4,joint_verification_bias,seed,20261001,cfg_ic\ic_g4.yaml,task configuration; not behavior identified from IO
ic_g4,joint_verification_bias,import_case,"""proportional""",cfg_ic\ic_g4.yaml,task configuration; not behavior identified from IO
ic_g4,joint_verification_bias,budget_share,0.005,cfg_ic\ic_g4.yaml,task configuration; not behavior identified from IO
ic_g4,joint_verification_bias,modules[1],"""edge""",cfg_ic\ic_g4.yaml,task configuration; not behavior identified from IO
ic_g4,joint_verification_bias,modules[2],"""qualification""",cfg_ic\ic_g4.yaml,task configuration; not behavior identified from IO
ic_g4,joint_verification_bias,modules[3],"""inventory""",cfg_ic\ic_g4.yaml,task configuration; not behavior identified from IO
ic_g4,joint_verification_bias,external_supply_elasticity,1.25,cfg_ic\ic_g4.yaml,task configuration; not behavior identified from IO
ic_g4,joint_verification_bias,capacity_lag,4,cfg_ic\ic_g4.yaml,task configuration; not behavior identified from IO
ic_g4,joint_verification_bias,time_fit,0.9,cfg_ic\ic_g4.yaml,task configuration; not behavior identified from IO
ic_g4,joint_verification_bias,labor_share_of_va,0.8,cfg_ic\ic_g4.yaml,task configuration; not behavior identified from IO
ic_g4,joint_verification_bias,backlog_retention,0.25,cfg_ic\ic_g4.yaml,task configuration; not behavior identified from IO
ic_g4,joint_verification_bias,max_backlog_quarters,2.0,cfg_ic\ic_g4.yaml,task configuration; not behavior identified from IO
ic_g4,joint_verification_bias,edge_health_floor,0.85,cfg_ic\ic_g4.yaml,task configuration; not behavior identified from IO
ic_g4,joint_verification_bias,data_status,"""2020 IO accounting observed; import uses and behavior parameters are scenarios""",cfg_ic\ic_g4.yaml,task configuration; not behavior identified from IO
ic_g4,joint_verification_bias,task_id,"""ic_g4""",cfg_ic\ic_g4.yaml,task configuration; not behavior identified from IO
ic_g4,joint_verification_bias,name,"""库存认证与修复""",cfg_ic\ic_g4.yaml,task configuration; not behavior identified from IO
ic_g4,joint_verification_bias,research_question,"""同预算下库存、资格和边修复对供给冲击有何差异？""",cfg_ic\ic_g4.yaml,task configuration; not behavior identified from IO
ic_g4,joint_verification_bias,metrics[1],"""output""",cfg_ic\ic_g4.yaml,task configuration; not behavior identified from IO
ic_g4,joint_verification_bias,metrics[2],"""value_added""",cfg_ic\ic_g4.yaml,task configuration; not behavior identified from IO
ic_g4,joint_verification_bias,metrics[3],"""shortage""",cfg_ic\ic_g4.yaml,task configuration; not behavior identified from IO
ic_g4,joint_verification_bias,metrics[4],"""welfare""",cfg_ic\ic_g4.yaml,task configuration; not behavior identified from IO
ic_g4,joint_verification_bias,shock.sector,4,cfg_ic\ic_g4.yaml,task configuration; not behavior identified from IO
ic_g4,joint_verification_bias,shock.start,4,cfg_ic\ic_g4.yaml,task configuration; not behavior identified from IO
ic_g4,joint_verification_bias,shock.end,8,cfg_ic\ic_g4.yaml,task configuration; not behavior identified from IO
ic_g4,joint_verification_bias,shock.capacity_loss,0.3,cfg_ic\ic_g4.yaml,task configuration; not behavior identified from IO
ic_g4,joint_verification_bias,policy.enabled,true,cfg_ic\ic_g4.yaml,task configuration; not behavior identified from IO
ic_g4,joint_verification_bias,policy.channels.qualification,1.0,cfg_ic\ic_g4.yaml,task configuration; not behavior identified from IO
ic_g4,joint_verification_bias,policy.start_period,4,cfg_ic\ic_g4.yaml,task configuration; not behavior identified from IO
ic_g4,joint_verification_bias,source_v1_task_id,"""ic_g4_resilience_action_selection""",cfg_ic\ic_g4.yaml,task configuration; not behavior identified from IO
ic_g4,joint_verification_bias,theory,"""韧性行动的缓释收益必须超过搜索、认证、协调和资源重配摩擦。""",cfg_ic\ic_g4.yaml,task configuration; not behavior identified from IO
ic_g4,joint_verification_bias,source_v1_outcomes[1],"""resilience_index""",cfg_ic\ic_g4.yaml,task configuration; not behavior identified from IO
ic_g4,joint_verification_bias,source_v1_outcomes[2],"""shortage_ratio""",cfg_ic\ic_g4.yaml,task configuration; not behavior identified from IO
ic_g4,joint_verification_bias,source_v1_outcomes[3],"""output_loss""",cfg_ic\ic_g4.yaml,task configuration; not behavior identified from IO
ic_g4,joint_verification_bias,source_v1_outcomes[4],"""fiscal_cost""",cfg_ic\ic_g4.yaml,task configuration; not behavior identified from IO
ic_g4,joint_verification_bias,v1_arm_names[1],"""inventory_buffer_bias""",cfg_ic\ic_g4.yaml,task configuration; not behavior identified from IO
ic_g4,joint_verification_bias,v1_arm_names[2],"""joint_verification_bias""",cfg_ic\ic_g4.yaml,task configuration; not behavior identified from IO
ic_g4,joint_verification_bias,v1_arm_names[3],"""recovery_bias""",cfg_ic\ic_g4.yaml,task configuration; not behavior identified from IO
ic_g4,joint_verification_bias,v1_arm_names[4],"""balanced_adaptive""",cfg_ic\ic_g4.yaml,task configuration; not behavior identified from IO
ic_g4,recovery_bias,periods,30,cfg_ic\ic_g4.yaml,task configuration; not behavior identified from IO
ic_g4,recovery_bias,seed,20261001,cfg_ic\ic_g4.yaml,task configuration; not behavior identified from IO
ic_g4,recovery_bias,import_case,"""proportional""",cfg_ic\ic_g4.yaml,task configuration; not behavior identified from IO
ic_g4,recovery_bias,budget_share,0.005,cfg_ic\ic_g4.yaml,task configuration; not behavior identified from IO
ic_g4,recovery_bias,modules[1],"""edge""",cfg_ic\ic_g4.yaml,task configuration; not behavior identified from IO
ic_g4,recovery_bias,modules[2],"""qualification""",cfg_ic\ic_g4.yaml,task configuration; not behavior identified from IO
ic_g4,recovery_bias,modules[3],"""inventory""",cfg_ic\ic_g4.yaml,task configuration; not behavior identified from IO
ic_g4,recovery_bias,external_supply_elasticity,1.25,cfg_ic\ic_g4.yaml,task configuration; not behavior identified from IO
ic_g4,recovery_bias,capacity_lag,4,cfg_ic\ic_g4.yaml,task configuration; not behavior identified from IO
ic_g4,recovery_bias,time_fit,0.9,cfg_ic\ic_g4.yaml,task configuration; not behavior identified from IO
ic_g4,recovery_bias,labor_share_of_va,0.8,cfg_ic\ic_g4.yaml,task configuration; not behavior identified from IO
ic_g4,recovery_bias,backlog_retention,0.25,cfg_ic\ic_g4.yaml,task configuration; not behavior identified from IO
ic_g4,recovery_bias,max_backlog_quarters,2.0,cfg_ic\ic_g4.yaml,task configuration; not behavior identified from IO
ic_g4,recovery_bias,edge_health_floor,0.85,cfg_ic\ic_g4.yaml,task configuration; not behavior identified from IO
ic_g4,recovery_bias,data_status,"""2020 IO accounting observed; import uses and behavior parameters are scenarios""",cfg_ic\ic_g4.yaml,task configuration; not behavior identified from IO
ic_g4,recovery_bias,task_id,"""ic_g4""",cfg_ic\ic_g4.yaml,task configuration; not behavior identified from IO
ic_g4,recovery_bias,name,"""库存认证与修复""",cfg_ic\ic_g4.yaml,task configuration; not behavior identified from IO
ic_g4,recovery_bias,research_question,"""同预算下库存、资格和边修复对供给冲击有何差异？""",cfg_ic\ic_g4.yaml,task configuration; not behavior identified from IO
ic_g4,recovery_bias,metrics[1],"""output""",cfg_ic\ic_g4.yaml,task configuration; not behavior identified from IO
ic_g4,recovery_bias,metrics[2],"""value_added""",cfg_ic\ic_g4.yaml,task configuration; not behavior identified from IO
ic_g4,recovery_bias,metrics[3],"""shortage""",cfg_ic\ic_g4.yaml,task configuration; not behavior identified from IO
ic_g4,recovery_bias,metrics[4],"""welfare""",cfg_ic\ic_g4.yaml,task configuration; not behavior identified from IO
ic_g4,recovery_bias,shock.sector,4,cfg_ic\ic_g4.yaml,task configuration; not behavior identified from IO
ic_g4,recovery_bias,shock.start,4,cfg_ic\ic_g4.yaml,task configuration; not behavior identified from IO
ic_g4,recovery_bias,shock.end,8,cfg_ic\ic_g4.yaml,task configuration; not behavior identified from IO
ic_g4,recovery_bias,shock.capacity_loss,0.3,cfg_ic\ic_g4.yaml,task configuration; not behavior identified from IO
ic_g4,recovery_bias,policy.enabled,true,cfg_ic\ic_g4.yaml,task configuration; not behavior identified from IO
ic_g4,recovery_bias,policy.channels.edge_repair,1.0,cfg_ic\ic_g4.yaml,task configuration; not behavior identified from IO
ic_g4,recovery_bias,policy.start_period,4,cfg_ic\ic_g4.yaml,task configuration; not behavior identified from IO
ic_g4,recovery_bias,source_v1_task_id,"""ic_g4_resilience_action_selection""",cfg_ic\ic_g4.yaml,task configuration; not behavior identified from IO
ic_g4,recovery_bias,theory,"""韧性行动的缓释收益必须超过搜索、认证、协调和资源重配摩擦。""",cfg_ic\ic_g4.yaml,task configuration; not behavior identified from IO
ic_g4,recovery_bias,source_v1_outcomes[1],"""resilience_index""",cfg_ic\ic_g4.yaml,task configuration; not behavior identified from IO
ic_g4,recovery_bias,source_v1_outcomes[2],"""shortage_ratio""",cfg_ic\ic_g4.yaml,task configuration; not behavior identified from IO
ic_g4,recovery_bias,source_v1_outcomes[3],"""output_loss""",cfg_ic\ic_g4.yaml,task configuration; not behavior identified from IO
ic_g4,recovery_bias,source_v1_outcomes[4],"""fiscal_cost""",cfg_ic\ic_g4.yaml,task configuration; not behavior identified from IO
ic_g4,recovery_bias,v1_arm_names[1],"""inventory_buffer_bias""",cfg_ic\ic_g4.yaml,task configuration; not behavior identified from IO
ic_g4,recovery_bias,v1_arm_names[2],"""joint_verification_bias""",cfg_ic\ic_g4.yaml,task configuration; not behavior identified from IO
ic_g4,recovery_bias,v1_arm_names[3],"""recovery_bias""",cfg_ic\ic_g4.yaml,task configuration; not behavior identified from IO
ic_g4,recovery_bias,v1_arm_names[4],"""balanced_adaptive""",cfg_ic\ic_g4.yaml,task configuration; not behavior identified from IO
ic_g4,balanced_adaptive,periods,30,cfg_ic\ic_g4.yaml,task configuration; not behavior identified from IO
ic_g4,balanced_adaptive,seed,20261001,cfg_ic\ic_g4.yaml,task configuration; not behavior identified from IO
ic_g4,balanced_adaptive,import_case,"""proportional""",cfg_ic\ic_g4.yaml,task configuration; not behavior identified from IO
ic_g4,balanced_adaptive,budget_share,0.005,cfg_ic\ic_g4.yaml,task configuration; not behavior identified from IO
ic_g4,balanced_adaptive,modules[1],"""edge""",cfg_ic\ic_g4.yaml,task configuration; not behavior identified from IO
ic_g4,balanced_adaptive,modules[2],"""qualification""",cfg_ic\ic_g4.yaml,task configuration; not behavior identified from IO
ic_g4,balanced_adaptive,modules[3],"""inventory""",cfg_ic\ic_g4.yaml,task configuration; not behavior identified from IO
ic_g4,balanced_adaptive,external_supply_elasticity,1.25,cfg_ic\ic_g4.yaml,task configuration; not behavior identified from IO
ic_g4,balanced_adaptive,capacity_lag,4,cfg_ic\ic_g4.yaml,task configuration; not behavior identified from IO
ic_g4,balanced_adaptive,time_fit,0.9,cfg_ic\ic_g4.yaml,task configuration; not behavior identified from IO
ic_g4,balanced_adaptive,labor_share_of_va,0.8,cfg_ic\ic_g4.yaml,task configuration; not behavior identified from IO
ic_g4,balanced_adaptive,backlog_retention,0.25,cfg_ic\ic_g4.yaml,task configuration; not behavior identified from IO
ic_g4,balanced_adaptive,max_backlog_quarters,2.0,cfg_ic\ic_g4.yaml,task configuration; not behavior identified from IO
ic_g4,balanced_adaptive,edge_health_floor,0.85,cfg_ic\ic_g4.yaml,task configuration; not behavior identified from IO
ic_g4,balanced_adaptive,data_status,"""2020 IO accounting observed; import uses and behavior parameters are scenarios""",cfg_ic\ic_g4.yaml,task configuration; not behavior identified from IO
ic_g4,balanced_adaptive,task_id,"""ic_g4""",cfg_ic\ic_g4.yaml,task configuration; not behavior identified from IO
ic_g4,balanced_adaptive,name,"""库存认证与修复""",cfg_ic\ic_g4.yaml,task configuration; not behavior identified from IO
ic_g4,balanced_adaptive,research_question,"""同预算下库存、资格和边修复对供给冲击有何差异？""",cfg_ic\ic_g4.yaml,task configuration; not behavior identified from IO
ic_g4,balanced_adaptive,metrics[1],"""output""",cfg_ic\ic_g4.yaml,task configuration; not behavior identified from IO
ic_g4,balanced_adaptive,metrics[2],"""value_added""",cfg_ic\ic_g4.yaml,task configuration; not behavior identified from IO
ic_g4,balanced_adaptive,metrics[3],"""shortage""",cfg_ic\ic_g4.yaml,task configuration; not behavior identified from IO
ic_g4,balanced_adaptive,metrics[4],"""welfare""",cfg_ic\ic_g4.yaml,task configuration; not behavior identified from IO
ic_g4,balanced_adaptive,shock.sector,4,cfg_ic\ic_g4.yaml,task configuration; not behavior identified from IO
ic_g4,balanced_adaptive,shock.start,4,cfg_ic\ic_g4.yaml,task configuration; not behavior identified from IO
ic_g4,balanced_adaptive,shock.end,8,cfg_ic\ic_g4.yaml,task configuration; not behavior identified from IO
ic_g4,balanced_adaptive,shock.capacity_loss,0.3,cfg_ic\ic_g4.yaml,task configuration; not behavior identified from IO
ic_g4,balanced_adaptive,policy.enabled,true,cfg_ic\ic_g4.yaml,task configuration; not behavior identified from IO
ic_g4,balanced_adaptive,policy.channels.inventory,0.5,cfg_ic\ic_g4.yaml,task configuration; not behavior identified from IO
ic_g4,balanced_adaptive,policy.channels.qualification,0.25,cfg_ic\ic_g4.yaml,task configuration; not behavior identified from IO
ic_g4,balanced_adaptive,policy.channels.edge_repair,0.25,cfg_ic\ic_g4.yaml,task configuration; not behavior identified from IO
ic_g4,balanced_adaptive,policy.start_period,4,cfg_ic\ic_g4.yaml,task configuration; not behavior identified from IO
ic_g4,balanced_adaptive,source_v1_task_id,"""ic_g4_resilience_action_selection""",cfg_ic\ic_g4.yaml,task configuration; not behavior identified from IO
ic_g4,balanced_adaptive,theory,"""韧性行动的缓释收益必须超过搜索、认证、协调和资源重配摩擦。""",cfg_ic\ic_g4.yaml,task configuration; not behavior identified from IO
ic_g4,balanced_adaptive,source_v1_outcomes[1],"""resilience_index""",cfg_ic\ic_g4.yaml,task configuration; not behavior identified from IO
ic_g4,balanced_adaptive,source_v1_outcomes[2],"""shortage_ratio""",cfg_ic\ic_g4.yaml,task configuration; not behavior identified from IO
ic_g4,balanced_adaptive,source_v1_outcomes[3],"""output_loss""",cfg_ic\ic_g4.yaml,task configuration; not behavior identified from IO
ic_g4,balanced_adaptive,source_v1_outcomes[4],"""fiscal_cost""",cfg_ic\ic_g4.yaml,task configuration; not behavior identified from IO
ic_g4,balanced_adaptive,v1_arm_names[1],"""inventory_buffer_bias""",cfg_ic\ic_g4.yaml,task configuration; not behavior identified from IO
ic_g4,balanced_adaptive,v1_arm_names[2],"""joint_verification_bias""",cfg_ic\ic_g4.yaml,task configuration; not behavior identified from IO
ic_g4,balanced_adaptive,v1_arm_names[3],"""recovery_bias""",cfg_ic\ic_g4.yaml,task configuration; not behavior identified from IO
ic_g4,balanced_adaptive,v1_arm_names[4],"""balanced_adaptive""",cfg_ic\ic_g4.yaml,task configuration; not behavior identified from IO
ic_g5,base,periods,30,cfg_ic\ic_g5.yaml,task configuration; not behavior identified from IO
ic_g5,base,seed,20261001,cfg_ic\ic_g5.yaml,task configuration; not behavior identified from IO
ic_g5,base,import_case,"""proportional""",cfg_ic\ic_g5.yaml,task configuration; not behavior identified from IO
ic_g5,base,budget_share,0.01,cfg_ic\ic_g5.yaml,task configuration; not behavior identified from IO
ic_g5,base,modules[1],"""edge""",cfg_ic\ic_g5.yaml,task configuration; not behavior identified from IO
ic_g5,base,modules[2],"""ai""",cfg_ic\ic_g5.yaml,task configuration; not behavior identified from IO
ic_g5,base,modules[3],"""investment""",cfg_ic\ic_g5.yaml,task configuration; not behavior identified from IO
ic_g5,base,modules[4],"""innovation""",cfg_ic\ic_g5.yaml,task configuration; not behavior identified from IO
ic_g5,base,modules[5],"""qualification""",cfg_ic\ic_g5.yaml,task configuration; not behavior identified from IO
ic_g5,base,modules[6],"""inventory""",cfg_ic\ic_g5.yaml,task configuration; not behavior identified from IO
ic_g5,base,modules[7],"""coordination""",cfg_ic\ic_g5.yaml,task configuration; not behavior identified from IO
ic_g5,base,external_supply_elasticity,1.25,cfg_ic\ic_g5.yaml,task configuration; not behavior identified from IO
ic_g5,base,capacity_lag,4,cfg_ic\ic_g5.yaml,task configuration; not behavior identified from IO
ic_g5,base,time_fit,0.9,cfg_ic\ic_g5.yaml,task configuration; not behavior identified from IO
ic_g5,base,labor_share_of_va,0.8,cfg_ic\ic_g5.yaml,task configuration; not behavior identified from IO
ic_g5,base,backlog_retention,0.25,cfg_ic\ic_g5.yaml,task configuration; not behavior identified from IO
ic_g5,base,max_backlog_quarters,2.0,cfg_ic\ic_g5.yaml,task configuration; not behavior identified from IO
ic_g5,base,edge_health_floor,0.85,cfg_ic\ic_g5.yaml,task configuration; not behavior identified from IO
ic_g5,base,data_status,"""2020 IO accounting observed; import uses and behavior parameters are scenarios""",cfg_ic\ic_g5.yaml,task configuration; not behavior identified from IO
ic_g5,base,task_id,"""ic_g5""",cfg_ic\ic_g5.yaml,task configuration; not behavior identified from IO
ic_g5,base,name,"""多目标政策组合""",cfg_ic\ic_g5.yaml,task configuration; not behavior identified from IO
ic_g5,base,research_question,"""组合治理是否优于同预算的单项政策？""",cfg_ic\ic_g5.yaml,task configuration; not behavior identified from IO
ic_g5,base,metrics[1],"""output""",cfg_ic\ic_g5.yaml,task configuration; not behavior identified from IO
ic_g5,base,metrics[2],"""value_added""",cfg_ic\ic_g5.yaml,task configuration; not behavior identified from IO
ic_g5,base,metrics[3],"""shortage""",cfg_ic\ic_g5.yaml,task configuration; not behavior identified from IO
ic_g5,base,metrics[4],"""welfare""",cfg_ic\ic_g5.yaml,task configuration; not behavior identified from IO
ic_g5,base,shock.sector,8,cfg_ic\ic_g5.yaml,task configuration; not behavior identified from IO
ic_g5,base,shock.start,5,cfg_ic\ic_g5.yaml,task configuration; not behavior identified from IO
ic_g5,base,shock.end,10,cfg_ic\ic_g5.yaml,task configuration; not behavior identified from IO
ic_g5,base,shock.capacity_loss,0.2,cfg_ic\ic_g5.yaml,task configuration; not behavior identified from IO
ic_g5,base,policy.enabled,true,cfg_ic\ic_g5.yaml,task configuration; not behavior identified from IO
ic_g5,base,policy.channels.ai,0.15,cfg_ic\ic_g5.yaml,task configuration; not behavior identified from IO
ic_g5,base,policy.channels.capacity,0.25,cfg_ic\ic_g5.yaml,task configuration; not behavior identified from IO
ic_g5,base,policy.channels.rd,0.15,cfg_ic\ic_g5.yaml,task configuration; not behavior identified from IO
ic_g5,base,policy.channels.qualification,0.2,cfg_ic\ic_g5.yaml,task configuration; not behavior identified from IO
ic_g5,base,policy.channels.inventory,0.15,cfg_ic\ic_g5.yaml,task configuration; not behavior identified from IO
ic_g5,base,policy.channels.edge_repair,0.1,cfg_ic\ic_g5.yaml,task configuration; not behavior identified from IO
ic_g5,base,policy.start_period,5,cfg_ic\ic_g5.yaml,task configuration; not behavior identified from IO
ic_g5,base,source_v1_task_id,"""ic_g5_multi_policy_coordination""",cfg_ic\ic_g5.yaml,task configuration; not behavior identified from IO
ic_g5,base,theory,"""单项最优政策的简单叠加未必系统最优，多工具政策需要共同考虑产出、技术、韧性、价格和财政成本。""",cfg_ic\ic_g5.yaml,task configuration; not behavior identified from IO
ic_g5,base,source_v1_outcomes[1],"""total_value_added""",cfg_ic\ic_g5.yaml,task configuration; not behavior identified from IO
ic_g5,base,source_v1_outcomes[2],"""resilience_index""",cfg_ic\ic_g5.yaml,task configuration; not behavior identified from IO
ic_g5,base,source_v1_outcomes[3],"""shortage_ratio""",cfg_ic\ic_g5.yaml,task configuration; not behavior identified from IO
ic_g5,base,source_v1_outcomes[4],"""price_index""",cfg_ic\ic_g5.yaml,task configuration; not behavior identified from IO
ic_g5,base,source_v1_outcomes[5],"""fiscal_cost""",cfg_ic\ic_g5.yaml,task configuration; not behavior identified from IO
ic_g5,base,v1_arm_names[1],"""ai_department_only""",cfg_ic\ic_g5.yaml,task configuration; not behavior identified from IO
ic_g5,base,v1_arm_names[2],"""industry_department_only""",cfg_ic\ic_g5.yaml,task configuration; not behavior identified from IO
ic_g5,base,v1_arm_names[3],"""science_department_only""",cfg_ic\ic_g5.yaml,task configuration; not behavior identified from IO
ic_g5,base,v1_arm_names[4],"""fixed_uncoordinated_mix""",cfg_ic\ic_g5.yaml,task configuration; not behavior identified from IO
ic_g5,base,v1_arm_names[5],"""structured_adaptive_mix""",cfg_ic\ic_g5.yaml,task configuration; not behavior identified from IO
ic_g5,capacity_only,periods,30,cfg_ic\ic_g5.yaml,task configuration; not behavior identified from IO
ic_g5,capacity_only,seed,20261001,cfg_ic\ic_g5.yaml,task configuration; not behavior identified from IO
ic_g5,capacity_only,import_case,"""proportional""",cfg_ic\ic_g5.yaml,task configuration; not behavior identified from IO
ic_g5,capacity_only,budget_share,0.01,cfg_ic\ic_g5.yaml,task configuration; not behavior identified from IO
ic_g5,capacity_only,modules[1],"""edge""",cfg_ic\ic_g5.yaml,task configuration; not behavior identified from IO
ic_g5,capacity_only,modules[2],"""ai""",cfg_ic\ic_g5.yaml,task configuration; not behavior identified from IO
ic_g5,capacity_only,modules[3],"""investment""",cfg_ic\ic_g5.yaml,task configuration; not behavior identified from IO
ic_g5,capacity_only,modules[4],"""innovation""",cfg_ic\ic_g5.yaml,task configuration; not behavior identified from IO
ic_g5,capacity_only,modules[5],"""qualification""",cfg_ic\ic_g5.yaml,task configuration; not behavior identified from IO
ic_g5,capacity_only,modules[6],"""inventory""",cfg_ic\ic_g5.yaml,task configuration; not behavior identified from IO
ic_g5,capacity_only,modules[7],"""coordination""",cfg_ic\ic_g5.yaml,task configuration; not behavior identified from IO
ic_g5,capacity_only,external_supply_elasticity,1.25,cfg_ic\ic_g5.yaml,task configuration; not behavior identified from IO
ic_g5,capacity_only,capacity_lag,4,cfg_ic\ic_g5.yaml,task configuration; not behavior identified from IO
ic_g5,capacity_only,time_fit,0.9,cfg_ic\ic_g5.yaml,task configuration; not behavior identified from IO
ic_g5,capacity_only,labor_share_of_va,0.8,cfg_ic\ic_g5.yaml,task configuration; not behavior identified from IO
ic_g5,capacity_only,backlog_retention,0.25,cfg_ic\ic_g5.yaml,task configuration; not behavior identified from IO
ic_g5,capacity_only,max_backlog_quarters,2.0,cfg_ic\ic_g5.yaml,task configuration; not behavior identified from IO
ic_g5,capacity_only,edge_health_floor,0.85,cfg_ic\ic_g5.yaml,task configuration; not behavior identified from IO
ic_g5,capacity_only,data_status,"""2020 IO accounting observed; import uses and behavior parameters are scenarios""",cfg_ic\ic_g5.yaml,task configuration; not behavior identified from IO
ic_g5,capacity_only,task_id,"""ic_g5""",cfg_ic\ic_g5.yaml,task configuration; not behavior identified from IO
ic_g5,capacity_only,name,"""多目标政策组合""",cfg_ic\ic_g5.yaml,task configuration; not behavior identified from IO
ic_g5,capacity_only,research_question,"""组合治理是否优于同预算的单项政策？""",cfg_ic\ic_g5.yaml,task configuration; not behavior identified from IO
ic_g5,capacity_only,metrics[1],"""output""",cfg_ic\ic_g5.yaml,task configuration; not behavior identified from IO
ic_g5,capacity_only,metrics[2],"""value_added""",cfg_ic\ic_g5.yaml,task configuration; not behavior identified from IO
ic_g5,capacity_only,metrics[3],"""shortage""",cfg_ic\ic_g5.yaml,task configuration; not behavior identified from IO
ic_g5,capacity_only,metrics[4],"""welfare""",cfg_ic\ic_g5.yaml,task configuration; not behavior identified from IO
ic_g5,capacity_only,shock.sector,8,cfg_ic\ic_g5.yaml,task configuration; not behavior identified from IO
ic_g5,capacity_only,shock.start,5,cfg_ic\ic_g5.yaml,task configuration; not behavior identified from IO
ic_g5,capacity_only,shock.end,10,cfg_ic\ic_g5.yaml,task configuration; not behavior identified from IO
ic_g5,capacity_only,shock.capacity_loss,0.2,cfg_ic\ic_g5.yaml,task configuration; not behavior identified from IO
ic_g5,capacity_only,policy.enabled,true,cfg_ic\ic_g5.yaml,task configuration; not behavior identified from IO
ic_g5,capacity_only,policy.channels.capacity,1.0,cfg_ic\ic_g5.yaml,task configuration; not behavior identified from IO
ic_g5,capacity_only,policy.start_period,5,cfg_ic\ic_g5.yaml,task configuration; not behavior identified from IO
ic_g5,capacity_only,source_v1_task_id,"""ic_g5_multi_policy_coordination""",cfg_ic\ic_g5.yaml,task configuration; not behavior identified from IO
ic_g5,capacity_only,theory,"""单项最优政策的简单叠加未必系统最优，多工具政策需要共同考虑产出、技术、韧性、价格和财政成本。""",cfg_ic\ic_g5.yaml,task configuration; not behavior identified from IO
ic_g5,capacity_only,source_v1_outcomes[1],"""total_value_added""",cfg_ic\ic_g5.yaml,task configuration; not behavior identified from IO
ic_g5,capacity_only,source_v1_outcomes[2],"""resilience_index""",cfg_ic\ic_g5.yaml,task configuration; not behavior identified from IO
ic_g5,capacity_only,source_v1_outcomes[3],"""shortage_ratio""",cfg_ic\ic_g5.yaml,task configuration; not behavior identified from IO
ic_g5,capacity_only,source_v1_outcomes[4],"""price_index""",cfg_ic\ic_g5.yaml,task configuration; not behavior identified from IO
ic_g5,capacity_only,source_v1_outcomes[5],"""fiscal_cost""",cfg_ic\ic_g5.yaml,task configuration; not behavior identified from IO
ic_g5,capacity_only,v1_arm_names[1],"""ai_department_only""",cfg_ic\ic_g5.yaml,task configuration; not behavior identified from IO
ic_g5,capacity_only,v1_arm_names[2],"""industry_department_only""",cfg_ic\ic_g5.yaml,task configuration; not behavior identified from IO
ic_g5,capacity_only,v1_arm_names[3],"""science_department_only""",cfg_ic\ic_g5.yaml,task configuration; not behavior identified from IO
ic_g5,capacity_only,v1_arm_names[4],"""fixed_uncoordinated_mix""",cfg_ic\ic_g5.yaml,task configuration; not behavior identified from IO
ic_g5,capacity_only,v1_arm_names[5],"""structured_adaptive_mix""",cfg_ic\ic_g5.yaml,task configuration; not behavior identified from IO
ic_g5,no_policy,periods,30,cfg_ic\ic_g5.yaml,task configuration; not behavior identified from IO
ic_g5,no_policy,seed,20261001,cfg_ic\ic_g5.yaml,task configuration; not behavior identified from IO
ic_g5,no_policy,import_case,"""proportional""",cfg_ic\ic_g5.yaml,task configuration; not behavior identified from IO
ic_g5,no_policy,budget_share,0.01,cfg_ic\ic_g5.yaml,task configuration; not behavior identified from IO
ic_g5,no_policy,modules[1],"""edge""",cfg_ic\ic_g5.yaml,task configuration; not behavior identified from IO
ic_g5,no_policy,modules[2],"""ai""",cfg_ic\ic_g5.yaml,task configuration; not behavior identified from IO
ic_g5,no_policy,modules[3],"""investment""",cfg_ic\ic_g5.yaml,task configuration; not behavior identified from IO
ic_g5,no_policy,modules[4],"""innovation""",cfg_ic\ic_g5.yaml,task configuration; not behavior identified from IO
ic_g5,no_policy,modules[5],"""qualification""",cfg_ic\ic_g5.yaml,task configuration; not behavior identified from IO
ic_g5,no_policy,modules[6],"""inventory""",cfg_ic\ic_g5.yaml,task configuration; not behavior identified from IO
ic_g5,no_policy,modules[7],"""coordination""",cfg_ic\ic_g5.yaml,task configuration; not behavior identified from IO
ic_g5,no_policy,external_supply_elasticity,1.25,cfg_ic\ic_g5.yaml,task configuration; not behavior identified from IO
ic_g5,no_policy,capacity_lag,4,cfg_ic\ic_g5.yaml,task configuration; not behavior identified from IO
ic_g5,no_policy,time_fit,0.9,cfg_ic\ic_g5.yaml,task configuration; not behavior identified from IO
ic_g5,no_policy,labor_share_of_va,0.8,cfg_ic\ic_g5.yaml,task configuration; not behavior identified from IO
ic_g5,no_policy,backlog_retention,0.25,cfg_ic\ic_g5.yaml,task configuration; not behavior identified from IO
ic_g5,no_policy,max_backlog_quarters,2.0,cfg_ic\ic_g5.yaml,task configuration; not behavior identified from IO
ic_g5,no_policy,edge_health_floor,0.85,cfg_ic\ic_g5.yaml,task configuration; not behavior identified from IO
ic_g5,no_policy,data_status,"""2020 IO accounting observed; import uses and behavior parameters are scenarios""",cfg_ic\ic_g5.yaml,task configuration; not behavior identified from IO
ic_g5,no_policy,task_id,"""ic_g5""",cfg_ic\ic_g5.yaml,task configuration; not behavior identified from IO
ic_g5,no_policy,name,"""多目标政策组合""",cfg_ic\ic_g5.yaml,task configuration; not behavior identified from IO
ic_g5,no_policy,research_question,"""组合治理是否优于同预算的单项政策？""",cfg_ic\ic_g5.yaml,task configuration; not behavior identified from IO
ic_g5,no_policy,metrics[1],"""output""",cfg_ic\ic_g5.yaml,task configuration; not behavior identified from IO
ic_g5,no_policy,metrics[2],"""value_added""",cfg_ic\ic_g5.yaml,task configuration; not behavior identified from IO
ic_g5,no_policy,metrics[3],"""shortage""",cfg_ic\ic_g5.yaml,task configuration; not behavior identified from IO
ic_g5,no_policy,metrics[4],"""welfare""",cfg_ic\ic_g5.yaml,task configuration; not behavior identified from IO
ic_g5,no_policy,shock.sector,8,cfg_ic\ic_g5.yaml,task configuration; not behavior identified from IO
ic_g5,no_policy,shock.start,5,cfg_ic\ic_g5.yaml,task configuration; not behavior identified from IO
ic_g5,no_policy,shock.end,10,cfg_ic\ic_g5.yaml,task configuration; not behavior identified from IO
ic_g5,no_policy,shock.capacity_loss,0.2,cfg_ic\ic_g5.yaml,task configuration; not behavior identified from IO
ic_g5,no_policy,policy.enabled,false,cfg_ic\ic_g5.yaml,task configuration; not behavior identified from IO
ic_g5,no_policy,policy.channels.ai,0.15,cfg_ic\ic_g5.yaml,task configuration; not behavior identified from IO
ic_g5,no_policy,policy.channels.capacity,0.25,cfg_ic\ic_g5.yaml,task configuration; not behavior identified from IO
ic_g5,no_policy,policy.channels.rd,0.15,cfg_ic\ic_g5.yaml,task configuration; not behavior identified from IO
ic_g5,no_policy,policy.channels.qualification,0.2,cfg_ic\ic_g5.yaml,task configuration; not behavior identified from IO
ic_g5,no_policy,policy.channels.inventory,0.15,cfg_ic\ic_g5.yaml,task configuration; not behavior identified from IO
ic_g5,no_policy,policy.channels.edge_repair,0.1,cfg_ic\ic_g5.yaml,task configuration; not behavior identified from IO
ic_g5,no_policy,policy.start_period,5,cfg_ic\ic_g5.yaml,task configuration; not behavior identified from IO
ic_g5,no_policy,source_v1_task_id,"""ic_g5_multi_policy_coordination""",cfg_ic\ic_g5.yaml,task configuration; not behavior identified from IO
ic_g5,no_policy,theory,"""单项最优政策的简单叠加未必系统最优，多工具政策需要共同考虑产出、技术、韧性、价格和财政成本。""",cfg_ic\ic_g5.yaml,task configuration; not behavior identified from IO
ic_g5,no_policy,source_v1_outcomes[1],"""total_value_added""",cfg_ic\ic_g5.yaml,task configuration; not behavior identified from IO
ic_g5,no_policy,source_v1_outcomes[2],"""resilience_index""",cfg_ic\ic_g5.yaml,task configuration; not behavior identified from IO
ic_g5,no_policy,source_v1_outcomes[3],"""shortage_ratio""",cfg_ic\ic_g5.yaml,task configuration; not behavior identified from IO
ic_g5,no_policy,source_v1_outcomes[4],"""price_index""",cfg_ic\ic_g5.yaml,task configuration; not behavior identified from IO
ic_g5,no_policy,source_v1_outcomes[5],"""fiscal_cost""",cfg_ic\ic_g5.yaml,task configuration; not behavior identified from IO
ic_g5,no_policy,v1_arm_names[1],"""ai_department_only""",cfg_ic\ic_g5.yaml,task configuration; not behavior identified from IO
ic_g5,no_policy,v1_arm_names[2],"""industry_department_only""",cfg_ic\ic_g5.yaml,task configuration; not behavior identified from IO
ic_g5,no_policy,v1_arm_names[3],"""science_department_only""",cfg_ic\ic_g5.yaml,task configuration; not behavior identified from IO
ic_g5,no_policy,v1_arm_names[4],"""fixed_uncoordinated_mix""",cfg_ic\ic_g5.yaml,task configuration; not behavior identified from IO
ic_g5,no_policy,v1_arm_names[5],"""structured_adaptive_mix""",cfg_ic\ic_g5.yaml,task configuration; not behavior identified from IO
ic_g5,ai_department_only,periods,30,cfg_ic\ic_g5.yaml,task configuration; not behavior identified from IO
ic_g5,ai_department_only,seed,20261001,cfg_ic\ic_g5.yaml,task configuration; not behavior identified from IO
ic_g5,ai_department_only,import_case,"""proportional""",cfg_ic\ic_g5.yaml,task configuration; not behavior identified from IO
ic_g5,ai_department_only,budget_share,0.01,cfg_ic\ic_g5.yaml,task configuration; not behavior identified from IO
ic_g5,ai_department_only,modules[1],"""edge""",cfg_ic\ic_g5.yaml,task configuration; not behavior identified from IO
ic_g5,ai_department_only,modules[2],"""ai""",cfg_ic\ic_g5.yaml,task configuration; not behavior identified from IO
ic_g5,ai_department_only,modules[3],"""investment""",cfg_ic\ic_g5.yaml,task configuration; not behavior identified from IO
ic_g5,ai_department_only,modules[4],"""innovation""",cfg_ic\ic_g5.yaml,task configuration; not behavior identified from IO
ic_g5,ai_department_only,modules[5],"""qualification""",cfg_ic\ic_g5.yaml,task configuration; not behavior identified from IO
ic_g5,ai_department_only,modules[6],"""inventory""",cfg_ic\ic_g5.yaml,task configuration; not behavior identified from IO
ic_g5,ai_department_only,modules[7],"""coordination""",cfg_ic\ic_g5.yaml,task configuration; not behavior identified from IO
ic_g5,ai_department_only,external_supply_elasticity,1.25,cfg_ic\ic_g5.yaml,task configuration; not behavior identified from IO
ic_g5,ai_department_only,capacity_lag,4,cfg_ic\ic_g5.yaml,task configuration; not behavior identified from IO
ic_g5,ai_department_only,time_fit,0.9,cfg_ic\ic_g5.yaml,task configuration; not behavior identified from IO
ic_g5,ai_department_only,labor_share_of_va,0.8,cfg_ic\ic_g5.yaml,task configuration; not behavior identified from IO
ic_g5,ai_department_only,backlog_retention,0.25,cfg_ic\ic_g5.yaml,task configuration; not behavior identified from IO
ic_g5,ai_department_only,max_backlog_quarters,2.0,cfg_ic\ic_g5.yaml,task configuration; not behavior identified from IO
ic_g5,ai_department_only,edge_health_floor,0.85,cfg_ic\ic_g5.yaml,task configuration; not behavior identified from IO
ic_g5,ai_department_only,data_status,"""2020 IO accounting observed; import uses and behavior parameters are scenarios""",cfg_ic\ic_g5.yaml,task configuration; not behavior identified from IO
ic_g5,ai_department_only,task_id,"""ic_g5""",cfg_ic\ic_g5.yaml,task configuration; not behavior identified from IO
ic_g5,ai_department_only,name,"""多目标政策组合""",cfg_ic\ic_g5.yaml,task configuration; not behavior identified from IO
ic_g5,ai_department_only,research_question,"""组合治理是否优于同预算的单项政策？""",cfg_ic\ic_g5.yaml,task configuration; not behavior identified from IO
ic_g5,ai_department_only,metrics[1],"""output""",cfg_ic\ic_g5.yaml,task configuration; not behavior identified from IO
ic_g5,ai_department_only,metrics[2],"""value_added""",cfg_ic\ic_g5.yaml,task configuration; not behavior identified from IO
ic_g5,ai_department_only,metrics[3],"""shortage""",cfg_ic\ic_g5.yaml,task configuration; not behavior identified from IO
ic_g5,ai_department_only,metrics[4],"""welfare""",cfg_ic\ic_g5.yaml,task configuration; not behavior identified from IO
ic_g5,ai_department_only,shock.sector,8,cfg_ic\ic_g5.yaml,task configuration; not behavior identified from IO
ic_g5,ai_department_only,shock.start,5,cfg_ic\ic_g5.yaml,task configuration; not behavior identified from IO
ic_g5,ai_department_only,shock.end,10,cfg_ic\ic_g5.yaml,task configuration; not behavior identified from IO
ic_g5,ai_department_only,shock.capacity_loss,0.2,cfg_ic\ic_g5.yaml,task configuration; not behavior identified from IO
ic_g5,ai_department_only,policy.enabled,true,cfg_ic\ic_g5.yaml,task configuration; not behavior identified from IO
ic_g5,ai_department_only,policy.channels.ai,1.0,cfg_ic\ic_g5.yaml,task configuration; not behavior identified from IO
ic_g5,ai_department_only,policy.start_period,5,cfg_ic\ic_g5.yaml,task configuration; not behavior identified from IO
ic_g5,ai_department_only,source_v1_task_id,"""ic_g5_multi_policy_coordination""",cfg_ic\ic_g5.yaml,task configuration; not behavior identified from IO
ic_g5,ai_department_only,theory,"""单项最优政策的简单叠加未必系统最优，多工具政策需要共同考虑产出、技术、韧性、价格和财政成本。""",cfg_ic\ic_g5.yaml,task configuration; not behavior identified from IO
ic_g5,ai_department_only,source_v1_outcomes[1],"""total_value_added""",cfg_ic\ic_g5.yaml,task configuration; not behavior identified from IO
ic_g5,ai_department_only,source_v1_outcomes[2],"""resilience_index""",cfg_ic\ic_g5.yaml,task configuration; not behavior identified from IO
ic_g5,ai_department_only,source_v1_outcomes[3],"""shortage_ratio""",cfg_ic\ic_g5.yaml,task configuration; not behavior identified from IO
ic_g5,ai_department_only,source_v1_outcomes[4],"""price_index""",cfg_ic\ic_g5.yaml,task configuration; not behavior identified from IO
ic_g5,ai_department_only,source_v1_outcomes[5],"""fiscal_cost""",cfg_ic\ic_g5.yaml,task configuration; not behavior identified from IO
ic_g5,ai_department_only,v1_arm_names[1],"""ai_department_only""",cfg_ic\ic_g5.yaml,task configuration; not behavior identified from IO
ic_g5,ai_department_only,v1_arm_names[2],"""industry_department_only""",cfg_ic\ic_g5.yaml,task configuration; not behavior identified from IO
ic_g5,ai_department_only,v1_arm_names[3],"""science_department_only""",cfg_ic\ic_g5.yaml,task configuration; not behavior identified from IO
ic_g5,ai_department_only,v1_arm_names[4],"""fixed_uncoordinated_mix""",cfg_ic\ic_g5.yaml,task configuration; not behavior identified from IO
ic_g5,ai_department_only,v1_arm_names[5],"""structured_adaptive_mix""",cfg_ic\ic_g5.yaml,task configuration; not behavior identified from IO
ic_g5,industry_department_only,periods,30,cfg_ic\ic_g5.yaml,task configuration; not behavior identified from IO
ic_g5,industry_department_only,seed,20261001,cfg_ic\ic_g5.yaml,task configuration; not behavior identified from IO
ic_g5,industry_department_only,import_case,"""proportional""",cfg_ic\ic_g5.yaml,task configuration; not behavior identified from IO
ic_g5,industry_department_only,budget_share,0.01,cfg_ic\ic_g5.yaml,task configuration; not behavior identified from IO
ic_g5,industry_department_only,modules[1],"""edge""",cfg_ic\ic_g5.yaml,task configuration; not behavior identified from IO
ic_g5,industry_department_only,modules[2],"""ai""",cfg_ic\ic_g5.yaml,task configuration; not behavior identified from IO
ic_g5,industry_department_only,modules[3],"""investment""",cfg_ic\ic_g5.yaml,task configuration; not behavior identified from IO
ic_g5,industry_department_only,modules[4],"""innovation""",cfg_ic\ic_g5.yaml,task configuration; not behavior identified from IO
ic_g5,industry_department_only,modules[5],"""qualification""",cfg_ic\ic_g5.yaml,task configuration; not behavior identified from IO
ic_g5,industry_department_only,modules[6],"""inventory""",cfg_ic\ic_g5.yaml,task configuration; not behavior identified from IO
ic_g5,industry_department_only,modules[7],"""coordination""",cfg_ic\ic_g5.yaml,task configuration; not behavior identified from IO
ic_g5,industry_department_only,external_supply_elasticity,1.25,cfg_ic\ic_g5.yaml,task configuration; not behavior identified from IO
ic_g5,industry_department_only,capacity_lag,4,cfg_ic\ic_g5.yaml,task configuration; not behavior identified from IO
ic_g5,industry_department_only,time_fit,0.9,cfg_ic\ic_g5.yaml,task configuration; not behavior identified from IO
ic_g5,industry_department_only,labor_share_of_va,0.8,cfg_ic\ic_g5.yaml,task configuration; not behavior identified from IO
ic_g5,industry_department_only,backlog_retention,0.25,cfg_ic\ic_g5.yaml,task configuration; not behavior identified from IO
ic_g5,industry_department_only,max_backlog_quarters,2.0,cfg_ic\ic_g5.yaml,task configuration; not behavior identified from IO
ic_g5,industry_department_only,edge_health_floor,0.85,cfg_ic\ic_g5.yaml,task configuration; not behavior identified from IO
ic_g5,industry_department_only,data_status,"""2020 IO accounting observed; import uses and behavior parameters are scenarios""",cfg_ic\ic_g5.yaml,task configuration; not behavior identified from IO
ic_g5,industry_department_only,task_id,"""ic_g5""",cfg_ic\ic_g5.yaml,task configuration; not behavior identified from IO
ic_g5,industry_department_only,name,"""多目标政策组合""",cfg_ic\ic_g5.yaml,task configuration; not behavior identified from IO
ic_g5,industry_department_only,research_question,"""组合治理是否优于同预算的单项政策？""",cfg_ic\ic_g5.yaml,task configuration; not behavior identified from IO
ic_g5,industry_department_only,metrics[1],"""output""",cfg_ic\ic_g5.yaml,task configuration; not behavior identified from IO
ic_g5,industry_department_only,metrics[2],"""value_added""",cfg_ic\ic_g5.yaml,task configuration; not behavior identified from IO
ic_g5,industry_department_only,metrics[3],"""shortage""",cfg_ic\ic_g5.yaml,task configuration; not behavior identified from IO
ic_g5,industry_department_only,metrics[4],"""welfare""",cfg_ic\ic_g5.yaml,task configuration; not behavior identified from IO
ic_g5,industry_department_only,shock.sector,8,cfg_ic\ic_g5.yaml,task configuration; not behavior identified from IO
ic_g5,industry_department_only,shock.start,5,cfg_ic\ic_g5.yaml,task configuration; not behavior identified from IO
ic_g5,industry_department_only,shock.end,10,cfg_ic\ic_g5.yaml,task configuration; not behavior identified from IO
ic_g5,industry_department_only,shock.capacity_loss,0.2,cfg_ic\ic_g5.yaml,task configuration; not behavior identified from IO
ic_g5,industry_department_only,policy.enabled,true,cfg_ic\ic_g5.yaml,task configuration; not behavior identified from IO
ic_g5,industry_department_only,policy.channels.capacity,0.75,cfg_ic\ic_g5.yaml,task configuration; not behavior identified from IO
ic_g5,industry_department_only,policy.channels.inventory,0.25,cfg_ic\ic_g5.yaml,task configuration; not behavior identified from IO
ic_g5,industry_department_only,policy.start_period,5,cfg_ic\ic_g5.yaml,task configuration; not behavior identified from IO
ic_g5,industry_department_only,source_v1_task_id,"""ic_g5_multi_policy_coordination""",cfg_ic\ic_g5.yaml,task configuration; not behavior identified from IO
ic_g5,industry_department_only,theory,"""单项最优政策的简单叠加未必系统最优，多工具政策需要共同考虑产出、技术、韧性、价格和财政成本。""",cfg_ic\ic_g5.yaml,task configuration; not behavior identified from IO
ic_g5,industry_department_only,source_v1_outcomes[1],"""total_value_added""",cfg_ic\ic_g5.yaml,task configuration; not behavior identified from IO
ic_g5,industry_department_only,source_v1_outcomes[2],"""resilience_index""",cfg_ic\ic_g5.yaml,task configuration; not behavior identified from IO
ic_g5,industry_department_only,source_v1_outcomes[3],"""shortage_ratio""",cfg_ic\ic_g5.yaml,task configuration; not behavior identified from IO
ic_g5,industry_department_only,source_v1_outcomes[4],"""price_index""",cfg_ic\ic_g5.yaml,task configuration; not behavior identified from IO
ic_g5,industry_department_only,source_v1_outcomes[5],"""fiscal_cost""",cfg_ic\ic_g5.yaml,task configuration; not behavior identified from IO
ic_g5,industry_department_only,v1_arm_names[1],"""ai_department_only""",cfg_ic\ic_g5.yaml,task configuration; not behavior identified from IO
ic_g5,industry_department_only,v1_arm_names[2],"""industry_department_only""",cfg_ic\ic_g5.yaml,task configuration; not behavior identified from IO
ic_g5,industry_department_only,v1_arm_names[3],"""science_department_only""",cfg_ic\ic_g5.yaml,task configuration; not behavior identified from IO
ic_g5,industry_department_only,v1_arm_names[4],"""fixed_uncoordinated_mix""",cfg_ic\ic_g5.yaml,task configuration; not behavior identified from IO
ic_g5,industry_department_only,v1_arm_names[5],"""structured_adaptive_mix""",cfg_ic\ic_g5.yaml,task configuration; not behavior identified from IO
ic_g5,science_department_only,periods,30,cfg_ic\ic_g5.yaml,task configuration; not behavior identified from IO
ic_g5,science_department_only,seed,20261001,cfg_ic\ic_g5.yaml,task configuration; not behavior identified from IO
ic_g5,science_department_only,import_case,"""proportional""",cfg_ic\ic_g5.yaml,task configuration; not behavior identified from IO
ic_g5,science_department_only,budget_share,0.01,cfg_ic\ic_g5.yaml,task configuration; not behavior identified from IO
ic_g5,science_department_only,modules[1],"""edge""",cfg_ic\ic_g5.yaml,task configuration; not behavior identified from IO
ic_g5,science_department_only,modules[2],"""ai""",cfg_ic\ic_g5.yaml,task configuration; not behavior identified from IO
ic_g5,science_department_only,modules[3],"""investment""",cfg_ic\ic_g5.yaml,task configuration; not behavior identified from IO
ic_g5,science_department_only,modules[4],"""innovation""",cfg_ic\ic_g5.yaml,task configuration; not behavior identified from IO
ic_g5,science_department_only,modules[5],"""qualification""",cfg_ic\ic_g5.yaml,task configuration; not behavior identified from IO
ic_g5,science_department_only,modules[6],"""inventory""",cfg_ic\ic_g5.yaml,task configuration; not behavior identified from IO
ic_g5,science_department_only,modules[7],"""coordination""",cfg_ic\ic_g5.yaml,task configuration; not behavior identified from IO
ic_g5,science_department_only,external_supply_elasticity,1.25,cfg_ic\ic_g5.yaml,task configuration; not behavior identified from IO
ic_g5,science_department_only,capacity_lag,4,cfg_ic\ic_g5.yaml,task configuration; not behavior identified from IO
ic_g5,science_department_only,time_fit,0.9,cfg_ic\ic_g5.yaml,task configuration; not behavior identified from IO
ic_g5,science_department_only,labor_share_of_va,0.8,cfg_ic\ic_g5.yaml,task configuration; not behavior identified from IO
ic_g5,science_department_only,backlog_retention,0.25,cfg_ic\ic_g5.yaml,task configuration; not behavior identified from IO
ic_g5,science_department_only,max_backlog_quarters,2.0,cfg_ic\ic_g5.yaml,task configuration; not behavior identified from IO
ic_g5,science_department_only,edge_health_floor,0.85,cfg_ic\ic_g5.yaml,task configuration; not behavior identified from IO
ic_g5,science_department_only,data_status,"""2020 IO accounting observed; import uses and behavior parameters are scenarios""",cfg_ic\ic_g5.yaml,task configuration; not behavior identified from IO
ic_g5,science_department_only,task_id,"""ic_g5""",cfg_ic\ic_g5.yaml,task configuration; not behavior identified from IO
ic_g5,science_department_only,name,"""多目标政策组合""",cfg_ic\ic_g5.yaml,task configuration; not behavior identified from IO
ic_g5,science_department_only,research_question,"""组合治理是否优于同预算的单项政策？""",cfg_ic\ic_g5.yaml,task configuration; not behavior identified from IO
ic_g5,science_department_only,metrics[1],"""output""",cfg_ic\ic_g5.yaml,task configuration; not behavior identified from IO
ic_g5,science_department_only,metrics[2],"""value_added""",cfg_ic\ic_g5.yaml,task configuration; not behavior identified from IO
ic_g5,science_department_only,metrics[3],"""shortage""",cfg_ic\ic_g5.yaml,task configuration; not behavior identified from IO
ic_g5,science_department_only,metrics[4],"""welfare""",cfg_ic\ic_g5.yaml,task configuration; not behavior identified from IO
ic_g5,science_department_only,shock.sector,8,cfg_ic\ic_g5.yaml,task configuration; not behavior identified from IO
ic_g5,science_department_only,shock.start,5,cfg_ic\ic_g5.yaml,task configuration; not behavior identified from IO
ic_g5,science_department_only,shock.end,10,cfg_ic\ic_g5.yaml,task configuration; not behavior identified from IO
ic_g5,science_department_only,shock.capacity_loss,0.2,cfg_ic\ic_g5.yaml,task configuration; not behavior identified from IO
ic_g5,science_department_only,policy.enabled,true,cfg_ic\ic_g5.yaml,task configuration; not behavior identified from IO
ic_g5,science_department_only,policy.channels.rd,1.0,cfg_ic\ic_g5.yaml,task configuration; not behavior identified from IO
ic_g5,science_department_only,policy.start_period,5,cfg_ic\ic_g5.yaml,task configuration; not behavior identified from IO
ic_g5,science_department_only,source_v1_task_id,"""ic_g5_multi_policy_coordination""",cfg_ic\ic_g5.yaml,task configuration; not behavior identified from IO
ic_g5,science_department_only,theory,"""单项最优政策的简单叠加未必系统最优，多工具政策需要共同考虑产出、技术、韧性、价格和财政成本。""",cfg_ic\ic_g5.yaml,task configuration; not behavior identified from IO
ic_g5,science_department_only,source_v1_outcomes[1],"""total_value_added""",cfg_ic\ic_g5.yaml,task configuration; not behavior identified from IO
ic_g5,science_department_only,source_v1_outcomes[2],"""resilience_index""",cfg_ic\ic_g5.yaml,task configuration; not behavior identified from IO
ic_g5,science_department_only,source_v1_outcomes[3],"""shortage_ratio""",cfg_ic\ic_g5.yaml,task configuration; not behavior identified from IO
ic_g5,science_department_only,source_v1_outcomes[4],"""price_index""",cfg_ic\ic_g5.yaml,task configuration; not behavior identified from IO
ic_g5,science_department_only,source_v1_outcomes[5],"""fiscal_cost""",cfg_ic\ic_g5.yaml,task configuration; not behavior identified from IO
ic_g5,science_department_only,v1_arm_names[1],"""ai_department_only""",cfg_ic\ic_g5.yaml,task configuration; not behavior identified from IO
ic_g5,science_department_only,v1_arm_names[2],"""industry_department_only""",cfg_ic\ic_g5.yaml,task configuration; not behavior identified from IO
ic_g5,science_department_only,v1_arm_names[3],"""science_department_only""",cfg_ic\ic_g5.yaml,task configuration; not behavior identified from IO
ic_g5,science_department_only,v1_arm_names[4],"""fixed_uncoordinated_mix""",cfg_ic\ic_g5.yaml,task configuration; not behavior identified from IO
ic_g5,science_department_only,v1_arm_names[5],"""structured_adaptive_mix""",cfg_ic\ic_g5.yaml,task configuration; not behavior identified from IO
ic_g5,fixed_uncoordinated_mix,periods,30,cfg_ic\ic_g5.yaml,task configuration; not behavior identified from IO
ic_g5,fixed_uncoordinated_mix,seed,20261001,cfg_ic\ic_g5.yaml,task configuration; not behavior identified from IO
ic_g5,fixed_uncoordinated_mix,import_case,"""proportional""",cfg_ic\ic_g5.yaml,task configuration; not behavior identified from IO
ic_g5,fixed_uncoordinated_mix,budget_share,0.01,cfg_ic\ic_g5.yaml,task configuration; not behavior identified from IO
ic_g5,fixed_uncoordinated_mix,modules[1],"""edge""",cfg_ic\ic_g5.yaml,task configuration; not behavior identified from IO
ic_g5,fixed_uncoordinated_mix,modules[2],"""ai""",cfg_ic\ic_g5.yaml,task configuration; not behavior identified from IO
ic_g5,fixed_uncoordinated_mix,modules[3],"""investment""",cfg_ic\ic_g5.yaml,task configuration; not behavior identified from IO
ic_g5,fixed_uncoordinated_mix,modules[4],"""innovation""",cfg_ic\ic_g5.yaml,task configuration; not behavior identified from IO
ic_g5,fixed_uncoordinated_mix,modules[5],"""qualification""",cfg_ic\ic_g5.yaml,task configuration; not behavior identified from IO
ic_g5,fixed_uncoordinated_mix,modules[6],"""inventory""",cfg_ic\ic_g5.yaml,task configuration; not behavior identified from IO
ic_g5,fixed_uncoordinated_mix,modules[7],"""coordination""",cfg_ic\ic_g5.yaml,task configuration; not behavior identified from IO
ic_g5,fixed_uncoordinated_mix,external_supply_elasticity,1.25,cfg_ic\ic_g5.yaml,task configuration; not behavior identified from IO
ic_g5,fixed_uncoordinated_mix,capacity_lag,4,cfg_ic\ic_g5.yaml,task configuration; not behavior identified from IO
ic_g5,fixed_uncoordinated_mix,time_fit,0.9,cfg_ic\ic_g5.yaml,task configuration; not behavior identified from IO
ic_g5,fixed_uncoordinated_mix,labor_share_of_va,0.8,cfg_ic\ic_g5.yaml,task configuration; not behavior identified from IO
ic_g5,fixed_uncoordinated_mix,backlog_retention,0.25,cfg_ic\ic_g5.yaml,task configuration; not behavior identified from IO
ic_g5,fixed_uncoordinated_mix,max_backlog_quarters,2.0,cfg_ic\ic_g5.yaml,task configuration; not behavior identified from IO
ic_g5,fixed_uncoordinated_mix,edge_health_floor,0.85,cfg_ic\ic_g5.yaml,task configuration; not behavior identified from IO
ic_g5,fixed_uncoordinated_mix,data_status,"""2020 IO accounting observed; import uses and behavior parameters are scenarios""",cfg_ic\ic_g5.yaml,task configuration; not behavior identified from IO
ic_g5,fixed_uncoordinated_mix,task_id,"""ic_g5""",cfg_ic\ic_g5.yaml,task configuration; not behavior identified from IO
ic_g5,fixed_uncoordinated_mix,name,"""多目标政策组合""",cfg_ic\ic_g5.yaml,task configuration; not behavior identified from IO
ic_g5,fixed_uncoordinated_mix,research_question,"""组合治理是否优于同预算的单项政策？""",cfg_ic\ic_g5.yaml,task configuration; not behavior identified from IO
ic_g5,fixed_uncoordinated_mix,metrics[1],"""output""",cfg_ic\ic_g5.yaml,task configuration; not behavior identified from IO
ic_g5,fixed_uncoordinated_mix,metrics[2],"""value_added""",cfg_ic\ic_g5.yaml,task configuration; not behavior identified from IO
ic_g5,fixed_uncoordinated_mix,metrics[3],"""shortage""",cfg_ic\ic_g5.yaml,task configuration; not behavior identified from IO
ic_g5,fixed_uncoordinated_mix,metrics[4],"""welfare""",cfg_ic\ic_g5.yaml,task configuration; not behavior identified from IO
ic_g5,fixed_uncoordinated_mix,shock.sector,8,cfg_ic\ic_g5.yaml,task configuration; not behavior identified from IO
ic_g5,fixed_uncoordinated_mix,shock.start,5,cfg_ic\ic_g5.yaml,task configuration; not behavior identified from IO
ic_g5,fixed_uncoordinated_mix,shock.end,10,cfg_ic\ic_g5.yaml,task configuration; not behavior identified from IO
ic_g5,fixed_uncoordinated_mix,shock.capacity_loss,0.2,cfg_ic\ic_g5.yaml,task configuration; not behavior identified from IO
ic_g5,fixed_uncoordinated_mix,policy.enabled,true,cfg_ic\ic_g5.yaml,task configuration; not behavior identified from IO
ic_g5,fixed_uncoordinated_mix,policy.channels.ai,0.33,cfg_ic\ic_g5.yaml,task configuration; not behavior identified from IO
ic_g5,fixed_uncoordinated_mix,policy.channels.capacity,0.33,cfg_ic\ic_g5.yaml,task configuration; not behavior identified from IO
ic_g5,fixed_uncoordinated_mix,policy.channels.rd,0.34,cfg_ic\ic_g5.yaml,task configuration; not behavior identified from IO
ic_g5,fixed_uncoordinated_mix,policy.start_period,5,cfg_ic\ic_g5.yaml,task configuration; not behavior identified from IO
ic_g5,fixed_uncoordinated_mix,source_v1_task_id,"""ic_g5_multi_policy_coordination""",cfg_ic\ic_g5.yaml,task configuration; not behavior identified from IO
ic_g5,fixed_uncoordinated_mix,theory,"""单项最优政策的简单叠加未必系统最优，多工具政策需要共同考虑产出、技术、韧性、价格和财政成本。""",cfg_ic\ic_g5.yaml,task configuration; not behavior identified from IO
ic_g5,fixed_uncoordinated_mix,source_v1_outcomes[1],"""total_value_added""",cfg_ic\ic_g5.yaml,task configuration; not behavior identified from IO
ic_g5,fixed_uncoordinated_mix,source_v1_outcomes[2],"""resilience_index""",cfg_ic\ic_g5.yaml,task configuration; not behavior identified from IO
ic_g5,fixed_uncoordinated_mix,source_v1_outcomes[3],"""shortage_ratio""",cfg_ic\ic_g5.yaml,task configuration; not behavior identified from IO
ic_g5,fixed_uncoordinated_mix,source_v1_outcomes[4],"""price_index""",cfg_ic\ic_g5.yaml,task configuration; not behavior identified from IO
ic_g5,fixed_uncoordinated_mix,source_v1_outcomes[5],"""fiscal_cost""",cfg_ic\ic_g5.yaml,task configuration; not behavior identified from IO
ic_g5,fixed_uncoordinated_mix,v1_arm_names[1],"""ai_department_only""",cfg_ic\ic_g5.yaml,task configuration; not behavior identified from IO
ic_g5,fixed_uncoordinated_mix,v1_arm_names[2],"""industry_department_only""",cfg_ic\ic_g5.yaml,task configuration; not behavior identified from IO
ic_g5,fixed_uncoordinated_mix,v1_arm_names[3],"""science_department_only""",cfg_ic\ic_g5.yaml,task configuration; not behavior identified from IO
ic_g5,fixed_uncoordinated_mix,v1_arm_names[4],"""fixed_uncoordinated_mix""",cfg_ic\ic_g5.yaml,task configuration; not behavior identified from IO
ic_g5,fixed_uncoordinated_mix,v1_arm_names[5],"""structured_adaptive_mix""",cfg_ic\ic_g5.yaml,task configuration; not behavior identified from IO
ic_g5,structured_adaptive_mix,periods,30,cfg_ic\ic_g5.yaml,task configuration; not behavior identified from IO
ic_g5,structured_adaptive_mix,seed,20261001,cfg_ic\ic_g5.yaml,task configuration; not behavior identified from IO
ic_g5,structured_adaptive_mix,import_case,"""proportional""",cfg_ic\ic_g5.yaml,task configuration; not behavior identified from IO
ic_g5,structured_adaptive_mix,budget_share,0.01,cfg_ic\ic_g5.yaml,task configuration; not behavior identified from IO
ic_g5,structured_adaptive_mix,modules[1],"""edge""",cfg_ic\ic_g5.yaml,task configuration; not behavior identified from IO
ic_g5,structured_adaptive_mix,modules[2],"""ai""",cfg_ic\ic_g5.yaml,task configuration; not behavior identified from IO
ic_g5,structured_adaptive_mix,modules[3],"""investment""",cfg_ic\ic_g5.yaml,task configuration; not behavior identified from IO
ic_g5,structured_adaptive_mix,modules[4],"""innovation""",cfg_ic\ic_g5.yaml,task configuration; not behavior identified from IO
ic_g5,structured_adaptive_mix,modules[5],"""qualification""",cfg_ic\ic_g5.yaml,task configuration; not behavior identified from IO
ic_g5,structured_adaptive_mix,modules[6],"""inventory""",cfg_ic\ic_g5.yaml,task configuration; not behavior identified from IO
ic_g5,structured_adaptive_mix,modules[7],"""coordination""",cfg_ic\ic_g5.yaml,task configuration; not behavior identified from IO
ic_g5,structured_adaptive_mix,external_supply_elasticity,1.25,cfg_ic\ic_g5.yaml,task configuration; not behavior identified from IO
ic_g5,structured_adaptive_mix,capacity_lag,4,cfg_ic\ic_g5.yaml,task configuration; not behavior identified from IO
ic_g5,structured_adaptive_mix,time_fit,0.9,cfg_ic\ic_g5.yaml,task configuration; not behavior identified from IO
ic_g5,structured_adaptive_mix,labor_share_of_va,0.8,cfg_ic\ic_g5.yaml,task configuration; not behavior identified from IO
ic_g5,structured_adaptive_mix,backlog_retention,0.25,cfg_ic\ic_g5.yaml,task configuration; not behavior identified from IO
ic_g5,structured_adaptive_mix,max_backlog_quarters,2.0,cfg_ic\ic_g5.yaml,task configuration; not behavior identified from IO
ic_g5,structured_adaptive_mix,edge_health_floor,0.85,cfg_ic\ic_g5.yaml,task configuration; not behavior identified from IO
ic_g5,structured_adaptive_mix,data_status,"""2020 IO accounting observed; import uses and behavior parameters are scenarios""",cfg_ic\ic_g5.yaml,task configuration; not behavior identified from IO
ic_g5,structured_adaptive_mix,task_id,"""ic_g5""",cfg_ic\ic_g5.yaml,task configuration; not behavior identified from IO
ic_g5,structured_adaptive_mix,name,"""多目标政策组合""",cfg_ic\ic_g5.yaml,task configuration; not behavior identified from IO
ic_g5,structured_adaptive_mix,research_question,"""组合治理是否优于同预算的单项政策？""",cfg_ic\ic_g5.yaml,task configuration; not behavior identified from IO
ic_g5,structured_adaptive_mix,metrics[1],"""output""",cfg_ic\ic_g5.yaml,task configuration; not behavior identified from IO
ic_g5,structured_adaptive_mix,metrics[2],"""value_added""",cfg_ic\ic_g5.yaml,task configuration; not behavior identified from IO
ic_g5,structured_adaptive_mix,metrics[3],"""shortage""",cfg_ic\ic_g5.yaml,task configuration; not behavior identified from IO
ic_g5,structured_adaptive_mix,metrics[4],"""welfare""",cfg_ic\ic_g5.yaml,task configuration; not behavior identified from IO
ic_g5,structured_adaptive_mix,shock.sector,8,cfg_ic\ic_g5.yaml,task configuration; not behavior identified from IO
ic_g5,structured_adaptive_mix,shock.start,5,cfg_ic\ic_g5.yaml,task configuration; not behavior identified from IO
ic_g5,structured_adaptive_mix,shock.end,10,cfg_ic\ic_g5.yaml,task configuration; not behavior identified from IO
ic_g5,structured_adaptive_mix,shock.capacity_loss,0.2,cfg_ic\ic_g5.yaml,task configuration; not behavior identified from IO
ic_g5,structured_adaptive_mix,policy.enabled,true,cfg_ic\ic_g5.yaml,task configuration; not behavior identified from IO
ic_g5,structured_adaptive_mix,policy.channels.ai,0.15,cfg_ic\ic_g5.yaml,task configuration; not behavior identified from IO
ic_g5,structured_adaptive_mix,policy.channels.capacity,0.25,cfg_ic\ic_g5.yaml,task configuration; not behavior identified from IO
ic_g5,structured_adaptive_mix,policy.channels.rd,0.15,cfg_ic\ic_g5.yaml,task configuration; not behavior identified from IO
ic_g5,structured_adaptive_mix,policy.channels.qualification,0.2,cfg_ic\ic_g5.yaml,task configuration; not behavior identified from IO
ic_g5,structured_adaptive_mix,policy.channels.inventory,0.15,cfg_ic\ic_g5.yaml,task configuration; not behavior identified from IO
ic_g5,structured_adaptive_mix,policy.channels.edge_repair,0.1,cfg_ic\ic_g5.yaml,task configuration; not behavior identified from IO
ic_g5,structured_adaptive_mix,policy.start_period,5,cfg_ic\ic_g5.yaml,task configuration; not behavior identified from IO
ic_g5,structured_adaptive_mix,policy.adaptive,true,cfg_ic\ic_g5.yaml,task configuration; not behavior identified from IO
ic_g5,structured_adaptive_mix,policy.targeting_rule,"""linkage_stress_proxy""",cfg_ic\ic_g5.yaml,task configuration; not behavior identified from IO
ic_g5,structured_adaptive_mix,policy.sector_weights,null,cfg_ic\ic_g5.yaml,task configuration; not behavior identified from IO
ic_g5,structured_adaptive_mix,source_v1_task_id,"""ic_g5_multi_policy_coordination""",cfg_ic\ic_g5.yaml,task configuration; not behavior identified from IO
ic_g5,structured_adaptive_mix,theory,"""单项最优政策的简单叠加未必系统最优，多工具政策需要共同考虑产出、技术、韧性、价格和财政成本。""",cfg_ic\ic_g5.yaml,task configuration; not behavior identified from IO
ic_g5,structured_adaptive_mix,source_v1_outcomes[1],"""total_value_added""",cfg_ic\ic_g5.yaml,task configuration; not behavior identified from IO
ic_g5,structured_adaptive_mix,source_v1_outcomes[2],"""resilience_index""",cfg_ic\ic_g5.yaml,task configuration; not behavior identified from IO
ic_g5,structured_adaptive_mix,source_v1_outcomes[3],"""shortage_ratio""",cfg_ic\ic_g5.yaml,task configuration; not behavior identified from IO
ic_g5,structured_adaptive_mix,source_v1_outcomes[4],"""price_index""",cfg_ic\ic_g5.yaml,task configuration; not behavior identified from IO
ic_g5,structured_adaptive_mix,source_v1_outcomes[5],"""fiscal_cost""",cfg_ic\ic_g5.yaml,task configuration; not behavior identified from IO
ic_g5,structured_adaptive_mix,v1_arm_names[1],"""ai_department_only""",cfg_ic\ic_g5.yaml,task configuration; not behavior identified from IO
ic_g5,structured_adaptive_mix,v1_arm_names[2],"""industry_department_only""",cfg_ic\ic_g5.yaml,task configuration; not behavior identified from IO
ic_g5,structured_adaptive_mix,v1_arm_names[3],"""science_department_only""",cfg_ic\ic_g5.yaml,task configuration; not behavior identified from IO
ic_g5,structured_adaptive_mix,v1_arm_names[4],"""fixed_uncoordinated_mix""",cfg_ic\ic_g5.yaml,task configuration; not behavior identified from IO
ic_g5,structured_adaptive_mix,v1_arm_names[5],"""structured_adaptive_mix""",cfg_ic\ic_g5.yaml,task configuration; not behavior identified from IO
