task,arm,seed,final_fill_rate,final_shortage,value_added,welfare,fiscal_spend,private_spend,max_price,terminal_pending_capacity,binding_capacity_fraction,binding_domestic_fraction,binding_import_fraction,max_mismatch,qualification_min,ai_delta,qualification_delta,max_pending_material
ic_e1,base,1,0.9999999999999998,1.693028025329113e-06,3858645468.9696693,3858645468.9696693,0.0,413971306.8322093,1.0,0.0,0.03333333333333333,1.0,1.0,0.0,1.0,0.7800000000000006,0.0,197213755.67398515
ic_e1,base,2,0.9999999999999998,1.693028025329113e-06,3858645468.9696693,3858645468.9696693,0.0,413971306.8322093,1.0,0.0,0.03333333333333333,1.0,1.0,0.0,1.0,0.7800000000000006,0.0,197213755.67398515
ic_e1,base,3,0.9999999999999998,1.693028025329113e-06,3858645468.9696693,3858645468.9696693,0.0,413971306.8322093,1.0,0.0,0.03333333333333333,1.0,1.0,0.0,1.0,0.7800000000000006,0.0,197213755.67398515
ic_e1,base,4,0.9999999999999998,1.693028025329113e-06,3858645468.9696693,3858645468.9696693,0.0,413971306.8322093,1.0,0.0,0.03333333333333333,1.0,1.0,0.0,1.0,0.7800000000000006,0.0,197213755.67398515
ic_e1,base,5,0.9999999999999998,1.693028025329113e-06,3858645468.9696693,3858645468.9696693,0.0,413971306.8322093,1.0,0.0,0.03333333333333333,1.0,1.0,0.0,1.0,0.7800000000000006,0.0,197213755.67398515
ic_e1,base,6,0.9999999999999998,1.693028025329113e-06,3858645468.9696693,3858645468.9696693,0.0,413971306.8322093,1.0,0.0,0.03333333333333333,1.0,1.0,0.0,1.0,0.7800000000000006,0.0,197213755.67398515
ic_e1,base,7,0.9999999999999998,1.693028025329113e-06,3858645468.9696693,3858645468.9696693,0.0,413971306.8322093,1.0,0.0,0.03333333333333333,1.0,1.0,0.0,1.0,0.7800000000000006,0.0,197213755.67398515
ic_e1,base,8,0.9999999999999998,1.693028025329113e-06,3858645468.9696693,3858645468.9696693,0.0,413971306.8322093,1.0,0.0,0.03333333333333333,1.0,1.0,0.0,1.0,0.7800000000000006,0.0,197213755.67398515
ic_e1,base,9,0.9999999999999998,1.693028025329113e-06,3858645468.9696693,3858645468.9696693,0.0,413971306.8322093,1.0,0.0,0.03333333333333333,1.0,1.0,0.0,1.0,0.7800000000000006,0.0,197213755.67398515
ic_e1,base,10,0.9999999999999998,1.693028025329113e-06,3858645468.9696693,3858645468.9696693,0.0,413971306.8322093,1.0,0.0,0.03333333333333333,1.0,1.0,0.0,1.0,0.7800000000000006,0.0,197213755.67398515
ic_e1,baseline,1,0.9999999999999998,2.196873538196087e-06,3858645468.969669,3858645468.969669,0.0,0.0,1.0,0.0,1.0,1.0,1.0,0.0,1.0,0.0,0.0,197213755.67398515
ic_e1,baseline,2,0.9999999999999998,2.196873538196087e-06,3858645468.969669,3858645468.969669,0.0,0.0,1.0,0.0,1.0,1.0,1.0,0.0,1.0,0.0,0.0,197213755.67398515
ic_e1,baseline,3,0.9999999999999998,2.196873538196087e-06,3858645468.969669,3858645468.969669,0.0,0.0,1.0,0.0,1.0,1.0,1.0,0.0,1.0,0.0,0.0,197213755.67398515
ic_e1,baseline,4,0.9999999999999998,2.196873538196087e-06,3858645468.969669,3858645468.969669,0.0,0.0,1.0,0.0,1.0,1.0,1.0,0.0,1.0,0.0,0.0,197213755.67398515
ic_e1,baseline,5,0.9999999999999998,2.196873538196087e-06,3858645468.969669,3858645468.969669,0.0,0.0,1.0,0.0,1.0,1.0,1.0,0.0,1.0,0.0,0.0,197213755.67398515
ic_e1,baseline,6,0.9999999999999998,2.196873538196087e-06,3858645468.969669,3858645468.969669,0.0,0.0,1.0,0.0,1.0,1.0,1.0,0.0,1.0,0.0,0.0,197213755.67398515
ic_e1,baseline,7,0.9999999999999998,2.196873538196087e-06,3858645468.969669,3858645468.969669,0.0,0.0,1.0,0.0,1.0,1.0,1.0,0.0,1.0,0.0,0.0,197213755.67398515
ic_e1,baseline,8,0.9999999999999998,2.196873538196087e-06,3858645468.969669,3858645468.969669,0.0,0.0,1.0,0.0,1.0,1.0,1.0,0.0,1.0,0.0,0.0,197213755.67398515
ic_e1,baseline,9,0.9999999999999998,2.196873538196087e-06,3858645468.969669,3858645468.969669,0.0,0.0,1.0,0.0,1.0,1.0,1.0,0.0,1.0,0.0,0.0,197213755.67398515
ic_e1,baseline,10,0.9999999999999998,2.196873538196087e-06,3858645468.969669,3858645468.969669,0.0,0.0,1.0,0.0,1.0,1.0,1.0,0.0,1.0,0.0,0.0,197213755.67398515
ic_e1,low_absorption,1,0.9999999999999998,1.693028025329113e-06,3858645468.9696693,3858645468.9696693,0.0,413971306.8322093,1.0,0.0,0.03333333333333333,1.0,1.0,0.0,1.0,0.7800000000000006,0.0,197213755.67398515
ic_e1,low_absorption,2,0.9999999999999998,1.693028025329113e-06,3858645468.9696693,3858645468.9696693,0.0,413971306.8322093,1.0,0.0,0.03333333333333333,1.0,1.0,0.0,1.0,0.7800000000000006,0.0,197213755.67398515
ic_e1,low_absorption,3,0.9999999999999998,1.693028025329113e-06,3858645468.9696693,3858645468.9696693,0.0,413971306.8322093,1.0,0.0,0.03333333333333333,1.0,1.0,0.0,1.0,0.7800000000000006,0.0,197213755.67398515
ic_e1,low_absorption,4,0.9999999999999998,1.693028025329113e-06,3858645468.9696693,3858645468.9696693,0.0,413971306.8322093,1.0,0.0,0.03333333333333333,1.0,1.0,0.0,1.0,0.7800000000000006,0.0,197213755.67398515
ic_e1,low_absorption,5,0.9999999999999998,1.693028025329113e-06,3858645468.9696693,3858645468.9696693,0.0,413971306.8322093,1.0,0.0,0.03333333333333333,1.0,1.0,0.0,1.0,0.7800000000000006,0.0,197213755.67398515
ic_e1,low_absorption,6,0.9999999999999998,1.693028025329113e-06,3858645468.9696693,3858645468.9696693,0.0,413971306.8322093,1.0,0.0,0.03333333333333333,1.0,1.0,0.0,1.0,0.7800000000000006,0.0,197213755.67398515
ic_e1,low_absorption,7,0.9999999999999998,1.693028025329113e-06,3858645468.9696693,3858645468.9696693,0.0,413971306.8322093,1.0,0.0,0.03333333333333333,1.0,1.0,0.0,1.0,0.7800000000000006,0.0,197213755.67398515
ic_e1,low_absorption,8,0.9999999999999998,1.693028025329113e-06,3858645468.9696693,3858645468.9696693,0.0,413971306.8322093,1.0,0.0,0.03333333333333333,1.0,1.0,0.0,1.0,0.7800000000000006,0.0,197213755.67398515
ic_e1,low_absorption,9,0.9999999999999998,1.693028025329113e-06,3858645468.9696693,3858645468.9696693,0.0,413971306.8322093,1.0,0.0,0.03333333333333333,1.0,1.0,0.0,1.0,0.7800000000000006,0.0,197213755.67398515
ic_e1,low_absorption,10,0.9999999999999998,1.693028025329113e-06,3858645468.9696693,3858645468.9696693,0.0,413971306.8322093,1.0,0.0,0.03333333333333333,1.0,1.0,0.0,1.0,0.7800000000000006,0.0,197213755.67398515
ic_e1,baseline_low_ai,1,0.9999999999999998,2.196873538196087e-06,3858645468.969669,3858645468.969669,0.0,0.0,1.0,0.0,1.0,1.0,1.0,0.0,1.0,0.0,0.0,197213755.67398515
ic_e1,baseline_low_ai,2,0.9999999999999998,2.196873538196087e-06,3858645468.969669,3858645468.969669,0.0,0.0,1.0,0.0,1.0,1.0,1.0,0.0,1.0,0.0,0.0,197213755.67398515
ic_e1,baseline_low_ai,3,0.9999999999999998,2.196873538196087e-06,3858645468.969669,3858645468.969669,0.0,0.0,1.0,0.0,1.0,1.0,1.0,0.0,1.0,0.0,0.0,197213755.67398515
ic_e1,baseline_low_ai,4,0.9999999999999998,2.196873538196087e-06,3858645468.969669,3858645468.969669,0.0,0.0,1.0,0.0,1.0,1.0,1.0,0.0,1.0,0.0,0.0,197213755.67398515
ic_e1,baseline_low_ai,5,0.9999999999999998,2.196873538196087e-06,3858645468.969669,3858645468.969669,0.0,0.0,1.0,0.0,1.0,1.0,1.0,0.0,1.0,0.0,0.0,197213755.67398515
ic_e1,baseline_low_ai,6,0.9999999999999998,2.196873538196087e-06,3858645468.969669,3858645468.969669,0.0,0.0,1.0,0.0,1.0,1.0,1.0,0.0,1.0,0.0,0.0,197213755.67398515
ic_e1,baseline_low_ai,7,0.9999999999999998,2.196873538196087e-06,3858645468.969669,3858645468.969669,0.0,0.0,1.0,0.0,1.0,1.0,1.0,0.0,1.0,0.0,0.0,197213755.67398515
ic_e1,baseline_low_ai,8,0.9999999999999998,2.196873538196087e-06,3858645468.969669,3858645468.969669,0.0,0.0,1.0,0.0,1.0,1.0,1.0,0.0,1.0,0.0,0.0,197213755.67398515
ic_e1,baseline_low_ai,9,0.9999999999999998,2.196873538196087e-06,3858645468.969669,3858645468.969669,0.0,0.0,1.0,0.0,1.0,1.0,1.0,0.0,1.0,0.0,0.0,197213755.67398515
ic_e1,baseline_low_ai,10,0.9999999999999998,2.196873538196087e-06,3858645468.969669,3858645468.969669,0.0,0.0,1.0,0.0,1.0,1.0,1.0,0.0,1.0,0.0,0.0,197213755.67398515
ic_e1,high_ai_low_absorption,1,0.9999999999999998,1.693028025329113e-06,3858645468.9696693,3858645468.9696693,0.0,413971306.8322093,1.0,0.0,0.03333333333333333,1.0,1.0,0.0,1.0,0.7800000000000006,0.0,197213755.67398515
ic_e1,high_ai_low_absorption,2,0.9999999999999998,1.693028025329113e-06,3858645468.9696693,3858645468.9696693,0.0,413971306.8322093,1.0,0.0,0.03333333333333333,1.0,1.0,0.0,1.0,0.7800000000000006,0.0,197213755.67398515
ic_e1,high_ai_low_absorption,3,0.9999999999999998,1.693028025329113e-06,3858645468.9696693,3858645468.9696693,0.0,413971306.8322093,1.0,0.0,0.03333333333333333,1.0,1.0,0.0,1.0,0.7800000000000006,0.0,197213755.67398515
ic_e1,high_ai_low_absorption,4,0.9999999999999998,1.693028025329113e-06,3858645468.9696693,3858645468.9696693,0.0,413971306.8322093,1.0,0.0,0.03333333333333333,1.0,1.0,0.0,1.0,0.7800000000000006,0.0,197213755.67398515
ic_e1,high_ai_low_absorption,5,0.9999999999999998,1.693028025329113e-06,3858645468.9696693,3858645468.9696693,0.0,413971306.8322093,1.0,0.0,0.03333333333333333,1.0,1.0,0.0,1.0,0.7800000000000006,0.0,197213755.67398515
ic_e1,high_ai_low_absorption,6,0.9999999999999998,1.693028025329113e-06,3858645468.9696693,3858645468.9696693,0.0,413971306.8322093,1.0,0.0,0.03333333333333333,1.0,1.0,0.0,1.0,0.7800000000000006,0.0,197213755.67398515
ic_e1,high_ai_low_absorption,7,0.9999999999999998,1.693028025329113e-06,3858645468.9696693,3858645468.9696693,0.0,413971306.8322093,1.0,0.0,0.03333333333333333,1.0,1.0,0.0,1.0,0.7800000000000006,0.0,197213755.67398515
ic_e1,high_ai_low_absorption,8,0.9999999999999998,1.693028025329113e-06,3858645468.9696693,3858645468.9696693,0.0,413971306.8322093,1.0,0.0,0.03333333333333333,1.0,1.0,0.0,1.0,0.7800000000000006,0.0,197213755.67398515
ic_e1,high_ai_low_absorption,9,0.9999999999999998,1.693028025329113e-06,3858645468.9696693,3858645468.9696693,0.0,413971306.8322093,1.0,0.0,0.03333333333333333,1.0,1.0,0.0,1.0,0.7800000000000006,0.0,197213755.67398515
ic_e1,high_ai_low_absorption,10,0.9999999999999998,1.693028025329113e-06,3858645468.9696693,3858645468.9696693,0.0,413971306.8322093,1.0,0.0,0.03333333333333333,1.0,1.0,0.0,1.0,0.7800000000000006,0.0,197213755.67398515
ic_e1,high_ai_high_absorption,1,0.9999999999999998,1.693028025329113e-06,3858645468.9696693,3858645468.9696693,0.0,413971306.8322093,1.0,0.0,0.03333333333333333,1.0,1.0,0.0,1.0,0.7800000000000006,0.0,197213755.67398515
ic_e1,high_ai_high_absorption,2,0.9999999999999998,1.693028025329113e-06,3858645468.9696693,3858645468.9696693,0.0,413971306.8322093,1.0,0.0,0.03333333333333333,1.0,1.0,0.0,1.0,0.7800000000000006,0.0,197213755.67398515
ic_e1,high_ai_high_absorption,3,0.9999999999999998,1.693028025329113e-06,3858645468.9696693,3858645468.9696693,0.0,413971306.8322093,1.0,0.0,0.03333333333333333,1.0,1.0,0.0,1.0,0.7800000000000006,0.0,197213755.67398515
ic_e1,high_ai_high_absorption,4,0.9999999999999998,1.693028025329113e-06,3858645468.9696693,3858645468.9696693,0.0,413971306.8322093,1.0,0.0,0.03333333333333333,1.0,1.0,0.0,1.0,0.7800000000000006,0.0,197213755.67398515
ic_e1,high_ai_high_absorption,5,0.9999999999999998,1.693028025329113e-06,3858645468.9696693,3858645468.9696693,0.0,413971306.8322093,1.0,0.0,0.03333333333333333,1.0,1.0,0.0,1.0,0.7800000000000006,0.0,197213755.67398515
ic_e1,high_ai_high_absorption,6,0.9999999999999998,1.693028025329113e-06,3858645468.9696693,3858645468.9696693,0.0,413971306.8322093,1.0,0.0,0.03333333333333333,1.0,1.0,0.0,1.0,0.7800000000000006,0.0,197213755.67398515
ic_e1,high_ai_high_absorption,7,0.9999999999999998,1.693028025329113e-06,3858645468.9696693,3858645468.9696693,0.0,413971306.8322093,1.0,0.0,0.03333333333333333,1.0,1.0,0.0,1.0,0.7800000000000006,0.0,197213755.67398515
ic_e1,high_ai_high_absorption,8,0.9999999999999998,1.693028025329113e-06,3858645468.9696693,3858645468.9696693,0.0,413971306.8322093,1.0,0.0,0.03333333333333333,1.0,1.0,0.0,1.0,0.7800000000000006,0.0,197213755.67398515
ic_e1,high_ai_high_absorption,9,0.9999999999999998,1.693028025329113e-06,3858645468.9696693,3858645468.9696693,0.0,413971306.8322093,1.0,0.0,0.03333333333333333,1.0,1.0,0.0,1.0,0.7800000000000006,0.0,197213755.67398515
ic_e1,high_ai_high_absorption,10,0.9999999999999998,1.693028025329113e-06,3858645468.9696693,3858645468.9696693,0.0,413971306.8322093,1.0,0.0,0.03333333333333333,1.0,1.0,0.0,1.0,0.7800000000000006,0.0,197213755.67398515
ic_e2,base,1,0.9816858619659614,168136585.50482073,3819454942.174578,3764069042.294699,0.0,413971306.8322093,1.0,0.0,0.3923076923076923,0.08461538461538462,0.05128205128205128,0.0,1.0,0.7800000000000006,0.0,205341213.35513768
ic_e2,base,2,0.9746596180120921,232642415.10661823,3810264525.1666875,3737163117.0311155,0.0,413971306.8322093,1.0,0.0,0.4,0.046153846153846156,0.02564102564102564,0.0,1.0,0.7800000000000006,0.0,204404672.20240784
ic_e2,base,3,0.9749136681415486,230310057.3819751,3813103170.5791593,3740665379.0964384,0.0,413971306.8322093,1.0,0.0,0.3871794871794872,0.05128205128205128,0.023076923076923078,0.0,1.0,0.7800000000000006,0.0,209744754.2691175
ic_e2,base,4,0.9753707694432541,226113547.99912977,3807952827.9351926,3739024901.5783753,0.0,413971306.8322093,1.0,0.0,0.4,0.05384615384615385,0.028205128205128206,0.0,1.0,0.7800000000000006,0.0,203672575.68923277
ic_e2,base,5,0.9780168811930738,201820392.970377,3815105126.4254985,3752367279.84985,0.0,413971306.8322093,1.0,0.0,0.40512820512820513,0.04358974358974359,0.015384615384615385,0.0,1.0,0.7800000000000006,0.0,204374771.3712967
ic_e2,base,6,0.9771361228470455,209906370.081658,3813246513.0669584,3747193889.1603293,0.0,413971306.8322093,1.0,0.0,0.38974358974358975,0.09743589743589744,0.06153846153846154,0.0,1.0,0.7800000000000006,0.0,203909453.4599187
ic_e2,base,7,0.9783425539490478,198830489.48271918,3820936666.6432085,3760705987.994671,0.0,413971306.8322093,1.0,0.0,0.48205128205128206,0.046153846153846156,0.01282051282051282,0.0,1.0,0.7800000000000006,0.0,203787635.98179784
ic_e2,base,8,0.9758644764483364,221580972.6783544,3814878355.2111278,3748164605.1236086,0.0,413971306.8322093,1.0,0.0,0.4666666666666667,0.046153846153846156,0.01282051282051282,0.0,1.0,0.7800000000000006,0.0,206533495.8035831
ic_e2,base,9,0.9776908518682147,204813570.00957862,3816852705.2273655,3751079060.4853716,0.0,413971306.8322093,1.0,0.0,0.3871794871794872,0.07692307692307693,0.04358974358974359,0.0,1.0,0.7800000000000006,0.0,204996595.59726337
ic_e2,base,10,0.975558722529857,224388007.3180571,3808296455.8953223,3739523474.002,0.0,413971306.8322093,1.0,0.0,0.38461538461538464,0.04871794871794872,0.015384615384615385,0.0,1.0,0.7800000000000006,0.0,203798330.31885633
ic_e2,baseline,1,0.980504011226755,178986801.19595557,3817079456.3467607,3758324243.483204,0.0,0.0,1.0,0.0,0.4846153846153846,0.08205128205128205,0.05128205128205128,0.0,1.0,0.0,0.0,205458105.371235
ic_e2,baseline,2,0.9733145715668863,244990881.42384097,3807759075.546125,3730897009.4770164,0.0,0.0,1.0,0.0,0.46923076923076923,0.046153846153846156,0.02564102564102564,0.0,1.0,0.0,0.0,204454788.06541547
ic_e2,baseline,3,0.9736058458307896,242316780.13187286,3810514236.2308035,3734362415.7435575,0.0,0.0,1.0,0.0,0.49743589743589745,0.05128205128205128,0.023076923076923078,0.0,1.0,0.0,0.0,209759551.88987356
ic_e2,baseline,4,0.9740733185260956,238025054.1080005,3805409496.7457547,3732789251.036025,0.0,0.0,1.0,0.0,0.47435897435897434,0.05384615384615385,0.028205128205128206,0.0,1.0,0.0,0.0,203773307.31041306
ic_e2,baseline,5,0.9768011830340854,212981351.62848666,3812703632.9442167,3746512727.5816684,0.0,0.0,1.0,0.0,0.4846153846153846,0.04358974358974359,0.015384615384615385,0.0,1.0,0.0,0.0,204408340.02684173
ic_e2,baseline,6,0.9756317887661918,223717208.20809165,3810396231.309965,3740144368.334114,0.0,0.0,1.0,0.0,0.4846153846153846,0.09487179487179487,0.06153846153846154,0.0,1.0,0.0,0.0,203987032.44839486
ic_e2,baseline,7,0.9768457094245748,212572568.2477003,3818176548.900599,3753775992.6630898,0.0,0.0,1.0,0.0,0.5512820512820513,0.046153846153846156,0.01282051282051282,0.0,1.0,0.0,0.0,203894362.306744
ic_e2,baseline,8,0.9746769246551584,232483528.02897784,3812520484.071048,3742367966.7553544,0.0,0.0,1.0,0.0,0.5487179487179488,0.046153846153846156,0.01282051282051282,0.0,1.0,0.0,0.0,206585055.114168
ic_e2,baseline,9,0.9763679750383208,216958503.7655867,3814279772.313119,3744772236.211635,0.0,0.0,1.0,0.0,0.46923076923076923,0.07692307692307693,0.04358974358974359,0.0,1.0,0.0,0.0,205004657.13421828
ic_e2,baseline,10,0.974392979656231,235090341.54660589,3805866679.258481,3733721540.894984,0.0,0.0,1.0,0.0,0.46923076923076923,0.04871794871794872,0.015384615384615385,0.0,1.0,0.0,0.0,203798330.31885633
ic_e2,conventional_forecast,1,0.980504011226755,178986801.19595557,3817079456.3467607,3758324243.483204,0.0,0.0,1.0,0.0,0.4846153846153846,0.08205128205128205,0.05128205128205128,0.0,1.0,0.0,0.0,205458105.371235
ic_e2,conventional_forecast,2,0.9733145715668863,244990881.42384097,3807759075.546125,3730897009.4770164,0.0,0.0,1.0,0.0,0.46923076923076923,0.046153846153846156,0.02564102564102564,0.0,1.0,0.0,0.0,204454788.06541547
ic_e2,conventional_forecast,3,0.9736058458307896,242316780.13187286,3810514236.2308035,3734362415.7435575,0.0,0.0,1.0,0.0,0.49743589743589745,0.05128205128205128,0.023076923076923078,0.0,1.0,0.0,0.0,209759551.88987356
ic_e2,conventional_forecast,4,0.9740733185260956,238025054.1080005,3805409496.7457547,3732789251.036025,0.0,0.0,1.0,0.0,0.47435897435897434,0.05384615384615385,0.028205128205128206,0.0,1.0,0.0,0.0,203773307.31041306
ic_e2,conventional_forecast,5,0.9768011830340854,212981351.62848666,3812703632.9442167,3746512727.5816684,0.0,0.0,1.0,0.0,0.4846153846153846,0.04358974358974359,0.015384615384615385,0.0,1.0,0.0,0.0,204408340.02684173
ic_e2,conventional_forecast,6,0.9756317887661918,223717208.20809165,3810396231.309965,3740144368.334114,0.0,0.0,1.0,0.0,0.4846153846153846,0.09487179487179487,0.06153846153846154,0.0,1.0,0.0,0.0,203987032.44839486
ic_e2,conventional_forecast,7,0.9768457094245748,212572568.2477003,3818176548.900599,3753775992.6630898,0.0,0.0,1.0,0.0,0.5512820512820513,0.046153846153846156,0.01282051282051282,0.0,1.0,0.0,0.0,203894362.306744
ic_e2,conventional_forecast,8,0.9746769246551584,232483528.02897784,3812520484.071048,3742367966.7553544,0.0,0.0,1.0,0.0,0.5487179487179488,0.046153846153846156,0.01282051282051282,0.0,1.0,0.0,0.0,206585055.114168
ic_e2,conventional_forecast,9,0.9763679750383208,216958503.7655867,3814279772.313119,3744772236.211635,0.0,0.0,1.0,0.0,0.46923076923076923,0.07692307692307693,0.04358974358974359,0.0,1.0,0.0,0.0,205004657.13421828
ic_e2,conventional_forecast,10,0.974392979656231,235090341.54660589,3805866679.258481,3733721540.894984,0.0,0.0,1.0,0.0,0.46923076923076923,0.04871794871794872,0.015384615384615385,0.0,1.0,0.0,0.0,203798330.31885633
ic_e2,ai_independent_forecast,1,0.9807922676162134,176340406.10035047,3816853276.2538495,3759063158.2780876,0.0,413971306.8322093,1.0,0.0,0.37435897435897436,0.09230769230769231,0.05641025641025641,0.0,1.0,0.7800000000000006,0.0,204517465.60831553
ic_e2,ai_independent_forecast,2,0.9754892479805035,225025832.23157912,3814050339.436216,3743596944.3720136,0.0,413971306.8322093,1.0,0.0,0.4076923076923077,0.05128205128205128,0.028205128205128206,0.0,1.0,0.7800000000000006,0.0,205812568.34821513
ic_e2,ai_independent_forecast,3,0.9744849296134444,234246176.6825841,3810857644.4660954,3737144205.515079,0.0,413971306.8322093,1.0,0.0,0.39487179487179486,0.05128205128205128,0.023076923076923078,0.0,1.0,0.7800000000000006,0.0,206909836.4612925
ic_e2,ai_independent_forecast,4,0.9755113244089887,224823155.19055578,3806764820.055864,3737795196.3850794,0.0,413971306.8322093,1.0,0.0,0.38461538461538464,0.05384615384615385,0.02564102564102564,0.0,1.0,0.7800000000000006,0.0,203846683.0563542
ic_e2,ai_independent_forecast,5,0.9775138162593398,206438880.61571693,3813361280.081399,3749334877.843678,0.0,413971306.8322093,1.0,0.0,0.37435897435897436,0.04871794871794872,0.020512820512820513,0.0,1.0,0.7800000000000006,0.0,205390364.43509057
ic_e2,ai_independent_forecast,6,0.9773524143183325,207920663.225652,3813962530.291317,3748409492.2181997,0.0,413971306.8322093,1.0,0.0,0.3923076923076923,0.09487179487179487,0.05641025641025641,0.0,1.0,0.7800000000000006,0.0,204038976.11340177
ic_e2,ai_independent_forecast,7,0.977724561352127,204504093.39028037,3817465949.861722,3755421826.8435183,0.0,413971306.8322093,1.0,0.0,0.44358974358974357,0.04358974358974359,0.010256410256410256,0.0,1.0,0.7800000000000006,0.0,203753655.81431356
ic_e2,ai_independent_forecast,8,0.9756943499442543,223142852.87424767,3813266963.5468674,3745866310.708196,0.0,413971306.8322093,1.0,0.0,0.44871794871794873,0.05384615384615385,0.017948717948717947,0.0,1.0,0.7800000000000006,0.0,204635840.80667412
ic_e2,ai_independent_forecast,9,0.9770962367203917,210272552.59770802,3814941721.3590374,3747252421.944067,0.0,413971306.8322093,1.0,0.0,0.37948717948717947,0.08205128205128205,0.046153846153846156,0.0,1.0,0.7800000000000006,0.0,205259905.44319916
ic_e2,ai_independent_forecast,10,0.9755590521488938,224384981.18495312,3807640449.525957,3738775329.21803,0.0,413971306.8322093,1.0,0.0,0.3769230769230769,0.04871794871794872,0.015384615384615385,0.0,1.0,0.7800000000000006,0.0,203710942.3045922
ic_e2,ai_shared_model_forecast,1,0.9805401573247243,178654954.75684816,3823163670.110578,3766196782.5444884,0.0,413971306.8322093,1.0,0.0,0.5461538461538461,0.1,0.0641025641025641,0.0,1.0,0.7800000000000006,0.0,211524836.432727
ic_e2,ai_shared_model_forecast,2,0.9753559766855402,226249355.8524711,3801363749.669415,3728942312.388063,0.0,413971306.8322093,1.0,0.0,0.37435897435897436,0.06666666666666667,0.03333333333333333,0.0,1.0,0.7800000000000006,0.0,208948971.46840245
ic_e2,ai_shared_model_forecast,3,0.9788287973747409,194366435.03646272,3824041807.494493,3763046287.8722544,0.0,413971306.8322093,1.0,0.0,0.5461538461538461,0.035897435897435895,0.002564102564102564,0.0,1.0,0.7800000000000006,0.0,215107259.7028257
ic_e2,ai_shared_model_forecast,4,0.9790786879347144,192072265.06647822,3820375030.7519817,3761396718.7161703,0.0,413971306.8322093,1.0,0.0,0.5025641025641026,0.06153846153846154,0.03076923076923077,0.0,1.0,0.7800000000000006,0.0,211671184.4783419
ic_e2,ai_shared_model_forecast,5,0.9820586105129006,164714493.35842818,3826768375.265614,3774685984.7198873,0.0,413971306.8322093,1.0,0.0,0.49743589743589745,0.05128205128205128,0.02564102564102564,0.0,1.0,0.7800000000000006,0.0,211944421.45253363
ic_e2,ai_shared_model_forecast,6,0.9761281061463067,219160667.8203248,3809684007.4767213,3740443368.2677817,0.0,413971306.8322093,1.0,0.0,0.47692307692307695,0.07948717948717948,0.04358974358974359,0.0,1.0,0.7800000000000006,0.0,208113440.91377068
ic_e2,ai_shared_model_forecast,7,0.9804759060292224,179244826.54988143,3832078419.5761766,3777680982.1434007,0.0,413971306.8322093,1.0,0.0,0.5076923076923077,0.06153846153846154,0.03076923076923077,0.0,1.0,0.7800000000000006,0.0,211031439.18641907
ic_e2,ai_shared_model_forecast,8,0.975283791776939,226912063.7579495,3814956377.9189315,3745108186.4700994,0.0,413971306.8322093,1.0,0.0,0.5333333333333333,0.035897435897435895,0.002564102564102564,0.0,1.0,0.7800000000000006,0.0,213825306.41900367
ic_e2,ai_shared_model_forecast,9,0.9804383583487517,179589540.4958072,3823687218.989179,3766830405.7722735,0.0,413971306.8322093,1.0,0.0,0.5153846153846153,0.03333333333333333,0.0,0.0,1.0,0.7800000000000006,0.0,209289325.7110682
ic_e2,ai_shared_model_forecast,10,0.9790376270394601,192449232.7792381,3817955312.127541,3757856739.0792975,0.0,413971306.8322093,1.0,0.0,0.517948717948718,0.041025641025641026,0.005128205128205128,0.0,1.0,0.7800000000000006,0.0,213401328.11589825
ic_e3,base,1,0.9999999999999998,1.693028025329113e-06,3858645468.9696693,3858645468.9696693,0.0,827942613.6644186,1.0,0.0,0.03333333333333333,1.0,1.0,0.0,1.0,0.7800000000000006,0.0,197213755.67398515
ic_e3,base,2,0.9999999999999998,1.693028025329113e-06,3858645468.9696693,3858645468.9696693,0.0,827942613.6644186,1.0,0.0,0.03333333333333333,1.0,1.0,0.0,1.0,0.7800000000000006,0.0,197213755.67398515
ic_e3,base,3,0.9999999999999998,1.693028025329113e-06,3858645468.9696693,3858645468.9696693,0.0,827942613.6644186,1.0,0.0,0.03333333333333333,1.0,1.0,0.0,1.0,0.7800000000000006,0.0,197213755.67398515
ic_e3,base,4,0.9999999999999998,1.693028025329113e-06,3858645468.9696693,3858645468.9696693,0.0,827942613.6644186,1.0,0.0,0.03333333333333333,1.0,1.0,0.0,1.0,0.7800000000000006,0.0,197213755.67398515
ic_e3,base,5,0.9999999999999998,1.693028025329113e-06,3858645468.9696693,3858645468.9696693,0.0,827942613.6644186,1.0,0.0,0.03333333333333333,1.0,1.0,0.0,1.0,0.7800000000000006,0.0,197213755.67398515
ic_e3,base,6,0.9999999999999998,1.693028025329113e-06,3858645468.9696693,3858645468.9696693,0.0,827942613.6644186,1.0,0.0,0.03333333333333333,1.0,1.0,0.0,1.0,0.7800000000000006,0.0,197213755.67398515
ic_e3,base,7,0.9999999999999998,1.693028025329113e-06,3858645468.9696693,3858645468.9696693,0.0,827942613.6644186,1.0,0.0,0.03333333333333333,1.0,1.0,0.0,1.0,0.7800000000000006,0.0,197213755.67398515
ic_e3,base,8,0.9999999999999998,1.693028025329113e-06,3858645468.9696693,3858645468.9696693,0.0,827942613.6644186,1.0,0.0,0.03333333333333333,1.0,1.0,0.0,1.0,0.7800000000000006,0.0,197213755.67398515
ic_e3,base,9,0.9999999999999998,1.693028025329113e-06,3858645468.9696693,3858645468.9696693,0.0,827942613.6644186,1.0,0.0,0.03333333333333333,1.0,1.0,0.0,1.0,0.7800000000000006,0.0,197213755.67398515
ic_e3,base,10,0.9999999999999998,1.693028025329113e-06,3858645468.9696693,3858645468.9696693,0.0,827942613.6644186,1.0,0.0,0.03333333333333333,1.0,1.0,0.0,1.0,0.7800000000000006,0.0,197213755.67398515
ic_e3,baseline,1,0.9999999999999998,1.693028025329113e-06,3858645468.9696693,3858645468.9696693,0.0,413971306.8322093,1.0,0.0,0.03333333333333333,1.0,1.0,0.0,1.0,0.0,0.0,197213755.67398515
ic_e3,baseline,2,0.9999999999999998,1.693028025329113e-06,3858645468.9696693,3858645468.9696693,0.0,413971306.8322093,1.0,0.0,0.03333333333333333,1.0,1.0,0.0,1.0,0.0,0.0,197213755.67398515
ic_e3,baseline,3,0.9999999999999998,1.693028025329113e-06,3858645468.9696693,3858645468.9696693,0.0,413971306.8322093,1.0,0.0,0.03333333333333333,1.0,1.0,0.0,1.0,0.0,0.0,197213755.67398515
ic_e3,baseline,4,0.9999999999999998,1.693028025329113e-06,3858645468.9696693,3858645468.9696693,0.0,413971306.8322093,1.0,0.0,0.03333333333333333,1.0,1.0,0.0,1.0,0.0,0.0,197213755.67398515
ic_e3,baseline,5,0.9999999999999998,1.693028025329113e-06,3858645468.9696693,3858645468.9696693,0.0,413971306.8322093,1.0,0.0,0.03333333333333333,1.0,1.0,0.0,1.0,0.0,0.0,197213755.67398515
ic_e3,baseline,6,0.9999999999999998,1.693028025329113e-06,3858645468.9696693,3858645468.9696693,0.0,413971306.8322093,1.0,0.0,0.03333333333333333,1.0,1.0,0.0,1.0,0.0,0.0,197213755.67398515
ic_e3,baseline,7,0.9999999999999998,1.693028025329113e-06,3858645468.9696693,3858645468.9696693,0.0,413971306.8322093,1.0,0.0,0.03333333333333333,1.0,1.0,0.0,1.0,0.0,0.0,197213755.67398515
ic_e3,baseline,8,0.9999999999999998,1.693028025329113e-06,3858645468.9696693,3858645468.9696693,0.0,413971306.8322093,1.0,0.0,0.03333333333333333,1.0,1.0,0.0,1.0,0.0,0.0,197213755.67398515
ic_e3,baseline,9,0.9999999999999998,1.693028025329113e-06,3858645468.9696693,3858645468.9696693,0.0,413971306.8322093,1.0,0.0,0.03333333333333333,1.0,1.0,0.0,1.0,0.0,0.0,197213755.67398515
ic_e3,baseline,10,0.9999999999999998,1.693028025329113e-06,3858645468.9696693,3858645468.9696693,0.0,413971306.8322093,1.0,0.0,0.03333333333333333,1.0,1.0,0.0,1.0,0.0,0.0,197213755.67398515
ic_e3,rd_without_ai_complement,1,0.9999999999999998,1.693028025329113e-06,3858645468.9696693,3858645468.9696693,0.0,413971306.8322093,1.0,0.0,0.03333333333333333,1.0,1.0,0.0,1.0,0.0,0.0,197213755.67398515
ic_e3,rd_without_ai_complement,2,0.9999999999999998,1.693028025329113e-06,3858645468.9696693,3858645468.9696693,0.0,413971306.8322093,1.0,0.0,0.03333333333333333,1.0,1.0,0.0,1.0,0.0,0.0,197213755.67398515
ic_e3,rd_without_ai_complement,3,0.9999999999999998,1.693028025329113e-06,3858645468.9696693,3858645468.9696693,0.0,413971306.8322093,1.0,0.0,0.03333333333333333,1.0,1.0,0.0,1.0,0.0,0.0,197213755.67398515
ic_e3,rd_without_ai_complement,4,0.9999999999999998,1.693028025329113e-06,3858645468.9696693,3858645468.9696693,0.0,413971306.8322093,1.0,0.0,0.03333333333333333,1.0,1.0,0.0,1.0,0.0,0.0,197213755.67398515
ic_e3,rd_without_ai_complement,5,0.9999999999999998,1.693028025329113e-06,3858645468.9696693,3858645468.9696693,0.0,413971306.8322093,1.0,0.0,0.03333333333333333,1.0,1.0,0.0,1.0,0.0,0.0,197213755.67398515
ic_e3,rd_without_ai_complement,6,0.9999999999999998,1.693028025329113e-06,3858645468.9696693,3858645468.9696693,0.0,413971306.8322093,1.0,0.0,0.03333333333333333,1.0,1.0,0.0,1.0,0.0,0.0,197213755.67398515
ic_e3,rd_without_ai_complement,7,0.9999999999999998,1.693028025329113e-06,3858645468.9696693,3858645468.9696693,0.0,413971306.8322093,1.0,0.0,0.03333333333333333,1.0,1.0,0.0,1.0,0.0,0.0,197213755.67398515
ic_e3,rd_without_ai_complement,8,0.9999999999999998,1.693028025329113e-06,3858645468.9696693,3858645468.9696693,0.0,413971306.8322093,1.0,0.0,0.03333333333333333,1.0,1.0,0.0,1.0,0.0,0.0,197213755.67398515
ic_e3,rd_without_ai_complement,9,0.9999999999999998,1.693028025329113e-06,3858645468.9696693,3858645468.9696693,0.0,413971306.8322093,1.0,0.0,0.03333333333333333,1.0,1.0,0.0,1.0,0.0,0.0,197213755.67398515
ic_e3,rd_without_ai_complement,10,0.9999999999999998,1.693028025329113e-06,3858645468.9696693,3858645468.9696693,0.0,413971306.8322093,1.0,0.0,0.03333333333333333,1.0,1.0,0.0,1.0,0.0,0.0,197213755.67398515
ic_e3,moderate_ai_rd_complement,1,0.9999999999999998,1.693028025329113e-06,3858645468.9696693,3858645468.9696693,0.0,827942613.6644186,1.0,0.0,0.03333333333333333,1.0,1.0,0.0,1.0,0.7800000000000006,0.0,197213755.67398515
ic_e3,moderate_ai_rd_complement,2,0.9999999999999998,1.693028025329113e-06,3858645468.9696693,3858645468.9696693,0.0,827942613.6644186,1.0,0.0,0.03333333333333333,1.0,1.0,0.0,1.0,0.7800000000000006,0.0,197213755.67398515
ic_e3,moderate_ai_rd_complement,3,0.9999999999999998,1.693028025329113e-06,3858645468.9696693,3858645468.9696693,0.0,827942613.6644186,1.0,0.0,0.03333333333333333,1.0,1.0,0.0,1.0,0.7800000000000006,0.0,197213755.67398515
ic_e3,moderate_ai_rd_complement,4,0.9999999999999998,1.693028025329113e-06,3858645468.9696693,3858645468.9696693,0.0,827942613.6644186,1.0,0.0,0.03333333333333333,1.0,1.0,0.0,1.0,0.7800000000000006,0.0,197213755.67398515
ic_e3,moderate_ai_rd_complement,5,0.9999999999999998,1.693028025329113e-06,3858645468.9696693,3858645468.9696693,0.0,827942613.6644186,1.0,0.0,0.03333333333333333,1.0,1.0,0.0,1.0,0.7800000000000006,0.0,197213755.67398515
ic_e3,moderate_ai_rd_complement,6,0.9999999999999998,1.693028025329113e-06,3858645468.9696693,3858645468.9696693,0.0,827942613.6644186,1.0,0.0,0.03333333333333333,1.0,1.0,0.0,1.0,0.7800000000000006,0.0,197213755.67398515
ic_e3,moderate_ai_rd_complement,7,0.9999999999999998,1.693028025329113e-06,3858645468.9696693,3858645468.9696693,0.0,827942613.6644186,1.0,0.0,0.03333333333333333,1.0,1.0,0.0,1.0,0.7800000000000006,0.0,197213755.67398515
ic_e3,moderate_ai_rd_complement,8,0.9999999999999998,1.693028025329113e-06,3858645468.9696693,3858645468.9696693,0.0,827942613.6644186,1.0,0.0,0.03333333333333333,1.0,1.0,0.0,1.0,0.7800000000000006,0.0,197213755.67398515
ic_e3,moderate_ai_rd_complement,9,0.9999999999999998,1.693028025329113e-06,3858645468.9696693,3858645468.9696693,0.0,827942613.6644186,1.0,0.0,0.03333333333333333,1.0,1.0,0.0,1.0,0.7800000000000006,0.0,197213755.67398515
ic_e3,moderate_ai_rd_complement,10,0.9999999999999998,1.693028025329113e-06,3858645468.9696693,3858645468.9696693,0.0,827942613.6644186,1.0,0.0,0.03333333333333333,1.0,1.0,0.0,1.0,0.7800000000000006,0.0,197213755.67398515
ic_e3,strong_ai_rd_complement,1,0.9999999999999998,1.693028025329113e-06,3858645468.9696693,3858645468.9696693,0.0,827942613.6644186,1.0,0.0,0.03333333333333333,1.0,1.0,0.0,1.0,0.7800000000000006,0.0,197213755.67398515
ic_e3,strong_ai_rd_complement,2,0.9999999999999998,1.693028025329113e-06,3858645468.9696693,3858645468.9696693,0.0,827942613.6644186,1.0,0.0,0.03333333333333333,1.0,1.0,0.0,1.0,0.7800000000000006,0.0,197213755.67398515
ic_e3,strong_ai_rd_complement,3,0.9999999999999998,1.693028025329113e-06,3858645468.9696693,3858645468.9696693,0.0,827942613.6644186,1.0,0.0,0.03333333333333333,1.0,1.0,0.0,1.0,0.7800000000000006,0.0,197213755.67398515
ic_e3,strong_ai_rd_complement,4,0.9999999999999998,1.693028025329113e-06,3858645468.9696693,3858645468.9696693,0.0,827942613.6644186,1.0,0.0,0.03333333333333333,1.0,1.0,0.0,1.0,0.7800000000000006,0.0,197213755.67398515
ic_e3,strong_ai_rd_complement,5,0.9999999999999998,1.693028025329113e-06,3858645468.9696693,3858645468.9696693,0.0,827942613.6644186,1.0,0.0,0.03333333333333333,1.0,1.0,0.0,1.0,0.7800000000000006,0.0,197213755.67398515
ic_e3,strong_ai_rd_complement,6,0.9999999999999998,1.693028025329113e-06,3858645468.9696693,3858645468.9696693,0.0,827942613.6644186,1.0,0.0,0.03333333333333333,1.0,1.0,0.0,1.0,0.7800000000000006,0.0,197213755.67398515
ic_e3,strong_ai_rd_complement,7,0.9999999999999998,1.693028025329113e-06,3858645468.9696693,3858645468.9696693,0.0,827942613.6644186,1.0,0.0,0.03333333333333333,1.0,1.0,0.0,1.0,0.7800000000000006,0.0,197213755.67398515
ic_e3,strong_ai_rd_complement,8,0.9999999999999998,1.693028025329113e-06,3858645468.9696693,3858645468.9696693,0.0,827942613.6644186,1.0,0.0,0.03333333333333333,1.0,1.0,0.0,1.0,0.7800000000000006,0.0,197213755.67398515
ic_e3,strong_ai_rd_complement,9,0.9999999999999998,1.693028025329113e-06,3858645468.9696693,3858645468.9696693,0.0,827942613.6644186,1.0,0.0,0.03333333333333333,1.0,1.0,0.0,1.0,0.7800000000000006,0.0,197213755.67398515
ic_e3,strong_ai_rd_complement,10,0.9999999999999998,1.693028025329113e-06,3858645468.9696693,3858645468.9696693,0.0,827942613.6644186,1.0,0.0,0.03333333333333333,1.0,1.0,0.0,1.0,0.7800000000000006,0.0,197213755.67398515
ic_e4,base,1,0.7879499382389442,1946767752.5595367,3264227859.376204,2389488089.478958,0.0,0.0,1.0,0.0,0.03333333333333333,1.0,0.03333333333333333,0.0,1.0,0.0,0.0,166039274.5357853
ic_e4,base,2,0.7879499382389442,1946767752.5595367,3264227859.376204,2389488089.478958,0.0,0.0,1.0,0.0,0.03333333333333333,1.0,0.03333333333333333,0.0,1.0,0.0,0.0,166039274.5357853
ic_e4,base,3,0.7879499382389442,1946767752.5595367,3264227859.376204,2389488089.478958,0.0,0.0,1.0,0.0,0.03333333333333333,1.0,0.03333333333333333,0.0,1.0,0.0,0.0,166039274.5357853
ic_e4,base,4,0.7879499382389442,1946767752.5595367,3264227859.376204,2389488089.478958,0.0,0.0,1.0,0.0,0.03333333333333333,1.0,0.03333333333333333,0.0,1.0,0.0,0.0,166039274.5357853
ic_e4,base,5,0.7879499382389442,1946767752.5595367,3264227859.376204,2389488089.478958,0.0,0.0,1.0,0.0,0.03333333333333333,1.0,0.03333333333333333,0.0,1.0,0.0,0.0,166039274.5357853
ic_e4,base,6,0.7879499382389442,1946767752.5595367,3264227859.376204,2389488089.478958,0.0,0.0,1.0,0.0,0.03333333333333333,1.0,0.03333333333333333,0.0,1.0,0.0,0.0,166039274.5357853
ic_e4,base,7,0.7879499382389442,1946767752.5595367,3264227859.376204,2389488089.478958,0.0,0.0,1.0,0.0,0.03333333333333333,1.0,0.03333333333333333,0.0,1.0,0.0,0.0,166039274.5357853
ic_e4,base,8,0.7879499382389442,1946767752.5595367,3264227859.376204,2389488089.478958,0.0,0.0,1.0,0.0,0.03333333333333333,1.0,0.03333333333333333,0.0,1.0,0.0,0.0,166039274.5357853
ic_e4,base,9,0.7879499382389442,1946767752.5595367,3264227859.376204,2389488089.478958,0.0,0.0,1.0,0.0,0.03333333333333333,1.0,0.03333333333333333,0.0,1.0,0.0,0.0,166039274.5357853
ic_e4,base,10,0.7879499382389442,1946767752.5595367,3264227859.376204,2389488089.478958,0.0,0.0,1.0,0.0,0.03333333333333333,1.0,0.03333333333333333,0.0,1.0,0.0,0.0,166039274.5357853
ic_e4,baseline,1,0.9999999999999998,2.2029271349310875e-06,3858645468.9696684,3858645468.9696684,0.0,0.0,1.0,0.0,1.0,1.0,1.0,0.0,1.0,0.0,0.0,197213755.67398512
ic_e4,baseline,2,0.9999999999999998,2.2029271349310875e-06,3858645468.9696684,3858645468.9696684,0.0,0.0,1.0,0.0,1.0,1.0,1.0,0.0,1.0,0.0,0.0,197213755.67398512
ic_e4,baseline,3,0.9999999999999998,2.2029271349310875e-06,3858645468.9696684,3858645468.9696684,0.0,0.0,1.0,0.0,1.0,1.0,1.0,0.0,1.0,0.0,0.0,197213755.67398512
ic_e4,baseline,4,0.9999999999999998,2.2029271349310875e-06,3858645468.9696684,3858645468.9696684,0.0,0.0,1.0,0.0,1.0,1.0,1.0,0.0,1.0,0.0,0.0,197213755.67398512
ic_e4,baseline,5,0.9999999999999998,2.2029271349310875e-06,3858645468.9696684,3858645468.9696684,0.0,0.0,1.0,0.0,1.0,1.0,1.0,0.0,1.0,0.0,0.0,197213755.67398512
ic_e4,baseline,6,0.9999999999999998,2.2029271349310875e-06,3858645468.9696684,3858645468.9696684,0.0,0.0,1.0,0.0,1.0,1.0,1.0,0.0,1.0,0.0,0.0,197213755.67398512
ic_e4,baseline,7,0.9999999999999998,2.2029271349310875e-06,3858645468.9696684,3858645468.9696684,0.0,0.0,1.0,0.0,1.0,1.0,1.0,0.0,1.0,0.0,0.0,197213755.67398512
ic_e4,baseline,8,0.9999999999999998,2.2029271349310875e-06,3858645468.9696684,3858645468.9696684,0.0,0.0,1.0,0.0,1.0,1.0,1.0,0.0,1.0,0.0,0.0,197213755.67398512
ic_e4,baseline,9,0.9999999999999998,2.2029271349310875e-06,3858645468.9696684,3858645468.9696684,0.0,0.0,1.0,0.0,1.0,1.0,1.0,0.0,1.0,0.0,0.0,197213755.67398512
ic_e4,baseline,10,0.9999999999999998,2.2029271349310875e-06,3858645468.9696684,3858645468.9696684,0.0,0.0,1.0,0.0,1.0,1.0,1.0,0.0,1.0,0.0,0.0,197213755.67398512
ic_e4,proportional_allocation,1,0.9999999999999998,2.2029271349310875e-06,3858645468.9696684,3858645468.9696684,0.0,0.0,1.0,0.0,1.0,1.0,1.0,0.0,1.0,0.0,0.0,197213755.67398512
ic_e4,proportional_allocation,2,0.9999999999999998,2.2029271349310875e-06,3858645468.9696684,3858645468.9696684,0.0,0.0,1.0,0.0,1.0,1.0,1.0,0.0,1.0,0.0,0.0,197213755.67398512
ic_e4,proportional_allocation,3,0.9999999999999998,2.2029271349310875e-06,3858645468.9696684,3858645468.9696684,0.0,0.0,1.0,0.0,1.0,1.0,1.0,0.0,1.0,0.0,0.0,197213755.67398512
ic_e4,proportional_allocation,4,0.9999999999999998,2.2029271349310875e-06,3858645468.9696684,3858645468.9696684,0.0,0.0,1.0,0.0,1.0,1.0,1.0,0.0,1.0,0.0,0.0,197213755.67398512
ic_e4,proportional_allocation,5,0.9999999999999998,2.2029271349310875e-06,3858645468.9696684,3858645468.9696684,0.0,0.0,1.0,0.0,1.0,1.0,1.0,0.0,1.0,0.0,0.0,197213755.67398512
ic_e4,proportional_allocation,6,0.9999999999999998,2.2029271349310875e-06,3858645468.9696684,3858645468.9696684,0.0,0.0,1.0,0.0,1.0,1.0,1.0,0.0,1.0,0.0,0.0,197213755.67398512
ic_e4,proportional_allocation,7,0.9999999999999998,2.2029271349310875e-06,3858645468.9696684,3858645468.9696684,0.0,0.0,1.0,0.0,1.0,1.0,1.0,0.0,1.0,0.0,0.0,197213755.67398512
ic_e4,proportional_allocation,8,0.9999999999999998,2.2029271349310875e-06,3858645468.9696684,3858645468.9696684,0.0,0.0,1.0,0.0,1.0,1.0,1.0,0.0,1.0,0.0,0.0,197213755.67398512
ic_e4,proportional_allocation,9,0.9999999999999998,2.2029271349310875e-06,3858645468.9696684,3858645468.9696684,0.0,0.0,1.0,0.0,1.0,1.0,1.0,0.0,1.0,0.0,0.0,197213755.67398512
ic_e4,proportional_allocation,10,0.9999999999999998,2.2029271349310875e-06,3858645468.9696684,3858645468.9696684,0.0,0.0,1.0,0.0,1.0,1.0,1.0,0.0,1.0,0.0,0.0,197213755.67398512
ic_e4,moderate_ai_allocation,1,0.9999999999999998,2.196873538196087e-06,3858645468.969669,3858645468.969669,0.0,0.0,1.0,0.0,1.0,1.0,1.0,0.0,1.0,0.0,0.0,197213755.67398515
ic_e4,moderate_ai_allocation,2,0.9999999999999998,2.196873538196087e-06,3858645468.969669,3858645468.969669,0.0,0.0,1.0,0.0,1.0,1.0,1.0,0.0,1.0,0.0,0.0,197213755.67398515
ic_e4,moderate_ai_allocation,3,0.9999999999999998,2.196873538196087e-06,3858645468.969669,3858645468.969669,0.0,0.0,1.0,0.0,1.0,1.0,1.0,0.0,1.0,0.0,0.0,197213755.67398515
ic_e4,moderate_ai_allocation,4,0.9999999999999998,2.196873538196087e-06,3858645468.969669,3858645468.969669,0.0,0.0,1.0,0.0,1.0,1.0,1.0,0.0,1.0,0.0,0.0,197213755.67398515
ic_e4,moderate_ai_allocation,5,0.9999999999999998,2.196873538196087e-06,3858645468.969669,3858645468.969669,0.0,0.0,1.0,0.0,1.0,1.0,1.0,0.0,1.0,0.0,0.0,197213755.67398515
ic_e4,moderate_ai_allocation,6,0.9999999999999998,2.196873538196087e-06,3858645468.969669,3858645468.969669,0.0,0.0,1.0,0.0,1.0,1.0,1.0,0.0,1.0,0.0,0.0,197213755.67398515
ic_e4,moderate_ai_allocation,7,0.9999999999999998,2.196873538196087e-06,3858645468.969669,3858645468.969669,0.0,0.0,1.0,0.0,1.0,1.0,1.0,0.0,1.0,0.0,0.0,197213755.67398515
ic_e4,moderate_ai_allocation,8,0.9999999999999998,2.196873538196087e-06,3858645468.969669,3858645468.969669,0.0,0.0,1.0,0.0,1.0,1.0,1.0,0.0,1.0,0.0,0.0,197213755.67398515
ic_e4,moderate_ai_allocation,9,0.9999999999999998,2.196873538196087e-06,3858645468.969669,3858645468.969669,0.0,0.0,1.0,0.0,1.0,1.0,1.0,0.0,1.0,0.0,0.0,197213755.67398515
ic_e4,moderate_ai_allocation,10,0.9999999999999998,2.196873538196087e-06,3858645468.969669,3858645468.969669,0.0,0.0,1.0,0.0,1.0,1.0,1.0,0.0,1.0,0.0,0.0,197213755.67398515
ic_e4,strong_ai_allocation,1,0.7879499382389442,1946767752.5595367,3264227859.376204,2389488089.478958,0.0,0.0,1.0,0.0,0.03333333333333333,1.0,0.03333333333333333,0.0,1.0,0.0,0.0,166039274.5357853
ic_e4,strong_ai_allocation,2,0.7879499382389442,1946767752.5595367,3264227859.376204,2389488089.478958,0.0,0.0,1.0,0.0,0.03333333333333333,1.0,0.03333333333333333,0.0,1.0,0.0,0.0,166039274.5357853
ic_e4,strong_ai_allocation,3,0.7879499382389442,1946767752.5595367,3264227859.376204,2389488089.478958,0.0,0.0,1.0,0.0,0.03333333333333333,1.0,0.03333333333333333,0.0,1.0,0.0,0.0,166039274.5357853
ic_e4,strong_ai_allocation,4,0.7879499382389442,1946767752.5595367,3264227859.376204,2389488089.478958,0.0,0.0,1.0,0.0,0.03333333333333333,1.0,0.03333333333333333,0.0,1.0,0.0,0.0,166039274.5357853
ic_e4,strong_ai_allocation,5,0.7879499382389442,1946767752.5595367,3264227859.376204,2389488089.478958,0.0,0.0,1.0,0.0,0.03333333333333333,1.0,0.03333333333333333,0.0,1.0,0.0,0.0,166039274.5357853
ic_e4,strong_ai_allocation,6,0.7879499382389442,1946767752.5595367,3264227859.376204,2389488089.478958,0.0,0.0,1.0,0.0,0.03333333333333333,1.0,0.03333333333333333,0.0,1.0,0.0,0.0,166039274.5357853
ic_e4,strong_ai_allocation,7,0.7879499382389442,1946767752.5595367,3264227859.376204,2389488089.478958,0.0,0.0,1.0,0.0,0.03333333333333333,1.0,0.03333333333333333,0.0,1.0,0.0,0.0,166039274.5357853
ic_e4,strong_ai_allocation,8,0.7879499382389442,1946767752.5595367,3264227859.376204,2389488089.478958,0.0,0.0,1.0,0.0,0.03333333333333333,1.0,0.03333333333333333,0.0,1.0,0.0,0.0,166039274.5357853
ic_e4,strong_ai_allocation,9,0.7879499382389442,1946767752.5595367,3264227859.376204,2389488089.478958,0.0,0.0,1.0,0.0,0.03333333333333333,1.0,0.03333333333333333,0.0,1.0,0.0,0.0,166039274.5357853
ic_e4,strong_ai_allocation,10,0.7879499382389442,1946767752.5595367,3264227859.376204,2389488089.478958,0.0,0.0,1.0,0.0,0.03333333333333333,1.0,0.03333333333333333,0.0,1.0,0.0,0.0,166039274.5357853
ic_e5,base,1,0.8883764279009269,1137476967.1458795,3861147773.2593403,3562184705.1978636,0.0,27974906.461582553,1.4292226404777921,799603.9887142292,1.0,0.13076923076923078,0.09743589743589744,0.0,1.0,0.0,0.0,209136460.74369234
ic_e5,base,2,0.8883764279009269,1137476967.1458795,3861147773.2593403,3562184705.1978636,0.0,27974906.461582553,1.4292226404777921,799603.9887142292,1.0,0.13076923076923078,0.09743589743589744,0.0,1.0,0.0,0.0,209136460.74369234
ic_e5,base,3,0.8883764279009269,1137476967.1458795,3861147773.2593403,3562184705.1978636,0.0,27974906.461582553,1.4292226404777921,799603.9887142292,1.0,0.13076923076923078,0.09743589743589744,0.0,1.0,0.0,0.0,209136460.74369234
ic_e5,base,4,0.8883764279009269,1137476967.1458795,3861147773.2593403,3562184705.1978636,0.0,27974906.461582553,1.4292226404777921,799603.9887142292,1.0,0.13076923076923078,0.09743589743589744,0.0,1.0,0.0,0.0,209136460.74369234
ic_e5,base,5,0.8883764279009269,1137476967.1458795,3861147773.2593403,3562184705.1978636,0.0,27974906.461582553,1.4292226404777921,799603.9887142292,1.0,0.13076923076923078,0.09743589743589744,0.0,1.0,0.0,0.0,209136460.74369234
ic_e5,base,6,0.8883764279009269,1137476967.1458795,3861147773.2593403,3562184705.1978636,0.0,27974906.461582553,1.4292226404777921,799603.9887142292,1.0,0.13076923076923078,0.09743589743589744,0.0,1.0,0.0,0.0,209136460.74369234
ic_e5,base,7,0.8883764279009269,1137476967.1458795,3861147773.2593403,3562184705.1978636,0.0,27974906.461582553,1.4292226404777921,799603.9887142292,1.0,0.13076923076923078,0.09743589743589744,0.0,1.0,0.0,0.0,209136460.74369234
ic_e5,base,8,0.8883764279009269,1137476967.1458795,3861147773.2593403,3562184705.1978636,0.0,27974906.461582553,1.4292226404777921,799603.9887142292,1.0,0.13076923076923078,0.09743589743589744,0.0,1.0,0.0,0.0,209136460.74369234
ic_e5,base,9,0.8883764279009269,1137476967.1458795,3861147773.2593403,3562184705.1978636,0.0,27974906.461582553,1.4292226404777921,799603.9887142292,1.0,0.13076923076923078,0.09743589743589744,0.0,1.0,0.0,0.0,209136460.74369234
ic_e5,base,10,0.8883764279009269,1137476967.1458795,3861147773.2593403,3562184705.1978636,0.0,27974906.461582553,1.4292226404777921,799603.9887142292,1.0,0.13076923076923078,0.09743589743589744,0.0,1.0,0.0,0.0,209136460.74369234
ic_e5,baseline,1,0.9999999999999998,2.196873538196087e-06,3858645468.969669,3858645468.969669,0.0,9.396872272294485e-08,1.0,1.2972574581978882e-09,1.0,1.0,1.0,0.0,1.0,0.0,0.0,197213755.67398515
ic_e5,baseline,2,0.9999999999999998,2.196873538196087e-06,3858645468.969669,3858645468.969669,0.0,9.396872272294485e-08,1.0,1.2972574581978882e-09,1.0,1.0,1.0,0.0,1.0,0.0,0.0,197213755.67398515
ic_e5,baseline,3,0.9999999999999998,2.196873538196087e-06,3858645468.969669,3858645468.969669,0.0,9.396872272294485e-08,1.0,1.2972574581978882e-09,1.0,1.0,1.0,0.0,1.0,0.0,0.0,197213755.67398515
ic_e5,baseline,4,0.9999999999999998,2.196873538196087e-06,3858645468.969669,3858645468.969669,0.0,9.396872272294485e-08,1.0,1.2972574581978882e-09,1.0,1.0,1.0,0.0,1.0,0.0,0.0,197213755.67398515
ic_e5,baseline,5,0.9999999999999998,2.196873538196087e-06,3858645468.969669,3858645468.969669,0.0,9.396872272294485e-08,1.0,1.2972574581978882e-09,1.0,1.0,1.0,0.0,1.0,0.0,0.0,197213755.67398515
ic_e5,baseline,6,0.9999999999999998,2.196873538196087e-06,3858645468.969669,3858645468.969669,0.0,9.396872272294485e-08,1.0,1.2972574581978882e-09,1.0,1.0,1.0,0.0,1.0,0.0,0.0,197213755.67398515
ic_e5,baseline,7,0.9999999999999998,2.196873538196087e-06,3858645468.969669,3858645468.969669,0.0,9.396872272294485e-08,1.0,1.2972574581978882e-09,1.0,1.0,1.0,0.0,1.0,0.0,0.0,197213755.67398515
ic_e5,baseline,8,0.9999999999999998,2.196873538196087e-06,3858645468.969669,3858645468.969669,0.0,9.396872272294485e-08,1.0,1.2972574581978882e-09,1.0,1.0,1.0,0.0,1.0,0.0,0.0,197213755.67398515
ic_e5,baseline,9,0.9999999999999998,2.196873538196087e-06,3858645468.969669,3858645468.969669,0.0,9.396872272294485e-08,1.0,1.2972574581978882e-09,1.0,1.0,1.0,0.0,1.0,0.0,0.0,197213755.67398515
ic_e5,baseline,10,0.9999999999999998,2.196873538196087e-06,3858645468.969669,3858645468.969669,0.0,9.396872272294485e-08,1.0,1.2972574581978882e-09,1.0,1.0,1.0,0.0,1.0,0.0,0.0,197213755.67398515
ic_e5,no_ai_demand_shock,1,0.9999999999999998,2.196873538196087e-06,3858645468.969669,3858645468.969669,0.0,9.396872272294485e-08,1.0,1.2972574581978882e-09,1.0,1.0,1.0,0.0,1.0,0.0,0.0,197213755.67398515
ic_e5,no_ai_demand_shock,2,0.9999999999999998,2.196873538196087e-06,3858645468.969669,3858645468.969669,0.0,9.396872272294485e-08,1.0,1.2972574581978882e-09,1.0,1.0,1.0,0.0,1.0,0.0,0.0,197213755.67398515
ic_e5,no_ai_demand_shock,3,0.9999999999999998,2.196873538196087e-06,3858645468.969669,3858645468.969669,0.0,9.396872272294485e-08,1.0,1.2972574581978882e-09,1.0,1.0,1.0,0.0,1.0,0.0,0.0,197213755.67398515
ic_e5,no_ai_demand_shock,4,0.9999999999999998,2.196873538196087e-06,3858645468.969669,3858645468.969669,0.0,9.396872272294485e-08,1.0,1.2972574581978882e-09,1.0,1.0,1.0,0.0,1.0,0.0,0.0,197213755.67398515
ic_e5,no_ai_demand_shock,5,0.9999999999999998,2.196873538196087e-06,3858645468.969669,3858645468.969669,0.0,9.396872272294485e-08,1.0,1.2972574581978882e-09,1.0,1.0,1.0,0.0,1.0,0.0,0.0,197213755.67398515
ic_e5,no_ai_demand_shock,6,0.9999999999999998,2.196873538196087e-06,3858645468.969669,3858645468.969669,0.0,9.396872272294485e-08,1.0,1.2972574581978882e-09,1.0,1.0,1.0,0.0,1.0,0.0,0.0,197213755.67398515
ic_e5,no_ai_demand_shock,7,0.9999999999999998,2.196873538196087e-06,3858645468.969669,3858645468.969669,0.0,9.396872272294485e-08,1.0,1.2972574581978882e-09,1.0,1.0,1.0,0.0,1.0,0.0,0.0,197213755.67398515
ic_e5,no_ai_demand_shock,8,0.9999999999999998,2.196873538196087e-06,3858645468.969669,3858645468.969669,0.0,9.396872272294485e-08,1.0,1.2972574581978882e-09,1.0,1.0,1.0,0.0,1.0,0.0,0.0,197213755.67398515
ic_e5,no_ai_demand_shock,9,0.9999999999999998,2.196873538196087e-06,3858645468.969669,3858645468.969669,0.0,9.396872272294485e-08,1.0,1.2972574581978882e-09,1.0,1.0,1.0,0.0,1.0,0.0,0.0,197213755.67398515
ic_e5,no_ai_demand_shock,10,0.9999999999999998,2.196873538196087e-06,3858645468.969669,3858645468.969669,0.0,9.396872272294485e-08,1.0,1.2972574581978882e-09,1.0,1.0,1.0,0.0,1.0,0.0,0.0,197213755.67398515
ic_e5,moderate_ai_demand,1,0.8883764279009269,1137476967.1458795,3861147773.2593403,3562184705.1978636,0.0,27974906.461582553,1.4292226404777921,799603.9887142292,1.0,0.13076923076923078,0.09743589743589744,0.0,1.0,0.0,0.0,209136460.74369234
ic_e5,moderate_ai_demand,2,0.8883764279009269,1137476967.1458795,3861147773.2593403,3562184705.1978636,0.0,27974906.461582553,1.4292226404777921,799603.9887142292,1.0,0.13076923076923078,0.09743589743589744,0.0,1.0,0.0,0.0,209136460.74369234
ic_e5,moderate_ai_demand,3,0.8883764279009269,1137476967.1458795,3861147773.2593403,3562184705.1978636,0.0,27974906.461582553,1.4292226404777921,799603.9887142292,1.0,0.13076923076923078,0.09743589743589744,0.0,1.0,0.0,0.0,209136460.74369234
ic_e5,moderate_ai_demand,4,0.8883764279009269,1137476967.1458795,3861147773.2593403,3562184705.1978636,0.0,27974906.461582553,1.4292226404777921,799603.9887142292,1.0,0.13076923076923078,0.09743589743589744,0.0,1.0,0.0,0.0,209136460.74369234
ic_e5,moderate_ai_demand,5,0.8883764279009269,1137476967.1458795,3861147773.2593403,3562184705.1978636,0.0,27974906.461582553,1.4292226404777921,799603.9887142292,1.0,0.13076923076923078,0.09743589743589744,0.0,1.0,0.0,0.0,209136460.74369234
ic_e5,moderate_ai_demand,6,0.8883764279009269,1137476967.1458795,3861147773.2593403,3562184705.1978636,0.0,27974906.461582553,1.4292226404777921,799603.9887142292,1.0,0.13076923076923078,0.09743589743589744,0.0,1.0,0.0,0.0,209136460.74369234
ic_e5,moderate_ai_demand,7,0.8883764279009269,1137476967.1458795,3861147773.2593403,3562184705.1978636,0.0,27974906.461582553,1.4292226404777921,799603.9887142292,1.0,0.13076923076923078,0.09743589743589744,0.0,1.0,0.0,0.0,209136460.74369234
ic_e5,moderate_ai_demand,8,0.8883764279009269,1137476967.1458795,3861147773.2593403,3562184705.1978636,0.0,27974906.461582553,1.4292226404777921,799603.9887142292,1.0,0.13076923076923078,0.09743589743589744,0.0,1.0,0.0,0.0,209136460.74369234
ic_e5,moderate_ai_demand,9,0.8883764279009269,1137476967.1458795,3861147773.2593403,3562184705.1978636,0.0,27974906.461582553,1.4292226404777921,799603.9887142292,1.0,0.13076923076923078,0.09743589743589744,0.0,1.0,0.0,0.0,209136460.74369234
ic_e5,moderate_ai_demand,10,0.8883764279009269,1137476967.1458795,3861147773.2593403,3562184705.1978636,0.0,27974906.461582553,1.4292226404777921,799603.9887142292,1.0,0.13076923076923078,0.09743589743589744,0.0,1.0,0.0,0.0,209136460.74369234
ic_e5,high_ai_demand,1,0.7613653870965215,2785500081.62958,3864305960.9258595,3128596176.353914,0.0,68204740.38654916,2.239093821845916,2107603.25511137,1.0,0.13076923076923078,0.09743589743589744,0.0,1.0,0.0,0.0,229195668.23565668
ic_e5,high_ai_demand,2,0.7613653870965215,2785500081.62958,3864305960.9258595,3128596176.353914,0.0,68204740.38654916,2.239093821845916,2107603.25511137,1.0,0.13076923076923078,0.09743589743589744,0.0,1.0,0.0,0.0,229195668.23565668
ic_e5,high_ai_demand,3,0.7613653870965215,2785500081.62958,3864305960.9258595,3128596176.353914,0.0,68204740.38654916,2.239093821845916,2107603.25511137,1.0,0.13076923076923078,0.09743589743589744,0.0,1.0,0.0,0.0,229195668.23565668
ic_e5,high_ai_demand,4,0.7613653870965215,2785500081.62958,3864305960.9258595,3128596176.353914,0.0,68204740.38654916,2.239093821845916,2107603.25511137,1.0,0.13076923076923078,0.09743589743589744,0.0,1.0,0.0,0.0,229195668.23565668
ic_e5,high_ai_demand,5,0.7613653870965215,2785500081.62958,3864305960.9258595,3128596176.353914,0.0,68204740.38654916,2.239093821845916,2107603.25511137,1.0,0.13076923076923078,0.09743589743589744,0.0,1.0,0.0,0.0,229195668.23565668
ic_e5,high_ai_demand,6,0.7613653870965215,2785500081.62958,3864305960.9258595,3128596176.353914,0.0,68204740.38654916,2.239093821845916,2107603.25511137,1.0,0.13076923076923078,0.09743589743589744,0.0,1.0,0.0,0.0,229195668.23565668
ic_e5,high_ai_demand,7,0.7613653870965215,2785500081.62958,3864305960.9258595,3128596176.353914,0.0,68204740.38654916,2.239093821845916,2107603.25511137,1.0,0.13076923076923078,0.09743589743589744,0.0,1.0,0.0,0.0,229195668.23565668
ic_e5,high_ai_demand,8,0.7613653870965215,2785500081.62958,3864305960.9258595,3128596176.353914,0.0,68204740.38654916,2.239093821845916,2107603.25511137,1.0,0.13076923076923078,0.09743589743589744,0.0,1.0,0.0,0.0,229195668.23565668
ic_e5,high_ai_demand,9,0.7613653870965215,2785500081.62958,3864305960.9258595,3128596176.353914,0.0,68204740.38654916,2.239093821845916,2107603.25511137,1.0,0.13076923076923078,0.09743589743589744,0.0,1.0,0.0,0.0,229195668.23565668
ic_e5,high_ai_demand,10,0.7613653870965215,2785500081.62958,3864305960.9258595,3128596176.353914,0.0,68204740.38654916,2.239093821845916,2107603.25511137,1.0,0.13076923076923078,0.09743589743589744,0.0,1.0,0.0,0.0,229195668.23565668
ic_r1,base,1,0.9710554538143635,272367506.8243044,3858833138.2462234,3787406724.339511,0.0,7167135.803831402,1.0889917094320765,6.169463564117471e-05,0.5717948717948718,0.23076923076923078,0.19743589743589743,0.0,1.0,0.0,0.0,202191619.4042857
ic_r1,base,2,0.9710554538143635,272367506.8243044,3858833138.2462234,3787406724.339511,0.0,7167135.803831402,1.0889917094320765,6.169463564117471e-05,0.5717948717948718,0.23076923076923078,0.19743589743589743,0.0,1.0,0.0,0.0,202191619.4042857
ic_r1,base,3,0.9710554538143635,272367506.8243044,3858833138.2462234,3787406724.339511,0.0,7167135.803831402,1.0889917094320765,6.169463564117471e-05,0.5717948717948718,0.23076923076923078,0.19743589743589743,0.0,1.0,0.0,0.0,202191619.4042857
ic_r1,base,4,0.9710554538143635,272367506.8243044,3858833138.2462234,3787406724.339511,0.0,7167135.803831402,1.0889917094320765,6.169463564117471e-05,0.5717948717948718,0.23076923076923078,0.19743589743589743,0.0,1.0,0.0,0.0,202191619.4042857
ic_r1,base,5,0.9710554538143635,272367506.8243044,3858833138.2462234,3787406724.339511,0.0,7167135.803831402,1.0889917094320765,6.169463564117471e-05,0.5717948717948718,0.23076923076923078,0.19743589743589743,0.0,1.0,0.0,0.0,202191619.4042857
ic_r1,base,6,0.9710554538143635,272367506.8243044,3858833138.2462234,3787406724.339511,0.0,7167135.803831402,1.0889917094320765,6.169463564117471e-05,0.5717948717948718,0.23076923076923078,0.19743589743589743,0.0,1.0,0.0,0.0,202191619.4042857
ic_r1,base,7,0.9710554538143635,272367506.8243044,3858833138.2462234,3787406724.339511,0.0,7167135.803831402,1.0889917094320765,6.169463564117471e-05,0.5717948717948718,0.23076923076923078,0.19743589743589743,0.0,1.0,0.0,0.0,202191619.4042857
ic_r1,base,8,0.9710554538143635,272367506.8243044,3858833138.2462234,3787406724.339511,0.0,7167135.803831402,1.0889917094320765,6.169463564117471e-05,0.5717948717948718,0.23076923076923078,0.19743589743589743,0.0,1.0,0.0,0.0,202191619.4042857
ic_r1,base,9,0.9710554538143635,272367506.8243044,3858833138.2462234,3787406724.339511,0.0,7167135.803831402,1.0889917094320765,6.169463564117471e-05,0.5717948717948718,0.23076923076923078,0.19743589743589743,0.0,1.0,0.0,0.0,202191619.4042857
ic_r1,base,10,0.9710554538143635,272367506.8243044,3858833138.2462234,3787406724.339511,0.0,7167135.803831402,1.0889917094320765,6.169463564117471e-05,0.5717948717948718,0.23076923076923078,0.19743589743589743,0.0,1.0,0.0,0.0,202191619.4042857
ic_r1,no_shock,1,0.9999999999999998,2.196873538196087e-06,3858645468.969669,3858645468.969669,0.0,9.396872272294485e-08,1.0,1.945886187296832e-09,1.0,1.0,1.0,0.0,1.0,0.0,0.0,197213755.67398515
ic_r1,no_shock,2,0.9999999999999998,2.196873538196087e-06,3858645468.969669,3858645468.969669,0.0,9.396872272294485e-08,1.0,1.945886187296832e-09,1.0,1.0,1.0,0.0,1.0,0.0,0.0,197213755.67398515
ic_r1,no_shock,3,0.9999999999999998,2.196873538196087e-06,3858645468.969669,3858645468.969669,0.0,9.396872272294485e-08,1.0,1.945886187296832e-09,1.0,1.0,1.0,0.0,1.0,0.0,0.0,197213755.67398515
ic_r1,no_shock,4,0.9999999999999998,2.196873538196087e-06,3858645468.969669,3858645468.969669,0.0,9.396872272294485e-08,1.0,1.945886187296832e-09,1.0,1.0,1.0,0.0,1.0,0.0,0.0,197213755.67398515
ic_r1,no_shock,5,0.9999999999999998,2.196873538196087e-06,3858645468.969669,3858645468.969669,0.0,9.396872272294485e-08,1.0,1.945886187296832e-09,1.0,1.0,1.0,0.0,1.0,0.0,0.0,197213755.67398515
ic_r1,no_shock,6,0.9999999999999998,2.196873538196087e-06,3858645468.969669,3858645468.969669,0.0,9.396872272294485e-08,1.0,1.945886187296832e-09,1.0,1.0,1.0,0.0,1.0,0.0,0.0,197213755.67398515
ic_r1,no_shock,7,0.9999999999999998,2.196873538196087e-06,3858645468.969669,3858645468.969669,0.0,9.396872272294485e-08,1.0,1.945886187296832e-09,1.0,1.0,1.0,0.0,1.0,0.0,0.0,197213755.67398515
ic_r1,no_shock,8,0.9999999999999998,2.196873538196087e-06,3858645468.969669,3858645468.969669,0.0,9.396872272294485e-08,1.0,1.945886187296832e-09,1.0,1.0,1.0,0.0,1.0,0.0,0.0,197213755.67398515
ic_r1,no_shock,9,0.9999999999999998,2.196873538196087e-06,3858645468.969669,3858645468.969669,0.0,9.396872272294485e-08,1.0,1.945886187296832e-09,1.0,1.0,1.0,0.0,1.0,0.0,0.0,197213755.67398515
ic_r1,no_shock,10,0.9999999999999998,2.196873538196087e-06,3858645468.969669,3858645468.969669,0.0,9.396872272294485e-08,1.0,1.945886187296832e-09,1.0,1.0,1.0,0.0,1.0,0.0,0.0,197213755.67398515
ic_r1,short_lag,1,0.9712771746192671,270281119.2038055,3859148017.608759,3788293503.540477,0.0,7151068.688636464,1.0881922321686126,3.493918969019112e-09,0.5641025641025641,0.23076923076923078,0.19743589743589743,0.0,1.0,0.0,0.0,202180861.20785466
ic_r1,short_lag,2,0.9712771746192671,270281119.2038055,3859148017.608759,3788293503.540477,0.0,7151068.688636464,1.0881922321686126,3.493918969019112e-09,0.5641025641025641,0.23076923076923078,0.19743589743589743,0.0,1.0,0.0,0.0,202180861.20785466
ic_r1,short_lag,3,0.9712771746192671,270281119.2038055,3859148017.608759,3788293503.540477,0.0,7151068.688636464,1.0881922321686126,3.493918969019112e-09,0.5641025641025641,0.23076923076923078,0.19743589743589743,0.0,1.0,0.0,0.0,202180861.20785466
ic_r1,short_lag,4,0.9712771746192671,270281119.2038055,3859148017.608759,3788293503.540477,0.0,7151068.688636464,1.0881922321686126,3.493918969019112e-09,0.5641025641025641,0.23076923076923078,0.19743589743589743,0.0,1.0,0.0,0.0,202180861.20785466
ic_r1,short_lag,5,0.9712771746192671,270281119.2038055,3859148017.608759,3788293503.540477,0.0,7151068.688636464,1.0881922321686126,3.493918969019112e-09,0.5641025641025641,0.23076923076923078,0.19743589743589743,0.0,1.0,0.0,0.0,202180861.20785466
ic_r1,short_lag,6,0.9712771746192671,270281119.2038055,3859148017.608759,3788293503.540477,0.0,7151068.688636464,1.0881922321686126,3.493918969019112e-09,0.5641025641025641,0.23076923076923078,0.19743589743589743,0.0,1.0,0.0,0.0,202180861.20785466
ic_r1,short_lag,7,0.9712771746192671,270281119.2038055,3859148017.608759,3788293503.540477,0.0,7151068.688636464,1.0881922321686126,3.493918969019112e-09,0.5641025641025641,0.23076923076923078,0.19743589743589743,0.0,1.0,0.0,0.0,202180861.20785466
ic_r1,short_lag,8,0.9712771746192671,270281119.2038055,3859148017.608759,3788293503.540477,0.0,7151068.688636464,1.0881922321686126,3.493918969019112e-09,0.5641025641025641,0.23076923076923078,0.19743589743589743,0.0,1.0,0.0,0.0,202180861.20785466
ic_r1,short_lag,9,0.9712771746192671,270281119.2038055,3859148017.608759,3788293503.540477,0.0,7151068.688636464,1.0881922321686126,3.493918969019112e-09,0.5641025641025641,0.23076923076923078,0.19743589743589743,0.0,1.0,0.0,0.0,202180861.20785466
ic_r1,short_lag,10,0.9712771746192671,270281119.2038055,3859148017.608759,3788293503.540477,0.0,7151068.688636464,1.0881922321686126,3.493918969019112e-09,0.5641025641025641,0.23076923076923078,0.19743589743589743,0.0,1.0,0.0,0.0,202180861.20785466
ic_r1,short_capacity_lag,1,0.9712771746192671,270281119.2038055,3859148017.608759,3788293503.540477,0.0,7151068.688636464,1.0881922321686126,3.493918969019112e-09,0.5641025641025641,0.23076923076923078,0.19743589743589743,0.0,1.0,0.0,0.0,202180861.20785466
ic_r1,short_capacity_lag,2,0.9712771746192671,270281119.2038055,3859148017.608759,3788293503.540477,0.0,7151068.688636464,1.0881922321686126,3.493918969019112e-09,0.5641025641025641,0.23076923076923078,0.19743589743589743,0.0,1.0,0.0,0.0,202180861.20785466
ic_r1,short_capacity_lag,3,0.9712771746192671,270281119.2038055,3859148017.608759,3788293503.540477,0.0,7151068.688636464,1.0881922321686126,3.493918969019112e-09,0.5641025641025641,0.23076923076923078,0.19743589743589743,0.0,1.0,0.0,0.0,202180861.20785466
ic_r1,short_capacity_lag,4,0.9712771746192671,270281119.2038055,3859148017.608759,3788293503.540477,0.0,7151068.688636464,1.0881922321686126,3.493918969019112e-09,0.5641025641025641,0.23076923076923078,0.19743589743589743,0.0,1.0,0.0,0.0,202180861.20785466
ic_r1,short_capacity_lag,5,0.9712771746192671,270281119.2038055,3859148017.608759,3788293503.540477,0.0,7151068.688636464,1.0881922321686126,3.493918969019112e-09,0.5641025641025641,0.23076923076923078,0.19743589743589743,0.0,1.0,0.0,0.0,202180861.20785466
ic_r1,short_capacity_lag,6,0.9712771746192671,270281119.2038055,3859148017.608759,3788293503.540477,0.0,7151068.688636464,1.0881922321686126,3.493918969019112e-09,0.5641025641025641,0.23076923076923078,0.19743589743589743,0.0,1.0,0.0,0.0,202180861.20785466
ic_r1,short_capacity_lag,7,0.9712771746192671,270281119.2038055,3859148017.608759,3788293503.540477,0.0,7151068.688636464,1.0881922321686126,3.493918969019112e-09,0.5641025641025641,0.23076923076923078,0.19743589743589743,0.0,1.0,0.0,0.0,202180861.20785466
ic_r1,short_capacity_lag,8,0.9712771746192671,270281119.2038055,3859148017.608759,3788293503.540477,0.0,7151068.688636464,1.0881922321686126,3.493918969019112e-09,0.5641025641025641,0.23076923076923078,0.19743589743589743,0.0,1.0,0.0,0.0,202180861.20785466
ic_r1,short_capacity_lag,9,0.9712771746192671,270281119.2038055,3859148017.608759,3788293503.540477,0.0,7151068.688636464,1.0881922321686126,3.493918969019112e-09,0.5641025641025641,0.23076923076923078,0.19743589743589743,0.0,1.0,0.0,0.0,202180861.20785466
ic_r1,short_capacity_lag,10,0.9712771746192671,270281119.2038055,3859148017.608759,3788293503.540477,0.0,7151068.688636464,1.0881922321686126,3.493918969019112e-09,0.5641025641025641,0.23076923076923078,0.19743589743589743,0.0,1.0,0.0,0.0,202180861.20785466
ic_r1,benchmark_lag,1,0.9710554538143635,272367506.8243044,3858833138.2462234,3787406724.339511,0.0,7167135.803831402,1.0889917094320765,6.169463564117471e-05,0.5717948717948718,0.23076923076923078,0.19743589743589743,0.0,1.0,0.0,0.0,202191619.4042857
ic_r1,benchmark_lag,2,0.9710554538143635,272367506.8243044,3858833138.2462234,3787406724.339511,0.0,7167135.803831402,1.0889917094320765,6.169463564117471e-05,0.5717948717948718,0.23076923076923078,0.19743589743589743,0.0,1.0,0.0,0.0,202191619.4042857
ic_r1,benchmark_lag,3,0.9710554538143635,272367506.8243044,3858833138.2462234,3787406724.339511,0.0,7167135.803831402,1.0889917094320765,6.169463564117471e-05,0.5717948717948718,0.23076923076923078,0.19743589743589743,0.0,1.0,0.0,0.0,202191619.4042857
ic_r1,benchmark_lag,4,0.9710554538143635,272367506.8243044,3858833138.2462234,3787406724.339511,0.0,7167135.803831402,1.0889917094320765,6.169463564117471e-05,0.5717948717948718,0.23076923076923078,0.19743589743589743,0.0,1.0,0.0,0.0,202191619.4042857
ic_r1,benchmark_lag,5,0.9710554538143635,272367506.8243044,3858833138.2462234,3787406724.339511,0.0,7167135.803831402,1.0889917094320765,6.169463564117471e-05,0.5717948717948718,0.23076923076923078,0.19743589743589743,0.0,1.0,0.0,0.0,202191619.4042857
ic_r1,benchmark_lag,6,0.9710554538143635,272367506.8243044,3858833138.2462234,3787406724.339511,0.0,7167135.803831402,1.0889917094320765,6.169463564117471e-05,0.5717948717948718,0.23076923076923078,0.19743589743589743,0.0,1.0,0.0,0.0,202191619.4042857
ic_r1,benchmark_lag,7,0.9710554538143635,272367506.8243044,3858833138.2462234,3787406724.339511,0.0,7167135.803831402,1.0889917094320765,6.169463564117471e-05,0.5717948717948718,0.23076923076923078,0.19743589743589743,0.0,1.0,0.0,0.0,202191619.4042857
ic_r1,benchmark_lag,8,0.9710554538143635,272367506.8243044,3858833138.2462234,3787406724.339511,0.0,7167135.803831402,1.0889917094320765,6.169463564117471e-05,0.5717948717948718,0.23076923076923078,0.19743589743589743,0.0,1.0,0.0,0.0,202191619.4042857
ic_r1,benchmark_lag,9,0.9710554538143635,272367506.8243044,3858833138.2462234,3787406724.339511,0.0,7167135.803831402,1.0889917094320765,6.169463564117471e-05,0.5717948717948718,0.23076923076923078,0.19743589743589743,0.0,1.0,0.0,0.0,202191619.4042857
ic_r1,benchmark_lag,10,0.9710554538143635,272367506.8243044,3858833138.2462234,3787406724.339511,0.0,7167135.803831402,1.0889917094320765,6.169463564117471e-05,0.5717948717948718,0.23076923076923078,0.19743589743589743,0.0,1.0,0.0,0.0,202191619.4042857
ic_r1,long_capacity_lag,1,0.9709458444843249,273398928.0722251,3858681784.884375,3786980561.9622827,0.0,7174855.853173028,1.0893508079006307,2.487525114210589,0.6102564102564103,0.23076923076923078,0.19743589743589743,0.0,1.0,0.0,0.0,202191619.4042857
ic_r1,long_capacity_lag,2,0.9709458444843249,273398928.0722251,3858681784.884375,3786980561.9622827,0.0,7174855.853173028,1.0893508079006307,2.487525114210589,0.6102564102564103,0.23076923076923078,0.19743589743589743,0.0,1.0,0.0,0.0,202191619.4042857
ic_r1,long_capacity_lag,3,0.9709458444843249,273398928.0722251,3858681784.884375,3786980561.9622827,0.0,7174855.853173028,1.0893508079006307,2.487525114210589,0.6102564102564103,0.23076923076923078,0.19743589743589743,0.0,1.0,0.0,0.0,202191619.4042857
ic_r1,long_capacity_lag,4,0.9709458444843249,273398928.0722251,3858681784.884375,3786980561.9622827,0.0,7174855.853173028,1.0893508079006307,2.487525114210589,0.6102564102564103,0.23076923076923078,0.19743589743589743,0.0,1.0,0.0,0.0,202191619.4042857
ic_r1,long_capacity_lag,5,0.9709458444843249,273398928.0722251,3858681784.884375,3786980561.9622827,0.0,7174855.853173028,1.0893508079006307,2.487525114210589,0.6102564102564103,0.23076923076923078,0.19743589743589743,0.0,1.0,0.0,0.0,202191619.4042857
ic_r1,long_capacity_lag,6,0.9709458444843249,273398928.0722251,3858681784.884375,3786980561.9622827,0.0,7174855.853173028,1.0893508079006307,2.487525114210589,0.6102564102564103,0.23076923076923078,0.19743589743589743,0.0,1.0,0.0,0.0,202191619.4042857
ic_r1,long_capacity_lag,7,0.9709458444843249,273398928.0722251,3858681784.884375,3786980561.9622827,0.0,7174855.853173028,1.0893508079006307,2.487525114210589,0.6102564102564103,0.23076923076923078,0.19743589743589743,0.0,1.0,0.0,0.0,202191619.4042857
ic_r1,long_capacity_lag,8,0.9709458444843249,273398928.0722251,3858681784.884375,3786980561.9622827,0.0,7174855.853173028,1.0893508079006307,2.487525114210589,0.6102564102564103,0.23076923076923078,0.19743589743589743,0.0,1.0,0.0,0.0,202191619.4042857
ic_r1,long_capacity_lag,9,0.9709458444843249,273398928.0722251,3858681784.884375,3786980561.9622827,0.0,7174855.853173028,1.0893508079006307,2.487525114210589,0.6102564102564103,0.23076923076923078,0.19743589743589743,0.0,1.0,0.0,0.0,202191619.4042857
ic_r1,long_capacity_lag,10,0.9709458444843249,273398928.0722251,3858681784.884375,3786980561.9622827,0.0,7174855.853173028,1.0893508079006307,2.487525114210589,0.6102564102564103,0.23076923076923078,0.19743589743589743,0.0,1.0,0.0,0.0,202191619.4042857
ic_r2,base,1,0.9999999999999998,1.693028025329113e-06,3858645468.9696693,3858645468.9696693,0.0,1034928267.0805233,1.0,0.0,0.03333333333333333,1.0,1.0,0.0,1.0,1.9500000000000008,0.0,197213755.67398515
ic_r2,base,2,0.9999999999999998,1.693028025329113e-06,3858645468.9696693,3858645468.9696693,0.0,1034928267.0805233,1.0,0.0,0.03333333333333333,1.0,1.0,0.0,1.0,1.9500000000000008,0.0,197213755.67398515
ic_r2,base,3,0.9999999999999998,1.693028025329113e-06,3858645468.9696693,3858645468.9696693,0.0,1034928267.0805233,1.0,0.0,0.03333333333333333,1.0,1.0,0.0,1.0,1.9500000000000008,0.0,197213755.67398515
ic_r2,base,4,0.9999999999999998,1.693028025329113e-06,3858645468.9696693,3858645468.9696693,0.0,1034928267.0805233,1.0,0.0,0.03333333333333333,1.0,1.0,0.0,1.0,1.9500000000000008,0.0,197213755.67398515
ic_r2,base,5,0.9999999999999998,1.693028025329113e-06,3858645468.9696693,3858645468.9696693,0.0,1034928267.0805233,1.0,0.0,0.03333333333333333,1.0,1.0,0.0,1.0,1.9500000000000008,0.0,197213755.67398515
ic_r2,base,6,0.9999999999999998,1.693028025329113e-06,3858645468.9696693,3858645468.9696693,0.0,1034928267.0805233,1.0,0.0,0.03333333333333333,1.0,1.0,0.0,1.0,1.9500000000000008,0.0,197213755.67398515
ic_r2,base,7,0.9999999999999998,1.693028025329113e-06,3858645468.9696693,3858645468.9696693,0.0,1034928267.0805233,1.0,0.0,0.03333333333333333,1.0,1.0,0.0,1.0,1.9500000000000008,0.0,197213755.67398515
ic_r2,base,8,0.9999999999999998,1.693028025329113e-06,3858645468.9696693,3858645468.9696693,0.0,1034928267.0805233,1.0,0.0,0.03333333333333333,1.0,1.0,0.0,1.0,1.9500000000000008,0.0,197213755.67398515
ic_r2,base,9,0.9999999999999998,1.693028025329113e-06,3858645468.9696693,3858645468.9696693,0.0,1034928267.0805233,1.0,0.0,0.03333333333333333,1.0,1.0,0.0,1.0,1.9500000000000008,0.0,197213755.67398515
ic_r2,base,10,0.9999999999999998,1.693028025329113e-06,3858645468.9696693,3858645468.9696693,0.0,1034928267.0805233,1.0,0.0,0.03333333333333333,1.0,1.0,0.0,1.0,1.9500000000000008,0.0,197213755.67398515
ic_r2,high_absorption,1,0.9999999999999998,1.693028025329113e-06,3858645468.9696693,3858645468.9696693,0.0,1034928267.0805233,1.0,0.0,0.03333333333333333,1.0,1.0,0.0,1.0,1.9500000000000008,0.0,197213755.67398515
ic_r2,high_absorption,2,0.9999999999999998,1.693028025329113e-06,3858645468.9696693,3858645468.9696693,0.0,1034928267.0805233,1.0,0.0,0.03333333333333333,1.0,1.0,0.0,1.0,1.9500000000000008,0.0,197213755.67398515
ic_r2,high_absorption,3,0.9999999999999998,1.693028025329113e-06,3858645468.9696693,3858645468.9696693,0.0,1034928267.0805233,1.0,0.0,0.03333333333333333,1.0,1.0,0.0,1.0,1.9500000000000008,0.0,197213755.67398515
ic_r2,high_absorption,4,0.9999999999999998,1.693028025329113e-06,3858645468.9696693,3858645468.9696693,0.0,1034928267.0805233,1.0,0.0,0.03333333333333333,1.0,1.0,0.0,1.0,1.9500000000000008,0.0,197213755.67398515
ic_r2,high_absorption,5,0.9999999999999998,1.693028025329113e-06,3858645468.9696693,3858645468.9696693,0.0,1034928267.0805233,1.0,0.0,0.03333333333333333,1.0,1.0,0.0,1.0,1.9500000000000008,0.0,197213755.67398515
ic_r2,high_absorption,6,0.9999999999999998,1.693028025329113e-06,3858645468.9696693,3858645468.9696693,0.0,1034928267.0805233,1.0,0.0,0.03333333333333333,1.0,1.0,0.0,1.0,1.9500000000000008,0.0,197213755.67398515
ic_r2,high_absorption,7,0.9999999999999998,1.693028025329113e-06,3858645468.9696693,3858645468.9696693,0.0,1034928267.0805233,1.0,0.0,0.03333333333333333,1.0,1.0,0.0,1.0,1.9500000000000008,0.0,197213755.67398515
ic_r2,high_absorption,8,0.9999999999999998,1.693028025329113e-06,3858645468.9696693,3858645468.9696693,0.0,1034928267.0805233,1.0,0.0,0.03333333333333333,1.0,1.0,0.0,1.0,1.9500000000000008,0.0,197213755.67398515
ic_r2,high_absorption,9,0.9999999999999998,1.693028025329113e-06,3858645468.9696693,3858645468.9696693,0.0,1034928267.0805233,1.0,0.0,0.03333333333333333,1.0,1.0,0.0,1.0,1.9500000000000008,0.0,197213755.67398515
ic_r2,high_absorption,10,0.9999999999999998,1.693028025329113e-06,3858645468.9696693,3858645468.9696693,0.0,1034928267.0805233,1.0,0.0,0.03333333333333333,1.0,1.0,0.0,1.0,1.9500000000000008,0.0,197213755.67398515
ic_r2,balanced_ai_absorption,1,0.9999999999999998,1.693028025329113e-06,3858645468.9696693,3858645468.9696693,0.0,1034928267.0805233,1.0,0.0,0.03333333333333333,1.0,1.0,0.0,1.0,1.9500000000000008,0.0,197213755.67398515
ic_r2,balanced_ai_absorption,2,0.9999999999999998,1.693028025329113e-06,3858645468.9696693,3858645468.9696693,0.0,1034928267.0805233,1.0,0.0,0.03333333333333333,1.0,1.0,0.0,1.0,1.9500000000000008,0.0,197213755.67398515
ic_r2,balanced_ai_absorption,3,0.9999999999999998,1.693028025329113e-06,3858645468.9696693,3858645468.9696693,0.0,1034928267.0805233,1.0,0.0,0.03333333333333333,1.0,1.0,0.0,1.0,1.9500000000000008,0.0,197213755.67398515
ic_r2,balanced_ai_absorption,4,0.9999999999999998,1.693028025329113e-06,3858645468.9696693,3858645468.9696693,0.0,1034928267.0805233,1.0,0.0,0.03333333333333333,1.0,1.0,0.0,1.0,1.9500000000000008,0.0,197213755.67398515
ic_r2,balanced_ai_absorption,5,0.9999999999999998,1.693028025329113e-06,3858645468.9696693,3858645468.9696693,0.0,1034928267.0805233,1.0,0.0,0.03333333333333333,1.0,1.0,0.0,1.0,1.9500000000000008,0.0,197213755.67398515
ic_r2,balanced_ai_absorption,6,0.9999999999999998,1.693028025329113e-06,3858645468.9696693,3858645468.9696693,0.0,1034928267.0805233,1.0,0.0,0.03333333333333333,1.0,1.0,0.0,1.0,1.9500000000000008,0.0,197213755.67398515
ic_r2,balanced_ai_absorption,7,0.9999999999999998,1.693028025329113e-06,3858645468.9696693,3858645468.9696693,0.0,1034928267.0805233,1.0,0.0,0.03333333333333333,1.0,1.0,0.0,1.0,1.9500000000000008,0.0,197213755.67398515
ic_r2,balanced_ai_absorption,8,0.9999999999999998,1.693028025329113e-06,3858645468.9696693,3858645468.9696693,0.0,1034928267.0805233,1.0,0.0,0.03333333333333333,1.0,1.0,0.0,1.0,1.9500000000000008,0.0,197213755.67398515
ic_r2,balanced_ai_absorption,9,0.9999999999999998,1.693028025329113e-06,3858645468.9696693,3858645468.9696693,0.0,1034928267.0805233,1.0,0.0,0.03333333333333333,1.0,1.0,0.0,1.0,1.9500000000000008,0.0,197213755.67398515
ic_r2,balanced_ai_absorption,10,0.9999999999999998,1.693028025329113e-06,3858645468.9696693,3858645468.9696693,0.0,1034928267.0805233,1.0,0.0,0.03333333333333333,1.0,1.0,0.0,1.0,1.9500000000000008,0.0,197213755.67398515
ic_r2,front_end_ai_low_absorption,1,0.9999999999999998,1.693028025329113e-06,3858645468.9696693,3858645468.9696693,0.0,1034928267.0805233,1.0,0.0,0.03333333333333333,1.0,1.0,0.0,1.0,1.9500000000000008,0.0,197213755.67398515
ic_r2,front_end_ai_low_absorption,2,0.9999999999999998,1.693028025329113e-06,3858645468.9696693,3858645468.9696693,0.0,1034928267.0805233,1.0,0.0,0.03333333333333333,1.0,1.0,0.0,1.0,1.9500000000000008,0.0,197213755.67398515
ic_r2,front_end_ai_low_absorption,3,0.9999999999999998,1.693028025329113e-06,3858645468.9696693,3858645468.9696693,0.0,1034928267.0805233,1.0,0.0,0.03333333333333333,1.0,1.0,0.0,1.0,1.9500000000000008,0.0,197213755.67398515
ic_r2,front_end_ai_low_absorption,4,0.9999999999999998,1.693028025329113e-06,3858645468.9696693,3858645468.9696693,0.0,1034928267.0805233,1.0,0.0,0.03333333333333333,1.0,1.0,0.0,1.0,1.9500000000000008,0.0,197213755.67398515
ic_r2,front_end_ai_low_absorption,5,0.9999999999999998,1.693028025329113e-06,3858645468.9696693,3858645468.9696693,0.0,1034928267.0805233,1.0,0.0,0.03333333333333333,1.0,1.0,0.0,1.0,1.9500000000000008,0.0,197213755.67398515
ic_r2,front_end_ai_low_absorption,6,0.9999999999999998,1.693028025329113e-06,3858645468.9696693,3858645468.9696693,0.0,1034928267.0805233,1.0,0.0,0.03333333333333333,1.0,1.0,0.0,1.0,1.9500000000000008,0.0,197213755.67398515
ic_r2,front_end_ai_low_absorption,7,0.9999999999999998,1.693028025329113e-06,3858645468.9696693,3858645468.9696693,0.0,1034928267.0805233,1.0,0.0,0.03333333333333333,1.0,1.0,0.0,1.0,1.9500000000000008,0.0,197213755.67398515
ic_r2,front_end_ai_low_absorption,8,0.9999999999999998,1.693028025329113e-06,3858645468.9696693,3858645468.9696693,0.0,1034928267.0805233,1.0,0.0,0.03333333333333333,1.0,1.0,0.0,1.0,1.9500000000000008,0.0,197213755.67398515
ic_r2,front_end_ai_low_absorption,9,0.9999999999999998,1.693028025329113e-06,3858645468.9696693,3858645468.9696693,0.0,1034928267.0805233,1.0,0.0,0.03333333333333333,1.0,1.0,0.0,1.0,1.9500000000000008,0.0,197213755.67398515
ic_r2,front_end_ai_low_absorption,10,0.9999999999999998,1.693028025329113e-06,3858645468.9696693,3858645468.9696693,0.0,1034928267.0805233,1.0,0.0,0.03333333333333333,1.0,1.0,0.0,1.0,1.9500000000000008,0.0,197213755.67398515
ic_r2,mismatch_with_coordination,1,0.9999999999999998,1.693028025329113e-06,3858645468.9696693,3858645468.9696693,0.0,1034928267.0805233,1.0,0.0,0.03333333333333333,1.0,1.0,0.0,1.0,1.9500000000000008,0.0,197213755.67398515
ic_r2,mismatch_with_coordination,2,0.9999999999999998,1.693028025329113e-06,3858645468.9696693,3858645468.9696693,0.0,1034928267.0805233,1.0,0.0,0.03333333333333333,1.0,1.0,0.0,1.0,1.9500000000000008,0.0,197213755.67398515
ic_r2,mismatch_with_coordination,3,0.9999999999999998,1.693028025329113e-06,3858645468.9696693,3858645468.9696693,0.0,1034928267.0805233,1.0,0.0,0.03333333333333333,1.0,1.0,0.0,1.0,1.9500000000000008,0.0,197213755.67398515
ic_r2,mismatch_with_coordination,4,0.9999999999999998,1.693028025329113e-06,3858645468.9696693,3858645468.9696693,0.0,1034928267.0805233,1.0,0.0,0.03333333333333333,1.0,1.0,0.0,1.0,1.9500000000000008,0.0,197213755.67398515
ic_r2,mismatch_with_coordination,5,0.9999999999999998,1.693028025329113e-06,3858645468.9696693,3858645468.9696693,0.0,1034928267.0805233,1.0,0.0,0.03333333333333333,1.0,1.0,0.0,1.0,1.9500000000000008,0.0,197213755.67398515
ic_r2,mismatch_with_coordination,6,0.9999999999999998,1.693028025329113e-06,3858645468.9696693,3858645468.9696693,0.0,1034928267.0805233,1.0,0.0,0.03333333333333333,1.0,1.0,0.0,1.0,1.9500000000000008,0.0,197213755.67398515
ic_r2,mismatch_with_coordination,7,0.9999999999999998,1.693028025329113e-06,3858645468.9696693,3858645468.9696693,0.0,1034928267.0805233,1.0,0.0,0.03333333333333333,1.0,1.0,0.0,1.0,1.9500000000000008,0.0,197213755.67398515
ic_r2,mismatch_with_coordination,8,0.9999999999999998,1.693028025329113e-06,3858645468.9696693,3858645468.9696693,0.0,1034928267.0805233,1.0,0.0,0.03333333333333333,1.0,1.0,0.0,1.0,1.9500000000000008,0.0,197213755.67398515
ic_r2,mismatch_with_coordination,9,0.9999999999999998,1.693028025329113e-06,3858645468.9696693,3858645468.9696693,0.0,1034928267.0805233,1.0,0.0,0.03333333333333333,1.0,1.0,0.0,1.0,1.9500000000000008,0.0,197213755.67398515
ic_r2,mismatch_with_coordination,10,0.9999999999999998,1.693028025329113e-06,3858645468.9696693,3858645468.9696693,0.0,1034928267.0805233,1.0,0.0,0.03333333333333333,1.0,1.0,0.0,1.0,1.9500000000000008,0.0,197213755.67398515
ic_r3,base,1,0.9642023087233677,328647822.1919048,3794407042.0460343,3690169982.7358966,0.0,0.0,1.0,0.0,0.6205128205128205,0.09230769230769231,0.05897435897435897,0.0,1.0,0.0,0.0,223115605.88250566
ic_r3,base,2,0.9578367813612114,387087811.7574108,3758784576.7820034,3634387683.535561,0.0,0.0,1.0,0.0,0.43846153846153846,0.06666666666666667,0.03333333333333333,0.0,1.0,0.0,0.0,217115479.81164047
ic_r3,base,3,0.962660446941009,342803190.8433968,3796946363.865715,3688952516.299216,0.0,0.0,1.0,0.0,0.6076923076923076,0.035897435897435895,0.002564102564102564,0.0,1.0,0.0,0.0,226483458.04864368
ic_r3,base,4,0.9638261346223711,332101363.31840086,3793203347.813543,3690241155.430525,0.0,0.0,1.0,0.0,0.5974358974358974,0.06666666666666667,0.03333333333333333,0.0,1.0,0.0,0.0,222170532.81717005
ic_r3,base,5,0.968184367605871,292089738.893695,3802659844.2940183,3710302121.253312,0.0,0.0,1.0,0.0,0.6025641025641025,0.05128205128205128,0.02564102564102564,0.0,1.0,0.0,0.0,222772782.86725563
ic_r3,base,6,0.9580405264150614,385217289.7812089,3771807311.245454,3649441972.8952713,0.0,0.0,1.0,0.0,0.5333333333333333,0.07435897435897436,0.038461538461538464,0.0,1.0,0.0,0.0,216824138.9519023
ic_r3,base,7,0.9654967392488244,316764045.3895786,3810636585.9140096,3713679648.5075364,0.0,0.0,1.0,0.0,0.6051282051282051,0.06153846153846154,0.03076923076923077,0.0,1.0,0.0,0.0,222955716.39890945
ic_r3,base,8,0.9564915817395027,399437684.341974,3780683249.3112473,3656683478.316631,0.0,0.0,1.0,0.0,0.5743589743589743,0.03333333333333333,0.0,0.0,1.0,0.0,0.0,225332961.47656167
ic_r3,base,9,0.9656023568616924,315794401.8953656,3796437956.840643,3696403293.2034297,0.0,0.0,1.0,0.0,0.5666666666666667,0.03333333333333333,0.0,0.0,1.0,0.0,0.0,218441749.53836435
ic_r3,base,10,0.9634425194533689,335623218.64918596,3788239952.0153203,3682860787.9407234,0.0,0.0,1.0,0.0,0.558974358974359,0.035897435897435895,0.002564102564102564,0.0,1.0,0.0,0.0,225681234.67811626
ic_r3,independent_errors,1,0.9661860460790366,310435726.9843305,3785028141.6377535,3683198965.259366,0.0,0.0,1.0,0.0,0.44871794871794873,0.09230769230769231,0.05641025641025641,0.0,1.0,0.0,0.0,209584893.76250213
ic_r3,independent_errors,2,0.9568911703087036,395769182.0347772,3779973933.348966,3655669614.686889,0.0,0.0,1.0,0.0,0.4641025641025641,0.05128205128205128,0.028205128205128206,0.0,1.0,0.0,0.0,211691106.52136442
ic_r3,independent_errors,3,0.9553381438622596,410027050.10470545,3774340750.6908937,3644868228.6368203,0.0,0.0,1.0,0.0,0.4666666666666667,0.05128205128205128,0.023076923076923078,0.0,1.0,0.0,0.0,213409278.3474935
ic_r3,independent_errors,4,0.9572552498636011,392426677.2934217,3767876270.2821827,3646778986.6947117,0.0,0.0,1.0,0.0,0.46153846153846156,0.05384615384615385,0.02564102564102564,0.0,1.0,0.0,0.0,208305367.42304924
ic_r3,independent_errors,5,0.9605616040028684,362072035.7365612,3778854650.576932,3666135294.3775754,0.0,0.0,1.0,0.0,0.44358974358974357,0.04871794871794872,0.020512820512820513,0.0,1.0,0.0,0.0,210865012.34739086
ic_r3,independent_errors,6,0.9597761922799479,369282664.2172397,3779165542.9242406,3662544213.169015,0.0,0.0,1.0,0.0,0.4846153846153846,0.09487179487179487,0.05641025641025641,0.0,1.0,0.0,0.0,208655586.00834832
ic_r3,independent_errors,7,0.9607154798192551,360659348.21007437,3785674706.2423763,3675760589.379827,0.0,0.0,1.0,0.0,0.4948717948717949,0.04358974358974359,0.010256410256410256,0.0,1.0,0.0,0.0,208333713.00697792
ic_r3,independent_errors,8,0.9574599307815428,390547563.43085665,3778655909.8525205,3659959757.1966596,0.0,0.0,1.0,0.0,0.5358974358974359,0.05384615384615385,0.017948717948717947,0.0,1.0,0.0,0.0,209793371.46589148
ic_r3,independent_errors,9,0.9595481988299067,371375803.4158264,3781005899.5529184,3661279984.7686753,0.0,0.0,1.0,0.0,0.46153846153846156,0.08205128205128205,0.046153846153846156,0.0,1.0,0.0,0.0,210713493.5543236
ic_r3,independent_errors,10,0.9576180942652903,389095512.1216752,3769639001.8957844,3649423418.614861,0.0,0.0,1.0,0.0,0.44871794871794873,0.04871794871794872,0.015384615384615385,0.0,1.0,0.0,0.0,208129571.4600728
ic_r3,diversified_models,1,0.9661860460790366,310435726.9843305,3785028141.6377535,3683198965.259366,0.0,0.0,1.0,0.0,0.44871794871794873,0.09230769230769231,0.05641025641025641,0.0,1.0,0.0,0.0,209584893.76250213
ic_r3,diversified_models,2,0.9568911703087036,395769182.0347772,3779973933.348966,3655669614.686889,0.0,0.0,1.0,0.0,0.4641025641025641,0.05128205128205128,0.028205128205128206,0.0,1.0,0.0,0.0,211691106.52136442
ic_r3,diversified_models,3,0.9553381438622596,410027050.10470545,3774340750.6908937,3644868228.6368203,0.0,0.0,1.0,0.0,0.4666666666666667,0.05128205128205128,0.023076923076923078,0.0,1.0,0.0,0.0,213409278.3474935
ic_r3,diversified_models,4,0.9572552498636011,392426677.2934217,3767876270.2821827,3646778986.6947117,0.0,0.0,1.0,0.0,0.46153846153846156,0.05384615384615385,0.02564102564102564,0.0,1.0,0.0,0.0,208305367.42304924
ic_r3,diversified_models,5,0.9605616040028684,362072035.7365612,3778854650.576932,3666135294.3775754,0.0,0.0,1.0,0.0,0.44358974358974357,0.04871794871794872,0.020512820512820513,0.0,1.0,0.0,0.0,210865012.34739086
ic_r3,diversified_models,6,0.9597761922799479,369282664.2172397,3779165542.9242406,3662544213.169015,0.0,0.0,1.0,0.0,0.4846153846153846,0.09487179487179487,0.05641025641025641,0.0,1.0,0.0,0.0,208655586.00834832
ic_r3,diversified_models,7,0.9607154798192551,360659348.21007437,3785674706.2423763,3675760589.379827,0.0,0.0,1.0,0.0,0.4948717948717949,0.04358974358974359,0.010256410256410256,0.0,1.0,0.0,0.0,208333713.00697792
ic_r3,diversified_models,8,0.9574599307815428,390547563.43085665,3778655909.8525205,3659959757.1966596,0.0,0.0,1.0,0.0,0.5358974358974359,0.05384615384615385,0.017948717948717947,0.0,1.0,0.0,0.0,209793371.46589148
ic_r3,diversified_models,9,0.9595481988299067,371375803.4158264,3781005899.5529184,3661279984.7686753,0.0,0.0,1.0,0.0,0.46153846153846156,0.08205128205128205,0.046153846153846156,0.0,1.0,0.0,0.0,210713493.5543236
ic_r3,diversified_models,10,0.9576180942652903,389095512.1216752,3769639001.8957844,3649423418.614861,0.0,0.0,1.0,0.0,0.44871794871794873,0.04871794871794872,0.015384615384615385,0.0,1.0,0.0,0.0,208129571.4600728
ic_r3,moderate_common_model,1,0.9678188017157991,295445889.2306374,3793396104.4036,3696646844.2938905,0.0,0.0,1.0,0.0,0.5153846153846153,0.09487179487179487,0.06153846153846154,0.0,1.0,0.0,0.0,212271631.4429195
ic_r3,moderate_common_model,2,0.9544946831807477,417770608.5912367,3765277653.8503747,3632864260.9061103,0.0,0.0,1.0,0.0,0.46153846153846156,0.05897435897435897,0.035897435897435895,0.0,1.0,0.0,0.0,212191839.4384119
ic_r3,moderate_common_model,3,0.9576260034255386,389022900.50348824,3784431256.792089,3662027780.3983626,0.0,0.0,1.0,0.0,0.5102564102564102,0.05384615384615385,0.023076923076923078,0.0,1.0,0.0,0.0,223879327.74794233
ic_r3,moderate_common_model,4,0.957625219063717,389030101.4931404,3775017167.649267,3656450402.264135,0.0,0.0,1.0,0.0,0.5230769230769231,0.0641025641025641,0.038461538461538464,0.0,1.0,0.0,0.0,214654333.77840805
ic_r3,moderate_common_model,5,0.9639266024539636,331178998.41508925,3788645792.939335,3684427842.43474,0.0,0.0,1.0,0.0,0.5333333333333333,0.041025641025641026,0.020512820512820513,0.0,1.0,0.0,0.0,214182955.79458886
ic_r3,moderate_common_model,6,0.9586134080890384,379957835.670853,3775508076.639739,3655542840.914321,0.0,0.0,1.0,0.0,0.47692307692307695,0.08974358974358974,0.04871794871794872,0.0,1.0,0.0,0.0,208582391.08275247
ic_r3,moderate_common_model,7,0.9624177208038925,345031586.4048869,3798499391.9260316,3693843133.5970693,0.0,0.0,1.0,0.0,0.5948717948717949,0.04871794871794872,0.015384615384615385,0.0,1.0,0.0,0.0,213306844.23121268
ic_r3,moderate_common_model,8,0.9575048847648304,390134854.44937086,3782545649.708033,3664099672.9065375,0.0,0.0,1.0,0.0,0.5615384615384615,0.046153846153846156,0.01282051282051282,0.0,1.0,0.0,0.0,219225356.34851992
ic_r3,moderate_common_model,9,0.9617245594094821,351395292.40313375,3788366403.298772,3676387219.942637,0.0,0.0,1.0,0.0,0.517948717948718,0.0641025641025641,0.028205128205128206,0.0,1.0,0.0,0.0,211293899.0156397
ic_r3,moderate_common_model,10,0.958965194112025,376728194.143451,3775471209.1706157,3659269815.065915,0.0,0.0,1.0,0.0,0.5051282051282051,0.046153846153846156,0.010256410256410256,0.0,1.0,0.0,0.0,214701834.0440295
ic_r3,highly_homogeneous_models,1,0.9642023087233677,328647822.1919048,3794407042.0460343,3690169982.7358966,0.0,0.0,1.0,0.0,0.6205128205128205,0.09230769230769231,0.05897435897435897,0.0,1.0,0.0,0.0,223115605.88250566
ic_r3,highly_homogeneous_models,2,0.9578367813612114,387087811.7574108,3758784576.7820034,3634387683.535561,0.0,0.0,1.0,0.0,0.43846153846153846,0.06666666666666667,0.03333333333333333,0.0,1.0,0.0,0.0,217115479.81164047
ic_r3,highly_homogeneous_models,3,0.962660446941009,342803190.8433968,3796946363.865715,3688952516.299216,0.0,0.0,1.0,0.0,0.6076923076923076,0.035897435897435895,0.002564102564102564,0.0,1.0,0.0,0.0,226483458.04864368
ic_r3,highly_homogeneous_models,4,0.9638261346223711,332101363.31840086,3793203347.813543,3690241155.430525,0.0,0.0,1.0,0.0,0.5974358974358974,0.06666666666666667,0.03333333333333333,0.0,1.0,0.0,0.0,222170532.81717005
ic_r3,highly_homogeneous_models,5,0.968184367605871,292089738.893695,3802659844.2940183,3710302121.253312,0.0,0.0,1.0,0.0,0.6025641025641025,0.05128205128205128,0.02564102564102564,0.0,1.0,0.0,0.0,222772782.86725563
ic_r3,highly_homogeneous_models,6,0.9580405264150614,385217289.7812089,3771807311.245454,3649441972.8952713,0.0,0.0,1.0,0.0,0.5333333333333333,0.07435897435897436,0.038461538461538464,0.0,1.0,0.0,0.0,216824138.9519023
ic_r3,highly_homogeneous_models,7,0.9654967392488244,316764045.3895786,3810636585.9140096,3713679648.5075364,0.0,0.0,1.0,0.0,0.6051282051282051,0.06153846153846154,0.03076923076923077,0.0,1.0,0.0,0.0,222955716.39890945
ic_r3,highly_homogeneous_models,8,0.9564915817395027,399437684.341974,3780683249.3112473,3656683478.316631,0.0,0.0,1.0,0.0,0.5743589743589743,0.03333333333333333,0.0,0.0,1.0,0.0,0.0,225332961.47656167
ic_r3,highly_homogeneous_models,9,0.9656023568616924,315794401.8953656,3796437956.840643,3696403293.2034297,0.0,0.0,1.0,0.0,0.5666666666666667,0.03333333333333333,0.0,0.0,1.0,0.0,0.0,218441749.53836435
ic_r3,highly_homogeneous_models,10,0.9634425194533689,335623218.64918596,3788239952.0153203,3682860787.9407234,0.0,0.0,1.0,0.0,0.558974358974359,0.035897435897435895,0.002564102564102564,0.0,1.0,0.0,0.0,225681234.67811626
ic_r4,base,1,0.6826981724202674,2913052515.1956186,2933869790.9141154,1572894252.536165,0.0,0.0,1.8006005384553772,0.0,0.03333333333333333,1.0,0.03333333333333333,0.0,1.0,0.0,0.0,148623713.7014475
ic_r4,base,2,0.6826981724202674,2913052515.1956186,2933869790.9141154,1572894252.536165,0.0,0.0,1.8006005384553772,0.0,0.03333333333333333,1.0,0.03333333333333333,0.0,1.0,0.0,0.0,148623713.7014475
ic_r4,base,3,0.6826981724202674,2913052515.1956186,2933869790.9141154,1572894252.536165,0.0,0.0,1.8006005384553772,0.0,0.03333333333333333,1.0,0.03333333333333333,0.0,1.0,0.0,0.0,148623713.7014475
ic_r4,base,4,0.6826981724202674,2913052515.1956186,2933869790.9141154,1572894252.536165,0.0,0.0,1.8006005384553772,0.0,0.03333333333333333,1.0,0.03333333333333333,0.0,1.0,0.0,0.0,148623713.7014475
ic_r4,base,5,0.6826981724202674,2913052515.1956186,2933869790.9141154,1572894252.536165,0.0,0.0,1.8006005384553772,0.0,0.03333333333333333,1.0,0.03333333333333333,0.0,1.0,0.0,0.0,148623713.7014475
ic_r4,base,6,0.6826981724202674,2913052515.1956186,2933869790.9141154,1572894252.536165,0.0,0.0,1.8006005384553772,0.0,0.03333333333333333,1.0,0.03333333333333333,0.0,1.0,0.0,0.0,148623713.7014475
ic_r4,base,7,0.6826981724202674,2913052515.1956186,2933869790.9141154,1572894252.536165,0.0,0.0,1.8006005384553772,0.0,0.03333333333333333,1.0,0.03333333333333333,0.0,1.0,0.0,0.0,148623713.7014475
ic_r4,base,8,0.6826981724202674,2913052515.1956186,2933869790.9141154,1572894252.536165,0.0,0.0,1.8006005384553772,0.0,0.03333333333333333,1.0,0.03333333333333333,0.0,1.0,0.0,0.0,148623713.7014475
ic_r4,base,9,0.6826981724202674,2913052515.1956186,2933869790.9141154,1572894252.536165,0.0,0.0,1.8006005384553772,0.0,0.03333333333333333,1.0,0.03333333333333333,0.0,1.0,0.0,0.0,148623713.7014475
ic_r4,base,10,0.6826981724202674,2913052515.1956186,2933869790.9141154,1572894252.536165,0.0,0.0,1.8006005384553772,0.0,0.03333333333333333,1.0,0.03333333333333333,0.0,1.0,0.0,0.0,148623713.7014475
ic_r4,low_precision,1,0.9999999999999998,2.2029271349310875e-06,3858645468.9696684,3858645468.9696684,0.0,0.0,1.0,0.0,1.0,1.0,1.0,0.0,1.0,0.0,0.0,197213755.67398512
ic_r4,low_precision,2,0.9999999999999998,2.2029271349310875e-06,3858645468.9696684,3858645468.9696684,0.0,0.0,1.0,0.0,1.0,1.0,1.0,0.0,1.0,0.0,0.0,197213755.67398512
ic_r4,low_precision,3,0.9999999999999998,2.2029271349310875e-06,3858645468.9696684,3858645468.9696684,0.0,0.0,1.0,0.0,1.0,1.0,1.0,0.0,1.0,0.0,0.0,197213755.67398512
ic_r4,low_precision,4,0.9999999999999998,2.2029271349310875e-06,3858645468.9696684,3858645468.9696684,0.0,0.0,1.0,0.0,1.0,1.0,1.0,0.0,1.0,0.0,0.0,197213755.67398512
ic_r4,low_precision,5,0.9999999999999998,2.2029271349310875e-06,3858645468.9696684,3858645468.9696684,0.0,0.0,1.0,0.0,1.0,1.0,1.0,0.0,1.0,0.0,0.0,197213755.67398512
ic_r4,low_precision,6,0.9999999999999998,2.2029271349310875e-06,3858645468.9696684,3858645468.9696684,0.0,0.0,1.0,0.0,1.0,1.0,1.0,0.0,1.0,0.0,0.0,197213755.67398512
ic_r4,low_precision,7,0.9999999999999998,2.2029271349310875e-06,3858645468.9696684,3858645468.9696684,0.0,0.0,1.0,0.0,1.0,1.0,1.0,0.0,1.0,0.0,0.0,197213755.67398512
ic_r4,low_precision,8,0.9999999999999998,2.2029271349310875e-06,3858645468.9696684,3858645468.9696684,0.0,0.0,1.0,0.0,1.0,1.0,1.0,0.0,1.0,0.0,0.0,197213755.67398512
ic_r4,low_precision,9,0.9999999999999998,2.2029271349310875e-06,3858645468.9696684,3858645468.9696684,0.0,0.0,1.0,0.0,1.0,1.0,1.0,0.0,1.0,0.0,0.0,197213755.67398512
ic_r4,low_precision,10,0.9999999999999998,2.2029271349310875e-06,3858645468.9696684,3858645468.9696684,0.0,0.0,1.0,0.0,1.0,1.0,1.0,0.0,1.0,0.0,0.0,197213755.67398512
ic_r4,heterogeneous_procurement,1,0.9999999999999998,2.2029271349310875e-06,3858645468.9696684,3858645468.9696684,0.0,0.0,1.0,0.0,1.0,1.0,1.0,0.0,1.0,0.0,0.0,197213755.67398512
ic_r4,heterogeneous_procurement,2,0.9999999999999998,2.2029271349310875e-06,3858645468.9696684,3858645468.9696684,0.0,0.0,1.0,0.0,1.0,1.0,1.0,0.0,1.0,0.0,0.0,197213755.67398512
ic_r4,heterogeneous_procurement,3,0.9999999999999998,2.2029271349310875e-06,3858645468.9696684,3858645468.9696684,0.0,0.0,1.0,0.0,1.0,1.0,1.0,0.0,1.0,0.0,0.0,197213755.67398512
ic_r4,heterogeneous_procurement,4,0.9999999999999998,2.2029271349310875e-06,3858645468.9696684,3858645468.9696684,0.0,0.0,1.0,0.0,1.0,1.0,1.0,0.0,1.0,0.0,0.0,197213755.67398512
ic_r4,heterogeneous_procurement,5,0.9999999999999998,2.2029271349310875e-06,3858645468.9696684,3858645468.9696684,0.0,0.0,1.0,0.0,1.0,1.0,1.0,0.0,1.0,0.0,0.0,197213755.67398512
ic_r4,heterogeneous_procurement,6,0.9999999999999998,2.2029271349310875e-06,3858645468.9696684,3858645468.9696684,0.0,0.0,1.0,0.0,1.0,1.0,1.0,0.0,1.0,0.0,0.0,197213755.67398512
ic_r4,heterogeneous_procurement,7,0.9999999999999998,2.2029271349310875e-06,3858645468.9696684,3858645468.9696684,0.0,0.0,1.0,0.0,1.0,1.0,1.0,0.0,1.0,0.0,0.0,197213755.67398512
ic_r4,heterogeneous_procurement,8,0.9999999999999998,2.2029271349310875e-06,3858645468.9696684,3858645468.9696684,0.0,0.0,1.0,0.0,1.0,1.0,1.0,0.0,1.0,0.0,0.0,197213755.67398512
ic_r4,heterogeneous_procurement,9,0.9999999999999998,2.2029271349310875e-06,3858645468.9696684,3858645468.9696684,0.0,0.0,1.0,0.0,1.0,1.0,1.0,0.0,1.0,0.0,0.0,197213755.67398512
ic_r4,heterogeneous_procurement,10,0.9999999999999998,2.2029271349310875e-06,3858645468.9696684,3858645468.9696684,0.0,0.0,1.0,0.0,1.0,1.0,1.0,0.0,1.0,0.0,0.0,197213755.67398512
ic_r4,moderate_ai_herding,1,0.9413958970007666,538026619.4647154,3703046842.323275,3474088722.729088,0.0,0.0,1.0826254130357662,0.0,0.03333333333333333,1.0,0.03333333333333333,0.0,1.0,0.0,0.0,189069400.80715722
ic_r4,moderate_ai_herding,2,0.9413958970007666,538026619.4647154,3703046842.323275,3474088722.729088,0.0,0.0,1.0826254130357662,0.0,0.03333333333333333,1.0,0.03333333333333333,0.0,1.0,0.0,0.0,189069400.80715722
ic_r4,moderate_ai_herding,3,0.9413958970007666,538026619.4647154,3703046842.323275,3474088722.729088,0.0,0.0,1.0826254130357662,0.0,0.03333333333333333,1.0,0.03333333333333333,0.0,1.0,0.0,0.0,189069400.80715722
ic_r4,moderate_ai_herding,4,0.9413958970007666,538026619.4647154,3703046842.323275,3474088722.729088,0.0,0.0,1.0826254130357662,0.0,0.03333333333333333,1.0,0.03333333333333333,0.0,1.0,0.0,0.0,189069400.80715722
ic_r4,moderate_ai_herding,5,0.9413958970007666,538026619.4647154,3703046842.323275,3474088722.729088,0.0,0.0,1.0826254130357662,0.0,0.03333333333333333,1.0,0.03333333333333333,0.0,1.0,0.0,0.0,189069400.80715722
ic_r4,moderate_ai_herding,6,0.9413958970007666,538026619.4647154,3703046842.323275,3474088722.729088,0.0,0.0,1.0826254130357662,0.0,0.03333333333333333,1.0,0.03333333333333333,0.0,1.0,0.0,0.0,189069400.80715722
ic_r4,moderate_ai_herding,7,0.9413958970007666,538026619.4647154,3703046842.323275,3474088722.729088,0.0,0.0,1.0826254130357662,0.0,0.03333333333333333,1.0,0.03333333333333333,0.0,1.0,0.0,0.0,189069400.80715722
ic_r4,moderate_ai_herding,8,0.9413958970007666,538026619.4647154,3703046842.323275,3474088722.729088,0.0,0.0,1.0826254130357662,0.0,0.03333333333333333,1.0,0.03333333333333333,0.0,1.0,0.0,0.0,189069400.80715722
ic_r4,moderate_ai_herding,9,0.9413958970007666,538026619.4647154,3703046842.323275,3474088722.729088,0.0,0.0,1.0826254130357662,0.0,0.03333333333333333,1.0,0.03333333333333333,0.0,1.0,0.0,0.0,189069400.80715722
ic_r4,moderate_ai_herding,10,0.9413958970007666,538026619.4647154,3703046842.323275,3474088722.729088,0.0,0.0,1.0826254130357662,0.0,0.03333333333333333,1.0,0.03333333333333333,0.0,1.0,0.0,0.0,189069400.80715722
ic_r4,strong_ai_herding,1,0.6826981724202674,2913052515.1956186,2933869790.9141154,1572894252.536165,0.0,0.0,1.8006005384553772,0.0,0.03333333333333333,1.0,0.03333333333333333,0.0,1.0,0.0,0.0,148623713.7014475
ic_r4,strong_ai_herding,2,0.6826981724202674,2913052515.1956186,2933869790.9141154,1572894252.536165,0.0,0.0,1.8006005384553772,0.0,0.03333333333333333,1.0,0.03333333333333333,0.0,1.0,0.0,0.0,148623713.7014475
ic_r4,strong_ai_herding,3,0.6826981724202674,2913052515.1956186,2933869790.9141154,1572894252.536165,0.0,0.0,1.8006005384553772,0.0,0.03333333333333333,1.0,0.03333333333333333,0.0,1.0,0.0,0.0,148623713.7014475
ic_r4,strong_ai_herding,4,0.6826981724202674,2913052515.1956186,2933869790.9141154,1572894252.536165,0.0,0.0,1.8006005384553772,0.0,0.03333333333333333,1.0,0.03333333333333333,0.0,1.0,0.0,0.0,148623713.7014475
ic_r4,strong_ai_herding,5,0.6826981724202674,2913052515.1956186,2933869790.9141154,1572894252.536165,0.0,0.0,1.8006005384553772,0.0,0.03333333333333333,1.0,0.03333333333333333,0.0,1.0,0.0,0.0,148623713.7014475
ic_r4,strong_ai_herding,6,0.6826981724202674,2913052515.1956186,2933869790.9141154,1572894252.536165,0.0,0.0,1.8006005384553772,0.0,0.03333333333333333,1.0,0.03333333333333333,0.0,1.0,0.0,0.0,148623713.7014475
ic_r4,strong_ai_herding,7,0.6826981724202674,2913052515.1956186,2933869790.9141154,1572894252.536165,0.0,0.0,1.8006005384553772,0.0,0.03333333333333333,1.0,0.03333333333333333,0.0,1.0,0.0,0.0,148623713.7014475
ic_r4,strong_ai_herding,8,0.6826981724202674,2913052515.1956186,2933869790.9141154,1572894252.536165,0.0,0.0,1.8006005384553772,0.0,0.03333333333333333,1.0,0.03333333333333333,0.0,1.0,0.0,0.0,148623713.7014475
ic_r4,strong_ai_herding,9,0.6826981724202674,2913052515.1956186,2933869790.9141154,1572894252.536165,0.0,0.0,1.8006005384553772,0.0,0.03333333333333333,1.0,0.03333333333333333,0.0,1.0,0.0,0.0,148623713.7014475
ic_r4,strong_ai_herding,10,0.6826981724202674,2913052515.1956186,2933869790.9141154,1572894252.536165,0.0,0.0,1.8006005384553772,0.0,0.03333333333333333,1.0,0.03333333333333333,0.0,1.0,0.0,0.0,148623713.7014475
ic_r5,base,1,0.7178072711787102,2590726453.525414,3046940010.0321345,1852391964.9720616,0.0,620956960.2483139,2.5567515243372756,0.0,0.03333333333333333,1.0,0.03333333333333333,0.0,1.0,1.1700000000000006,0.0,154598560.3999794
ic_r5,base,2,0.7178072711787102,2590726453.525414,3046940010.0321345,1852391964.9720616,0.0,620956960.2483139,2.5567515243372756,0.0,0.03333333333333333,1.0,0.03333333333333333,0.0,1.0,1.1700000000000006,0.0,154598560.3999794
ic_r5,base,3,0.7178072711787102,2590726453.525414,3046940010.0321345,1852391964.9720616,0.0,620956960.2483139,2.5567515243372756,0.0,0.03333333333333333,1.0,0.03333333333333333,0.0,1.0,1.1700000000000006,0.0,154598560.3999794
ic_r5,base,4,0.7178072711787102,2590726453.525414,3046940010.0321345,1852391964.9720616,0.0,620956960.2483139,2.5567515243372756,0.0,0.03333333333333333,1.0,0.03333333333333333,0.0,1.0,1.1700000000000006,0.0,154598560.3999794
ic_r5,base,5,0.7178072711787102,2590726453.525414,3046940010.0321345,1852391964.9720616,0.0,620956960.2483139,2.5567515243372756,0.0,0.03333333333333333,1.0,0.03333333333333333,0.0,1.0,1.1700000000000006,0.0,154598560.3999794
ic_r5,base,6,0.7178072711787102,2590726453.525414,3046940010.0321345,1852391964.9720616,0.0,620956960.2483139,2.5567515243372756,0.0,0.03333333333333333,1.0,0.03333333333333333,0.0,1.0,1.1700000000000006,0.0,154598560.3999794
ic_r5,base,7,0.7178072711787102,2590726453.525414,3046940010.0321345,1852391964.9720616,0.0,620956960.2483139,2.5567515243372756,0.0,0.03333333333333333,1.0,0.03333333333333333,0.0,1.0,1.1700000000000006,0.0,154598560.3999794
ic_r5,base,8,0.7178072711787102,2590726453.525414,3046940010.0321345,1852391964.9720616,0.0,620956960.2483139,2.5567515243372756,0.0,0.03333333333333333,1.0,0.03333333333333333,0.0,1.0,1.1700000000000006,0.0,154598560.3999794
ic_r5,base,9,0.7178072711787102,2590726453.525414,3046940010.0321345,1852391964.9720616,0.0,620956960.2483139,2.5567515243372756,0.0,0.03333333333333333,1.0,0.03333333333333333,0.0,1.0,1.1700000000000006,0.0,154598560.3999794
ic_r5,base,10,0.7178072711787102,2590726453.525414,3046940010.0321345,1852391964.9720616,0.0,620956960.2483139,2.5567515243372756,0.0,0.03333333333333333,1.0,0.03333333333333333,0.0,1.0,1.1700000000000006,0.0,154598560.3999794
ic_r5,no_market_power,1,0.7178072711787102,2590726453.525414,3046940010.0321345,1852391964.9720616,0.0,620956960.2483139,1.6456897760874565,0.0,0.03333333333333333,1.0,0.03333333333333333,0.0,1.0,1.1700000000000006,0.0,154598560.3999794
ic_r5,no_market_power,2,0.7178072711787102,2590726453.525414,3046940010.0321345,1852391964.9720616,0.0,620956960.2483139,1.6456897760874565,0.0,0.03333333333333333,1.0,0.03333333333333333,0.0,1.0,1.1700000000000006,0.0,154598560.3999794
ic_r5,no_market_power,3,0.7178072711787102,2590726453.525414,3046940010.0321345,1852391964.9720616,0.0,620956960.2483139,1.6456897760874565,0.0,0.03333333333333333,1.0,0.03333333333333333,0.0,1.0,1.1700000000000006,0.0,154598560.3999794
ic_r5,no_market_power,4,0.7178072711787102,2590726453.525414,3046940010.0321345,1852391964.9720616,0.0,620956960.2483139,1.6456897760874565,0.0,0.03333333333333333,1.0,0.03333333333333333,0.0,1.0,1.1700000000000006,0.0,154598560.3999794
ic_r5,no_market_power,5,0.7178072711787102,2590726453.525414,3046940010.0321345,1852391964.9720616,0.0,620956960.2483139,1.6456897760874565,0.0,0.03333333333333333,1.0,0.03333333333333333,0.0,1.0,1.1700000000000006,0.0,154598560.3999794
ic_r5,no_market_power,6,0.7178072711787102,2590726453.525414,3046940010.0321345,1852391964.9720616,0.0,620956960.2483139,1.6456897760874565,0.0,0.03333333333333333,1.0,0.03333333333333333,0.0,1.0,1.1700000000000006,0.0,154598560.3999794
ic_r5,no_market_power,7,0.7178072711787102,2590726453.525414,3046940010.0321345,1852391964.9720616,0.0,620956960.2483139,1.6456897760874565,0.0,0.03333333333333333,1.0,0.03333333333333333,0.0,1.0,1.1700000000000006,0.0,154598560.3999794
ic_r5,no_market_power,8,0.7178072711787102,2590726453.525414,3046940010.0321345,1852391964.9720616,0.0,620956960.2483139,1.6456897760874565,0.0,0.03333333333333333,1.0,0.03333333333333333,0.0,1.0,1.1700000000000006,0.0,154598560.3999794
ic_r5,no_market_power,9,0.7178072711787102,2590726453.525414,3046940010.0321345,1852391964.9720616,0.0,620956960.2483139,1.6456897760874565,0.0,0.03333333333333333,1.0,0.03333333333333333,0.0,1.0,1.1700000000000006,0.0,154598560.3999794
ic_r5,no_market_power,10,0.7178072711787102,2590726453.525414,3046940010.0321345,1852391964.9720616,0.0,620956960.2483139,1.6456897760874565,0.0,0.03333333333333333,1.0,0.03333333333333333,0.0,1.0,1.1700000000000006,0.0,154598560.3999794
ic_r5,balanced_ai,1,0.9999999999999998,1.693028025329113e-06,3858645468.9696693,3858645468.9696693,0.0,620956960.2483139,1.0,0.0,0.03333333333333333,1.0,1.0,0.0,1.0,1.1700000000000006,0.0,197213755.67398515
ic_r5,balanced_ai,2,0.9999999999999998,1.693028025329113e-06,3858645468.9696693,3858645468.9696693,0.0,620956960.2483139,1.0,0.0,0.03333333333333333,1.0,1.0,0.0,1.0,1.1700000000000006,0.0,197213755.67398515
ic_r5,balanced_ai,3,0.9999999999999998,1.693028025329113e-06,3858645468.9696693,3858645468.9696693,0.0,620956960.2483139,1.0,0.0,0.03333333333333333,1.0,1.0,0.0,1.0,1.1700000000000006,0.0,197213755.67398515
ic_r5,balanced_ai,4,0.9999999999999998,1.693028025329113e-06,3858645468.9696693,3858645468.9696693,0.0,620956960.2483139,1.0,0.0,0.03333333333333333,1.0,1.0,0.0,1.0,1.1700000000000006,0.0,197213755.67398515
ic_r5,balanced_ai,5,0.9999999999999998,1.693028025329113e-06,3858645468.9696693,3858645468.9696693,0.0,620956960.2483139,1.0,0.0,0.03333333333333333,1.0,1.0,0.0,1.0,1.1700000000000006,0.0,197213755.67398515
ic_r5,balanced_ai,6,0.9999999999999998,1.693028025329113e-06,3858645468.9696693,3858645468.9696693,0.0,620956960.2483139,1.0,0.0,0.03333333333333333,1.0,1.0,0.0,1.0,1.1700000000000006,0.0,197213755.67398515
ic_r5,balanced_ai,7,0.9999999999999998,1.693028025329113e-06,3858645468.9696693,3858645468.9696693,0.0,620956960.2483139,1.0,0.0,0.03333333333333333,1.0,1.0,0.0,1.0,1.1700000000000006,0.0,197213755.67398515
ic_r5,balanced_ai,8,0.9999999999999998,1.693028025329113e-06,3858645468.9696693,3858645468.9696693,0.0,620956960.2483139,1.0,0.0,0.03333333333333333,1.0,1.0,0.0,1.0,1.1700000000000006,0.0,197213755.67398515
ic_r5,balanced_ai,9,0.9999999999999998,1.693028025329113e-06,3858645468.9696693,3858645468.9696693,0.0,620956960.2483139,1.0,0.0,0.03333333333333333,1.0,1.0,0.0,1.0,1.1700000000000006,0.0,197213755.67398515
ic_r5,balanced_ai,10,0.9999999999999998,1.693028025329113e-06,3858645468.9696693,3858645468.9696693,0.0,620956960.2483139,1.0,0.0,0.03333333333333333,1.0,1.0,0.0,1.0,1.1700000000000006,0.0,197213755.67398515
ic_r5,core_sector_ai_advantage,1,0.7178072711787102,2590726453.525414,3046940010.0321345,1852391964.9720616,0.0,620956960.2483139,2.052908041488584,0.0,0.03333333333333333,1.0,0.03333333333333333,0.0,1.0,1.1700000000000006,0.0,154598560.3999794
ic_r5,core_sector_ai_advantage,2,0.7178072711787102,2590726453.525414,3046940010.0321345,1852391964.9720616,0.0,620956960.2483139,2.052908041488584,0.0,0.03333333333333333,1.0,0.03333333333333333,0.0,1.0,1.1700000000000006,0.0,154598560.3999794
ic_r5,core_sector_ai_advantage,3,0.7178072711787102,2590726453.525414,3046940010.0321345,1852391964.9720616,0.0,620956960.2483139,2.052908041488584,0.0,0.03333333333333333,1.0,0.03333333333333333,0.0,1.0,1.1700000000000006,0.0,154598560.3999794
ic_r5,core_sector_ai_advantage,4,0.7178072711787102,2590726453.525414,3046940010.0321345,1852391964.9720616,0.0,620956960.2483139,2.052908041488584,0.0,0.03333333333333333,1.0,0.03333333333333333,0.0,1.0,1.1700000000000006,0.0,154598560.3999794
ic_r5,core_sector_ai_advantage,5,0.7178072711787102,2590726453.525414,3046940010.0321345,1852391964.9720616,0.0,620956960.2483139,2.052908041488584,0.0,0.03333333333333333,1.0,0.03333333333333333,0.0,1.0,1.1700000000000006,0.0,154598560.3999794
ic_r5,core_sector_ai_advantage,6,0.7178072711787102,2590726453.525414,3046940010.0321345,1852391964.9720616,0.0,620956960.2483139,2.052908041488584,0.0,0.03333333333333333,1.0,0.03333333333333333,0.0,1.0,1.1700000000000006,0.0,154598560.3999794
ic_r5,core_sector_ai_advantage,7,0.7178072711787102,2590726453.525414,3046940010.0321345,1852391964.9720616,0.0,620956960.2483139,2.052908041488584,0.0,0.03333333333333333,1.0,0.03333333333333333,0.0,1.0,1.1700000000000006,0.0,154598560.3999794
ic_r5,core_sector_ai_advantage,8,0.7178072711787102,2590726453.525414,3046940010.0321345,1852391964.9720616,0.0,620956960.2483139,2.052908041488584,0.0,0.03333333333333333,1.0,0.03333333333333333,0.0,1.0,1.1700000000000006,0.0,154598560.3999794
ic_r5,core_sector_ai_advantage,9,0.7178072711787102,2590726453.525414,3046940010.0321345,1852391964.9720616,0.0,620956960.2483139,2.052908041488584,0.0,0.03333333333333333,1.0,0.03333333333333333,0.0,1.0,1.1700000000000006,0.0,154598560.3999794
ic_r5,core_sector_ai_advantage,10,0.7178072711787102,2590726453.525414,3046940010.0321345,1852391964.9720616,0.0,620956960.2483139,2.052908041488584,0.0,0.03333333333333333,1.0,0.03333333333333333,0.0,1.0,1.1700000000000006,0.0,154598560.3999794
ic_r5,core_advantage_high_markup,1,0.7178072711787102,2590726453.525414,3046940010.0321345,1852391964.9720616,0.0,620956960.2483139,3.1791810302131296,0.0,0.03333333333333333,1.0,0.03333333333333333,0.0,1.0,1.1700000000000006,0.0,154598560.3999794
ic_r5,core_advantage_high_markup,2,0.7178072711787102,2590726453.525414,3046940010.0321345,1852391964.9720616,0.0,620956960.2483139,3.1791810302131296,0.0,0.03333333333333333,1.0,0.03333333333333333,0.0,1.0,1.1700000000000006,0.0,154598560.3999794
ic_r5,core_advantage_high_markup,3,0.7178072711787102,2590726453.525414,3046940010.0321345,1852391964.9720616,0.0,620956960.2483139,3.1791810302131296,0.0,0.03333333333333333,1.0,0.03333333333333333,0.0,1.0,1.1700000000000006,0.0,154598560.3999794
ic_r5,core_advantage_high_markup,4,0.7178072711787102,2590726453.525414,3046940010.0321345,1852391964.9720616,0.0,620956960.2483139,3.1791810302131296,0.0,0.03333333333333333,1.0,0.03333333333333333,0.0,1.0,1.1700000000000006,0.0,154598560.3999794
ic_r5,core_advantage_high_markup,5,0.7178072711787102,2590726453.525414,3046940010.0321345,1852391964.9720616,0.0,620956960.2483139,3.1791810302131296,0.0,0.03333333333333333,1.0,0.03333333333333333,0.0,1.0,1.1700000000000006,0.0,154598560.3999794
ic_r5,core_advantage_high_markup,6,0.7178072711787102,2590726453.525414,3046940010.0321345,1852391964.9720616,0.0,620956960.2483139,3.1791810302131296,0.0,0.03333333333333333,1.0,0.03333333333333333,0.0,1.0,1.1700000000000006,0.0,154598560.3999794
ic_r5,core_advantage_high_markup,7,0.7178072711787102,2590726453.525414,3046940010.0321345,1852391964.9720616,0.0,620956960.2483139,3.1791810302131296,0.0,0.03333333333333333,1.0,0.03333333333333333,0.0,1.0,1.1700000000000006,0.0,154598560.3999794
ic_r5,core_advantage_high_markup,8,0.7178072711787102,2590726453.525414,3046940010.0321345,1852391964.9720616,0.0,620956960.2483139,3.1791810302131296,0.0,0.03333333333333333,1.0,0.03333333333333333,0.0,1.0,1.1700000000000006,0.0,154598560.3999794
ic_r5,core_advantage_high_markup,9,0.7178072711787102,2590726453.525414,3046940010.0321345,1852391964.9720616,0.0,620956960.2483139,3.1791810302131296,0.0,0.03333333333333333,1.0,0.03333333333333333,0.0,1.0,1.1700000000000006,0.0,154598560.3999794
ic_r5,core_advantage_high_markup,10,0.7178072711787102,2590726453.525414,3046940010.0321345,1852391964.9720616,0.0,620956960.2483139,3.1791810302131296,0.0,0.03333333333333333,1.0,0.03333333333333333,0.0,1.0,1.1700000000000006,0.0,154598560.3999794
ic_g1,base,1,0.9999999999999998,1.693028025329113e-06,3858645468.9696693,3855195708.079401,3449760.89026841,41397130.68322092,1.0,0.0,0.0,1.0,1.0,0.0,1.0,0.11947586757299418,0.0,197213755.67398515
ic_g1,base,2,0.9999999999999998,1.693028025329113e-06,3858645468.9696693,3855195708.079401,3449760.89026841,41397130.68322092,1.0,0.0,0.0,1.0,1.0,0.0,1.0,0.11947586757299418,0.0,197213755.67398515
ic_g1,base,3,0.9999999999999998,1.693028025329113e-06,3858645468.9696693,3855195708.079401,3449760.89026841,41397130.68322092,1.0,0.0,0.0,1.0,1.0,0.0,1.0,0.11947586757299418,0.0,197213755.67398515
ic_g1,base,4,0.9999999999999998,1.693028025329113e-06,3858645468.9696693,3855195708.079401,3449760.89026841,41397130.68322092,1.0,0.0,0.0,1.0,1.0,0.0,1.0,0.11947586757299418,0.0,197213755.67398515
ic_g1,base,5,0.9999999999999998,1.693028025329113e-06,3858645468.9696693,3855195708.079401,3449760.89026841,41397130.68322092,1.0,0.0,0.0,1.0,1.0,0.0,1.0,0.11947586757299418,0.0,197213755.67398515
ic_g1,base,6,0.9999999999999998,1.693028025329113e-06,3858645468.9696693,3855195708.079401,3449760.89026841,41397130.68322092,1.0,0.0,0.0,1.0,1.0,0.0,1.0,0.11947586757299418,0.0,197213755.67398515
ic_g1,base,7,0.9999999999999998,1.693028025329113e-06,3858645468.9696693,3855195708.079401,3449760.89026841,41397130.68322092,1.0,0.0,0.0,1.0,1.0,0.0,1.0,0.11947586757299418,0.0,197213755.67398515
ic_g1,base,8,0.9999999999999998,1.693028025329113e-06,3858645468.9696693,3855195708.079401,3449760.89026841,41397130.68322092,1.0,0.0,0.0,1.0,1.0,0.0,1.0,0.11947586757299418,0.0,197213755.67398515
ic_g1,base,9,0.9999999999999998,1.693028025329113e-06,3858645468.9696693,3855195708.079401,3449760.89026841,41397130.68322092,1.0,0.0,0.0,1.0,1.0,0.0,1.0,0.11947586757299418,0.0,197213755.67398515
ic_g1,base,10,0.9999999999999998,1.693028025329113e-06,3858645468.9696693,3855195708.079401,3449760.89026841,41397130.68322092,1.0,0.0,0.0,1.0,1.0,0.0,1.0,0.11947586757299418,0.0,197213755.67398515
ic_g1,no_policy,1,0.9999999999999998,1.693028025329113e-06,3858645468.9696693,3858645468.9696693,0.0,41397130.68322092,1.0,0.0,0.03333333333333333,1.0,1.0,0.0,1.0,0.07799999999999997,0.0,197213755.67398515
ic_g1,no_policy,2,0.9999999999999998,1.693028025329113e-06,3858645468.9696693,3858645468.9696693,0.0,41397130.68322092,1.0,0.0,0.03333333333333333,1.0,1.0,0.0,1.0,0.07799999999999997,0.0,197213755.67398515
ic_g1,no_policy,3,0.9999999999999998,1.693028025329113e-06,3858645468.9696693,3858645468.9696693,0.0,41397130.68322092,1.0,0.0,0.03333333333333333,1.0,1.0,0.0,1.0,0.07799999999999997,0.0,197213755.67398515
ic_g1,no_policy,4,0.9999999999999998,1.693028025329113e-06,3858645468.9696693,3858645468.9696693,0.0,41397130.68322092,1.0,0.0,0.03333333333333333,1.0,1.0,0.0,1.0,0.07799999999999997,0.0,197213755.67398515
ic_g1,no_policy,5,0.9999999999999998,1.693028025329113e-06,3858645468.9696693,3858645468.9696693,0.0,41397130.68322092,1.0,0.0,0.03333333333333333,1.0,1.0,0.0,1.0,0.07799999999999997,0.0,197213755.67398515
ic_g1,no_policy,6,0.9999999999999998,1.693028025329113e-06,3858645468.9696693,3858645468.9696693,0.0,41397130.68322092,1.0,0.0,0.03333333333333333,1.0,1.0,0.0,1.0,0.07799999999999997,0.0,197213755.67398515
ic_g1,no_policy,7,0.9999999999999998,1.693028025329113e-06,3858645468.9696693,3858645468.9696693,0.0,41397130.68322092,1.0,0.0,0.03333333333333333,1.0,1.0,0.0,1.0,0.07799999999999997,0.0,197213755.67398515
ic_g1,no_policy,8,0.9999999999999998,1.693028025329113e-06,3858645468.9696693,3858645468.9696693,0.0,41397130.68322092,1.0,0.0,0.03333333333333333,1.0,1.0,0.0,1.0,0.07799999999999997,0.0,197213755.67398515
ic_g1,no_policy,9,0.9999999999999998,1.693028025329113e-06,3858645468.9696693,3858645468.9696693,0.0,41397130.68322092,1.0,0.0,0.03333333333333333,1.0,1.0,0.0,1.0,0.07799999999999997,0.0,197213755.67398515
ic_g1,no_policy,10,0.9999999999999998,1.693028025329113e-06,3858645468.9696693,3858645468.9696693,0.0,41397130.68322092,1.0,0.0,0.03333333333333333,1.0,1.0,0.0,1.0,0.07799999999999997,0.0,197213755.67398515
ic_g1,manufacturing_target,1,0.9999999999999998,1.693028025329113e-06,3858645468.9696693,3855195708.079401,3449760.89026841,41397130.68322092,1.0,0.0,0.0,1.0,1.0,0.0,1.0,0.08966546701764934,0.0,197213755.67398515
ic_g1,manufacturing_target,2,0.9999999999999998,1.693028025329113e-06,3858645468.9696693,3855195708.079401,3449760.89026841,41397130.68322092,1.0,0.0,0.0,1.0,1.0,0.0,1.0,0.08966546701764934,0.0,197213755.67398515
ic_g1,manufacturing_target,3,0.9999999999999998,1.693028025329113e-06,3858645468.9696693,3855195708.079401,3449760.89026841,41397130.68322092,1.0,0.0,0.0,1.0,1.0,0.0,1.0,0.08966546701764934,0.0,197213755.67398515
ic_g1,manufacturing_target,4,0.9999999999999998,1.693028025329113e-06,3858645468.9696693,3855195708.079401,3449760.89026841,41397130.68322092,1.0,0.0,0.0,1.0,1.0,0.0,1.0,0.08966546701764934,0.0,197213755.67398515
ic_g1,manufacturing_target,5,0.9999999999999998,1.693028025329113e-06,3858645468.9696693,3855195708.079401,3449760.89026841,41397130.68322092,1.0,0.0,0.0,1.0,1.0,0.0,1.0,0.08966546701764934,0.0,197213755.67398515
ic_g1,manufacturing_target,6,0.9999999999999998,1.693028025329113e-06,3858645468.9696693,3855195708.079401,3449760.89026841,41397130.68322092,1.0,0.0,0.0,1.0,1.0,0.0,1.0,0.08966546701764934,0.0,197213755.67398515
ic_g1,manufacturing_target,7,0.9999999999999998,1.693028025329113e-06,3858645468.9696693,3855195708.079401,3449760.89026841,41397130.68322092,1.0,0.0,0.0,1.0,1.0,0.0,1.0,0.08966546701764934,0.0,197213755.67398515
ic_g1,manufacturing_target,8,0.9999999999999998,1.693028025329113e-06,3858645468.9696693,3855195708.079401,3449760.89026841,41397130.68322092,1.0,0.0,0.0,1.0,1.0,0.0,1.0,0.08966546701764934,0.0,197213755.67398515
ic_g1,manufacturing_target,9,0.9999999999999998,1.693028025329113e-06,3858645468.9696693,3855195708.079401,3449760.89026841,41397130.68322092,1.0,0.0,0.0,1.0,1.0,0.0,1.0,0.08966546701764934,0.0,197213755.67398515
ic_g1,manufacturing_target,10,0.9999999999999998,1.693028025329113e-06,3858645468.9696693,3855195708.079401,3449760.89026841,41397130.68322092,1.0,0.0,0.0,1.0,1.0,0.0,1.0,0.08966546701764934,0.0,197213755.67398515
ic_g1,uniform,1,0.9999999999999998,1.693028025329113e-06,3858645468.9696693,3855195708.079401,3449760.89026841,41397130.68322092,1.0,0.0,0.0,1.0,1.0,0.0,1.0,0.11947586757299418,0.0,197213755.67398515
ic_g1,uniform,2,0.9999999999999998,1.693028025329113e-06,3858645468.9696693,3855195708.079401,3449760.89026841,41397130.68322092,1.0,0.0,0.0,1.0,1.0,0.0,1.0,0.11947586757299418,0.0,197213755.67398515
ic_g1,uniform,3,0.9999999999999998,1.693028025329113e-06,3858645468.9696693,3855195708.079401,3449760.89026841,41397130.68322092,1.0,0.0,0.0,1.0,1.0,0.0,1.0,0.11947586757299418,0.0,197213755.67398515
ic_g1,uniform,4,0.9999999999999998,1.693028025329113e-06,3858645468.9696693,3855195708.079401,3449760.89026841,41397130.68322092,1.0,0.0,0.0,1.0,1.0,0.0,1.0,0.11947586757299418,0.0,197213755.67398515
ic_g1,uniform,5,0.9999999999999998,1.693028025329113e-06,3858645468.9696693,3855195708.079401,3449760.89026841,41397130.68322092,1.0,0.0,0.0,1.0,1.0,0.0,1.0,0.11947586757299418,0.0,197213755.67398515
ic_g1,uniform,6,0.9999999999999998,1.693028025329113e-06,3858645468.9696693,3855195708.079401,3449760.89026841,41397130.68322092,1.0,0.0,0.0,1.0,1.0,0.0,1.0,0.11947586757299418,0.0,197213755.67398515
ic_g1,uniform,7,0.9999999999999998,1.693028025329113e-06,3858645468.9696693,3855195708.079401,3449760.89026841,41397130.68322092,1.0,0.0,0.0,1.0,1.0,0.0,1.0,0.11947586757299418,0.0,197213755.67398515
ic_g1,uniform,8,0.9999999999999998,1.693028025329113e-06,3858645468.9696693,3855195708.079401,3449760.89026841,41397130.68322092,1.0,0.0,0.0,1.0,1.0,0.0,1.0,0.11947586757299418,0.0,197213755.67398515
ic_g1,uniform,9,0.9999999999999998,1.693028025329113e-06,3858645468.9696693,3855195708.079401,3449760.89026841,41397130.68322092,1.0,0.0,0.0,1.0,1.0,0.0,1.0,0.11947586757299418,0.0,197213755.67398515
ic_g1,uniform,10,0.9999999999999998,1.693028025329113e-06,3858645468.9696693,3855195708.079401,3449760.89026841,41397130.68322092,1.0,0.0,0.0,1.0,1.0,0.0,1.0,0.11947586757299418,0.0,197213755.67398515
ic_g1,output_scale,1,0.9999999999999998,1.693028025329113e-06,3858645468.9696693,3855195708.079401,3449760.89026841,41397130.68322092,1.0,0.0,0.0,1.0,1.0,0.0,1.0,0.08449999999999996,0.0,197213755.67398515
ic_g1,output_scale,2,0.9999999999999998,1.693028025329113e-06,3858645468.9696693,3855195708.079401,3449760.89026841,41397130.68322092,1.0,0.0,0.0,1.0,1.0,0.0,1.0,0.08449999999999996,0.0,197213755.67398515
ic_g1,output_scale,3,0.9999999999999998,1.693028025329113e-06,3858645468.9696693,3855195708.079401,3449760.89026841,41397130.68322092,1.0,0.0,0.0,1.0,1.0,0.0,1.0,0.08449999999999996,0.0,197213755.67398515
ic_g1,output_scale,4,0.9999999999999998,1.693028025329113e-06,3858645468.9696693,3855195708.079401,3449760.89026841,41397130.68322092,1.0,0.0,0.0,1.0,1.0,0.0,1.0,0.08449999999999996,0.0,197213755.67398515
ic_g1,output_scale,5,0.9999999999999998,1.693028025329113e-06,3858645468.9696693,3855195708.079401,3449760.89026841,41397130.68322092,1.0,0.0,0.0,1.0,1.0,0.0,1.0,0.08449999999999996,0.0,197213755.67398515
ic_g1,output_scale,6,0.9999999999999998,1.693028025329113e-06,3858645468.9696693,3855195708.079401,3449760.89026841,41397130.68322092,1.0,0.0,0.0,1.0,1.0,0.0,1.0,0.08449999999999996,0.0,197213755.67398515
ic_g1,output_scale,7,0.9999999999999998,1.693028025329113e-06,3858645468.9696693,3855195708.079401,3449760.89026841,41397130.68322092,1.0,0.0,0.0,1.0,1.0,0.0,1.0,0.08449999999999996,0.0,197213755.67398515
ic_g1,output_scale,8,0.9999999999999998,1.693028025329113e-06,3858645468.9696693,3855195708.079401,3449760.89026841,41397130.68322092,1.0,0.0,0.0,1.0,1.0,0.0,1.0,0.08449999999999996,0.0,197213755.67398515
ic_g1,output_scale,9,0.9999999999999998,1.693028025329113e-06,3858645468.9696693,3855195708.079401,3449760.89026841,41397130.68322092,1.0,0.0,0.0,1.0,1.0,0.0,1.0,0.08449999999999996,0.0,197213755.67398515
ic_g1,output_scale,10,0.9999999999999998,1.693028025329113e-06,3858645468.9696693,3855195708.079401,3449760.89026841,41397130.68322092,1.0,0.0,0.0,1.0,1.0,0.0,1.0,0.08449999999999996,0.0,197213755.67398515
ic_g1,ai_gap,1,0.9999999999999998,1.693028025329113e-06,3858645468.9696693,3855195708.079401,3449760.89026841,41397130.68322092,1.0,0.0,0.0,1.0,1.0,0.0,1.0,0.11947586757299418,0.0,197213755.67398515
ic_g1,ai_gap,2,0.9999999999999998,1.693028025329113e-06,3858645468.9696693,3855195708.079401,3449760.89026841,41397130.68322092,1.0,0.0,0.0,1.0,1.0,0.0,1.0,0.11947586757299418,0.0,197213755.67398515
ic_g1,ai_gap,3,0.9999999999999998,1.693028025329113e-06,3858645468.9696693,3855195708.079401,3449760.89026841,41397130.68322092,1.0,0.0,0.0,1.0,1.0,0.0,1.0,0.11947586757299418,0.0,197213755.67398515
ic_g1,ai_gap,4,0.9999999999999998,1.693028025329113e-06,3858645468.9696693,3855195708.079401,3449760.89026841,41397130.68322092,1.0,0.0,0.0,1.0,1.0,0.0,1.0,0.11947586757299418,0.0,197213755.67398515
ic_g1,ai_gap,5,0.9999999999999998,1.693028025329113e-06,3858645468.9696693,3855195708.079401,3449760.89026841,41397130.68322092,1.0,0.0,0.0,1.0,1.0,0.0,1.0,0.11947586757299418,0.0,197213755.67398515
ic_g1,ai_gap,6,0.9999999999999998,1.693028025329113e-06,3858645468.9696693,3855195708.079401,3449760.89026841,41397130.68322092,1.0,0.0,0.0,1.0,1.0,0.0,1.0,0.11947586757299418,0.0,197213755.67398515
ic_g1,ai_gap,7,0.9999999999999998,1.693028025329113e-06,3858645468.9696693,3855195708.079401,3449760.89026841,41397130.68322092,1.0,0.0,0.0,1.0,1.0,0.0,1.0,0.11947586757299418,0.0,197213755.67398515
ic_g1,ai_gap,8,0.9999999999999998,1.693028025329113e-06,3858645468.9696693,3855195708.079401,3449760.89026841,41397130.68322092,1.0,0.0,0.0,1.0,1.0,0.0,1.0,0.11947586757299418,0.0,197213755.67398515
ic_g1,ai_gap,9,0.9999999999999998,1.693028025329113e-06,3858645468.9696693,3855195708.079401,3449760.89026841,41397130.68322092,1.0,0.0,0.0,1.0,1.0,0.0,1.0,0.11947586757299418,0.0,197213755.67398515
ic_g1,ai_gap,10,0.9999999999999998,1.693028025329113e-06,3858645468.9696693,3855195708.079401,3449760.89026841,41397130.68322092,1.0,0.0,0.0,1.0,1.0,0.0,1.0,0.11947586757299418,0.0,197213755.67398515
ic_g1,backward_linkage,1,0.9999999999999998,1.693028025329113e-06,3858645468.9696693,3855195708.079401,3449760.89026841,41397130.68322092,1.0,0.0,0.0,1.0,1.0,0.0,1.0,0.12042798658251956,0.0,197213755.67398515
ic_g1,backward_linkage,2,0.9999999999999998,1.693028025329113e-06,3858645468.9696693,3855195708.079401,3449760.89026841,41397130.68322092,1.0,0.0,0.0,1.0,1.0,0.0,1.0,0.12042798658251956,0.0,197213755.67398515
ic_g1,backward_linkage,3,0.9999999999999998,1.693028025329113e-06,3858645468.9696693,3855195708.079401,3449760.89026841,41397130.68322092,1.0,0.0,0.0,1.0,1.0,0.0,1.0,0.12042798658251956,0.0,197213755.67398515
ic_g1,backward_linkage,4,0.9999999999999998,1.693028025329113e-06,3858645468.9696693,3855195708.079401,3449760.89026841,41397130.68322092,1.0,0.0,0.0,1.0,1.0,0.0,1.0,0.12042798658251956,0.0,197213755.67398515
ic_g1,backward_linkage,5,0.9999999999999998,1.693028025329113e-06,3858645468.9696693,3855195708.079401,3449760.89026841,41397130.68322092,1.0,0.0,0.0,1.0,1.0,0.0,1.0,0.12042798658251956,0.0,197213755.67398515
ic_g1,backward_linkage,6,0.9999999999999998,1.693028025329113e-06,3858645468.9696693,3855195708.079401,3449760.89026841,41397130.68322092,1.0,0.0,0.0,1.0,1.0,0.0,1.0,0.12042798658251956,0.0,197213755.67398515
ic_g1,backward_linkage,7,0.9999999999999998,1.693028025329113e-06,3858645468.9696693,3855195708.079401,3449760.89026841,41397130.68322092,1.0,0.0,0.0,1.0,1.0,0.0,1.0,0.12042798658251956,0.0,197213755.67398515
ic_g1,backward_linkage,8,0.9999999999999998,1.693028025329113e-06,3858645468.9696693,3855195708.079401,3449760.89026841,41397130.68322092,1.0,0.0,0.0,1.0,1.0,0.0,1.0,0.12042798658251956,0.0,197213755.67398515
ic_g1,backward_linkage,9,0.9999999999999998,1.693028025329113e-06,3858645468.9696693,3855195708.079401,3449760.89026841,41397130.68322092,1.0,0.0,0.0,1.0,1.0,0.0,1.0,0.12042798658251956,0.0,197213755.67398515
ic_g1,backward_linkage,10,0.9999999999999998,1.693028025329113e-06,3858645468.9696693,3855195708.079401,3449760.89026841,41397130.68322092,1.0,0.0,0.0,1.0,1.0,0.0,1.0,0.12042798658251956,0.0,197213755.67398515
ic_g1,linkage_stress_proxy,1,0.9999999999999998,1.693028025329113e-06,3858645468.9696693,3855195708.079401,3449760.89026841,41397130.68322092,1.0,0.0,0.0,1.0,1.0,0.0,1.0,0.12042798658251955,0.0,197213755.67398515
ic_g1,linkage_stress_proxy,2,0.9999999999999998,1.693028025329113e-06,3858645468.9696693,3855195708.079401,3449760.89026841,41397130.68322092,1.0,0.0,0.0,1.0,1.0,0.0,1.0,0.12042798658251955,0.0,197213755.67398515
ic_g1,linkage_stress_proxy,3,0.9999999999999998,1.693028025329113e-06,3858645468.9696693,3855195708.079401,3449760.89026841,41397130.68322092,1.0,0.0,0.0,1.0,1.0,0.0,1.0,0.12042798658251955,0.0,197213755.67398515
ic_g1,linkage_stress_proxy,4,0.9999999999999998,1.693028025329113e-06,3858645468.9696693,3855195708.079401,3449760.89026841,41397130.68322092,1.0,0.0,0.0,1.0,1.0,0.0,1.0,0.12042798658251955,0.0,197213755.67398515
ic_g1,linkage_stress_proxy,5,0.9999999999999998,1.693028025329113e-06,3858645468.9696693,3855195708.079401,3449760.89026841,41397130.68322092,1.0,0.0,0.0,1.0,1.0,0.0,1.0,0.12042798658251955,0.0,197213755.67398515
ic_g1,linkage_stress_proxy,6,0.9999999999999998,1.693028025329113e-06,3858645468.9696693,3855195708.079401,3449760.89026841,41397130.68322092,1.0,0.0,0.0,1.0,1.0,0.0,1.0,0.12042798658251955,0.0,197213755.67398515
ic_g1,linkage_stress_proxy,7,0.9999999999999998,1.693028025329113e-06,3858645468.9696693,3855195708.079401,3449760.89026841,41397130.68322092,1.0,0.0,0.0,1.0,1.0,0.0,1.0,0.12042798658251955,0.0,197213755.67398515
ic_g1,linkage_stress_proxy,8,0.9999999999999998,1.693028025329113e-06,3858645468.9696693,3855195708.079401,3449760.89026841,41397130.68322092,1.0,0.0,0.0,1.0,1.0,0.0,1.0,0.12042798658251955,0.0,197213755.67398515
ic_g1,linkage_stress_proxy,9,0.9999999999999998,1.693028025329113e-06,3858645468.9696693,3855195708.079401,3449760.89026841,41397130.68322092,1.0,0.0,0.0,1.0,1.0,0.0,1.0,0.12042798658251955,0.0,197213755.67398515
ic_g1,linkage_stress_proxy,10,0.9999999999999998,1.693028025329113e-06,3858645468.9696693,3855195708.079401,3449760.89026841,41397130.68322092,1.0,0.0,0.0,1.0,1.0,0.0,1.0,0.12042798658251955,0.0,197213755.67398515
ic_g2,base,1,0.9806772286773218,180350067.3243733,3859067431.53768,3805034245.9719186,6899521.78053682,149654691.67807972,1.0,1.0967608071596787e-07,0.13333333333333333,0.37948717948717947,0.19743589743589743,0.0,1.0,0.0987379337864971,0.0,200524963.48523998
ic_g2,base,2,0.9806772286773218,180350067.3243733,3859067431.53768,3805034245.9719186,6899521.78053682,149654691.67807972,1.0,1.0967608071596787e-07,0.13333333333333333,0.37948717948717947,0.19743589743589743,0.0,1.0,0.0987379337864971,0.0,200524963.48523998
ic_g2,base,3,0.9806772286773218,180350067.3243733,3859067431.53768,3805034245.9719186,6899521.78053682,149654691.67807972,1.0,1.0967608071596787e-07,0.13333333333333333,0.37948717948717947,0.19743589743589743,0.0,1.0,0.0987379337864971,0.0,200524963.48523998
ic_g2,base,4,0.9806772286773218,180350067.3243733,3859067431.53768,3805034245.9719186,6899521.78053682,149654691.67807972,1.0,1.0967608071596787e-07,0.13333333333333333,0.37948717948717947,0.19743589743589743,0.0,1.0,0.0987379337864971,0.0,200524963.48523998
ic_g2,base,5,0.9806772286773218,180350067.3243733,3859067431.53768,3805034245.9719186,6899521.78053682,149654691.67807972,1.0,1.0967608071596787e-07,0.13333333333333333,0.37948717948717947,0.19743589743589743,0.0,1.0,0.0987379337864971,0.0,200524963.48523998
ic_g2,base,6,0.9806772286773218,180350067.3243733,3859067431.53768,3805034245.9719186,6899521.78053682,149654691.67807972,1.0,1.0967608071596787e-07,0.13333333333333333,0.37948717948717947,0.19743589743589743,0.0,1.0,0.0987379337864971,0.0,200524963.48523998
ic_g2,base,7,0.9806772286773218,180350067.3243733,3859067431.53768,3805034245.9719186,6899521.78053682,149654691.67807972,1.0,1.0967608071596787e-07,0.13333333333333333,0.37948717948717947,0.19743589743589743,0.0,1.0,0.0987379337864971,0.0,200524963.48523998
ic_g2,base,8,0.9806772286773218,180350067.3243733,3859067431.53768,3805034245.9719186,6899521.78053682,149654691.67807972,1.0,1.0967608071596787e-07,0.13333333333333333,0.37948717948717947,0.19743589743589743,0.0,1.0,0.0987379337864971,0.0,200524963.48523998
ic_g2,base,9,0.9806772286773218,180350067.3243733,3859067431.53768,3805034245.9719186,6899521.78053682,149654691.67807972,1.0,1.0967608071596787e-07,0.13333333333333333,0.37948717948717947,0.19743589743589743,0.0,1.0,0.0987379337864971,0.0,200524963.48523998
ic_g2,base,10,0.9806772286773218,180350067.3243733,3859067431.53768,3805034245.9719186,6899521.78053682,149654691.67807972,1.0,1.0967608071596787e-07,0.13333333333333333,0.37948717948717947,0.19743589743589743,0.0,1.0,0.0987379337864971,0.0,200524963.48523998
ic_g2,ai_only,1,0.9806267967328702,180820776.43877712,3858979541.39906,3804802472.5460634,6899521.78053682,149658655.32515627,1.0,1.5108277353608734e-07,0.19487179487179487,0.3282051282051282,0.19743589743589743,0.0,1.0,0.1609517351459884,0.0,200527307.38090113
ic_g2,ai_only,2,0.9806267967328702,180820776.43877712,3858979541.39906,3804802472.5460634,6899521.78053682,149658655.32515627,1.0,1.5108277353608734e-07,0.19487179487179487,0.3282051282051282,0.19743589743589743,0.0,1.0,0.1609517351459884,0.0,200527307.38090113
ic_g2,ai_only,3,0.9806267967328702,180820776.43877712,3858979541.39906,3804802472.5460634,6899521.78053682,149658655.32515627,1.0,1.5108277353608734e-07,0.19487179487179487,0.3282051282051282,0.19743589743589743,0.0,1.0,0.1609517351459884,0.0,200527307.38090113
ic_g2,ai_only,4,0.9806267967328702,180820776.43877712,3858979541.39906,3804802472.5460634,6899521.78053682,149658655.32515627,1.0,1.5108277353608734e-07,0.19487179487179487,0.3282051282051282,0.19743589743589743,0.0,1.0,0.1609517351459884,0.0,200527307.38090113
ic_g2,ai_only,5,0.9806267967328702,180820776.43877712,3858979541.39906,3804802472.5460634,6899521.78053682,149658655.32515627,1.0,1.5108277353608734e-07,0.19487179487179487,0.3282051282051282,0.19743589743589743,0.0,1.0,0.1609517351459884,0.0,200527307.38090113
ic_g2,ai_only,6,0.9806267967328702,180820776.43877712,3858979541.39906,3804802472.5460634,6899521.78053682,149658655.32515627,1.0,1.5108277353608734e-07,0.19487179487179487,0.3282051282051282,0.19743589743589743,0.0,1.0,0.1609517351459884,0.0,200527307.38090113
ic_g2,ai_only,7,0.9806267967328702,180820776.43877712,3858979541.39906,3804802472.5460634,6899521.78053682,149658655.32515627,1.0,1.5108277353608734e-07,0.19487179487179487,0.3282051282051282,0.19743589743589743,0.0,1.0,0.1609517351459884,0.0,200527307.38090113
ic_g2,ai_only,8,0.9806267967328702,180820776.43877712,3858979541.39906,3804802472.5460634,6899521.78053682,149658655.32515627,1.0,1.5108277353608734e-07,0.19487179487179487,0.3282051282051282,0.19743589743589743,0.0,1.0,0.1609517351459884,0.0,200527307.38090113
ic_g2,ai_only,9,0.9806267967328702,180820776.43877712,3858979541.39906,3804802472.5460634,6899521.78053682,149658655.32515627,1.0,1.5108277353608734e-07,0.19487179487179487,0.3282051282051282,0.19743589743589743,0.0,1.0,0.1609517351459884,0.0,200527307.38090113
ic_g2,ai_only,10,0.9806267967328702,180820776.43877712,3858979541.39906,3804802472.5460634,6899521.78053682,149658655.32515627,1.0,1.5108277353608734e-07,0.19487179487179487,0.3282051282051282,0.19743589743589743,0.0,1.0,0.1609517351459884,0.0,200527307.38090113
ic_g2,no_policy,1,0.9806125361146685,180953878.64289886,3858940690.075507,3811611402.8424745,0.0,149660044.70402128,1.0,1.595465156123706e-07,0.2923076923076923,0.24871794871794872,0.19743589743589743,0.0,1.0,0.07799999999999997,0.0,200527894.68707585
ic_g2,no_policy,2,0.9806125361146685,180953878.64289886,3858940690.075507,3811611402.8424745,0.0,149660044.70402128,1.0,1.595465156123706e-07,0.2923076923076923,0.24871794871794872,0.19743589743589743,0.0,1.0,0.07799999999999997,0.0,200527894.68707585
ic_g2,no_policy,3,0.9806125361146685,180953878.64289886,3858940690.075507,3811611402.8424745,0.0,149660044.70402128,1.0,1.595465156123706e-07,0.2923076923076923,0.24871794871794872,0.19743589743589743,0.0,1.0,0.07799999999999997,0.0,200527894.68707585
ic_g2,no_policy,4,0.9806125361146685,180953878.64289886,3858940690.075507,3811611402.8424745,0.0,149660044.70402128,1.0,1.595465156123706e-07,0.2923076923076923,0.24871794871794872,0.19743589743589743,0.0,1.0,0.07799999999999997,0.0,200527894.68707585
ic_g2,no_policy,5,0.9806125361146685,180953878.64289886,3858940690.075507,3811611402.8424745,0.0,149660044.70402128,1.0,1.595465156123706e-07,0.2923076923076923,0.24871794871794872,0.19743589743589743,0.0,1.0,0.07799999999999997,0.0,200527894.68707585
ic_g2,no_policy,6,0.9806125361146685,180953878.64289886,3858940690.075507,3811611402.8424745,0.0,149660044.70402128,1.0,1.595465156123706e-07,0.2923076923076923,0.24871794871794872,0.19743589743589743,0.0,1.0,0.07799999999999997,0.0,200527894.68707585
ic_g2,no_policy,7,0.9806125361146685,180953878.64289886,3858940690.075507,3811611402.8424745,0.0,149660044.70402128,1.0,1.595465156123706e-07,0.2923076923076923,0.24871794871794872,0.19743589743589743,0.0,1.0,0.07799999999999997,0.0,200527894.68707585
ic_g2,no_policy,8,0.9806125361146685,180953878.64289886,3858940690.075507,3811611402.8424745,0.0,149660044.70402128,1.0,1.595465156123706e-07,0.2923076923076923,0.24871794871794872,0.19743589743589743,0.0,1.0,0.07799999999999997,0.0,200527894.68707585
ic_g2,no_policy,9,0.9806125361146685,180953878.64289886,3858940690.075507,3811611402.8424745,0.0,149660044.70402128,1.0,1.595465156123706e-07,0.2923076923076923,0.24871794871794872,0.19743589743589743,0.0,1.0,0.07799999999999997,0.0,200527894.68707585
ic_g2,no_policy,10,0.9806125361146685,180953878.64289886,3858940690.075507,3811611402.8424745,0.0,149660044.70402128,1.0,1.595465156123706e-07,0.2923076923076923,0.24871794871794872,0.19743589743589743,0.0,1.0,0.07799999999999997,0.0,200527894.68707585
ic_g2,physical_only,1,0.9806973174160449,180162568.06142262,3859098180.0689826,3805118986.083737,6899521.78053682,149653195.0680754,1.0,9.882200235629978e-08,0.14102564102564102,0.3717948717948718,0.19743589743589743,0.0,1.0,0.07799999999999997,0.0,200524009.35254535
ic_g2,physical_only,2,0.9806973174160449,180162568.06142262,3859098180.0689826,3805118986.083737,6899521.78053682,149653195.0680754,1.0,9.882200235629978e-08,0.14102564102564102,0.3717948717948718,0.19743589743589743,0.0,1.0,0.07799999999999997,0.0,200524009.35254535
ic_g2,physical_only,3,0.9806973174160449,180162568.06142262,3859098180.0689826,3805118986.083737,6899521.78053682,149653195.0680754,1.0,9.882200235629978e-08,0.14102564102564102,0.3717948717948718,0.19743589743589743,0.0,1.0,0.07799999999999997,0.0,200524009.35254535
ic_g2,physical_only,4,0.9806973174160449,180162568.06142262,3859098180.0689826,3805118986.083737,6899521.78053682,149653195.0680754,1.0,9.882200235629978e-08,0.14102564102564102,0.3717948717948718,0.19743589743589743,0.0,1.0,0.07799999999999997,0.0,200524009.35254535
ic_g2,physical_only,5,0.9806973174160449,180162568.06142262,3859098180.0689826,3805118986.083737,6899521.78053682,149653195.0680754,1.0,9.882200235629978e-08,0.14102564102564102,0.3717948717948718,0.19743589743589743,0.0,1.0,0.07799999999999997,0.0,200524009.35254535
ic_g2,physical_only,6,0.9806973174160449,180162568.06142262,3859098180.0689826,3805118986.083737,6899521.78053682,149653195.0680754,1.0,9.882200235629978e-08,0.14102564102564102,0.3717948717948718,0.19743589743589743,0.0,1.0,0.07799999999999997,0.0,200524009.35254535
ic_g2,physical_only,7,0.9806973174160449,180162568.06142262,3859098180.0689826,3805118986.083737,6899521.78053682,149653195.0680754,1.0,9.882200235629978e-08,0.14102564102564102,0.3717948717948718,0.19743589743589743,0.0,1.0,0.07799999999999997,0.0,200524009.35254535
ic_g2,physical_only,8,0.9806973174160449,180162568.06142262,3859098180.0689826,3805118986.083737,6899521.78053682,149653195.0680754,1.0,9.882200235629978e-08,0.14102564102564102,0.3717948717948718,0.19743589743589743,0.0,1.0,0.07799999999999997,0.0,200524009.35254535
ic_g2,physical_only,9,0.9806973174160449,180162568.06142262,3859098180.0689826,3805118986.083737,6899521.78053682,149653195.0680754,1.0,9.882200235629978e-08,0.14102564102564102,0.3717948717948718,0.19743589743589743,0.0,1.0,0.07799999999999997,0.0,200524009.35254535
ic_g2,physical_only,10,0.9806973174160449,180162568.06142262,3859098180.0689826,3805118986.083737,6899521.78053682,149653195.0680754,1.0,9.882200235629978e-08,0.14102564102564102,0.3717948717948718,0.19743589743589743,0.0,1.0,0.07799999999999997,0.0,200524009.35254535
ic_g2,coordinated_mix,1,0.9806772286773218,180350067.3243733,3859067431.53768,3805034245.9719186,6899521.78053682,149654691.67807972,1.0,1.0967608071596787e-07,0.13333333333333333,0.37948717948717947,0.19743589743589743,0.0,1.0,0.0987379337864971,0.0,200524963.48523998
ic_g2,coordinated_mix,2,0.9806772286773218,180350067.3243733,3859067431.53768,3805034245.9719186,6899521.78053682,149654691.67807972,1.0,1.0967608071596787e-07,0.13333333333333333,0.37948717948717947,0.19743589743589743,0.0,1.0,0.0987379337864971,0.0,200524963.48523998
ic_g2,coordinated_mix,3,0.9806772286773218,180350067.3243733,3859067431.53768,3805034245.9719186,6899521.78053682,149654691.67807972,1.0,1.0967608071596787e-07,0.13333333333333333,0.37948717948717947,0.19743589743589743,0.0,1.0,0.0987379337864971,0.0,200524963.48523998
ic_g2,coordinated_mix,4,0.9806772286773218,180350067.3243733,3859067431.53768,3805034245.9719186,6899521.78053682,149654691.67807972,1.0,1.0967608071596787e-07,0.13333333333333333,0.37948717948717947,0.19743589743589743,0.0,1.0,0.0987379337864971,0.0,200524963.48523998
ic_g2,coordinated_mix,5,0.9806772286773218,180350067.3243733,3859067431.53768,3805034245.9719186,6899521.78053682,149654691.67807972,1.0,1.0967608071596787e-07,0.13333333333333333,0.37948717948717947,0.19743589743589743,0.0,1.0,0.0987379337864971,0.0,200524963.48523998
ic_g2,coordinated_mix,6,0.9806772286773218,180350067.3243733,3859067431.53768,3805034245.9719186,6899521.78053682,149654691.67807972,1.0,1.0967608071596787e-07,0.13333333333333333,0.37948717948717947,0.19743589743589743,0.0,1.0,0.0987379337864971,0.0,200524963.48523998
ic_g2,coordinated_mix,7,0.9806772286773218,180350067.3243733,3859067431.53768,3805034245.9719186,6899521.78053682,149654691.67807972,1.0,1.0967608071596787e-07,0.13333333333333333,0.37948717948717947,0.19743589743589743,0.0,1.0,0.0987379337864971,0.0,200524963.48523998
ic_g2,coordinated_mix,8,0.9806772286773218,180350067.3243733,3859067431.53768,3805034245.9719186,6899521.78053682,149654691.67807972,1.0,1.0967608071596787e-07,0.13333333333333333,0.37948717948717947,0.19743589743589743,0.0,1.0,0.0987379337864971,0.0,200524963.48523998
ic_g2,coordinated_mix,9,0.9806772286773218,180350067.3243733,3859067431.53768,3805034245.9719186,6899521.78053682,149654691.67807972,1.0,1.0967608071596787e-07,0.13333333333333333,0.37948717948717947,0.19743589743589743,0.0,1.0,0.0987379337864971,0.0,200524963.48523998
ic_g2,coordinated_mix,10,0.9806772286773218,180350067.3243733,3859067431.53768,3805034245.9719186,6899521.78053682,149654691.67807972,1.0,1.0967608071596787e-07,0.13333333333333333,0.37948717948717947,0.19743589743589743,0.0,1.0,0.0987379337864971,0.0,200524963.48523998
ic_g3,base,1,0.9961188401050399,35631760.08196498,3853217836.4711757,3839860593.7913823,3449760.89026841,0.0,1.0,0.0,1.0,0.2564102564102564,0.22564102564102564,0.0,1.0,0.0,0.0,197594405.45758638
ic_g3,base,2,0.9961188401050399,35631760.08196498,3853217836.4711757,3839860593.7913823,3449760.89026841,0.0,1.0,0.0,1.0,0.2564102564102564,0.22564102564102564,0.0,1.0,0.0,0.0,197594405.45758638
ic_g3,base,3,0.9961188401050399,35631760.08196498,3853217836.4711757,3839860593.7913823,3449760.89026841,0.0,1.0,0.0,1.0,0.2564102564102564,0.22564102564102564,0.0,1.0,0.0,0.0,197594405.45758638
ic_g3,base,4,0.9961188401050399,35631760.08196498,3853217836.4711757,3839860593.7913823,3449760.89026841,0.0,1.0,0.0,1.0,0.2564102564102564,0.22564102564102564,0.0,1.0,0.0,0.0,197594405.45758638
ic_g3,base,5,0.9961188401050399,35631760.08196498,3853217836.4711757,3839860593.7913823,3449760.89026841,0.0,1.0,0.0,1.0,0.2564102564102564,0.22564102564102564,0.0,1.0,0.0,0.0,197594405.45758638
ic_g3,base,6,0.9961188401050399,35631760.08196498,3853217836.4711757,3839860593.7913823,3449760.89026841,0.0,1.0,0.0,1.0,0.2564102564102564,0.22564102564102564,0.0,1.0,0.0,0.0,197594405.45758638
ic_g3,base,7,0.9961188401050399,35631760.08196498,3853217836.4711757,3839860593.7913823,3449760.89026841,0.0,1.0,0.0,1.0,0.2564102564102564,0.22564102564102564,0.0,1.0,0.0,0.0,197594405.45758638
ic_g3,base,8,0.9961188401050399,35631760.08196498,3853217836.4711757,3839860593.7913823,3449760.89026841,0.0,1.0,0.0,1.0,0.2564102564102564,0.22564102564102564,0.0,1.0,0.0,0.0,197594405.45758638
ic_g3,base,9,0.9961188401050399,35631760.08196498,3853217836.4711757,3839860593.7913823,3449760.89026841,0.0,1.0,0.0,1.0,0.2564102564102564,0.22564102564102564,0.0,1.0,0.0,0.0,197594405.45758638
ic_g3,base,10,0.9961188401050399,35631760.08196498,3853217836.4711757,3839860593.7913823,3449760.89026841,0.0,1.0,0.0,1.0,0.2564102564102564,0.22564102564102564,0.0,1.0,0.0,0.0,197594405.45758638
ic_g3,low_audit,1,0.9961188401050399,35631760.08196498,3853217836.4711757,3839860593.7913823,3449760.89026841,0.0,1.0,0.0,1.0,0.2564102564102564,0.22564102564102564,0.0,1.0,0.0,0.0,197594405.45758638
ic_g3,low_audit,2,0.9961188401050399,35631760.08196498,3853217836.4711757,3839860593.7913823,3449760.89026841,0.0,1.0,0.0,1.0,0.2564102564102564,0.22564102564102564,0.0,1.0,0.0,0.0,197594405.45758638
ic_g3,low_audit,3,0.9961188401050399,35631760.08196498,3853217836.4711757,3839860593.7913823,3449760.89026841,0.0,1.0,0.0,1.0,0.2564102564102564,0.22564102564102564,0.0,1.0,0.0,0.0,197594405.45758638
ic_g3,low_audit,4,0.9961188401050399,35631760.08196498,3853217836.4711757,3839860593.7913823,3449760.89026841,0.0,1.0,0.0,1.0,0.2564102564102564,0.22564102564102564,0.0,1.0,0.0,0.0,197594405.45758638
ic_g3,low_audit,5,0.9961188401050399,35631760.08196498,3853217836.4711757,3839860593.7913823,3449760.89026841,0.0,1.0,0.0,1.0,0.2564102564102564,0.22564102564102564,0.0,1.0,0.0,0.0,197594405.45758638
ic_g3,low_audit,6,0.9961188401050399,35631760.08196498,3853217836.4711757,3839860593.7913823,3449760.89026841,0.0,1.0,0.0,1.0,0.2564102564102564,0.22564102564102564,0.0,1.0,0.0,0.0,197594405.45758638
ic_g3,low_audit,7,0.9961188401050399,35631760.08196498,3853217836.4711757,3839860593.7913823,3449760.89026841,0.0,1.0,0.0,1.0,0.2564102564102564,0.22564102564102564,0.0,1.0,0.0,0.0,197594405.45758638
ic_g3,low_audit,8,0.9961188401050399,35631760.08196498,3853217836.4711757,3839860593.7913823,3449760.89026841,0.0,1.0,0.0,1.0,0.2564102564102564,0.22564102564102564,0.0,1.0,0.0,0.0,197594405.45758638
ic_g3,low_audit,9,0.9961188401050399,35631760.08196498,3853217836.4711757,3839860593.7913823,3449760.89026841,0.0,1.0,0.0,1.0,0.2564102564102564,0.22564102564102564,0.0,1.0,0.0,0.0,197594405.45758638
ic_g3,low_audit,10,0.9961188401050399,35631760.08196498,3853217836.4711757,3839860593.7913823,3449760.89026841,0.0,1.0,0.0,1.0,0.2564102564102564,0.22564102564102564,0.0,1.0,0.0,0.0,197594405.45758638
ic_g3,no_contract,1,0.9961188401050399,35631760.08196498,3853217836.4711757,3839860593.7913823,3449760.89026841,0.0,1.0,0.0,1.0,0.2564102564102564,0.22564102564102564,0.0,1.0,0.0,0.0,197594405.45758638
ic_g3,no_contract,2,0.9961188401050399,35631760.08196498,3853217836.4711757,3839860593.7913823,3449760.89026841,0.0,1.0,0.0,1.0,0.2564102564102564,0.22564102564102564,0.0,1.0,0.0,0.0,197594405.45758638
ic_g3,no_contract,3,0.9961188401050399,35631760.08196498,3853217836.4711757,3839860593.7913823,3449760.89026841,0.0,1.0,0.0,1.0,0.2564102564102564,0.22564102564102564,0.0,1.0,0.0,0.0,197594405.45758638
ic_g3,no_contract,4,0.9961188401050399,35631760.08196498,3853217836.4711757,3839860593.7913823,3449760.89026841,0.0,1.0,0.0,1.0,0.2564102564102564,0.22564102564102564,0.0,1.0,0.0,0.0,197594405.45758638
ic_g3,no_contract,5,0.9961188401050399,35631760.08196498,3853217836.4711757,3839860593.7913823,3449760.89026841,0.0,1.0,0.0,1.0,0.2564102564102564,0.22564102564102564,0.0,1.0,0.0,0.0,197594405.45758638
ic_g3,no_contract,6,0.9961188401050399,35631760.08196498,3853217836.4711757,3839860593.7913823,3449760.89026841,0.0,1.0,0.0,1.0,0.2564102564102564,0.22564102564102564,0.0,1.0,0.0,0.0,197594405.45758638
ic_g3,no_contract,7,0.9961188401050399,35631760.08196498,3853217836.4711757,3839860593.7913823,3449760.89026841,0.0,1.0,0.0,1.0,0.2564102564102564,0.22564102564102564,0.0,1.0,0.0,0.0,197594405.45758638
ic_g3,no_contract,8,0.9961188401050399,35631760.08196498,3853217836.4711757,3839860593.7913823,3449760.89026841,0.0,1.0,0.0,1.0,0.2564102564102564,0.22564102564102564,0.0,1.0,0.0,0.0,197594405.45758638
ic_g3,no_contract,9,0.9961188401050399,35631760.08196498,3853217836.4711757,3839860593.7913823,3449760.89026841,0.0,1.0,0.0,1.0,0.2564102564102564,0.22564102564102564,0.0,1.0,0.0,0.0,197594405.45758638
ic_g3,no_contract,10,0.9961188401050399,35631760.08196498,3853217836.4711757,3839860593.7913823,3449760.89026841,0.0,1.0,0.0,1.0,0.2564102564102564,0.22564102564102564,0.0,1.0,0.0,0.0,197594405.45758638
ic_g3,low_verifiability,1,0.9961188401050399,35631760.08196498,3853217836.4711757,3839860593.7913823,3449760.89026841,0.0,1.0,0.0,1.0,0.2564102564102564,0.22564102564102564,0.0,1.0,0.0,0.0,197594405.45758638
ic_g3,low_verifiability,2,0.9961188401050399,35631760.08196498,3853217836.4711757,3839860593.7913823,3449760.89026841,0.0,1.0,0.0,1.0,0.2564102564102564,0.22564102564102564,0.0,1.0,0.0,0.0,197594405.45758638
ic_g3,low_verifiability,3,0.9961188401050399,35631760.08196498,3853217836.4711757,3839860593.7913823,3449760.89026841,0.0,1.0,0.0,1.0,0.2564102564102564,0.22564102564102564,0.0,1.0,0.0,0.0,197594405.45758638
ic_g3,low_verifiability,4,0.9961188401050399,35631760.08196498,3853217836.4711757,3839860593.7913823,3449760.89026841,0.0,1.0,0.0,1.0,0.2564102564102564,0.22564102564102564,0.0,1.0,0.0,0.0,197594405.45758638
ic_g3,low_verifiability,5,0.9961188401050399,35631760.08196498,3853217836.4711757,3839860593.7913823,3449760.89026841,0.0,1.0,0.0,1.0,0.2564102564102564,0.22564102564102564,0.0,1.0,0.0,0.0,197594405.45758638
ic_g3,low_verifiability,6,0.9961188401050399,35631760.08196498,3853217836.4711757,3839860593.7913823,3449760.89026841,0.0,1.0,0.0,1.0,0.2564102564102564,0.22564102564102564,0.0,1.0,0.0,0.0,197594405.45758638
ic_g3,low_verifiability,7,0.9961188401050399,35631760.08196498,3853217836.4711757,3839860593.7913823,3449760.89026841,0.0,1.0,0.0,1.0,0.2564102564102564,0.22564102564102564,0.0,1.0,0.0,0.0,197594405.45758638
ic_g3,low_verifiability,8,0.9961188401050399,35631760.08196498,3853217836.4711757,3839860593.7913823,3449760.89026841,0.0,1.0,0.0,1.0,0.2564102564102564,0.22564102564102564,0.0,1.0,0.0,0.0,197594405.45758638
ic_g3,low_verifiability,9,0.9961188401050399,35631760.08196498,3853217836.4711757,3839860593.7913823,3449760.89026841,0.0,1.0,0.0,1.0,0.2564102564102564,0.22564102564102564,0.0,1.0,0.0,0.0,197594405.45758638
ic_g3,low_verifiability,10,0.9961188401050399,35631760.08196498,3853217836.4711757,3839860593.7913823,3449760.89026841,0.0,1.0,0.0,1.0,0.2564102564102564,0.22564102564102564,0.0,1.0,0.0,0.0,197594405.45758638
ic_g3,medium_verifiability,1,0.9961188401050399,35631760.08196498,3853217836.4711757,3839860593.7913823,3449760.89026841,0.0,1.0,0.0,1.0,0.2564102564102564,0.22564102564102564,0.0,1.0,0.0,0.0,197594405.45758638
ic_g3,medium_verifiability,2,0.9961188401050399,35631760.08196498,3853217836.4711757,3839860593.7913823,3449760.89026841,0.0,1.0,0.0,1.0,0.2564102564102564,0.22564102564102564,0.0,1.0,0.0,0.0,197594405.45758638
ic_g3,medium_verifiability,3,0.9961188401050399,35631760.08196498,3853217836.4711757,3839860593.7913823,3449760.89026841,0.0,1.0,0.0,1.0,0.2564102564102564,0.22564102564102564,0.0,1.0,0.0,0.0,197594405.45758638
ic_g3,medium_verifiability,4,0.9961188401050399,35631760.08196498,3853217836.4711757,3839860593.7913823,3449760.89026841,0.0,1.0,0.0,1.0,0.2564102564102564,0.22564102564102564,0.0,1.0,0.0,0.0,197594405.45758638
ic_g3,medium_verifiability,5,0.9961188401050399,35631760.08196498,3853217836.4711757,3839860593.7913823,3449760.89026841,0.0,1.0,0.0,1.0,0.2564102564102564,0.22564102564102564,0.0,1.0,0.0,0.0,197594405.45758638
ic_g3,medium_verifiability,6,0.9961188401050399,35631760.08196498,3853217836.4711757,3839860593.7913823,3449760.89026841,0.0,1.0,0.0,1.0,0.2564102564102564,0.22564102564102564,0.0,1.0,0.0,0.0,197594405.45758638
ic_g3,medium_verifiability,7,0.9961188401050399,35631760.08196498,3853217836.4711757,3839860593.7913823,3449760.89026841,0.0,1.0,0.0,1.0,0.2564102564102564,0.22564102564102564,0.0,1.0,0.0,0.0,197594405.45758638
ic_g3,medium_verifiability,8,0.9961188401050399,35631760.08196498,3853217836.4711757,3839860593.7913823,3449760.89026841,0.0,1.0,0.0,1.0,0.2564102564102564,0.22564102564102564,0.0,1.0,0.0,0.0,197594405.45758638
ic_g3,medium_verifiability,9,0.9961188401050399,35631760.08196498,3853217836.4711757,3839860593.7913823,3449760.89026841,0.0,1.0,0.0,1.0,0.2564102564102564,0.22564102564102564,0.0,1.0,0.0,0.0,197594405.45758638
ic_g3,medium_verifiability,10,0.9961188401050399,35631760.08196498,3853217836.4711757,3839860593.7913823,3449760.89026841,0.0,1.0,0.0,1.0,0.2564102564102564,0.22564102564102564,0.0,1.0,0.0,0.0,197594405.45758638
ic_g3,high_verifiability,1,0.9961188401050399,35631760.08196498,3853217836.4711757,3839860593.7913823,3449760.89026841,0.0,1.0,0.0,1.0,0.2564102564102564,0.22564102564102564,0.0,1.0,0.0,0.0,197594405.45758638
ic_g3,high_verifiability,2,0.9961188401050399,35631760.08196498,3853217836.4711757,3839860593.7913823,3449760.89026841,0.0,1.0,0.0,1.0,0.2564102564102564,0.22564102564102564,0.0,1.0,0.0,0.0,197594405.45758638
ic_g3,high_verifiability,3,0.9961188401050399,35631760.08196498,3853217836.4711757,3839860593.7913823,3449760.89026841,0.0,1.0,0.0,1.0,0.2564102564102564,0.22564102564102564,0.0,1.0,0.0,0.0,197594405.45758638
ic_g3,high_verifiability,4,0.9961188401050399,35631760.08196498,3853217836.4711757,3839860593.7913823,3449760.89026841,0.0,1.0,0.0,1.0,0.2564102564102564,0.22564102564102564,0.0,1.0,0.0,0.0,197594405.45758638
ic_g3,high_verifiability,5,0.9961188401050399,35631760.08196498,3853217836.4711757,3839860593.7913823,3449760.89026841,0.0,1.0,0.0,1.0,0.2564102564102564,0.22564102564102564,0.0,1.0,0.0,0.0,197594405.45758638
ic_g3,high_verifiability,6,0.9961188401050399,35631760.08196498,3853217836.4711757,3839860593.7913823,3449760.89026841,0.0,1.0,0.0,1.0,0.2564102564102564,0.22564102564102564,0.0,1.0,0.0,0.0,197594405.45758638
ic_g3,high_verifiability,7,0.9961188401050399,35631760.08196498,3853217836.4711757,3839860593.7913823,3449760.89026841,0.0,1.0,0.0,1.0,0.2564102564102564,0.22564102564102564,0.0,1.0,0.0,0.0,197594405.45758638
ic_g3,high_verifiability,8,0.9961188401050399,35631760.08196498,3853217836.4711757,3839860593.7913823,3449760.89026841,0.0,1.0,0.0,1.0,0.2564102564102564,0.22564102564102564,0.0,1.0,0.0,0.0,197594405.45758638
ic_g3,high_verifiability,9,0.9961188401050399,35631760.08196498,3853217836.4711757,3839860593.7913823,3449760.89026841,0.0,1.0,0.0,1.0,0.2564102564102564,0.22564102564102564,0.0,1.0,0.0,0.0,197594405.45758638
ic_g3,high_verifiability,10,0.9961188401050399,35631760.08196498,3853217836.4711757,3839860593.7913823,3449760.89026841,0.0,1.0,0.0,1.0,0.2564102564102564,0.22564102564102564,0.0,1.0,0.0,0.0,197594405.45758638
ic_g4,base,1,0.9985873240610407,12969352.33096753,3854777495.486451,3847189863.557169,3449760.89026841,0.0,1.0,0.0,1.0,0.2564102564102564,0.22564102564102564,0.0,1.0,0.0,0.0,197268275.70070407
ic_g4,base,2,0.9985873240610407,12969352.33096753,3854777495.486451,3847189863.557169,3449760.89026841,0.0,1.0,0.0,1.0,0.2564102564102564,0.22564102564102564,0.0,1.0,0.0,0.0,197268275.70070407
ic_g4,base,3,0.9985873240610407,12969352.33096753,3854777495.486451,3847189863.557169,3449760.89026841,0.0,1.0,0.0,1.0,0.2564102564102564,0.22564102564102564,0.0,1.0,0.0,0.0,197268275.70070407
ic_g4,base,4,0.9985873240610407,12969352.33096753,3854777495.486451,3847189863.557169,3449760.89026841,0.0,1.0,0.0,1.0,0.2564102564102564,0.22564102564102564,0.0,1.0,0.0,0.0,197268275.70070407
ic_g4,base,5,0.9985873240610407,12969352.33096753,3854777495.486451,3847189863.557169,3449760.89026841,0.0,1.0,0.0,1.0,0.2564102564102564,0.22564102564102564,0.0,1.0,0.0,0.0,197268275.70070407
ic_g4,base,6,0.9985873240610407,12969352.33096753,3854777495.486451,3847189863.557169,3449760.89026841,0.0,1.0,0.0,1.0,0.2564102564102564,0.22564102564102564,0.0,1.0,0.0,0.0,197268275.70070407
ic_g4,base,7,0.9985873240610407,12969352.33096753,3854777495.486451,3847189863.557169,3449760.89026841,0.0,1.0,0.0,1.0,0.2564102564102564,0.22564102564102564,0.0,1.0,0.0,0.0,197268275.70070407
ic_g4,base,8,0.9985873240610407,12969352.33096753,3854777495.486451,3847189863.557169,3449760.89026841,0.0,1.0,0.0,1.0,0.2564102564102564,0.22564102564102564,0.0,1.0,0.0,0.0,197268275.70070407
ic_g4,base,9,0.9985873240610407,12969352.33096753,3854777495.486451,3847189863.557169,3449760.89026841,0.0,1.0,0.0,1.0,0.2564102564102564,0.22564102564102564,0.0,1.0,0.0,0.0,197268275.70070407
ic_g4,base,10,0.9985873240610407,12969352.33096753,3854777495.486451,3847189863.557169,3449760.89026841,0.0,1.0,0.0,1.0,0.2564102564102564,0.22564102564102564,0.0,1.0,0.0,0.0,197268275.70070407
ic_g4,inventory_only,1,0.9985873240610407,12969352.33096753,3854777495.486451,3847189863.557169,3449760.89026841,0.0,1.0,0.0,1.0,0.2564102564102564,0.22564102564102564,0.0,1.0,0.0,0.0,197268275.70070407
ic_g4,inventory_only,2,0.9985873240610407,12969352.33096753,3854777495.486451,3847189863.557169,3449760.89026841,0.0,1.0,0.0,1.0,0.2564102564102564,0.22564102564102564,0.0,1.0,0.0,0.0,197268275.70070407
ic_g4,inventory_only,3,0.9985873240610407,12969352.33096753,3854777495.486451,3847189863.557169,3449760.89026841,0.0,1.0,0.0,1.0,0.2564102564102564,0.22564102564102564,0.0,1.0,0.0,0.0,197268275.70070407
ic_g4,inventory_only,4,0.9985873240610407,12969352.33096753,3854777495.486451,3847189863.557169,3449760.89026841,0.0,1.0,0.0,1.0,0.2564102564102564,0.22564102564102564,0.0,1.0,0.0,0.0,197268275.70070407
ic_g4,inventory_only,5,0.9985873240610407,12969352.33096753,3854777495.486451,3847189863.557169,3449760.89026841,0.0,1.0,0.0,1.0,0.2564102564102564,0.22564102564102564,0.0,1.0,0.0,0.0,197268275.70070407
ic_g4,inventory_only,6,0.9985873240610407,12969352.33096753,3854777495.486451,3847189863.557169,3449760.89026841,0.0,1.0,0.0,1.0,0.2564102564102564,0.22564102564102564,0.0,1.0,0.0,0.0,197268275.70070407
ic_g4,inventory_only,7,0.9985873240610407,12969352.33096753,3854777495.486451,3847189863.557169,3449760.89026841,0.0,1.0,0.0,1.0,0.2564102564102564,0.22564102564102564,0.0,1.0,0.0,0.0,197268275.70070407
ic_g4,inventory_only,8,0.9985873240610407,12969352.33096753,3854777495.486451,3847189863.557169,3449760.89026841,0.0,1.0,0.0,1.0,0.2564102564102564,0.22564102564102564,0.0,1.0,0.0,0.0,197268275.70070407
ic_g4,inventory_only,9,0.9985873240610407,12969352.33096753,3854777495.486451,3847189863.557169,3449760.89026841,0.0,1.0,0.0,1.0,0.2564102564102564,0.22564102564102564,0.0,1.0,0.0,0.0,197268275.70070407
ic_g4,inventory_only,10,0.9985873240610407,12969352.33096753,3854777495.486451,3847189863.557169,3449760.89026841,0.0,1.0,0.0,1.0,0.2564102564102564,0.22564102564102564,0.0,1.0,0.0,0.0,197268275.70070407
ic_g4,edge_only,1,0.9985873240610407,12969352.33096753,3854777495.486451,3847189863.557169,3449760.89026841,0.0,1.0,0.0,1.0,0.2564102564102564,0.22564102564102564,0.0,1.0,0.0,0.0,197268275.70070407
ic_g4,edge_only,2,0.9985873240610407,12969352.33096753,3854777495.486451,3847189863.557169,3449760.89026841,0.0,1.0,0.0,1.0,0.2564102564102564,0.22564102564102564,0.0,1.0,0.0,0.0,197268275.70070407
ic_g4,edge_only,3,0.9985873240610407,12969352.33096753,3854777495.486451,3847189863.557169,3449760.89026841,0.0,1.0,0.0,1.0,0.2564102564102564,0.22564102564102564,0.0,1.0,0.0,0.0,197268275.70070407
ic_g4,edge_only,4,0.9985873240610407,12969352.33096753,3854777495.486451,3847189863.557169,3449760.89026841,0.0,1.0,0.0,1.0,0.2564102564102564,0.22564102564102564,0.0,1.0,0.0,0.0,197268275.70070407
ic_g4,edge_only,5,0.9985873240610407,12969352.33096753,3854777495.486451,3847189863.557169,3449760.89026841,0.0,1.0,0.0,1.0,0.2564102564102564,0.22564102564102564,0.0,1.0,0.0,0.0,197268275.70070407
ic_g4,edge_only,6,0.9985873240610407,12969352.33096753,3854777495.486451,3847189863.557169,3449760.89026841,0.0,1.0,0.0,1.0,0.2564102564102564,0.22564102564102564,0.0,1.0,0.0,0.0,197268275.70070407
ic_g4,edge_only,7,0.9985873240610407,12969352.33096753,3854777495.486451,3847189863.557169,3449760.89026841,0.0,1.0,0.0,1.0,0.2564102564102564,0.22564102564102564,0.0,1.0,0.0,0.0,197268275.70070407
ic_g4,edge_only,8,0.9985873240610407,12969352.33096753,3854777495.486451,3847189863.557169,3449760.89026841,0.0,1.0,0.0,1.0,0.2564102564102564,0.22564102564102564,0.0,1.0,0.0,0.0,197268275.70070407
ic_g4,edge_only,9,0.9985873240610407,12969352.33096753,3854777495.486451,3847189863.557169,3449760.89026841,0.0,1.0,0.0,1.0,0.2564102564102564,0.22564102564102564,0.0,1.0,0.0,0.0,197268275.70070407
ic_g4,edge_only,10,0.9985873240610407,12969352.33096753,3854777495.486451,3847189863.557169,3449760.89026841,0.0,1.0,0.0,1.0,0.2564102564102564,0.22564102564102564,0.0,1.0,0.0,0.0,197268275.70070407
ic_g4,no_policy,1,0.9985873240610407,12969352.33096753,3854777495.486451,3850639624.4474373,0.0,0.0,1.0,0.0,1.0,0.2564102564102564,0.22564102564102564,0.0,1.0,0.0,0.0,197268275.70070407
ic_g4,no_policy,2,0.9985873240610407,12969352.33096753,3854777495.486451,3850639624.4474373,0.0,0.0,1.0,0.0,1.0,0.2564102564102564,0.22564102564102564,0.0,1.0,0.0,0.0,197268275.70070407
ic_g4,no_policy,3,0.9985873240610407,12969352.33096753,3854777495.486451,3850639624.4474373,0.0,0.0,1.0,0.0,1.0,0.2564102564102564,0.22564102564102564,0.0,1.0,0.0,0.0,197268275.70070407
ic_g4,no_policy,4,0.9985873240610407,12969352.33096753,3854777495.486451,3850639624.4474373,0.0,0.0,1.0,0.0,1.0,0.2564102564102564,0.22564102564102564,0.0,1.0,0.0,0.0,197268275.70070407
ic_g4,no_policy,5,0.9985873240610407,12969352.33096753,3854777495.486451,3850639624.4474373,0.0,0.0,1.0,0.0,1.0,0.2564102564102564,0.22564102564102564,0.0,1.0,0.0,0.0,197268275.70070407
ic_g4,no_policy,6,0.9985873240610407,12969352.33096753,3854777495.486451,3850639624.4474373,0.0,0.0,1.0,0.0,1.0,0.2564102564102564,0.22564102564102564,0.0,1.0,0.0,0.0,197268275.70070407
ic_g4,no_policy,7,0.9985873240610407,12969352.33096753,3854777495.486451,3850639624.4474373,0.0,0.0,1.0,0.0,1.0,0.2564102564102564,0.22564102564102564,0.0,1.0,0.0,0.0,197268275.70070407
ic_g4,no_policy,8,0.9985873240610407,12969352.33096753,3854777495.486451,3850639624.4474373,0.0,0.0,1.0,0.0,1.0,0.2564102564102564,0.22564102564102564,0.0,1.0,0.0,0.0,197268275.70070407
ic_g4,no_policy,9,0.9985873240610407,12969352.33096753,3854777495.486451,3850639624.4474373,0.0,0.0,1.0,0.0,1.0,0.2564102564102564,0.22564102564102564,0.0,1.0,0.0,0.0,197268275.70070407
ic_g4,no_policy,10,0.9985873240610407,12969352.33096753,3854777495.486451,3850639624.4474373,0.0,0.0,1.0,0.0,1.0,0.2564102564102564,0.22564102564102564,0.0,1.0,0.0,0.0,197268275.70070407
ic_g4,inventory_buffer_bias,1,0.9985873240610407,12969352.33096753,3854777495.486451,3847189863.557169,3449760.89026841,0.0,1.0,0.0,1.0,0.2564102564102564,0.22564102564102564,0.0,1.0,0.0,0.0,197268275.70070407
ic_g4,inventory_buffer_bias,2,0.9985873240610407,12969352.33096753,3854777495.486451,3847189863.557169,3449760.89026841,0.0,1.0,0.0,1.0,0.2564102564102564,0.22564102564102564,0.0,1.0,0.0,0.0,197268275.70070407
ic_g4,inventory_buffer_bias,3,0.9985873240610407,12969352.33096753,3854777495.486451,3847189863.557169,3449760.89026841,0.0,1.0,0.0,1.0,0.2564102564102564,0.22564102564102564,0.0,1.0,0.0,0.0,197268275.70070407
ic_g4,inventory_buffer_bias,4,0.9985873240610407,12969352.33096753,3854777495.486451,3847189863.557169,3449760.89026841,0.0,1.0,0.0,1.0,0.2564102564102564,0.22564102564102564,0.0,1.0,0.0,0.0,197268275.70070407
ic_g4,inventory_buffer_bias,5,0.9985873240610407,12969352.33096753,3854777495.486451,3847189863.557169,3449760.89026841,0.0,1.0,0.0,1.0,0.2564102564102564,0.22564102564102564,0.0,1.0,0.0,0.0,197268275.70070407
ic_g4,inventory_buffer_bias,6,0.9985873240610407,12969352.33096753,3854777495.486451,3847189863.557169,3449760.89026841,0.0,1.0,0.0,1.0,0.2564102564102564,0.22564102564102564,0.0,1.0,0.0,0.0,197268275.70070407
ic_g4,inventory_buffer_bias,7,0.9985873240610407,12969352.33096753,3854777495.486451,3847189863.557169,3449760.89026841,0.0,1.0,0.0,1.0,0.2564102564102564,0.22564102564102564,0.0,1.0,0.0,0.0,197268275.70070407
ic_g4,inventory_buffer_bias,8,0.9985873240610407,12969352.33096753,3854777495.486451,3847189863.557169,3449760.89026841,0.0,1.0,0.0,1.0,0.2564102564102564,0.22564102564102564,0.0,1.0,0.0,0.0,197268275.70070407
ic_g4,inventory_buffer_bias,9,0.9985873240610407,12969352.33096753,3854777495.486451,3847189863.557169,3449760.89026841,0.0,1.0,0.0,1.0,0.2564102564102564,0.22564102564102564,0.0,1.0,0.0,0.0,197268275.70070407
ic_g4,inventory_buffer_bias,10,0.9985873240610407,12969352.33096753,3854777495.486451,3847189863.557169,3449760.89026841,0.0,1.0,0.0,1.0,0.2564102564102564,0.22564102564102564,0.0,1.0,0.0,0.0,197268275.70070407
ic_g4,joint_verification_bias,1,0.9985873240610407,12969352.33096753,3854777495.486451,3847189863.557169,3449760.89026841,0.0,1.0,0.0,1.0,0.2564102564102564,0.22564102564102564,0.0,1.0,0.0,0.0,197268275.70070407
ic_g4,joint_verification_bias,2,0.9985873240610407,12969352.33096753,3854777495.486451,3847189863.557169,3449760.89026841,0.0,1.0,0.0,1.0,0.2564102564102564,0.22564102564102564,0.0,1.0,0.0,0.0,197268275.70070407
ic_g4,joint_verification_bias,3,0.9985873240610407,12969352.33096753,3854777495.486451,3847189863.557169,3449760.89026841,0.0,1.0,0.0,1.0,0.2564102564102564,0.22564102564102564,0.0,1.0,0.0,0.0,197268275.70070407
ic_g4,joint_verification_bias,4,0.9985873240610407,12969352.33096753,3854777495.486451,3847189863.557169,3449760.89026841,0.0,1.0,0.0,1.0,0.2564102564102564,0.22564102564102564,0.0,1.0,0.0,0.0,197268275.70070407
ic_g4,joint_verification_bias,5,0.9985873240610407,12969352.33096753,3854777495.486451,3847189863.557169,3449760.89026841,0.0,1.0,0.0,1.0,0.2564102564102564,0.22564102564102564,0.0,1.0,0.0,0.0,197268275.70070407
ic_g4,joint_verification_bias,6,0.9985873240610407,12969352.33096753,3854777495.486451,3847189863.557169,3449760.89026841,0.0,1.0,0.0,1.0,0.2564102564102564,0.22564102564102564,0.0,1.0,0.0,0.0,197268275.70070407
ic_g4,joint_verification_bias,7,0.9985873240610407,12969352.33096753,3854777495.486451,3847189863.557169,3449760.89026841,0.0,1.0,0.0,1.0,0.2564102564102564,0.22564102564102564,0.0,1.0,0.0,0.0,197268275.70070407
ic_g4,joint_verification_bias,8,0.9985873240610407,12969352.33096753,3854777495.486451,3847189863.557169,3449760.89026841,0.0,1.0,0.0,1.0,0.2564102564102564,0.22564102564102564,0.0,1.0,0.0,0.0,197268275.70070407
ic_g4,joint_verification_bias,9,0.9985873240610407,12969352.33096753,3854777495.486451,3847189863.557169,3449760.89026841,0.0,1.0,0.0,1.0,0.2564102564102564,0.22564102564102564,0.0,1.0,0.0,0.0,197268275.70070407
ic_g4,joint_verification_bias,10,0.9985873240610407,12969352.33096753,3854777495.486451,3847189863.557169,3449760.89026841,0.0,1.0,0.0,1.0,0.2564102564102564,0.22564102564102564,0.0,1.0,0.0,0.0,197268275.70070407
ic_g4,recovery_bias,1,0.9985873240610407,12969352.33096753,3854777495.486451,3847189863.557169,3449760.89026841,0.0,1.0,0.0,1.0,0.2564102564102564,0.22564102564102564,0.0,1.0,0.0,0.0,197268275.70070407
ic_g4,recovery_bias,2,0.9985873240610407,12969352.33096753,3854777495.486451,3847189863.557169,3449760.89026841,0.0,1.0,0.0,1.0,0.2564102564102564,0.22564102564102564,0.0,1.0,0.0,0.0,197268275.70070407
ic_g4,recovery_bias,3,0.9985873240610407,12969352.33096753,3854777495.486451,3847189863.557169,3449760.89026841,0.0,1.0,0.0,1.0,0.2564102564102564,0.22564102564102564,0.0,1.0,0.0,0.0,197268275.70070407
ic_g4,recovery_bias,4,0.9985873240610407,12969352.33096753,3854777495.486451,3847189863.557169,3449760.89026841,0.0,1.0,0.0,1.0,0.2564102564102564,0.22564102564102564,0.0,1.0,0.0,0.0,197268275.70070407
ic_g4,recovery_bias,5,0.9985873240610407,12969352.33096753,3854777495.486451,3847189863.557169,3449760.89026841,0.0,1.0,0.0,1.0,0.2564102564102564,0.22564102564102564,0.0,1.0,0.0,0.0,197268275.70070407
ic_g4,recovery_bias,6,0.9985873240610407,12969352.33096753,3854777495.486451,3847189863.557169,3449760.89026841,0.0,1.0,0.0,1.0,0.2564102564102564,0.22564102564102564,0.0,1.0,0.0,0.0,197268275.70070407
ic_g4,recovery_bias,7,0.9985873240610407,12969352.33096753,3854777495.486451,3847189863.557169,3449760.89026841,0.0,1.0,0.0,1.0,0.2564102564102564,0.22564102564102564,0.0,1.0,0.0,0.0,197268275.70070407
ic_g4,recovery_bias,8,0.9985873240610407,12969352.33096753,3854777495.486451,3847189863.557169,3449760.89026841,0.0,1.0,0.0,1.0,0.2564102564102564,0.22564102564102564,0.0,1.0,0.0,0.0,197268275.70070407
ic_g4,recovery_bias,9,0.9985873240610407,12969352.33096753,3854777495.486451,3847189863.557169,3449760.89026841,0.0,1.0,0.0,1.0,0.2564102564102564,0.22564102564102564,0.0,1.0,0.0,0.0,197268275.70070407
ic_g4,recovery_bias,10,0.9985873240610407,12969352.33096753,3854777495.486451,3847189863.557169,3449760.89026841,0.0,1.0,0.0,1.0,0.2564102564102564,0.22564102564102564,0.0,1.0,0.0,0.0,197268275.70070407
ic_g4,balanced_adaptive,1,0.9985873240610407,12969352.33096753,3854777495.486451,3847189863.557169,3449760.89026841,0.0,1.0,0.0,1.0,0.2564102564102564,0.22564102564102564,0.0,1.0,0.0,0.0,197268275.70070407
ic_g4,balanced_adaptive,2,0.9985873240610407,12969352.33096753,3854777495.486451,3847189863.557169,3449760.89026841,0.0,1.0,0.0,1.0,0.2564102564102564,0.22564102564102564,0.0,1.0,0.0,0.0,197268275.70070407
ic_g4,balanced_adaptive,3,0.9985873240610407,12969352.33096753,3854777495.486451,3847189863.557169,3449760.89026841,0.0,1.0,0.0,1.0,0.2564102564102564,0.22564102564102564,0.0,1.0,0.0,0.0,197268275.70070407
ic_g4,balanced_adaptive,4,0.9985873240610407,12969352.33096753,3854777495.486451,3847189863.557169,3449760.89026841,0.0,1.0,0.0,1.0,0.2564102564102564,0.22564102564102564,0.0,1.0,0.0,0.0,197268275.70070407
ic_g4,balanced_adaptive,5,0.9985873240610407,12969352.33096753,3854777495.486451,3847189863.557169,3449760.89026841,0.0,1.0,0.0,1.0,0.2564102564102564,0.22564102564102564,0.0,1.0,0.0,0.0,197268275.70070407
ic_g4,balanced_adaptive,6,0.9985873240610407,12969352.33096753,3854777495.486451,3847189863.557169,3449760.89026841,0.0,1.0,0.0,1.0,0.2564102564102564,0.22564102564102564,0.0,1.0,0.0,0.0,197268275.70070407
ic_g4,balanced_adaptive,7,0.9985873240610407,12969352.33096753,3854777495.486451,3847189863.557169,3449760.89026841,0.0,1.0,0.0,1.0,0.2564102564102564,0.22564102564102564,0.0,1.0,0.0,0.0,197268275.70070407
ic_g4,balanced_adaptive,8,0.9985873240610407,12969352.33096753,3854777495.486451,3847189863.557169,3449760.89026841,0.0,1.0,0.0,1.0,0.2564102564102564,0.22564102564102564,0.0,1.0,0.0,0.0,197268275.70070407
ic_g4,balanced_adaptive,9,0.9985873240610407,12969352.33096753,3854777495.486451,3847189863.557169,3449760.89026841,0.0,1.0,0.0,1.0,0.2564102564102564,0.22564102564102564,0.0,1.0,0.0,0.0,197268275.70070407
ic_g4,balanced_adaptive,10,0.9985873240610407,12969352.33096753,3854777495.486451,3847189863.557169,3449760.89026841,0.0,1.0,0.0,1.0,0.2564102564102564,0.22564102564102564,0.0,1.0,0.0,0.0,197268275.70070407
ic_g5,base,1,0.995224584720003,43841649.44339317,3851932219.346508,3832773379.2138634,6899521.780536821,145234756.07565254,1.0,1.3821909458324238e-09,0.06923076923076923,0.4025641025641026,0.258974358974359,0.0,1.0,0.09044276027189825,0.0,197596706.488714
ic_g5,base,2,0.995224584720003,43841649.44339317,3851932219.346508,3832773379.2138634,6899521.780536821,145234756.07565254,1.0,1.3821909458324238e-09,0.06923076923076923,0.4025641025641026,0.258974358974359,0.0,1.0,0.09044276027189825,0.0,197596706.488714
ic_g5,base,3,0.995224584720003,43841649.44339317,3851932219.346508,3832773379.2138634,6899521.780536821,145234756.07565254,1.0,1.3821909458324238e-09,0.06923076923076923,0.4025641025641026,0.258974358974359,0.0,1.0,0.09044276027189825,0.0,197596706.488714
ic_g5,base,4,0.995224584720003,43841649.44339317,3851932219.346508,3832773379.2138634,6899521.780536821,145234756.07565254,1.0,1.3821909458324238e-09,0.06923076923076923,0.4025641025641026,0.258974358974359,0.0,1.0,0.09044276027189825,0.0,197596706.488714
ic_g5,base,5,0.995224584720003,43841649.44339317,3851932219.346508,3832773379.2138634,6899521.780536821,145234756.07565254,1.0,1.3821909458324238e-09,0.06923076923076923,0.4025641025641026,0.258974358974359,0.0,1.0,0.09044276027189825,0.0,197596706.488714
ic_g5,base,6,0.995224584720003,43841649.44339317,3851932219.346508,3832773379.2138634,6899521.780536821,145234756.07565254,1.0,1.3821909458324238e-09,0.06923076923076923,0.4025641025641026,0.258974358974359,0.0,1.0,0.09044276027189825,0.0,197596706.488714
ic_g5,base,7,0.995224584720003,43841649.44339317,3851932219.346508,3832773379.2138634,6899521.780536821,145234756.07565254,1.0,1.3821909458324238e-09,0.06923076923076923,0.4025641025641026,0.258974358974359,0.0,1.0,0.09044276027189825,0.0,197596706.488714
ic_g5,base,8,0.995224584720003,43841649.44339317,3851932219.346508,3832773379.2138634,6899521.780536821,145234756.07565254,1.0,1.3821909458324238e-09,0.06923076923076923,0.4025641025641026,0.258974358974359,0.0,1.0,0.09044276027189825,0.0,197596706.488714
ic_g5,base,9,0.995224584720003,43841649.44339317,3851932219.346508,3832773379.2138634,6899521.780536821,145234756.07565254,1.0,1.3821909458324238e-09,0.06923076923076923,0.4025641025641026,0.258974358974359,0.0,1.0,0.09044276027189825,0.0,197596706.488714
ic_g5,base,10,0.995224584720003,43841649.44339317,3851932219.346508,3832773379.2138634,6899521.780536821,145234756.07565254,1.0,1.3821909458324238e-09,0.06923076923076923,0.4025641025641026,0.258974358974359,0.0,1.0,0.09044276027189825,0.0,197596706.488714
ic_g5,capacity_only,1,0.9952557964502694,43555103.948052466,3851973937.7496867,3832891328.5696874,6899521.78053682,145232611.77490884,1.0,1.3055017578380924e-09,0.06153846153846154,0.40512820512820513,0.258974358974359,0.0,1.0,0.07799999999999997,0.0,197595367.04709414
ic_g5,capacity_only,2,0.9952557964502694,43555103.948052466,3851973937.7496867,3832891328.5696874,6899521.78053682,145232611.77490884,1.0,1.3055017578380924e-09,0.06153846153846154,0.40512820512820513,0.258974358974359,0.0,1.0,0.07799999999999997,0.0,197595367.04709414
ic_g5,capacity_only,3,0.9952557964502694,43555103.948052466,3851973937.7496867,3832891328.5696874,6899521.78053682,145232611.77490884,1.0,1.3055017578380924e-09,0.06153846153846154,0.40512820512820513,0.258974358974359,0.0,1.0,0.07799999999999997,0.0,197595367.04709414
ic_g5,capacity_only,4,0.9952557964502694,43555103.948052466,3851973937.7496867,3832891328.5696874,6899521.78053682,145232611.77490884,1.0,1.3055017578380924e-09,0.06153846153846154,0.40512820512820513,0.258974358974359,0.0,1.0,0.07799999999999997,0.0,197595367.04709414
ic_g5,capacity_only,5,0.9952557964502694,43555103.948052466,3851973937.7496867,3832891328.5696874,6899521.78053682,145232611.77490884,1.0,1.3055017578380924e-09,0.06153846153846154,0.40512820512820513,0.258974358974359,0.0,1.0,0.07799999999999997,0.0,197595367.04709414
ic_g5,capacity_only,6,0.9952557964502694,43555103.948052466,3851973937.7496867,3832891328.5696874,6899521.78053682,145232611.77490884,1.0,1.3055017578380924e-09,0.06153846153846154,0.40512820512820513,0.258974358974359,0.0,1.0,0.07799999999999997,0.0,197595367.04709414
ic_g5,capacity_only,7,0.9952557964502694,43555103.948052466,3851973937.7496867,3832891328.5696874,6899521.78053682,145232611.77490884,1.0,1.3055017578380924e-09,0.06153846153846154,0.40512820512820513,0.258974358974359,0.0,1.0,0.07799999999999997,0.0,197595367.04709414
ic_g5,capacity_only,8,0.9952557964502694,43555103.948052466,3851973937.7496867,3832891328.5696874,6899521.78053682,145232611.77490884,1.0,1.3055017578380924e-09,0.06153846153846154,0.40512820512820513,0.258974358974359,0.0,1.0,0.07799999999999997,0.0,197595367.04709414
ic_g5,capacity_only,9,0.9952557964502694,43555103.948052466,3851973937.7496867,3832891328.5696874,6899521.78053682,145232611.77490884,1.0,1.3055017578380924e-09,0.06153846153846154,0.40512820512820513,0.258974358974359,0.0,1.0,0.07799999999999997,0.0,197595367.04709414
ic_g5,capacity_only,10,0.9952557964502694,43555103.948052466,3851973937.7496867,3832891328.5696874,6899521.78053682,145232611.77490884,1.0,1.3055017578380924e-09,0.06153846153846154,0.40512820512820513,0.258974358974359,0.0,1.0,0.07799999999999997,0.0,197595367.04709414
ic_g5,no_policy,1,0.9952068054853749,44004875.24182759,3851908653.7170916,3839606273.9535418,0.0,145235967.35341865,1.0,1.7323798005620553e-09,0.08205128205128205,0.3923076923076923,0.258974358974359,0.0,1.0,0.07799999999999997,0.0,197597521.7556047
ic_g5,no_policy,2,0.9952068054853749,44004875.24182759,3851908653.7170916,3839606273.9535418,0.0,145235967.35341865,1.0,1.7323798005620553e-09,0.08205128205128205,0.3923076923076923,0.258974358974359,0.0,1.0,0.07799999999999997,0.0,197597521.7556047
ic_g5,no_policy,3,0.9952068054853749,44004875.24182759,3851908653.7170916,3839606273.9535418,0.0,145235967.35341865,1.0,1.7323798005620553e-09,0.08205128205128205,0.3923076923076923,0.258974358974359,0.0,1.0,0.07799999999999997,0.0,197597521.7556047
ic_g5,no_policy,4,0.9952068054853749,44004875.24182759,3851908653.7170916,3839606273.9535418,0.0,145235967.35341865,1.0,1.7323798005620553e-09,0.08205128205128205,0.3923076923076923,0.258974358974359,0.0,1.0,0.07799999999999997,0.0,197597521.7556047
ic_g5,no_policy,5,0.9952068054853749,44004875.24182759,3851908653.7170916,3839606273.9535418,0.0,145235967.35341865,1.0,1.7323798005620553e-09,0.08205128205128205,0.3923076923076923,0.258974358974359,0.0,1.0,0.07799999999999997,0.0,197597521.7556047
ic_g5,no_policy,6,0.9952068054853749,44004875.24182759,3851908653.7170916,3839606273.9535418,0.0,145235967.35341865,1.0,1.7323798005620553e-09,0.08205128205128205,0.3923076923076923,0.258974358974359,0.0,1.0,0.07799999999999997,0.0,197597521.7556047
ic_g5,no_policy,7,0.9952068054853749,44004875.24182759,3851908653.7170916,3839606273.9535418,0.0,145235967.35341865,1.0,1.7323798005620553e-09,0.08205128205128205,0.3923076923076923,0.258974358974359,0.0,1.0,0.07799999999999997,0.0,197597521.7556047
ic_g5,no_policy,8,0.9952068054853749,44004875.24182759,3851908653.7170916,3839606273.9535418,0.0,145235967.35341865,1.0,1.7323798005620553e-09,0.08205128205128205,0.3923076923076923,0.258974358974359,0.0,1.0,0.07799999999999997,0.0,197597521.7556047
ic_g5,no_policy,9,0.9952068054853749,44004875.24182759,3851908653.7170916,3839606273.9535418,0.0,145235967.35341865,1.0,1.7323798005620553e-09,0.08205128205128205,0.3923076923076923,0.258974358974359,0.0,1.0,0.07799999999999997,0.0,197597521.7556047
ic_g5,no_policy,10,0.9952068054853749,44004875.24182759,3851908653.7170916,3839606273.9535418,0.0,145235967.35341865,1.0,1.7323798005620553e-09,0.08205128205128205,0.3923076923076923,0.258974358974359,0.0,1.0,0.07799999999999997,0.0,197597521.7556047
ic_g5,ai_department_only,1,0.9952119771574762,43957395.67785239,3851915670.3463225,3832726588.643317,6899521.78053682,145235606.75244278,1.0,1.5932872720824388e-09,0.08205128205128205,0.3923076923076923,0.258974358974359,0.0,1.0,0.1609517351459884,0.0,197597272.1059759
ic_g5,ai_department_only,2,0.9952119771574762,43957395.67785239,3851915670.3463225,3832726588.643317,6899521.78053682,145235606.75244278,1.0,1.5932872720824388e-09,0.08205128205128205,0.3923076923076923,0.258974358974359,0.0,1.0,0.1609517351459884,0.0,197597272.1059759
ic_g5,ai_department_only,3,0.9952119771574762,43957395.67785239,3851915670.3463225,3832726588.643317,6899521.78053682,145235606.75244278,1.0,1.5932872720824388e-09,0.08205128205128205,0.3923076923076923,0.258974358974359,0.0,1.0,0.1609517351459884,0.0,197597272.1059759
ic_g5,ai_department_only,4,0.9952119771574762,43957395.67785239,3851915670.3463225,3832726588.643317,6899521.78053682,145235606.75244278,1.0,1.5932872720824388e-09,0.08205128205128205,0.3923076923076923,0.258974358974359,0.0,1.0,0.1609517351459884,0.0,197597272.1059759
ic_g5,ai_department_only,5,0.9952119771574762,43957395.67785239,3851915670.3463225,3832726588.643317,6899521.78053682,145235606.75244278,1.0,1.5932872720824388e-09,0.08205128205128205,0.3923076923076923,0.258974358974359,0.0,1.0,0.1609517351459884,0.0,197597272.1059759
ic_g5,ai_department_only,6,0.9952119771574762,43957395.67785239,3851915670.3463225,3832726588.643317,6899521.78053682,145235606.75244278,1.0,1.5932872720824388e-09,0.08205128205128205,0.3923076923076923,0.258974358974359,0.0,1.0,0.1609517351459884,0.0,197597272.1059759
ic_g5,ai_department_only,7,0.9952119771574762,43957395.67785239,3851915670.3463225,3832726588.643317,6899521.78053682,145235606.75244278,1.0,1.5932872720824388e-09,0.08205128205128205,0.3923076923076923,0.258974358974359,0.0,1.0,0.1609517351459884,0.0,197597272.1059759
ic_g5,ai_department_only,8,0.9952119771574762,43957395.67785239,3851915670.3463225,3832726588.643317,6899521.78053682,145235606.75244278,1.0,1.5932872720824388e-09,0.08205128205128205,0.3923076923076923,0.258974358974359,0.0,1.0,0.1609517351459884,0.0,197597272.1059759
ic_g5,ai_department_only,9,0.9952119771574762,43957395.67785239,3851915670.3463225,3832726588.643317,6899521.78053682,145235606.75244278,1.0,1.5932872720824388e-09,0.08205128205128205,0.3923076923076923,0.258974358974359,0.0,1.0,0.1609517351459884,0.0,197597272.1059759
ic_g5,ai_department_only,10,0.9952119771574762,43957395.67785239,3851915670.3463225,3832726588.643317,6899521.78053682,145235606.75244278,1.0,1.5932872720824388e-09,0.08205128205128205,0.3923076923076923,0.258974358974359,0.0,1.0,0.1609517351459884,0.0,197597272.1059759
ic_g5,industry_department_only,1,0.9952468468529845,43637267.50531945,3851961912.543244,3832857329.8600683,6899521.780536821,145233229.86855465,1.0,1.3055017578380924e-09,0.06153846153846154,0.40512820512820513,0.258974358974359,0.0,1.0,0.07799999999999997,0.0,197595664.40677088
ic_g5,industry_department_only,2,0.9952468468529845,43637267.50531945,3851961912.543244,3832857329.8600683,6899521.780536821,145233229.86855465,1.0,1.3055017578380924e-09,0.06153846153846154,0.40512820512820513,0.258974358974359,0.0,1.0,0.07799999999999997,0.0,197595664.40677088
ic_g5,industry_department_only,3,0.9952468468529845,43637267.50531945,3851961912.543244,3832857329.8600683,6899521.780536821,145233229.86855465,1.0,1.3055017578380924e-09,0.06153846153846154,0.40512820512820513,0.258974358974359,0.0,1.0,0.07799999999999997,0.0,197595664.40677088
ic_g5,industry_department_only,4,0.9952468468529845,43637267.50531945,3851961912.543244,3832857329.8600683,6899521.780536821,145233229.86855465,1.0,1.3055017578380924e-09,0.06153846153846154,0.40512820512820513,0.258974358974359,0.0,1.0,0.07799999999999997,0.0,197595664.40677088
ic_g5,industry_department_only,5,0.9952468468529845,43637267.50531945,3851961912.543244,3832857329.8600683,6899521.780536821,145233229.86855465,1.0,1.3055017578380924e-09,0.06153846153846154,0.40512820512820513,0.258974358974359,0.0,1.0,0.07799999999999997,0.0,197595664.40677088
ic_g5,industry_department_only,6,0.9952468468529845,43637267.50531945,3851961912.543244,3832857329.8600683,6899521.780536821,145233229.86855465,1.0,1.3055017578380924e-09,0.06153846153846154,0.40512820512820513,0.258974358974359,0.0,1.0,0.07799999999999997,0.0,197595664.40677088
ic_g5,industry_department_only,7,0.9952468468529845,43637267.50531945,3851961912.543244,3832857329.8600683,6899521.780536821,145233229.86855465,1.0,1.3055017578380924e-09,0.06153846153846154,0.40512820512820513,0.258974358974359,0.0,1.0,0.07799999999999997,0.0,197595664.40677088
ic_g5,industry_department_only,8,0.9952468468529845,43637267.50531945,3851961912.543244,3832857329.8600683,6899521.780536821,145233229.86855465,1.0,1.3055017578380924e-09,0.06153846153846154,0.40512820512820513,0.258974358974359,0.0,1.0,0.07799999999999997,0.0,197595664.40677088
ic_g5,industry_department_only,9,0.9952468468529845,43637267.50531945,3851961912.543244,3832857329.8600683,6899521.780536821,145233229.86855465,1.0,1.3055017578380924e-09,0.06153846153846154,0.40512820512820513,0.258974358974359,0.0,1.0,0.07799999999999997,0.0,197595664.40677088
ic_g5,industry_department_only,10,0.9952468468529845,43637267.50531945,3851961912.543244,3832857329.8600683,6899521.780536821,145233229.86855465,1.0,1.3055017578380924e-09,0.06153846153846154,0.40512820512820513,0.258974358974359,0.0,1.0,0.07799999999999997,0.0,197595664.40677088
ic_g5,science_department_only,1,0.9952068054853749,44004875.24182759,3851908653.7170916,3832706752.173005,6899521.78053682,145235967.35341865,1.0,1.7323798005620553e-09,0.08205128205128205,0.3923076923076923,0.258974358974359,0.0,1.0,0.07799999999999997,0.0,197597521.7556047
ic_g5,science_department_only,2,0.9952068054853749,44004875.24182759,3851908653.7170916,3832706752.173005,6899521.78053682,145235967.35341865,1.0,1.7323798005620553e-09,0.08205128205128205,0.3923076923076923,0.258974358974359,0.0,1.0,0.07799999999999997,0.0,197597521.7556047
ic_g5,science_department_only,3,0.9952068054853749,44004875.24182759,3851908653.7170916,3832706752.173005,6899521.78053682,145235967.35341865,1.0,1.7323798005620553e-09,0.08205128205128205,0.3923076923076923,0.258974358974359,0.0,1.0,0.07799999999999997,0.0,197597521.7556047
ic_g5,science_department_only,4,0.9952068054853749,44004875.24182759,3851908653.7170916,3832706752.173005,6899521.78053682,145235967.35341865,1.0,1.7323798005620553e-09,0.08205128205128205,0.3923076923076923,0.258974358974359,0.0,1.0,0.07799999999999997,0.0,197597521.7556047
ic_g5,science_department_only,5,0.9952068054853749,44004875.24182759,3851908653.7170916,3832706752.173005,6899521.78053682,145235967.35341865,1.0,1.7323798005620553e-09,0.08205128205128205,0.3923076923076923,0.258974358974359,0.0,1.0,0.07799999999999997,0.0,197597521.7556047
ic_g5,science_department_only,6,0.9952068054853749,44004875.24182759,3851908653.7170916,3832706752.173005,6899521.78053682,145235967.35341865,1.0,1.7323798005620553e-09,0.08205128205128205,0.3923076923076923,0.258974358974359,0.0,1.0,0.07799999999999997,0.0,197597521.7556047
ic_g5,science_department_only,7,0.9952068054853749,44004875.24182759,3851908653.7170916,3832706752.173005,6899521.78053682,145235967.35341865,1.0,1.7323798005620553e-09,0.08205128205128205,0.3923076923076923,0.258974358974359,0.0,1.0,0.07799999999999997,0.0,197597521.7556047
ic_g5,science_department_only,8,0.9952068054853749,44004875.24182759,3851908653.7170916,3832706752.173005,6899521.78053682,145235967.35341865,1.0,1.7323798005620553e-09,0.08205128205128205,0.3923076923076923,0.258974358974359,0.0,1.0,0.07799999999999997,0.0,197597521.7556047
ic_g5,science_department_only,9,0.9952068054853749,44004875.24182759,3851908653.7170916,3832706752.173005,6899521.78053682,145235967.35341865,1.0,1.7323798005620553e-09,0.08205128205128205,0.3923076923076923,0.258974358974359,0.0,1.0,0.07799999999999997,0.0,197597521.7556047
ic_g5,science_department_only,10,0.9952068054853749,44004875.24182759,3851908653.7170916,3832706752.173005,6899521.78053682,145235967.35341865,1.0,1.7323798005620553e-09,0.08205128205128205,0.3923076923076923,0.258974358974359,0.0,1.0,0.07799999999999997,0.0,197597521.7556047
ic_g5,fixed_uncoordinated_mix,1,0.9952296012924972,43795593.802197024,3851938922.0885973,3832792329.5252748,6899521.780536821,145234411.56474096,1.0,1.3611724557506375e-09,0.06923076923076923,0.4025641025641026,0.258974358974359,0.0,1.0,0.10537407259817615,0.0,197596460.47252485
ic_g5,fixed_uncoordinated_mix,2,0.9952296012924972,43795593.802197024,3851938922.0885973,3832792329.5252748,6899521.780536821,145234411.56474096,1.0,1.3611724557506375e-09,0.06923076923076923,0.4025641025641026,0.258974358974359,0.0,1.0,0.10537407259817615,0.0,197596460.47252485
ic_g5,fixed_uncoordinated_mix,3,0.9952296012924972,43795593.802197024,3851938922.0885973,3832792329.5252748,6899521.780536821,145234411.56474096,1.0,1.3611724557506375e-09,0.06923076923076923,0.4025641025641026,0.258974358974359,0.0,1.0,0.10537407259817615,0.0,197596460.47252485
ic_g5,fixed_uncoordinated_mix,4,0.9952296012924972,43795593.802197024,3851938922.0885973,3832792329.5252748,6899521.780536821,145234411.56474096,1.0,1.3611724557506375e-09,0.06923076923076923,0.4025641025641026,0.258974358974359,0.0,1.0,0.10537407259817615,0.0,197596460.47252485
ic_g5,fixed_uncoordinated_mix,5,0.9952296012924972,43795593.802197024,3851938922.0885973,3832792329.5252748,6899521.780536821,145234411.56474096,1.0,1.3611724557506375e-09,0.06923076923076923,0.4025641025641026,0.258974358974359,0.0,1.0,0.10537407259817615,0.0,197596460.47252485
ic_g5,fixed_uncoordinated_mix,6,0.9952296012924972,43795593.802197024,3851938922.0885973,3832792329.5252748,6899521.780536821,145234411.56474096,1.0,1.3611724557506375e-09,0.06923076923076923,0.4025641025641026,0.258974358974359,0.0,1.0,0.10537407259817615,0.0,197596460.47252485
ic_g5,fixed_uncoordinated_mix,7,0.9952296012924972,43795593.802197024,3851938922.0885973,3832792329.5252748,6899521.780536821,145234411.56474096,1.0,1.3611724557506375e-09,0.06923076923076923,0.4025641025641026,0.258974358974359,0.0,1.0,0.10537407259817615,0.0,197596460.47252485
ic_g5,fixed_uncoordinated_mix,8,0.9952296012924972,43795593.802197024,3851938922.0885973,3832792329.5252748,6899521.780536821,145234411.56474096,1.0,1.3611724557506375e-09,0.06923076923076923,0.4025641025641026,0.258974358974359,0.0,1.0,0.10537407259817615,0.0,197596460.47252485
ic_g5,fixed_uncoordinated_mix,9,0.9952296012924972,43795593.802197024,3851938922.0885973,3832792329.5252748,6899521.780536821,145234411.56474096,1.0,1.3611724557506375e-09,0.06923076923076923,0.4025641025641026,0.258974358974359,0.0,1.0,0.10537407259817615,0.0,197596460.47252485
ic_g5,fixed_uncoordinated_mix,10,0.9952296012924972,43795593.802197024,3851938922.0885973,3832792329.5252748,6899521.780536821,145234411.56474096,1.0,1.3611724557506375e-09,0.06923076923076923,0.4025641025641026,0.258974358974359,0.0,1.0,0.10537407259817615,0.0,197596460.47252485
ic_g5,structured_adaptive_mix,1,0.9952151478054058,43928286.91413414,3851919798.1225824,3832738259.5458164,6899521.78053682,145235394.5686748,1.0,1.4940625897289047e-09,0.07692307692307693,0.39487179487179486,0.258974358974359,0.0,1.0,0.13615998272822655,0.0,197597118.55688894
ic_g5,structured_adaptive_mix,2,0.9952151478054058,43928286.91413414,3851919798.1225824,3832738259.5458164,6899521.78053682,145235394.5686748,1.0,1.4940625897289047e-09,0.07692307692307693,0.39487179487179486,0.258974358974359,0.0,1.0,0.13615998272822655,0.0,197597118.55688894
ic_g5,structured_adaptive_mix,3,0.9952151478054058,43928286.91413414,3851919798.1225824,3832738259.5458164,6899521.78053682,145235394.5686748,1.0,1.4940625897289047e-09,0.07692307692307693,0.39487179487179486,0.258974358974359,0.0,1.0,0.13615998272822655,0.0,197597118.55688894
ic_g5,structured_adaptive_mix,4,0.9952151478054058,43928286.91413414,3851919798.1225824,3832738259.5458164,6899521.78053682,145235394.5686748,1.0,1.4940625897289047e-09,0.07692307692307693,0.39487179487179486,0.258974358974359,0.0,1.0,0.13615998272822655,0.0,197597118.55688894
ic_g5,structured_adaptive_mix,5,0.9952151478054058,43928286.91413414,3851919798.1225824,3832738259.5458164,6899521.78053682,145235394.5686748,1.0,1.4940625897289047e-09,0.07692307692307693,0.39487179487179486,0.258974358974359,0.0,1.0,0.13615998272822655,0.0,197597118.55688894
ic_g5,structured_adaptive_mix,6,0.9952151478054058,43928286.91413414,3851919798.1225824,3832738259.5458164,6899521.78053682,145235394.5686748,1.0,1.4940625897289047e-09,0.07692307692307693,0.39487179487179486,0.258974358974359,0.0,1.0,0.13615998272822655,0.0,197597118.55688894
ic_g5,structured_adaptive_mix,7,0.9952151478054058,43928286.91413414,3851919798.1225824,3832738259.5458164,6899521.78053682,145235394.5686748,1.0,1.4940625897289047e-09,0.07692307692307693,0.39487179487179486,0.258974358974359,0.0,1.0,0.13615998272822655,0.0,197597118.55688894
ic_g5,structured_adaptive_mix,8,0.9952151478054058,43928286.91413414,3851919798.1225824,3832738259.5458164,6899521.78053682,145235394.5686748,1.0,1.4940625897289047e-09,0.07692307692307693,0.39487179487179486,0.258974358974359,0.0,1.0,0.13615998272822655,0.0,197597118.55688894
ic_g5,structured_adaptive_mix,9,0.9952151478054058,43928286.91413414,3851919798.1225824,3832738259.5458164,6899521.78053682,145235394.5686748,1.0,1.4940625897289047e-09,0.07692307692307693,0.39487179487179486,0.258974358974359,0.0,1.0,0.13615998272822655,0.0,197597118.55688894
ic_g5,structured_adaptive_mix,10,0.9952151478054058,43928286.91413414,3851919798.1225824,3832738259.5458164,6899521.78053682,145235394.5686748,1.0,1.4940625897289047e-09,0.07692307692307693,0.39487179487179486,0.258974358974359,0.0,1.0,0.13615998272822655,0.0,197597118.55688894
