task,case,seed,policy,reference,metric,paired_difference
ic_r1,base,42,demand_tracking,rule,cumulative_value_added,558151.6092061996
ic_r1,base,42,demand_tracking,rule,cumulative_shortage,226657278.79888725
ic_r1,base,42,demand_tracking,rule,cumulative_welfare,-44773304.15057135
ic_r1,base,42,demand_tracking,rule,cumulative_final_shortage,155460086.1644649
ic_r1,base,42,demand_tracking,rule,cumulative_final_delivered,-155460086.16446304
ic_r1,base,42,demand_tracking,rule,final_fill_rate,-0.01651815455614991
ic_r1,base,42,demand_tracking,rule,mean_service_rate,-0.009743863100394101
ic_r1,base,42,demand_tracking,rule,terminal_output,17.858064651489258
ic_r1,base,42,demand_tracking,rule,fiscal_spend,0.0
ic_r1,base,42,demand_tracking,rule,private_spend,4604936.023543571
ic_r1,base,42,demand_tracking,rule,terminal_ai_effective_mean,0.0
ic_r1,base,42,demand_tracking,rule,terminal_technology_mean,0.0
ic_r1,base,42,demand_tracking,rule,terminal_edge_health_mean,-5.4258025516951136e-08
ic_r1,base,42,buffered_smoothing,rule,cumulative_value_added,75473.2893857956
ic_r1,base,42,buffered_smoothing,rule,cumulative_shortage,45726124.87392539
ic_r1,base,42,buffered_smoothing,rule,cumulative_welfare,-9069751.685399055
ic_r1,base,42,buffered_smoothing,rule,cumulative_final_shortage,31902495.3653543
ic_r1,base,42,buffered_smoothing,rule,cumulative_final_delivered,-31902495.36535263
ic_r1,base,42,buffered_smoothing,rule,final_fill_rate,-0.003389746925871795
ic_r1,base,42,buffered_smoothing,rule,mean_service_rate,-0.001991845363851885
ic_r1,base,42,buffered_smoothing,rule,terminal_output,0.00012004375457763672
ic_r1,base,42,buffered_smoothing,rule,fiscal_spend,0.0
ic_r1,base,42,buffered_smoothing,rule,private_spend,924261.8855303256
ic_r1,base,42,buffered_smoothing,rule,terminal_ai_effective_mean,0.0
ic_r1,base,42,buffered_smoothing,rule,terminal_technology_mean,0.0
ic_r1,base,42,buffered_smoothing,rule,terminal_edge_health_mean,-6.767038929211822e-09
ic_r1,base,43,demand_tracking,rule,cumulative_value_added,564252.0908517838
ic_r1,base,43,demand_tracking,rule,cumulative_shortage,229134595.9764545
ic_r1,base,43,demand_tracking,rule,cumulative_welfare,-45262667.10443878
ic_r1,base,43,demand_tracking,rule,cumulative_final_shortage,157062456.30600423
ic_r1,base,43,demand_tracking,rule,cumulative_final_delivered,-157062456.30600548
ic_r1,base,43,demand_tracking,rule,final_fill_rate,-0.016683940472886127
ic_r1,base,43,demand_tracking,rule,mean_service_rate,-0.009838427749741308
ic_r1,base,43,demand_tracking,rule,terminal_output,18.05324959754944
ic_r1,base,43,demand_tracking,rule,fiscal_spend,0.0
ic_r1,base,43,demand_tracking,rule,private_spend,4655267.02183833
ic_r1,base,43,demand_tracking,rule,terminal_ai_effective_mean,0.0
ic_r1,base,43,demand_tracking,rule,terminal_technology_mean,0.0
ic_r1,base,43,demand_tracking,rule,terminal_edge_health_mean,-5.479302189748125e-08
ic_r1,base,43,buffered_smoothing,rule,cumulative_value_added,76298.19682884216
ic_r1,base,43,buffered_smoothing,rule,cumulative_shortage,46225901.961227
ic_r1,base,43,buffered_smoothing,rule,cumulative_welfare,-9168882.19541645
ic_r1,base,43,buffered_smoothing,rule,cumulative_final_shortage,32235538.588770628
ic_r1,base,43,buffered_smoothing,rule,cumulative_final_delivered,-32235538.58877182
ic_r1,base,43,buffered_smoothing,rule,final_fill_rate,-0.0034242161976548724
ic_r1,base,43,buffered_smoothing,rule,mean_service_rate,-0.002011431089081084
ic_r1,base,43,buffered_smoothing,rule,terminal_output,0.00012111663818359375
ic_r1,base,43,buffered_smoothing,rule,fiscal_spend,0.0
ic_r1,base,43,buffered_smoothing,rule,private_spend,934363.8767733434
ic_r1,base,43,buffered_smoothing,rule,terminal_ai_effective_mean,0.0
ic_r1,base,43,buffered_smoothing,rule,terminal_technology_mean,0.0
ic_r1,base,43,buffered_smoothing,rule,terminal_edge_health_mean,-6.836736732296345e-09
ic_r1,base,44,demand_tracking,rule,cumulative_value_added,538548.1506242752
ic_r1,base,44,demand_tracking,rule,cumulative_shortage,218696598.39594358
ic_r1,base,44,demand_tracking,rule,cumulative_welfare,-43200771.52856493
ic_r1,base,44,demand_tracking,rule,cumulative_final_shortage,150299163.8668444
ic_r1,base,44,demand_tracking,rule,cumulative_final_delivered,-150299163.86684418
ic_r1,base,44,demand_tracking,rule,final_fill_rate,-0.015983554236467135
ic_r1,base,44,demand_tracking,rule,mean_service_rate,-0.009438416011869344
ic_r1,base,44,demand_tracking,rule,terminal_output,17.230851888656616
ic_r1,base,44,demand_tracking,rule,fiscal_spend,0.0
ic_r1,base,44,demand_tracking,rule,private_spend,4443200.983955632
ic_r1,base,44,demand_tracking,rule,terminal_ai_effective_mean,0.0
ic_r1,base,44,demand_tracking,rule,terminal_technology_mean,0.0
ic_r1,base,44,demand_tracking,rule,terminal_edge_health_mean,-5.2531601513194914e-08
ic_r1,base,44,buffered_smoothing,rule,cumulative_value_added,72822.508705616
ic_r1,base,44,buffered_smoothing,rule,cumulative_shortage,44120127.18386495
ic_r1,base,44,buffered_smoothing,rule,cumulative_welfare,-8751202.928068161
ic_r1,base,44,buffered_smoothing,rule,cumulative_final_shortage,30830393.281605095
ic_r1,base,44,buffered_smoothing,rule,cumulative_final_delivered,-30830393.281604767
ic_r1,base,44,buffered_smoothing,rule,final_fill_rate,-0.0032786560515047913
ic_r1,base,44,buffered_smoothing,rule,mean_service_rate,-0.0019286160239372352
ic_r1,base,44,buffered_smoothing,rule,terminal_output,0.0001157522201538086
ic_r1,base,44,buffered_smoothing,rule,fiscal_spend,0.0
ic_r1,base,44,buffered_smoothing,rule,private_spend,891799.8639340159
ic_r1,base,44,buffered_smoothing,rule,terminal_ai_effective_mean,0.0
ic_r1,base,44,buffered_smoothing,rule,terminal_technology_mean,0.0
ic_r1,base,44,buffered_smoothing,rule,terminal_edge_health_mean,-6.542500541328877e-09
ic_r1,base,45,demand_tracking,rule,cumulative_value_added,554328.6105446815
ic_r1,base,45,demand_tracking,rule,cumulative_shortage,225104814.4520629
ic_r1,base,45,demand_tracking,rule,cumulative_welfare,-44466634.27986765
ic_r1,base,45,demand_tracking,rule,cumulative_final_shortage,154455040.27423036
ic_r1,base,45,demand_tracking,rule,cumulative_final_delivered,-154455040.27423096
ic_r1,base,45,demand_tracking,rule,final_fill_rate,-0.016414121771571755
ic_r1,base,45,demand_tracking,rule,mean_service_rate,-0.009684484235546242
ic_r1,base,45,demand_tracking,rule,terminal_output,17.735747814178467
ic_r1,base,45,demand_tracking,rule,fiscal_spend,0.0
ic_r1,base,45,demand_tracking,rule,private_spend,4573395.015754882
ic_r1,base,45,demand_tracking,rule,terminal_ai_effective_mean,0.0
ic_r1,base,45,demand_tracking,rule,terminal_technology_mean,0.0
ic_r1,base,45,demand_tracking,rule,terminal_edge_health_mean,-5.392221469335823e-08
ic_r1,base,45,buffered_smoothing,rule,cumulative_value_added,74956.34330940247
ic_r1,base,45,buffered_smoothing,rule,cumulative_shortage,45412928.761445045
ic_r1,base,45,buffered_smoothing,rule,cumulative_welfare,-9007629.408979416
ic_r1,base,45,buffered_smoothing,rule,cumulative_final_shortage,31693644.88793683
ic_r1,base,45,buffered_smoothing,rule,cumulative_final_delivered,-31693644.887937546
ic_r1,base,45,buffered_smoothing,rule,final_fill_rate,-0.0033681215300706002
ic_r1,base,45,buffered_smoothing,rule,mean_service_rate,-0.0019795496158473425
ic_r1,base,45,buffered_smoothing,rule,terminal_output,0.00011920928955078125
ic_r1,base,45,buffered_smoothing,rule,fiscal_spend,0.0
ic_r1,base,45,buffered_smoothing,rule,private_spend,917931.2544029318
ic_r1,base,45,buffered_smoothing,rule,terminal_ai_effective_mean,0.0
ic_r1,base,45,buffered_smoothing,rule,terminal_technology_mean,0.0
ic_r1,base,45,buffered_smoothing,rule,terminal_edge_health_mean,-6.723318568546688e-09
ic_r1,base,46,demand_tracking,rule,cumulative_value_added,542602.4302859306
ic_r1,base,46,demand_tracking,rule,cumulative_shortage,220342982.6049847
ic_r1,base,46,demand_tracking,rule,cumulative_welfare,-43525994.09071064
ic_r1,base,46,demand_tracking,rule,cumulative_final_shortage,151368005.58706915
ic_r1,base,46,demand_tracking,rule,cumulative_final_delivered,-151368005.58706856
ic_r1,base,46,demand_tracking,rule,final_fill_rate,-0.016094351139613883
ic_r1,base,46,demand_tracking,rule,mean_service_rate,-0.00950178417408798
ic_r1,base,46,demand_tracking,rule,terminal_output,17.360568523406982
ic_r1,base,46,demand_tracking,rule,fiscal_spend,0.0
ic_r1,base,46,demand_tracking,rule,private_spend,4476650.136760173
ic_r1,base,46,demand_tracking,rule,terminal_ai_effective_mean,0.0
ic_r1,base,46,demand_tracking,rule,terminal_technology_mean,0.0
ic_r1,base,46,demand_tracking,rule,terminal_edge_health_mean,-5.288956295146363e-08
ic_r1,base,46,buffered_smoothing,rule,cumulative_value_added,73370.72861003876
ic_r1,base,46,buffered_smoothing,rule,cumulative_shortage,44452270.80763048
ic_r1,base,46,buffered_smoothing,rule,cumulative_welfare,-8817083.432915688
ic_r1,base,46,buffered_smoothing,rule,cumulative_final_shortage,31052357.76624787
ic_r1,base,46,buffered_smoothing,rule,cumulative_final_delivered,-31052357.766246796
ic_r1,base,46,buffered_smoothing,rule,final_fill_rate,-0.0033016722897588613
ic_r1,base,46,buffered_smoothing,rule,mean_service_rate,-0.0019417294318296863
ic_r1,base,46,buffered_smoothing,rule,terminal_output,0.00011658668518066406
ic_r1,base,46,buffered_smoothing,rule,fiscal_spend,0.0
ic_r1,base,46,buffered_smoothing,rule,private_spend,898513.4809924215
ic_r1,base,46,buffered_smoothing,rule,terminal_ai_effective_mean,0.0
ic_r1,base,46,buffered_smoothing,rule,terminal_technology_mean,0.0
ic_r1,base,46,buffered_smoothing,rule,terminal_edge_health_mean,-6.5890095601872645e-09
ic_r1,base,47,demand_tracking,rule,cumulative_value_added,566439.6681690216
ic_r1,base,47,demand_tracking,rule,cumulative_shortage,230022939.41881108
ic_r1,base,47,demand_tracking,rule,cumulative_welfare,-45438148.21559334
ic_r1,base,47,demand_tracking,rule,cumulative_final_shortage,157636629.70324075
ic_r1,base,47,demand_tracking,rule,cumulative_final_delivered,-157636629.70323944
ic_r1,base,47,demand_tracking,rule,final_fill_rate,-0.01674332333853379
ic_r1,base,47,demand_tracking,rule,mean_service_rate,-0.009872281564263896
ic_r1,base,47,demand_tracking,rule,terminal_output,18.123241186141968
ic_r1,base,47,demand_tracking,rule,fiscal_spend,0.0
ic_r1,base,47,demand_tracking,rule,private_spend,4673315.26075068
ic_r1,base,47,demand_tracking,rule,terminal_ai_effective_mean,0.0
ic_r1,base,47,demand_tracking,rule,terminal_technology_mean,0.0
ic_r1,base,47,demand_tracking,rule,terminal_edge_health_mean,-5.49846077557703e-08
ic_r1,base,47,buffered_smoothing,rule,cumulative_value_added,76594.00114631653
ic_r1,base,47,buffered_smoothing,rule,cumulative_shortage,46405117.486055076
ic_r1,base,47,buffered_smoothing,rule,cumulative_welfare,-9204429.496064663
ic_r1,base,47,buffered_smoothing,rule,cumulative_final_shortage,32354897.36912626
ic_r1,base,47,buffered_smoothing,rule,cumulative_final_delivered,-32354897.369125366
ic_r1,base,47,buffered_smoothing,rule,final_fill_rate,-0.0034365648977410235
ic_r1,base,47,buffered_smoothing,rule,mean_service_rate,-0.0020184438921964087
ic_r1,base,47,buffered_smoothing,rule,terminal_output,0.00012171268463134766
ic_r1,base,47,buffered_smoothing,rule,fiscal_spend,0.0
ic_r1,base,47,buffered_smoothing,rule,private_spend,937986.3590928297
ic_r1,base,47,buffered_smoothing,rule,terminal_ai_effective_mean,0.0
ic_r1,base,47,buffered_smoothing,rule,terminal_technology_mean,0.0
ic_r1,base,47,buffered_smoothing,rule,terminal_edge_health_mean,-6.861709422878448e-09
ic_r1,base,48,demand_tracking,rule,cumulative_value_added,594663.8745479584
ic_r1,base,48,demand_tracking,rule,cumulative_shortage,241484380.5552166
ic_r1,base,48,demand_tracking,rule,cumulative_welfare,-47702212.236495495
ic_r1,base,48,demand_tracking,rule,cumulative_final_shortage,165024863.303167
ic_r1,base,48,demand_tracking,rule,cumulative_final_delivered,-165024863.30316544
ic_r1,base,48,demand_tracking,rule,final_fill_rate,-0.017506363742893938
ic_r1,base,48,demand_tracking,rule,mean_service_rate,-0.010306421831959067
ic_r1,base,48,demand_tracking,rule,terminal_output,19.026274800300598
ic_r1,base,48,demand_tracking,rule,fiscal_spend,0.0
ic_r1,base,48,demand_tracking,rule,private_spend,4906174.33084298
ic_r1,base,48,demand_tracking,rule,terminal_ai_effective_mean,0.0
ic_r1,base,48,demand_tracking,rule,terminal_technology_mean,0.0
ic_r1,base,48,demand_tracking,rule,terminal_edge_health_mean,-5.744430897625108e-08
ic_r1,base,48,buffered_smoothing,rule,cumulative_value_added,80410.47978878021
ic_r1,base,48,buffered_smoothing,rule,cumulative_shortage,48717363.055294454
ic_r1,base,48,buffered_smoothing,rule,cumulative_welfare,-9663062.131270409
ic_r1,base,48,buffered_smoothing,rule,cumulative_final_shortage,33891708.13985258
ic_r1,base,48,buffered_smoothing,rule,cumulative_final_delivered,-33891708.13985062
ic_r1,base,48,buffered_smoothing,rule,final_fill_rate,-0.0035953404759029306
ic_r1,base,48,buffered_smoothing,rule,mean_service_rate,-0.0021084310581467314
ic_r1,base,48,buffered_smoothing,rule,terminal_output,0.0001277923583984375
ic_r1,base,48,buffered_smoothing,rule,fiscal_spend,0.0
ic_r1,base,48,buffered_smoothing,rule,private_spend,984723.7647996722
ic_r1,base,48,buffered_smoothing,rule,terminal_ai_effective_mean,0.0
ic_r1,base,48,buffered_smoothing,rule,terminal_technology_mean,0.0
ic_r1,base,48,buffered_smoothing,rule,terminal_edge_health_mean,-7.182946126782497e-09
ic_r1,base,49,demand_tracking,rule,cumulative_value_added,542143.8902163506
ic_r1,base,49,demand_tracking,rule,cumulative_shortage,220156776.12874007
ic_r1,base,49,demand_tracking,rule,cumulative_welfare,-43489211.33553171
ic_r1,base,49,demand_tracking,rule,cumulative_final_shortage,151247158.413863
ic_r1,base,49,demand_tracking,rule,cumulative_final_delivered,-151247158.41386414
ic_r1,base,49,demand_tracking,rule,final_fill_rate,-0.016081826119684894
ic_r1,base,49,demand_tracking,rule,mean_service_rate,-0.009494622393799501
ic_r1,base,49,demand_tracking,rule,terminal_output,17.345897555351257
ic_r1,base,49,demand_tracking,rule,fiscal_spend,0.0
ic_r1,base,49,demand_tracking,rule,private_spend,4472867.029000206
ic_r1,base,49,demand_tracking,rule,terminal_ai_effective_mean,0.0
ic_r1,base,49,demand_tracking,rule,terminal_technology_mean,0.0
ic_r1,base,49,demand_tracking,rule,terminal_edge_health_mean,-5.284910176150959e-08
ic_r1,base,49,buffered_smoothing,rule,cumulative_value_added,73308.72479820251
ic_r1,base,49,buffered_smoothing,rule,cumulative_shortage,44414705.27860701
ic_r1,base,49,buffered_smoothing,rule,cumulative_welfare,-8809632.33092308
ic_r1,base,49,buffered_smoothing,rule,cumulative_final_shortage,31027259.7869035
ic_r1,base,49,buffered_smoothing,rule,cumulative_final_delivered,-31027259.78690529
ic_r1,base,49,buffered_smoothing,rule,final_fill_rate,-0.0032990702244992676
ic_r1,base,49,buffered_smoothing,rule,mean_service_rate,-0.0019402472634237888
ic_r1,base,49,buffered_smoothing,rule,terminal_output,0.00011646747589111328
ic_r1,base,49,buffered_smoothing,rule,fiscal_spend,0.0
ic_r1,base,49,buffered_smoothing,rule,private_spend,897754.1691814596
ic_r1,base,49,buffered_smoothing,rule,terminal_ai_effective_mean,0.0
ic_r1,base,49,buffered_smoothing,rule,terminal_technology_mean,0.0
ic_r1,base,49,buffered_smoothing,rule,terminal_edge_health_mean,-6.583751432920337e-09
ic_r1,base,50,demand_tracking,rule,cumulative_value_added,510893.2015275955
ic_r1,base,50,demand_tracking,rule,cumulative_shortage,207466324.39126432
ic_r1,base,50,demand_tracking,rule,cumulative_welfare,-40982371.67672491
ic_r1,base,50,demand_tracking,rule,cumulative_final_shortage,142987423.453839
ic_r1,base,50,demand_tracking,rule,cumulative_final_delivered,-142987423.45383835
ic_r1,base,50,demand_tracking,rule,final_fill_rate,-0.015224499932681601
ic_r1,base,50,demand_tracking,rule,mean_service_rate,-0.009003402011453665
ic_r1,base,50,demand_tracking,rule,terminal_output,16.346031546592712
ic_r1,base,50,demand_tracking,rule,fiscal_spend,0.0
ic_r1,base,50,demand_tracking,rule,private_spend,4215038.475376769
ic_r1,base,50,demand_tracking,rule,terminal_ai_effective_mean,0.0
ic_r1,base,50,demand_tracking,rule,terminal_technology_mean,0.0
ic_r1,base,50,demand_tracking,rule,terminal_edge_health_mean,-5.0077030078199414e-08
ic_r1,base,50,buffered_smoothing,rule,cumulative_value_added,69083.00506210327
ic_r1,base,50,buffered_smoothing,rule,cumulative_shortage,41854517.56290966
ic_r1,base,50,buffered_smoothing,rule,cumulative_welfare,-8301820.507519722
ic_r1,base,50,buffered_smoothing,rule,cumulative_final_shortage,29312972.85926032
ic_r1,base,50,buffered_smoothing,rule,cumulative_final_delivered,-29312972.85926056
ic_r1,base,50,buffered_smoothing,rule,final_fill_rate,-0.003121081159047412
ic_r1,base,50,buffered_smoothing,rule,mean_service_rate,-0.0018386532551821766
ic_r1,base,50,buffered_smoothing,rule,terminal_output,0.00010979175567626953
ic_r1,base,50,buffered_smoothing,rule,fiscal_spend,0.0
ic_r1,base,50,buffered_smoothing,rule,private_spend,846005.1103677945
ic_r1,base,50,buffered_smoothing,rule,terminal_ai_effective_mean,0.0
ic_r1,base,50,buffered_smoothing,rule,terminal_technology_mean,0.0
ic_r1,base,50,buffered_smoothing,rule,terminal_edge_health_mean,-6.224249116115743e-09
ic_r1,base,51,demand_tracking,rule,cumulative_value_added,583758.2163314819
ic_r1,base,51,demand_tracking,rule,cumulative_shortage,237055750.81730694
ic_r1,base,51,demand_tracking,rule,cumulative_welfare,-46827391.94712973
ic_r1,base,51,demand_tracking,rule,cumulative_final_shortage,162174422.89874512
ic_r1,base,51,demand_tracking,rule,cumulative_final_delivered,-162174422.89874458
ic_r1,base,51,demand_tracking,rule,final_fill_rate,-0.017212212992379072
ic_r1,base,51,demand_tracking,rule,mean_service_rate,-0.01013925215322975
ic_r1,base,51,demand_tracking,rule,terminal_output,18.677348256111145
ic_r1,base,51,demand_tracking,rule,fiscal_spend,0.0
ic_r1,base,51,demand_tracking,rule,private_spend,4816199.031028629
ic_r1,base,51,demand_tracking,rule,terminal_ai_effective_mean,0.0
ic_r1,base,51,demand_tracking,rule,terminal_technology_mean,0.0
ic_r1,base,51,demand_tracking,rule,terminal_edge_health_mean,-5.6496554989848846e-08
ic_r1,base,51,buffered_smoothing,rule,cumulative_value_added,78935.81612205505
ic_r1,base,51,buffered_smoothing,rule,cumulative_shortage,47823925.71461326
ic_r1,base,51,buffered_smoothing,rule,cumulative_welfare,-9485849.326800823
ic_r1,base,51,buffered_smoothing,rule,cumulative_final_shortage,33298585.468062937
ic_r1,base,51,buffered_smoothing,rule,cumulative_final_delivered,-33298585.468063354
ic_r1,base,51,buffered_smoothing,rule,final_fill_rate,-0.0035341105901705028
ic_r1,base,51,buffered_smoothing,rule,mean_service_rate,-0.0020737685570906272
ic_r1,base,51,buffered_smoothing,rule,terminal_output,0.00012540817260742188
ic_r1,base,51,buffered_smoothing,rule,fiscal_spend,0.0
ic_r1,base,51,buffered_smoothing,rule,private_spend,966664.7212358927
ic_r1,base,51,buffered_smoothing,rule,terminal_ai_effective_mean,0.0
ic_r1,base,51,buffered_smoothing,rule,terminal_technology_mean,0.0
ic_r1,base,51,buffered_smoothing,rule,terminal_edge_health_mean,-7.0590330247810584e-09
ic_r1,import_intermediate_first,42,demand_tracking,rule,cumulative_value_added,459448.89447259903
ic_r1,import_intermediate_first,42,demand_tracking,rule,cumulative_shortage,207508138.4535802
ic_r1,import_intermediate_first,42,demand_tracking,rule,cumulative_welfare,-41042178.79624367
ic_r1,import_intermediate_first,42,demand_tracking,rule,cumulative_final_shortage,147757897.31128758
ic_r1,import_intermediate_first,42,demand_tracking,rule,cumulative_final_delivered,-147757897.31128693
ic_r1,import_intermediate_first,42,demand_tracking,rule,final_fill_rate,-0.014463881891768837
ic_r1,import_intermediate_first,42,demand_tracking,rule,mean_service_rate,-0.008845447919718197
ic_r1,import_intermediate_first,42,demand_tracking,rule,terminal_output,2.9642425775527954
ic_r1,import_intermediate_first,42,demand_tracking,rule,fiscal_spend,0.0
ic_r1,import_intermediate_first,42,demand_tracking,rule,private_spend,4209239.267111124
ic_r1,import_intermediate_first,42,demand_tracking,rule,terminal_ai_effective_mean,0.0
ic_r1,import_intermediate_first,42,demand_tracking,rule,terminal_technology_mean,0.0
ic_r1,import_intermediate_first,42,demand_tracking,rule,terminal_edge_health_mean,-4.8926041107399953e-08
ic_r1,import_intermediate_first,42,buffered_smoothing,rule,cumulative_value_added,64686.72152137756
ic_r1,import_intermediate_first,42,buffered_smoothing,rule,cumulative_shortage,44007535.1738168
ic_r1,import_intermediate_first,42,buffered_smoothing,rule,cumulative_welfare,-8736820.313241959
ic_r1,import_intermediate_first,42,buffered_smoothing,rule,cumulative_final_shortage,31812771.662012637
ic_r1,import_intermediate_first,42,buffered_smoothing,rule,cumulative_final_delivered,-31812771.6620121
ic_r1,import_intermediate_first,42,buffered_smoothing,rule,final_fill_rate,-0.0031141223605785084
ic_r1,import_intermediate_first,42,buffered_smoothing,rule,mean_service_rate,-0.0018995517631120729
ic_r1,import_intermediate_first,42,buffered_smoothing,rule,terminal_output,2.5391578674316406e-05
ic_r1,import_intermediate_first,42,buffered_smoothing,rule,fiscal_spend,0.0
ic_r1,import_intermediate_first,42,buffered_smoothing,rule,private_spend,888482.8286346802
ic_r1,import_intermediate_first,42,buffered_smoothing,rule,terminal_ai_effective_mean,0.0
ic_r1,import_intermediate_first,42,buffered_smoothing,rule,terminal_technology_mean,0.0
ic_r1,import_intermediate_first,42,buffered_smoothing,rule,terminal_edge_health_mean,-6.6424141742515985e-09
ic_r1,import_intermediate_first,43,demand_tracking,rule,cumulative_value_added,464470.5758609772
ic_r1,import_intermediate_first,43,demand_tracking,rule,cumulative_shortage,209776159.487805
ic_r1,import_intermediate_first,43,demand_tracking,rule,cumulative_welfare,-41490761.32169962
ic_r1,import_intermediate_first,43,demand_tracking,rule,cumulative_final_shortage,149278275.10341907
ic_r1,import_intermediate_first,43,demand_tracking,rule,cumulative_final_delivered,-149278275.10342026
ic_r1,import_intermediate_first,43,demand_tracking,rule,final_fill_rate,-0.01460870586527685
ic_r1,import_intermediate_first,43,demand_tracking,rule,mean_service_rate,-0.008930537426772411
ic_r1,import_intermediate_first,43,demand_tracking,rule,terminal_output,2.9966412782669067
ic_r1,import_intermediate_first,43,demand_tracking,rule,fiscal_spend,0.0
ic_r1,import_intermediate_first,43,demand_tracking,rule,private_spend,4255245.38170036
ic_r1,import_intermediate_first,43,demand_tracking,rule,terminal_ai_effective_mean,0.0
ic_r1,import_intermediate_first,43,demand_tracking,rule,terminal_technology_mean,0.0
ic_r1,import_intermediate_first,43,demand_tracking,rule,terminal_edge_health_mean,-4.940700992772662e-08
ic_r1,import_intermediate_first,43,buffered_smoothing,rule,cumulative_value_added,65393.734008312225
ic_r1,import_intermediate_first,43,buffered_smoothing,rule,cumulative_shortage,44488528.431153595
ic_r1,import_intermediate_first,43,buffered_smoothing,rule,cumulative_welfare,-8832311.95222187
ic_r1,import_intermediate_first,43,buffered_smoothing,rule,cumulative_final_shortage,32143642.992861092
ic_r1,import_intermediate_first,43,buffered_smoothing,rule,cumulative_final_delivered,-32143642.992860794
ic_r1,import_intermediate_first,43,buffered_smoothing,rule,final_fill_rate,-0.0031456487931404986
ic_r1,import_intermediate_first,43,buffered_smoothing,rule,mean_service_rate,-0.001918054080000342
ic_r1,import_intermediate_first,43,buffered_smoothing,rule,terminal_output,2.574920654296875e-05
ic_r1,import_intermediate_first,43,buffered_smoothing,rule,fiscal_spend,0.0
ic_r1,import_intermediate_first,43,buffered_smoothing,rule,private_spend,898193.7621860588
ic_r1,import_intermediate_first,43,buffered_smoothing,rule,terminal_ai_effective_mean,0.0
ic_r1,import_intermediate_first,43,buffered_smoothing,rule,terminal_technology_mean,0.0
ic_r1,import_intermediate_first,43,buffered_smoothing,rule,terminal_edge_health_mean,-6.710364375273059e-09
ic_r1,import_intermediate_first,44,demand_tracking,rule,cumulative_value_added,443312.0828523636
ic_r1,import_intermediate_first,44,demand_tracking,rule,cumulative_shortage,200220016.13960588
ic_r1,import_intermediate_first,44,demand_tracking,rule,cumulative_welfare,-39600691.14506912
ic_r1,import_intermediate_first,44,demand_tracking,rule,cumulative_final_shortage,142860906.97788703
ic_r1,import_intermediate_first,44,demand_tracking,rule,cumulative_final_delivered,-142860906.9778862
ic_r1,import_intermediate_first,44,demand_tracking,rule,final_fill_rate,-0.013996848953970353
ic_r1,import_intermediate_first,44,demand_tracking,rule,mean_service_rate,-0.008570504100216425
ic_r1,import_intermediate_first,44,demand_tracking,rule,terminal_output,2.860132336616516
ic_r1,import_intermediate_first,44,demand_tracking,rule,fiscal_spend,0.0
ic_r1,import_intermediate_first,44,demand_tracking,rule,private_spend,4061401.9299536217
ic_r1,import_intermediate_first,44,demand_tracking,rule,terminal_ai_effective_mean,0.0
ic_r1,import_intermediate_first,44,demand_tracking,rule,terminal_technology_mean,0.0
ic_r1,import_intermediate_first,44,demand_tracking,rule,terminal_edge_health_mean,-4.7373826750352066e-08
ic_r1,import_intermediate_first,44,buffered_smoothing,rule,cumulative_value_added,62414.78779363632
ic_r1,import_intermediate_first,44,buffered_smoothing,rule,cumulative_shortage,42461897.96906191
ic_r1,import_intermediate_first,44,buffered_smoothing,rule,cumulative_welfare,-8429964.80601883
ic_r1,import_intermediate_first,44,buffered_smoothing,rule,cumulative_final_shortage,30747541.55663079
ic_r1,import_intermediate_first,44,buffered_smoothing,rule,cumulative_final_delivered,-30747541.55663109
ic_r1,import_intermediate_first,44,buffered_smoothing,rule,final_fill_rate,-0.003012501488183328
ic_r1,import_intermediate_first,44,buffered_smoothing,rule,mean_service_rate,-0.0018397962870312368
ic_r1,import_intermediate_first,44,buffered_smoothing,rule,terminal_output,2.4557113647460938e-05
ic_r1,import_intermediate_first,44,buffered_smoothing,rule,fiscal_spend,0.0
ic_r1,import_intermediate_first,44,buffered_smoothing,rule,private_spend,857277.4427774642
ic_r1,import_intermediate_first,44,buffered_smoothing,rule,terminal_ai_effective_mean,0.0
ic_r1,import_intermediate_first,44,buffered_smoothing,rule,terminal_technology_mean,0.0
ic_r1,import_intermediate_first,44,buffered_smoothing,rule,terminal_edge_health_mean,-6.423445220171686e-09
ic_r1,import_intermediate_first,45,demand_tracking,rule,cumulative_value_added,456301.94930648804
ic_r1,import_intermediate_first,45,demand_tracking,rule,cumulative_shortage,206086834.05809724
ic_r1,import_intermediate_first,45,demand_tracking,rule,cumulative_welfare,-40761064.862312794
ic_r1,import_intermediate_first,45,demand_tracking,rule,cumulative_final_shortage,146804268.1446054
ic_r1,import_intermediate_first,45,demand_tracking,rule,cumulative_final_delivered,-146804268.14460564
ic_r1,import_intermediate_first,45,demand_tracking,rule,final_fill_rate,-0.014373000971387495
ic_r1,import_intermediate_first,45,demand_tracking,rule,mean_service_rate,-0.008792011050450244
ic_r1,import_intermediate_first,45,demand_tracking,rule,terminal_output,2.9439393281936646
ic_r1,import_intermediate_first,45,demand_tracking,rule,fiscal_spend,0.0
ic_r1,import_intermediate_first,45,demand_tracking,rule,private_spend,4180408.541161935
ic_r1,import_intermediate_first,45,demand_tracking,rule,terminal_ai_effective_mean,0.0
ic_r1,import_intermediate_first,45,demand_tracking,rule,terminal_technology_mean,0.0
ic_r1,import_intermediate_first,45,demand_tracking,rule,terminal_edge_health_mean,-4.862413260919851e-08
ic_r1,import_intermediate_first,45,buffered_smoothing,rule,cumulative_value_added,64243.65686702728
ic_r1,import_intermediate_first,45,buffered_smoothing,rule,cumulative_shortage,43706110.35432297
ic_r1,import_intermediate_first,45,buffered_smoothing,rule,cumulative_welfare,-8676978.413997173
ic_r1,import_intermediate_first,45,buffered_smoothing,rule,cumulative_final_shortage,31605274.274389803
ic_r1,import_intermediate_first,45,buffered_smoothing,rule,cumulative_final_delivered,-31605274.274389267
ic_r1,import_intermediate_first,45,buffered_smoothing,rule,final_fill_rate,-0.003094342171300557
ic_r1,import_intermediate_first,45,buffered_smoothing,rule,mean_service_rate,-0.0018879343911346602
ic_r1,import_intermediate_first,45,buffered_smoothing,rule,terminal_output,2.5153160095214844e-05
ic_r1,import_intermediate_first,45,buffered_smoothing,rule,fiscal_spend,0.0
ic_r1,import_intermediate_first,45,buffered_smoothing,rule,private_spend,882397.2622609576
ic_r1,import_intermediate_first,45,buffered_smoothing,rule,terminal_ai_effective_mean,0.0
ic_r1,import_intermediate_first,45,buffered_smoothing,rule,terminal_technology_mean,0.0
ic_r1,import_intermediate_first,45,buffered_smoothing,rule,terminal_edge_health_mean,-6.599785273841974e-09
ic_r1,import_intermediate_first,46,demand_tracking,rule,cumulative_value_added,446649.40962457657
ic_r1,import_intermediate_first,46,demand_tracking,rule,cumulative_shortage,201727305.57768643
ic_r1,import_intermediate_first,46,demand_tracking,rule,cumulative_welfare,-39898811.70591259
ic_r1,import_intermediate_first,46,demand_tracking,rule,cumulative_final_shortage,143875107.1151327
ic_r1,import_intermediate_first,46,demand_tracking,rule,cumulative_final_delivered,-143875107.1151333
ic_r1,import_intermediate_first,46,demand_tracking,rule,final_fill_rate,-0.014093645896830376
ic_r1,import_intermediate_first,46,demand_tracking,rule,mean_service_rate,-0.00862755680888383
ic_r1,import_intermediate_first,46,demand_tracking,rule,terminal_output,2.8816637992858887
ic_r1,import_intermediate_first,46,demand_tracking,rule,fiscal_spend,0.0
ic_r1,import_intermediate_first,46,demand_tracking,rule,private_spend,4091976.836253441
ic_r1,import_intermediate_first,46,demand_tracking,rule,terminal_ai_effective_mean,0.0
ic_r1,import_intermediate_first,46,demand_tracking,rule,terminal_technology_mean,0.0
ic_r1,import_intermediate_first,46,demand_tracking,rule,terminal_edge_health_mean,-4.769568462403839e-08
ic_r1,import_intermediate_first,46,buffered_smoothing,rule,cumulative_value_added,62884.65665245056
ic_r1,import_intermediate_first,46,buffered_smoothing,rule,cumulative_shortage,42781558.16869408
ic_r1,import_intermediate_first,46,buffered_smoothing,rule,cumulative_welfare,-8493426.977086544
ic_r1,import_intermediate_first,46,buffered_smoothing,rule,cumulative_final_shortage,30968098.464348435
ic_r1,import_intermediate_first,46,buffered_smoothing,rule,cumulative_final_delivered,-30968098.46434784
ic_r1,import_intermediate_first,46,buffered_smoothing,rule,final_fill_rate,-0.0030335575250375335
ic_r1,import_intermediate_first,46,buffered_smoothing,rule,mean_service_rate,-0.0018521922135565916
ic_r1,import_intermediate_first,46,buffered_smoothing,rule,terminal_output,2.467632293701172e-05
ic_r1,import_intermediate_first,46,buffered_smoothing,rule,fiscal_spend,0.0
ic_r1,import_intermediate_first,46,buffered_smoothing,rule,private_spend,863731.1693324717
ic_r1,import_intermediate_first,46,buffered_smoothing,rule,terminal_ai_effective_mean,0.0
ic_r1,import_intermediate_first,46,buffered_smoothing,rule,terminal_technology_mean,0.0
ic_r1,import_intermediate_first,46,buffered_smoothing,rule,terminal_edge_health_mean,-6.468808266824055e-09
ic_r1,import_intermediate_first,47,demand_tracking,rule,cumulative_value_added,466271.30520296097
ic_r1,import_intermediate_first,47,demand_tracking,rule,cumulative_shortage,210589451.23386133
ic_r1,import_intermediate_first,47,demand_tracking,rule,cumulative_welfare,-41651618.94156933
ic_r1,import_intermediate_first,47,demand_tracking,rule,cumulative_final_shortage,149823063.30600333
ic_r1,import_intermediate_first,47,demand_tracking,rule,cumulative_final_delivered,-149823063.30600357
ic_r1,import_intermediate_first,47,demand_tracking,rule,final_fill_rate,-0.014660579418402153
ic_r1,import_intermediate_first,47,demand_tracking,rule,mean_service_rate,-0.008960995548103479
ic_r1,import_intermediate_first,47,demand_tracking,rule,terminal_output,3.0082591772079468
ic_r1,import_intermediate_first,47,demand_tracking,rule,fiscal_spend,0.0
ic_r1,import_intermediate_first,47,demand_tracking,rule,private_spend,4271742.756591915
ic_r1,import_intermediate_first,47,demand_tracking,rule,terminal_ai_effective_mean,0.0
ic_r1,import_intermediate_first,47,demand_tracking,rule,terminal_technology_mean,0.0
ic_r1,import_intermediate_first,47,demand_tracking,rule,terminal_edge_health_mean,-4.957924326642882e-08
ic_r1,import_intermediate_first,47,buffered_smoothing,rule,cumulative_value_added,65647.26226568222
ic_r1,import_intermediate_first,47,buffered_smoothing,rule,cumulative_shortage,44661008.24513966
ic_r1,import_intermediate_first,47,buffered_smoothing,rule,cumulative_welfare,-8866554.386762619
ic_r1,import_intermediate_first,47,buffered_smoothing,rule,cumulative_final_shortage,32262219.177869916
ic_r1,import_intermediate_first,47,buffered_smoothing,rule,cumulative_final_delivered,-32262219.177869797
ic_r1,import_intermediate_first,47,buffered_smoothing,rule,final_fill_rate,-0.003156942703174015
ic_r1,import_intermediate_first,47,buffered_smoothing,rule,mean_service_rate,-0.0019246781148869463
ic_r1,import_intermediate_first,47,buffered_smoothing,rule,terminal_output,2.586841583251953e-05
ic_r1,import_intermediate_first,47,buffered_smoothing,rule,fiscal_spend,0.0
ic_r1,import_intermediate_first,47,buffered_smoothing,rule,private_spend,901676.0147686461
ic_r1,import_intermediate_first,47,buffered_smoothing,rule,terminal_ai_effective_mean,0.0
ic_r1,import_intermediate_first,47,buffered_smoothing,rule,terminal_technology_mean,0.0
ic_r1,import_intermediate_first,47,buffered_smoothing,rule,terminal_edge_health_mean,-6.734708679623225e-09
ic_r1,import_intermediate_first,48,demand_tracking,rule,cumulative_value_added,489504.3841805458
ic_r1,import_intermediate_first,48,demand_tracking,rule,cumulative_shortage,221082572.50847596
ic_r1,import_intermediate_first,48,demand_tracking,rule,cumulative_welfare,-43727010.11751461
ic_r1,import_intermediate_first,48,demand_tracking,rule,cumulative_final_shortage,156832957.49260634
ic_r1,import_intermediate_first,48,demand_tracking,rule,cumulative_final_delivered,-156832957.49260712
ic_r1,import_intermediate_first,48,demand_tracking,rule,final_fill_rate,-0.015327085650057026
ic_r1,import_intermediate_first,48,demand_tracking,rule,mean_service_rate,-0.009351419868752542
ic_r1,import_intermediate_first,48,demand_tracking,rule,terminal_output,3.1581528186798096
ic_r1,import_intermediate_first,48,demand_tracking,rule,fiscal_spend,0.0
ic_r1,import_intermediate_first,48,demand_tracking,rule,private_spend,4484592.519655775
ic_r1,import_intermediate_first,48,demand_tracking,rule,terminal_ai_effective_mean,0.0
ic_r1,import_intermediate_first,48,demand_tracking,rule,terminal_technology_mean,0.0
ic_r1,import_intermediate_first,48,demand_tracking,rule,terminal_edge_health_mean,-5.1790265409579206e-08
ic_r1,import_intermediate_first,48,buffered_smoothing,rule,cumulative_value_added,68918.29355573654
ic_r1,import_intermediate_first,48,buffered_smoothing,rule,cumulative_shortage,46886349.414970875
ic_r1,import_intermediate_first,48,buffered_smoothing,rule,cumulative_welfare,-9308351.589438915
ic_r1,import_intermediate_first,48,buffered_smoothing,rule,cumulative_final_shortage,33788759.24456054
ic_r1,import_intermediate_first,48,buffered_smoothing,rule,cumulative_final_delivered,-33788759.24456024
ic_r1,import_intermediate_first,48,buffered_smoothing,rule,final_fill_rate,-0.0033021325060133
ic_r1,import_intermediate_first,48,buffered_smoothing,rule,mean_service_rate,-0.002009637021606725
ic_r1,import_intermediate_first,48,buffered_smoothing,rule,terminal_output,2.7179718017578125e-05
ic_r1,import_intermediate_first,48,buffered_smoothing,rule,fiscal_spend,0.0
ic_r1,import_intermediate_first,48,buffered_smoothing,rule,private_spend,946604.1710364278
ic_r1,import_intermediate_first,48,buffered_smoothing,rule,terminal_ai_effective_mean,0.0
ic_r1,import_intermediate_first,48,buffered_smoothing,rule,terminal_technology_mean,0.0
ic_r1,import_intermediate_first,48,buffered_smoothing,rule,terminal_edge_health_mean,-7.04776503823723e-09
ic_r1,import_intermediate_first,49,demand_tracking,rule,cumulative_value_added,446271.9571108818
ic_r1,import_intermediate_first,49,demand_tracking,rule,cumulative_shortage,201556830.75570697
ic_r1,import_intermediate_first,49,demand_tracking,rule,cumulative_welfare,-39865094.19403076
ic_r1,import_intermediate_first,49,demand_tracking,rule,cumulative_final_shortage,143760438.44510937
ic_r1,import_intermediate_first,49,demand_tracking,rule,cumulative_final_delivered,-143760438.4451084
ic_r1,import_intermediate_first,49,demand_tracking,rule,final_fill_rate,-0.014082703593603974
ic_r1,import_intermediate_first,49,demand_tracking,rule,mean_service_rate,-0.008621109127000759
ic_r1,import_intermediate_first,49,demand_tracking,rule,terminal_output,2.8792285919189453
ic_r1,import_intermediate_first,49,demand_tracking,rule,fiscal_spend,0.0
ic_r1,import_intermediate_first,49,demand_tracking,rule,private_spend,4088518.806510241
ic_r1,import_intermediate_first,49,demand_tracking,rule,terminal_ai_effective_mean,0.0
ic_r1,import_intermediate_first,49,demand_tracking,rule,terminal_technology_mean,0.0
ic_r1,import_intermediate_first,49,demand_tracking,rule,terminal_edge_health_mean,-4.7659304835967475e-08
ic_r1,import_intermediate_first,49,buffered_smoothing,rule,cumulative_value_added,62831.51436376572
ic_r1,import_intermediate_first,49,buffered_smoothing,rule,cumulative_shortage,42745404.51814175
ic_r1,import_intermediate_first,49,buffered_smoothing,rule,cumulative_welfare,-8486249.389264584
ic_r1,import_intermediate_first,49,buffered_smoothing,rule,cumulative_final_shortage,30943160.04379326
ic_r1,import_intermediate_first,49,buffered_smoothing,rule,cumulative_final_delivered,-30943160.043792725
ic_r1,import_intermediate_first,49,buffered_smoothing,rule,final_fill_rate,-0.003031177115619066
ic_r1,import_intermediate_first,49,buffered_smoothing,rule,mean_service_rate,-0.0018507912179721586
ic_r1,import_intermediate_first,49,buffered_smoothing,rule,terminal_output,2.467632293701172e-05
ic_r1,import_intermediate_first,49,buffered_smoothing,rule,fiscal_spend,0.0
ic_r1,import_intermediate_first,49,buffered_smoothing,rule,private_spend,863001.2512040967
ic_r1,import_intermediate_first,49,buffered_smoothing,rule,terminal_ai_effective_mean,0.0
ic_r1,import_intermediate_first,49,buffered_smoothing,rule,terminal_technology_mean,0.0
ic_r1,import_intermediate_first,49,buffered_smoothing,rule,terminal_edge_health_mean,-6.463679924628707e-09
ic_r1,import_intermediate_first,50,demand_tracking,rule,cumulative_value_added,420547.59453105927
ic_r1,import_intermediate_first,50,demand_tracking,rule,cumulative_shortage,189938531.84144545
ic_r1,import_intermediate_first,50,demand_tracking,rule,cumulative_welfare,-37567158.773757935
ic_r1,import_intermediate_first,50,demand_tracking,rule,cumulative_final_shortage,135922662.4828561
ic_r1,import_intermediate_first,50,demand_tracking,rule,cumulative_final_delivered,-135922662.48285484
ic_r1,import_intermediate_first,50,demand_tracking,rule,final_fill_rate,-0.013333654992605304
ic_r1,import_intermediate_first,50,demand_tracking,rule,mean_service_rate,-0.008178664788882628
ic_r1,import_intermediate_first,50,demand_tracking,rule,terminal_output,2.7132619619369507
ic_r1,import_intermediate_first,50,demand_tracking,rule,fiscal_spend,0.0
ic_r1,import_intermediate_first,50,demand_tracking,rule,private_spend,3852845.1583757885
ic_r1,import_intermediate_first,50,demand_tracking,rule,terminal_ai_effective_mean,0.0
ic_r1,import_intermediate_first,50,demand_tracking,rule,terminal_technology_mean,0.0
ic_r1,import_intermediate_first,50,demand_tracking,rule,terminal_edge_health_mean,-4.516657048370121e-08
ic_r1,import_intermediate_first,50,buffered_smoothing,rule,cumulative_value_added,59209.73031234741
ic_r1,import_intermediate_first,50,buffered_smoothing,rule,cumulative_shortage,40281439.9626323
ic_r1,import_intermediate_first,50,buffered_smoothing,rule,cumulative_welfare,-7997078.262214184
ic_r1,import_intermediate_first,50,buffered_smoothing,rule,cumulative_final_shortage,29239525.375222147
ic_r1,import_intermediate_first,50,buffered_smoothing,rule,cumulative_final_delivered,-29239525.375221252
ic_r1,import_intermediate_first,50,buffered_smoothing,rule,final_fill_rate,-0.0028683203843943295
ic_r1,import_intermediate_first,50,buffered_smoothing,rule,mean_service_rate,-0.0017547137299623872
ic_r1,import_intermediate_first,50,buffered_smoothing,rule,terminal_output,2.3245811462402344e-05
ic_r1,import_intermediate_first,50,buffered_smoothing,rule,fiscal_spend,0.0
ic_r1,import_intermediate_first,50,buffered_smoothing,rule,private_spend,813255.4476891318
ic_r1,import_intermediate_first,50,buffered_smoothing,rule,terminal_ai_effective_mean,0.0
ic_r1,import_intermediate_first,50,buffered_smoothing,rule,terminal_technology_mean,0.0
ic_r1,import_intermediate_first,50,buffered_smoothing,rule,terminal_edge_health_mean,-6.1129322714847945e-09
ic_r1,import_intermediate_first,51,demand_tracking,rule,cumulative_value_added,480527.26662254333
ic_r1,import_intermediate_first,51,demand_tracking,rule,cumulative_shortage,217028095.5568264
ic_r1,import_intermediate_first,51,demand_tracking,rule,cumulative_welfare,-42925091.844742775
ic_r1,import_intermediate_first,51,demand_tracking,rule,cumulative_final_shortage,154128530.50950634
ic_r1,import_intermediate_first,51,demand_tracking,rule,cumulative_final_delivered,-154128530.50950623
ic_r1,import_intermediate_first,51,demand_tracking,rule,final_fill_rate,-0.015070157981365795
ic_r1,import_intermediate_first,51,demand_tracking,rule,mean_service_rate,-0.009201120717744815
ic_r1,import_intermediate_first,51,demand_tracking,rule,terminal_output,3.100234866142273
ic_r1,import_intermediate_first,51,demand_tracking,rule,fiscal_spend,0.0
ic_r1,import_intermediate_first,51,demand_tracking,rule,private_spend,4402348.691921292
ic_r1,import_intermediate_first,51,demand_tracking,rule,terminal_ai_effective_mean,0.0
ic_r1,import_intermediate_first,51,demand_tracking,rule,terminal_technology_mean,0.0
ic_r1,import_intermediate_first,51,demand_tracking,rule,terminal_edge_health_mean,-5.093837840419724e-08
ic_r1,import_intermediate_first,51,buffered_smoothing,rule,cumulative_value_added,67654.38736152649
ic_r1,import_intermediate_first,51,buffered_smoothing,rule,cumulative_shortage,46026491.394987464
ic_r1,import_intermediate_first,51,buffered_smoothing,rule,cumulative_welfare,-9137643.891635895
ic_r1,import_intermediate_first,51,buffered_smoothing,rule,cumulative_final_shortage,33199642.728431344
ic_r1,import_intermediate_first,51,buffered_smoothing,rule,cumulative_final_delivered,-33199642.7284317
ic_r1,import_intermediate_first,51,buffered_smoothing,rule,final_fill_rate,-0.003246146960516838
ic_r1,import_intermediate_first,51,buffered_smoothing,rule,mean_service_rate,-0.001976920089919121
ic_r1,import_intermediate_first,51,buffered_smoothing,rule,terminal_output,2.6702880859375e-05
ic_r1,import_intermediate_first,51,buffered_smoothing,rule,fiscal_spend,0.0
ic_r1,import_intermediate_first,51,buffered_smoothing,rule,private_spend,929244.2102296781
ic_r1,import_intermediate_first,51,buffered_smoothing,rule,terminal_ai_effective_mean,0.0
ic_r1,import_intermediate_first,51,buffered_smoothing,rule,terminal_technology_mean,0.0
ic_r1,import_intermediate_first,51,buffered_smoothing,rule,terminal_edge_health_mean,-6.927029172487664e-09
ic_r1,import_final_first,42,demand_tracking,rule,cumulative_value_added,759843.6023697853
ic_r1,import_final_first,42,demand_tracking,rule,cumulative_shortage,258663684.03531373
ic_r1,import_final_first,42,demand_tracking,rule,cumulative_welfare,-50972893.20469284
ic_r1,import_final_first,42,demand_tracking,rule,cumulative_final_shortage,160539404.9221151
ic_r1,import_final_first,42,demand_tracking,rule,cumulative_final_delivered,-160539404.92211533
ic_r1,import_final_first,42,demand_tracking,rule,final_fill_rate,-0.020150814159038077
ic_r1,import_final_first,42,demand_tracking,rule,mean_service_rate,-0.011316978159152113
ic_r1,import_final_first,42,demand_tracking,rule,terminal_output,388.2719612121582
ic_r1,import_final_first,42,demand_tracking,rule,fiscal_spend,0.0
ic_r1,import_final_first,42,demand_tracking,rule,private_spend,5271011.433109631
ic_r1,import_final_first,42,demand_tracking,rule,terminal_ai_effective_mean,0.0
ic_r1,import_final_first,42,demand_tracking,rule,terminal_technology_mean,0.0
ic_r1,import_final_first,42,demand_tracking,rule,terminal_edge_health_mean,-6.487920101161393e-08
ic_r1,import_final_first,42,buffered_smoothing,rule,cumulative_value_added,92045.61559295654
ic_r1,import_final_first,42,buffered_smoothing,rule,cumulative_shortage,46633875.03603619
ic_r1,import_final_first,42,buffered_smoothing,rule,cumulative_welfare,-9234729.39161396
ic_r1,import_final_first,42,buffered_smoothing,rule,cumulative_final_shortage,29596109.14228165
ic_r1,import_final_first,42,buffered_smoothing,rule,cumulative_final_delivered,-29596109.142281532
ic_r1,import_final_first,42,buffered_smoothing,rule,final_fill_rate,-0.003714886668765627
ic_r1,import_final_first,42,buffered_smoothing,rule,mean_service_rate,-0.002068859615332319
ic_r1,import_final_first,42,buffered_smoothing,rule,terminal_output,0.001522660255432129
ic_r1,import_final_first,42,buffered_smoothing,rule,fiscal_spend,0.0
ic_r1,import_final_first,42,buffered_smoothing,rule,private_spend,944573.0174940946
ic_r1,import_final_first,42,buffered_smoothing,rule,terminal_ai_effective_mean,0.0
ic_r1,import_final_first,42,buffered_smoothing,rule,terminal_technology_mean,0.0
ic_r1,import_final_first,42,buffered_smoothing,rule,terminal_edge_health_mean,-6.729367840740963e-09
ic_r1,import_final_first,43,demand_tracking,rule,cumulative_value_added,768148.5357847214
ic_r1,import_final_first,43,demand_tracking,rule,cumulative_shortage,261490824.60220551
ic_r1,import_final_first,43,demand_tracking,rule,cumulative_welfare,-51530016.38465643
ic_r1,import_final_first,43,demand_tracking,rule,cumulative_final_shortage,162202772.398433
ic_r1,import_final_first,43,demand_tracking,rule,cumulative_final_delivered,-162202772.3984337
ic_r1,import_final_first,43,demand_tracking,rule,final_fill_rate,-0.020354494700387527
ic_r1,import_final_first,43,demand_tracking,rule,mean_service_rate,-0.011428831199504108
ic_r1,import_final_first,43,demand_tracking,rule,terminal_output,392.5156935453415
ic_r1,import_final_first,43,demand_tracking,rule,fiscal_spend,0.0
ic_r1,import_final_first,43,demand_tracking,rule,private_spend,5328622.4978660615
ic_r1,import_final_first,43,demand_tracking,rule,terminal_ai_effective_mean,0.0
ic_r1,import_final_first,43,demand_tracking,rule,terminal_technology_mean,0.0
ic_r1,import_final_first,43,demand_tracking,rule,terminal_edge_health_mean,-6.55226197743275e-08
ic_r1,import_final_first,43,buffered_smoothing,rule,cumulative_value_added,93051.65513372421
ic_r1,import_final_first,43,buffered_smoothing,rule,cumulative_shortage,47143573.6448586
ic_r1,import_final_first,43,buffered_smoothing,rule,cumulative_welfare,-9335663.073838234
ic_r1,import_final_first,43,buffered_smoothing,rule,cumulative_final_shortage,29908122.43487075
ic_r1,import_final_first,43,buffered_smoothing,rule,cumulative_final_delivered,-29908122.434871674
ic_r1,import_final_first,43,buffered_smoothing,rule,final_fill_rate,-0.0037531092138411992
ic_r1,import_final_first,43,buffered_smoothing,rule,mean_service_rate,-0.0020895899766877335
ic_r1,import_final_first,43,buffered_smoothing,rule,terminal_output,0.0015393495559692383
ic_r1,import_final_first,43,buffered_smoothing,rule,fiscal_spend,0.0
ic_r1,import_final_first,43,buffered_smoothing,rule,private_spend,954897.0052085044
ic_r1,import_final_first,43,buffered_smoothing,rule,terminal_ai_effective_mean,0.0
ic_r1,import_final_first,43,buffered_smoothing,rule,terminal_technology_mean,0.0
ic_r1,import_final_first,43,buffered_smoothing,rule,terminal_edge_health_mean,-6.799528717849057e-09
ic_r1,import_final_first,44,demand_tracking,rule,cumulative_value_added,733156.2967305183
ic_r1,import_final_first,44,demand_tracking,rule,cumulative_shortage,249578871.35528404
ic_r1,import_final_first,44,demand_tracking,rule,cumulative_welfare,-49182617.97432661
ic_r1,import_final_first,44,demand_tracking,rule,cumulative_final_shortage,155182729.45339617
ic_r1,import_final_first,44,demand_tracking,rule,cumulative_final_delivered,-155182729.45339584
ic_r1,import_final_first,44,demand_tracking,rule,final_fill_rate,-0.019494156616829073
ic_r1,import_final_first,44,demand_tracking,rule,mean_service_rate,-0.010955966261309125
ic_r1,import_final_first,44,demand_tracking,rule,terminal_output,374.6350334882736
ic_r1,import_final_first,44,demand_tracking,rule,fiscal_spend,0.0
ic_r1,import_final_first,44,demand_tracking,rule,private_spend,5085882.424054153
ic_r1,import_final_first,44,demand_tracking,rule,terminal_ai_effective_mean,0.0
ic_r1,import_final_first,44,demand_tracking,rule,terminal_technology_mean,0.0
ic_r1,import_final_first,44,demand_tracking,rule,terminal_edge_health_mean,-6.280328068708485e-08
ic_r1,import_final_first,44,buffered_smoothing,rule,cumulative_value_added,88812.77995634079
ic_r1,import_final_first,44,buffered_smoothing,rule,cumulative_shortage,44995995.25083828
ic_r1,import_final_first,44,buffered_smoothing,rule,cumulative_welfare,-8910386.270211697
ic_r1,import_final_first,44,buffered_smoothing,rule,cumulative_final_shortage,28592023.736759156
ic_r1,import_final_first,44,buffered_smoothing,rule,cumulative_final_delivered,-28592023.736759186
ic_r1,import_final_first,44,buffered_smoothing,rule,final_fill_rate,-0.00359174884138036
ic_r1,import_final_first,44,buffered_smoothing,rule,mean_service_rate,-0.0020019885317122954
ic_r1,import_final_first,44,buffered_smoothing,rule,terminal_output,0.0014693737030029297
ic_r1,import_final_first,44,buffered_smoothing,rule,fiscal_spend,0.0
ic_r1,import_final_first,44,buffered_smoothing,rule,private_spend,911397.6262189271
ic_r1,import_final_first,44,buffered_smoothing,rule,terminal_ai_effective_mean,0.0
ic_r1,import_final_first,44,buffered_smoothing,rule,terminal_technology_mean,0.0
ic_r1,import_final_first,44,buffered_smoothing,rule,terminal_edge_health_mean,-6.503450222794527e-09
ic_r1,import_final_first,45,demand_tracking,rule,cumulative_value_added,754639.1363668442
ic_r1,import_final_first,45,demand_tracking,rule,cumulative_shortage,256891995.30150807
ic_r1,import_final_first,45,demand_tracking,rule,cumulative_welfare,-50623759.92393446
ic_r1,import_final_first,45,demand_tracking,rule,cumulative_final_shortage,159496152.32721737
ic_r1,import_final_first,45,demand_tracking,rule,cumulative_final_delivered,-159496152.3272171
ic_r1,import_final_first,45,demand_tracking,rule,final_fill_rate,-0.02002301237458448
ic_r1,import_final_first,45,demand_tracking,rule,mean_service_rate,-0.011246764368677997
ic_r1,import_final_first,45,demand_tracking,rule,terminal_output,385.61253476142883
ic_r1,import_final_first,45,demand_tracking,rule,fiscal_spend,0.0
ic_r1,import_final_first,45,demand_tracking,rule,private_spend,5234908.21434265
ic_r1,import_final_first,45,demand_tracking,rule,terminal_ai_effective_mean,0.0
ic_r1,import_final_first,45,demand_tracking,rule,terminal_technology_mean,0.0
ic_r1,import_final_first,45,demand_tracking,rule,terminal_edge_health_mean,-6.447536327058856e-08
ic_r1,import_final_first,45,buffered_smoothing,rule,cumulative_value_added,91415.15917348862
ic_r1,import_final_first,45,buffered_smoothing,rule,cumulative_shortage,46314461.38767916
ic_r1,import_final_first,45,buffered_smoothing,rule,cumulative_welfare,-9171477.118362427
ic_r1,import_final_first,45,buffered_smoothing,rule,cumulative_final_shortage,29400470.266168654
ic_r1,import_final_first,45,buffered_smoothing,rule,cumulative_final_delivered,-29400470.266168594
ic_r1,import_final_first,45,buffered_smoothing,rule,final_fill_rate,-0.0036909102280434647
ic_r1,import_final_first,45,buffered_smoothing,rule,mean_service_rate,-0.0020558492862472466
ic_r1,import_final_first,45,buffered_smoothing,rule,terminal_output,0.0015120506286621094
ic_r1,import_final_first,45,buffered_smoothing,rule,fiscal_spend,0.0
ic_r1,import_final_first,45,buffered_smoothing,rule,private_spend,938103.2674802933
ic_r1,import_final_first,45,buffered_smoothing,rule,terminal_ai_effective_mean,0.0
ic_r1,import_final_first,45,buffered_smoothing,rule,terminal_technology_mean,0.0
ic_r1,import_final_first,45,buffered_smoothing,rule,terminal_edge_health_mean,-6.685365594449877e-09
ic_r1,import_final_first,46,demand_tracking,rule,cumulative_value_added,738675.6187438965
ic_r1,import_final_first,46,demand_tracking,rule,cumulative_shortage,251457742.4292904
ic_r1,import_final_first,46,demand_tracking,rule,cumulative_welfare,-49552872.86711502
ic_r1,import_final_first,46,demand_tracking,rule,cumulative_final_shortage,156292021.768165
ic_r1,import_final_first,46,demand_tracking,rule,cumulative_final_delivered,-156292021.7681656
ic_r1,import_final_first,46,demand_tracking,rule,final_fill_rate,-0.01963023242048134
ic_r1,import_final_first,46,demand_tracking,rule,mean_service_rate,-0.011030827160604773
ic_r1,import_final_first,46,demand_tracking,rule,terminal_output,377.45534801483154
ic_r1,import_final_first,46,demand_tracking,rule,fiscal_spend,0.0
ic_r1,import_final_first,46,demand_tracking,rule,private_spend,5124169.78916829
ic_r1,import_final_first,46,demand_tracking,rule,terminal_ai_effective_mean,0.0
ic_r1,import_final_first,46,demand_tracking,rule,terminal_technology_mean,0.0
ic_r1,import_final_first,46,demand_tracking,rule,terminal_edge_health_mean,-6.323366019689303e-08
ic_r1,import_final_first,46,buffered_smoothing,rule,cumulative_value_added,89481.37727165222
ic_r1,import_final_first,46,buffered_smoothing,rule,cumulative_shortage,45334732.554456234
ic_r1,import_final_first,46,buffered_smoothing,rule,cumulative_welfare,-8977465.133620262
ic_r1,import_final_first,46,buffered_smoothing,rule,cumulative_final_shortage,28799865.89420712
ic_r1,import_final_first,46,buffered_smoothing,rule,cumulative_final_delivered,-28799865.894207954
ic_r1,import_final_first,46,buffered_smoothing,rule,final_fill_rate,-0.0036172547695403345
ic_r1,import_final_first,46,buffered_smoothing,rule,mean_service_rate,-0.002015850508255368
ic_r1,import_final_first,46,buffered_smoothing,rule,terminal_output,0.0014803409576416016
ic_r1,import_final_first,46,buffered_smoothing,rule,fiscal_spend,0.0
ic_r1,import_final_first,46,buffered_smoothing,rule,private_spend,918258.7784772227
ic_r1,import_final_first,46,buffered_smoothing,rule,terminal_ai_effective_mean,0.0
ic_r1,import_final_first,46,buffered_smoothing,rule,terminal_technology_mean,0.0
ic_r1,import_final_first,46,buffered_smoothing,rule,terminal_edge_health_mean,-6.550231135271645e-09
ic_r1,import_final_first,47,demand_tracking,rule,cumulative_value_added,771126.6094865799
ic_r1,import_final_first,47,demand_tracking,rule,cumulative_shortage,262504611.53508526
ic_r1,import_final_first,47,demand_tracking,rule,cumulative_welfare,-51729795.69753027
ic_r1,import_final_first,47,demand_tracking,rule,cumulative_final_shortage,162798827.48970664
ic_r1,import_final_first,47,demand_tracking,rule,cumulative_final_delivered,-162798827.489707
ic_r1,import_final_first,47,demand_tracking,rule,final_fill_rate,-0.020427455947676254
ic_r1,import_final_first,47,demand_tracking,rule,mean_service_rate,-0.011468884084702258
ic_r1,import_final_first,47,demand_tracking,rule,terminal_output,394.0374573469162
ic_r1,import_final_first,47,demand_tracking,rule,fiscal_spend,0.0
ic_r1,import_final_first,47,demand_tracking,rule,private_spend,5349281.302498322
ic_r1,import_final_first,47,demand_tracking,rule,terminal_ai_effective_mean,0.0
ic_r1,import_final_first,47,demand_tracking,rule,terminal_technology_mean,0.0
ic_r1,import_final_first,47,demand_tracking,rule,terminal_edge_health_mean,-6.575304556388772e-08
ic_r1,import_final_first,47,buffered_smoothing,rule,cumulative_value_added,93412.41177654266
ic_r1,import_final_first,47,buffered_smoothing,rule,cumulative_shortage,47326346.937203825
ic_r1,import_final_first,47,buffered_smoothing,rule,cumulative_welfare,-9371856.975664139
ic_r1,import_final_first,47,buffered_smoothing,rule,cumulative_final_shortage,30019955.620891094
ic_r1,import_final_first,47,buffered_smoothing,rule,cumulative_final_delivered,-30019955.62089157
ic_r1,import_final_first,47,buffered_smoothing,rule,final_fill_rate,-0.003766804285096792
ic_r1,import_final_first,47,buffered_smoothing,rule,mean_service_rate,-0.0020970145349777924
ic_r1,import_final_first,47,buffered_smoothing,rule,terminal_output,0.0015451908111572266
ic_r1,import_final_first,47,buffered_smoothing,rule,fiscal_spend,0.0
ic_r1,import_final_first,47,buffered_smoothing,rule,private_spend,958599.0934466049
ic_r1,import_final_first,47,buffered_smoothing,rule,terminal_ai_effective_mean,0.0
ic_r1,import_final_first,47,buffered_smoothing,rule,terminal_technology_mean,0.0
ic_r1,import_final_first,47,buffered_smoothing,rule,terminal_edge_health_mean,-6.824670939487021e-09
ic_r1,import_final_first,48,demand_tracking,rule,cumulative_value_added,809549.830517292
ic_r1,import_final_first,48,demand_tracking,rule,cumulative_shortage,275584529.39347976
ic_r1,import_final_first,48,demand_tracking,rule,cumulative_welfare,-54307356.04817915
ic_r1,import_final_first,48,demand_tracking,rule,cumulative_final_shortage,170469747.63985857
ic_r1,import_final_first,48,demand_tracking,rule,cumulative_final_delivered,-170469747.63985825
ic_r1,import_final_first,48,demand_tracking,rule,final_fill_rate,-0.02136519758031219
ic_r1,import_final_first,48,demand_tracking,rule,mean_service_rate,-0.011982984354414139
ic_r1,import_final_first,48,demand_tracking,rule,terminal_output,413.6713126897812
ic_r1,import_final_first,48,demand_tracking,rule,fiscal_spend,0.0
ic_r1,import_final_first,48,demand_tracking,rule,private_spend,5615821.991551215
ic_r1,import_final_first,48,demand_tracking,rule,terminal_ai_effective_mean,0.0
ic_r1,import_final_first,48,demand_tracking,rule,terminal_technology_mean,0.0
ic_r1,import_final_first,48,demand_tracking,rule,terminal_edge_health_mean,-6.871201485569856e-08
ic_r1,import_final_first,48,buffered_smoothing,rule,cumulative_value_added,98066.90780973434
ic_r1,import_final_first,48,buffered_smoothing,rule,cumulative_shortage,49684494.95927632
ic_r1,import_final_first,48,buffered_smoothing,rule,cumulative_welfare,-9838832.084045887
ic_r1,import_final_first,48,buffered_smoothing,rule,cumulative_final_shortage,31460393.069684923
ic_r1,import_final_first,48,buffered_smoothing,rule,cumulative_final_delivered,-31460393.069684982
ic_r1,import_final_first,48,buffered_smoothing,rule,final_fill_rate,-0.003942972422931734
ic_r1,import_final_first,48,buffered_smoothing,rule,mean_service_rate,-0.0021923748909034035
ic_r1,import_final_first,48,buffered_smoothing,rule,terminal_output,0.0016220808029174805
ic_r1,import_final_first,48,buffered_smoothing,rule,fiscal_spend,0.0
ic_r1,import_final_first,48,buffered_smoothing,rule,private_spend,1006363.5777659025
ic_r1,import_final_first,48,buffered_smoothing,rule,terminal_ai_effective_mean,0.0
ic_r1,import_final_first,48,buffered_smoothing,rule,terminal_technology_mean,0.0
ic_r1,import_final_first,48,buffered_smoothing,rule,terminal_edge_health_mean,-7.1482799679500886e-09
ic_r1,import_final_first,49,demand_tracking,rule,cumulative_value_added,738051.3820085526
ic_r1,import_final_first,49,demand_tracking,rule,cumulative_shortage,251245241.628999
ic_r1,import_final_first,49,demand_tracking,rule,cumulative_welfare,-49510996.94379187
ic_r1,import_final_first,49,demand_tracking,rule,cumulative_final_shortage,156166598.69769567
ic_r1,import_final_first,49,demand_tracking,rule,cumulative_final_delivered,-156166598.69769573
ic_r1,import_final_first,49,demand_tracking,rule,final_fill_rate,-0.019614849283372093
ic_r1,import_final_first,49,demand_tracking,rule,mean_service_rate,-0.011022365576389137
ic_r1,import_final_first,49,demand_tracking,rule,terminal_output,377.1363697052002
ic_r1,import_final_first,49,demand_tracking,rule,fiscal_spend,0.0
ic_r1,import_final_first,49,demand_tracking,rule,private_spend,5119839.478355388
ic_r1,import_final_first,49,demand_tracking,rule,terminal_ai_effective_mean,0.0
ic_r1,import_final_first,49,demand_tracking,rule,terminal_technology_mean,0.0
ic_r1,import_final_first,49,demand_tracking,rule,terminal_edge_health_mean,-6.318501166724388e-08
ic_r1,import_final_first,49,buffered_smoothing,rule,cumulative_value_added,89405.75874376297
ic_r1,import_final_first,49,buffered_smoothing,rule,cumulative_shortage,45296421.27855104
ic_r1,import_final_first,49,buffered_smoothing,rule,cumulative_welfare,-8969878.496966839
ic_r1,import_final_first,49,buffered_smoothing,rule,cumulative_final_shortage,28776363.690033376
ic_r1,import_final_first,49,buffered_smoothing,rule,cumulative_final_delivered,-28776363.690033913
ic_r1,import_final_first,49,buffered_smoothing,rule,final_fill_rate,-0.003614371071730571
ic_r1,import_final_first,49,buffered_smoothing,rule,mean_service_rate,-0.0020142835556360428
ic_r1,import_final_first,49,buffered_smoothing,rule,terminal_output,0.001479029655456543
ic_r1,import_final_first,49,buffered_smoothing,rule,fiscal_spend,0.0
ic_r1,import_final_first,49,buffered_smoothing,rule,private_spend,917482.7803973285
ic_r1,import_final_first,49,buffered_smoothing,rule,terminal_ai_effective_mean,0.0
ic_r1,import_final_first,49,buffered_smoothing,rule,terminal_technology_mean,0.0
ic_r1,import_final_first,49,buffered_smoothing,rule,terminal_edge_health_mean,-6.544941588693121e-09
ic_r1,import_final_first,50,demand_tracking,rule,cumulative_value_added,695508.0380883217
ic_r1,import_final_first,50,demand_tracking,rule,cumulative_shortage,236762763.8727895
ic_r1,import_final_first,50,demand_tracking,rule,cumulative_welfare,-46657044.73646927
ic_r1,import_final_first,50,demand_tracking,rule,cumulative_final_shortage,147595598.15438053
ic_r1,import_final_first,50,demand_tracking,rule,cumulative_final_delivered,-147595598.1543808
ic_r1,import_final_first,50,demand_tracking,rule,final_fill_rate,-0.018562175093293276
ic_r1,import_final_first,50,demand_tracking,rule,mean_service_rate,-0.010442545657036284
ic_r1,import_final_first,50,demand_tracking,rule,terminal_output,355.3971754312515
ic_r1,import_final_first,50,demand_tracking,rule,fiscal_spend,0.0
ic_r1,import_final_first,50,demand_tracking,rule,private_spend,4824717.624982605
ic_r1,import_final_first,50,demand_tracking,rule,terminal_ai_effective_mean,0.0
ic_r1,import_final_first,50,demand_tracking,rule,terminal_technology_mean,0.0
ic_r1,import_final_first,50,demand_tracking,rule,terminal_edge_health_mean,-5.985282758302901e-08
ic_r1,import_final_first,50,buffered_smoothing,rule,cumulative_value_added,84252.16099214554
ic_r1,import_final_first,50,buffered_smoothing,rule,cumulative_shortage,42685408.98892844
ic_r1,import_final_first,50,buffered_smoothing,rule,cumulative_welfare,-8452829.636793137
ic_r1,import_final_first,50,buffered_smoothing,rule,cumulative_final_shortage,27171725.73054704
ic_r1,import_final_first,50,buffered_smoothing,rule,cumulative_final_delivered,-27171725.73054695
ic_r1,import_final_first,50,buffered_smoothing,rule,final_fill_rate,-0.003417217971973696
ic_r1,import_final_first,50,buffered_smoothing,rule,mean_service_rate,-0.0019069846649734101
ic_r1,import_final_first,50,buffered_smoothing,rule,terminal_output,0.0013937950134277344
ic_r1,import_final_first,50,buffered_smoothing,rule,fiscal_spend,0.0
ic_r1,import_final_first,50,buffered_smoothing,rule,private_spend,864596.5093075456
ic_r1,import_final_first,50,buffered_smoothing,rule,terminal_ai_effective_mean,0.0
ic_r1,import_final_first,50,buffered_smoothing,rule,terminal_technology_mean,0.0
ic_r1,import_final_first,50,buffered_smoothing,rule,terminal_edge_health_mean,-6.183538792114973e-09
ic_r1,import_final_first,51,demand_tracking,rule,cumulative_value_added,794703.3363232613
ic_r1,import_final_first,51,demand_tracking,rule,cumulative_shortage,270530530.2926949
ic_r1,import_final_first,51,demand_tracking,rule,cumulative_welfare,-53311402.722215176
ic_r1,import_final_first,51,demand_tracking,rule,cumulative_final_shortage,167510002.44369715
ic_r1,import_final_first,51,demand_tracking,rule,cumulative_final_delivered,-167510002.44369698
ic_r1,import_final_first,51,demand_tracking,rule,final_fill_rate,-0.02100365070704413
ic_r1,import_final_first,51,demand_tracking,rule,mean_service_rate,-0.011784923427872518
ic_r1,import_final_first,51,demand_tracking,rule,terminal_output,406.0849128961563
ic_r1,import_final_first,51,demand_tracking,rule,fiscal_spend,0.0
ic_r1,import_final_first,51,demand_tracking,rule,private_spend,5512832.3231618665
ic_r1,import_final_first,51,demand_tracking,rule,terminal_ai_effective_mean,0.0
ic_r1,import_final_first,51,demand_tracking,rule,terminal_technology_mean,0.0
ic_r1,import_final_first,51,demand_tracking,rule,terminal_edge_health_mean,-6.757175252669612e-08
ic_r1,import_final_first,51,buffered_smoothing,rule,cumulative_value_added,96268.43942308426
ic_r1,import_final_first,51,buffered_smoothing,rule,cumulative_shortage,48773321.19564146
ic_r1,import_final_first,51,buffered_smoothing,rule,cumulative_welfare,-9658395.799705029
ic_r1,import_final_first,51,buffered_smoothing,rule,cumulative_final_shortage,30904351.153770626
ic_r1,import_final_first,51,buffered_smoothing,rule,cumulative_final_delivered,-30904351.153770447
ic_r1,import_final_first,51,buffered_smoothing,rule,final_fill_rate,-0.0038750175362202155
ic_r1,import_final_first,51,buffered_smoothing,rule,mean_service_rate,-0.0021556229567197827
ic_r1,import_final_first,51,buffered_smoothing,rule,terminal_output,0.0015925168991088867
ic_r1,import_final_first,51,buffered_smoothing,rule,fiscal_spend,0.0
ic_r1,import_final_first,51,buffered_smoothing,rule,private_spend,987907.6773992013
ic_r1,import_final_first,51,buffered_smoothing,rule,terminal_ai_effective_mean,0.0
ic_r1,import_final_first,51,buffered_smoothing,rule,terminal_technology_mean,0.0
ic_r1,import_final_first,51,buffered_smoothing,rule,terminal_edge_health_mean,-7.023410741879843e-09
ic_r1,backlog_retention_minus20,42,demand_tracking,rule,cumulative_value_added,419583.31053590775
ic_r1,backlog_retention_minus20,42,demand_tracking,rule,cumulative_shortage,188200460.81085378
ic_r1,backlog_retention_minus20,42,demand_tracking,rule,cumulative_welfare,-37220508.85163498
ic_r1,backlog_retention_minus20,42,demand_tracking,rule,cumulative_final_shortage,132181784.388224
ic_r1,backlog_retention_minus20,42,demand_tracking,rule,cumulative_final_delivered,-132181784.38822365
ic_r1,backlog_retention_minus20,42,demand_tracking,rule,final_fill_rate,-0.014044757068528368
ic_r1,backlog_retention_minus20,42,demand_tracking,rule,mean_service_rate,-0.008140385191844457
ic_r1,backlog_retention_minus20,42,demand_tracking,rule,terminal_output,5.985154390335083
ic_r1,backlog_retention_minus20,42,demand_tracking,rule,fiscal_spend,0.0
ic_r1,backlog_retention_minus20,42,demand_tracking,rule,private_spend,3818020.1465999167
ic_r1,backlog_retention_minus20,42,demand_tracking,rule,terminal_ai_effective_mean,0.0
ic_r1,backlog_retention_minus20,42,demand_tracking,rule,terminal_technology_mean,0.0
ic_r1,backlog_retention_minus20,42,demand_tracking,rule,terminal_edge_health_mean,-4.1589696242461116e-08
ic_r1,backlog_retention_minus20,42,buffered_smoothing,rule,cumulative_value_added,65761.87235546112
ic_r1,backlog_retention_minus20,42,buffered_smoothing,rule,cumulative_shortage,39102538.948818445
ic_r1,backlog_retention_minus20,42,buffered_smoothing,rule,cumulative_welfare,-7754745.9174079895
ic_r1,backlog_retention_minus20,42,buffered_smoothing,rule,cumulative_final_shortage,27836496.46947199
ic_r1,backlog_retention_minus20,42,buffered_smoothing,rule,cumulative_final_delivered,-27836496.469470978
ic_r1,backlog_retention_minus20,42,buffered_smoothing,rule,final_fill_rate,-0.0029577209322912967
ic_r1,backlog_retention_minus20,42,buffered_smoothing,rule,mean_service_rate,-0.001711615245097331
ic_r1,backlog_retention_minus20,42,buffered_smoothing,rule,terminal_output,3.516674041748047e-05
ic_r1,backlog_retention_minus20,42,buffered_smoothing,rule,fiscal_spend,0.0
ic_r1,backlog_retention_minus20,42,buffered_smoothing,rule,private_spend,790548.0795314042
ic_r1,backlog_retention_minus20,42,buffered_smoothing,rule,terminal_ai_effective_mean,0.0
ic_r1,backlog_retention_minus20,42,buffered_smoothing,rule,terminal_technology_mean,0.0
ic_r1,backlog_retention_minus20,42,buffered_smoothing,rule,terminal_edge_health_mean,-5.457384766316409e-09
ic_r1,backlog_retention_minus20,43,demand_tracking,rule,cumulative_value_added,424169.2693371773
ic_r1,backlog_retention_minus20,43,demand_tracking,rule,cumulative_shortage,190257452.921865
ic_r1,backlog_retention_minus20,43,demand_tracking,rule,cumulative_welfare,-37627321.31503582
ic_r1,backlog_retention_minus20,43,demand_tracking,rule,cumulative_final_shortage,133571683.82803485
ic_r1,backlog_retention_minus20,43,demand_tracking,rule,cumulative_final_delivered,-133571683.82803345
ic_r1,backlog_retention_minus20,43,demand_tracking,rule,final_fill_rate,-0.014188636000371013
ic_r1,backlog_retention_minus20,43,demand_tracking,rule,mean_service_rate,-0.008219869049648998
ic_r1,backlog_retention_minus20,43,demand_tracking,rule,terminal_output,6.050570845603943
ic_r1,backlog_retention_minus20,43,demand_tracking,rule,fiscal_spend,0.0
ic_r1,backlog_retention_minus20,43,demand_tracking,rule,private_spend,3859750.31711811
ic_r1,backlog_retention_minus20,43,demand_tracking,rule,terminal_ai_effective_mean,0.0
ic_r1,backlog_retention_minus20,43,demand_tracking,rule,terminal_technology_mean,0.0
ic_r1,backlog_retention_minus20,43,demand_tracking,rule,terminal_edge_health_mean,-4.200256331632346e-08
ic_r1,backlog_retention_minus20,43,buffered_smoothing,rule,cumulative_value_added,66480.63601875305
ic_r1,backlog_retention_minus20,43,buffered_smoothing,rule,cumulative_shortage,39529921.61192006
ic_r1,backlog_retention_minus20,43,buffered_smoothing,rule,cumulative_welfare,-7839503.686365128
ic_r1,backlog_retention_minus20,43,buffered_smoothing,rule,cumulative_final_shortage,28131966.348623365
ic_r1,backlog_retention_minus20,43,buffered_smoothing,rule,cumulative_final_delivered,-28131966.348623276
ic_r1,backlog_retention_minus20,43,buffered_smoothing,rule,final_fill_rate,-0.0029883147315055147
ic_r1,backlog_retention_minus20,43,buffered_smoothing,rule,mean_service_rate,-0.0017285278303974527
ic_r1,backlog_retention_minus20,43,buffered_smoothing,rule,terminal_output,3.552436828613281e-05
ic_r1,backlog_retention_minus20,43,buffered_smoothing,rule,fiscal_spend,0.0
ic_r1,backlog_retention_minus20,43,buffered_smoothing,rule,private_spend,799188.6065309979
ic_r1,backlog_retention_minus20,43,buffered_smoothing,rule,terminal_ai_effective_mean,0.0
ic_r1,backlog_retention_minus20,43,buffered_smoothing,rule,terminal_technology_mean,0.0
ic_r1,backlog_retention_minus20,43,buffered_smoothing,rule,terminal_edge_health_mean,-5.513621004205049e-09
ic_r1,backlog_retention_minus20,44,demand_tracking,rule,cumulative_value_added,404846.66208028793
ic_r1,backlog_retention_minus20,44,demand_tracking,rule,cumulative_shortage,181590464.74921697
ic_r1,backlog_retention_minus20,44,demand_tracking,rule,cumulative_welfare,-35913246.28776312
ic_r1,backlog_retention_minus20,44,demand_tracking,rule,cumulative_final_shortage,127708557.13841373
ic_r1,backlog_retention_minus20,44,demand_tracking,rule,cumulative_final_delivered,-127708557.13841438
ic_r1,backlog_retention_minus20,44,demand_tracking,rule,final_fill_rate,-0.013581157718822734
ic_r1,backlog_retention_minus20,44,demand_tracking,rule,mean_service_rate,-0.007883711716795805
ic_r1,backlog_retention_minus20,44,demand_tracking,rule,terminal_output,5.774943232536316
ic_r1,backlog_retention_minus20,44,demand_tracking,rule,fiscal_spend,0.0
ic_r1,backlog_retention_minus20,44,demand_tracking,rule,private_spend,3683923.247880631
ic_r1,backlog_retention_minus20,44,demand_tracking,rule,terminal_ai_effective_mean,0.0
ic_r1,backlog_retention_minus20,44,demand_tracking,rule,terminal_technology_mean,0.0
ic_r1,backlog_retention_minus20,44,demand_tracking,rule,terminal_edge_health_mean,-4.025771638271891e-08
ic_r1,backlog_retention_minus20,44,buffered_smoothing,rule,cumulative_value_added,63452.177069187164
ic_r1,backlog_retention_minus20,44,buffered_smoothing,rule,cumulative_shortage,37729175.52910131
ic_r1,backlog_retention_minus20,44,buffered_smoothing,rule,cumulative_welfare,-7482382.928750992
ic_r1,backlog_retention_minus20,44,buffered_smoothing,rule,cumulative_final_shortage,26885931.387988746
ic_r1,backlog_retention_minus20,44,buffered_smoothing,rule,cumulative_final_delivered,-26885931.387989044
ic_r1,backlog_retention_minus20,44,buffered_smoothing,rule,final_fill_rate,-0.0028591825229218326
ic_r1,backlog_retention_minus20,44,buffered_smoothing,rule,mean_service_rate,-0.001657026623063218
ic_r1,backlog_retention_minus20,44,buffered_smoothing,rule,terminal_output,3.3974647521972656e-05
ic_r1,backlog_retention_minus20,44,buffered_smoothing,rule,fiscal_spend,0.0
ic_r1,backlog_retention_minus20,44,buffered_smoothing,rule,private_spend,762782.3680675635
ic_r1,backlog_retention_minus20,44,buffered_smoothing,rule,terminal_ai_effective_mean,0.0
ic_r1,backlog_retention_minus20,44,buffered_smoothing,rule,terminal_technology_mean,0.0
ic_r1,backlog_retention_minus20,44,buffered_smoothing,rule,terminal_edge_health_mean,-5.276214465332885e-09
ic_r1,backlog_retention_minus20,45,demand_tracking,rule,cumulative_value_added,416709.4203453064
ic_r1,backlog_retention_minus20,45,demand_tracking,rule,cumulative_shortage,186911402.25066495
ic_r1,backlog_retention_minus20,45,demand_tracking,rule,cumulative_welfare,-36965571.02978802
ic_r1,backlog_retention_minus20,45,demand_tracking,rule,cumulative_final_shortage,131310257.45783588
ic_r1,backlog_retention_minus20,45,demand_tracking,rule,cumulative_final_delivered,-131310257.45783615
ic_r1,backlog_retention_minus20,45,demand_tracking,rule,final_fill_rate,-0.013954498033489804
ic_r1,backlog_retention_minus20,45,demand_tracking,rule,mean_service_rate,-0.00809048047663763
ic_r1,backlog_retention_minus20,45,demand_tracking,rule,terminal_output,5.944159746170044
ic_r1,backlog_retention_minus20,45,demand_tracking,rule,fiscal_spend,0.0
ic_r1,backlog_retention_minus20,45,demand_tracking,rule,private_spend,3791869.033410591
ic_r1,backlog_retention_minus20,45,demand_tracking,rule,terminal_ai_effective_mean,0.0
ic_r1,backlog_retention_minus20,45,demand_tracking,rule,terminal_technology_mean,0.0
ic_r1,backlog_retention_minus20,45,demand_tracking,rule,terminal_edge_health_mean,-4.133056941135749e-08
ic_r1,backlog_retention_minus20,45,buffered_smoothing,rule,cumulative_value_added,65311.44357299805
ic_r1,backlog_retention_minus20,45,buffered_smoothing,rule,cumulative_shortage,38834710.36678499
ic_r1,backlog_retention_minus20,45,buffered_smoothing,rule,cumulative_welfare,-7701630.629784584
ic_r1,backlog_retention_minus20,45,buffered_smoothing,rule,cumulative_final_shortage,27651251.859630197
ic_r1,backlog_retention_minus20,45,buffered_smoothing,rule,cumulative_final_delivered,-27651251.859630585
ic_r1,backlog_retention_minus20,45,buffered_smoothing,rule,final_fill_rate,-0.002938531590516713
ic_r1,backlog_retention_minus20,45,buffered_smoothing,rule,mean_service_rate,-0.001700998488399219
ic_r1,backlog_retention_minus20,45,buffered_smoothing,rule,terminal_output,3.4928321838378906e-05
ic_r1,backlog_retention_minus20,45,buffered_smoothing,rule,fiscal_spend,0.0
ic_r1,backlog_retention_minus20,45,buffered_smoothing,rule,private_spend,785133.3065559883
ic_r1,backlog_retention_minus20,45,buffered_smoothing,rule,terminal_ai_effective_mean,0.0
ic_r1,backlog_retention_minus20,45,buffered_smoothing,rule,terminal_technology_mean,0.0
ic_r1,backlog_retention_minus20,45,buffered_smoothing,rule,terminal_edge_health_mean,-5.422108428909667e-09
ic_r1,backlog_retention_minus20,46,demand_tracking,rule,cumulative_value_added,407894.4147953987
ic_r1,backlog_retention_minus20,46,demand_tracking,rule,cumulative_shortage,182957507.83936292
ic_r1,backlog_retention_minus20,46,demand_tracking,rule,cumulative_welfare,-36183607.1530776
ic_r1,backlog_retention_minus20,46,demand_tracking,rule,cumulative_final_shortage,128634551.4377861
ic_r1,backlog_retention_minus20,46,demand_tracking,rule,cumulative_final_delivered,-128634551.4377861
ic_r1,backlog_retention_minus20,46,demand_tracking,rule,final_fill_rate,-0.013677194407741622
ic_r1,backlog_retention_minus20,46,demand_tracking,rule,mean_service_rate,-0.007936953480878639
ic_r1,backlog_retention_minus20,46,demand_tracking,rule,terminal_output,5.818417906761169
ic_r1,backlog_retention_minus20,46,demand_tracking,rule,fiscal_spend,0.0
ic_r1,backlog_retention_minus20,46,demand_tracking,rule,private_spend,3711656.432151056
ic_r1,backlog_retention_minus20,46,demand_tracking,rule,terminal_ai_effective_mean,0.0
ic_r1,backlog_retention_minus20,46,demand_tracking,rule,terminal_technology_mean,0.0
ic_r1,backlog_retention_minus20,46,demand_tracking,rule,terminal_edge_health_mean,-4.053385072033677e-08
ic_r1,backlog_retention_minus20,46,buffered_smoothing,rule,cumulative_value_added,63929.85556602478
ic_r1,backlog_retention_minus20,46,buffered_smoothing,rule,cumulative_shortage,38013207.01046246
ic_r1,backlog_retention_minus20,46,buffered_smoothing,rule,cumulative_welfare,-7538711.546526909
ic_r1,backlog_retention_minus20,46,buffered_smoothing,rule,cumulative_final_shortage,27082659.66082728
ic_r1,backlog_retention_minus20,46,buffered_smoothing,rule,cumulative_final_delivered,-27082659.660827637
ic_r1,backlog_retention_minus20,46,buffered_smoothing,rule,final_fill_rate,-0.00287959025875717
ic_r1,backlog_retention_minus20,46,buffered_smoothing,rule,mean_service_rate,-0.001668346624258188
ic_r1,backlog_retention_minus20,46,buffered_smoothing,rule,terminal_output,3.421306610107422e-05
ic_r1,backlog_retention_minus20,46,buffered_smoothing,rule,fiscal_spend,0.0
ic_r1,backlog_retention_minus20,46,buffered_smoothing,rule,private_spend,768524.7200516872
ic_r1,backlog_retention_minus20,46,buffered_smoothing,rule,terminal_ai_effective_mean,0.0
ic_r1,backlog_retention_minus20,46,buffered_smoothing,rule,terminal_technology_mean,0.0
ic_r1,backlog_retention_minus20,46,buffered_smoothing,rule,terminal_edge_health_mean,-5.313740558676727e-09
ic_r1,backlog_retention_minus20,47,demand_tracking,rule,cumulative_value_added,425813.7525162697
ic_r1,backlog_retention_minus20,47,demand_tracking,rule,cumulative_shortage,190995071.61249727
ic_r1,backlog_retention_minus20,47,demand_tracking,rule,cumulative_welfare,-37773200.569983006
ic_r1,backlog_retention_minus20,47,demand_tracking,rule,cumulative_final_shortage,134069843.07119709
ic_r1,backlog_retention_minus20,47,demand_tracking,rule,cumulative_final_delivered,-134069843.07119751
ic_r1,backlog_retention_minus20,47,demand_tracking,rule,final_fill_rate,-0.014240184763614105
ic_r1,backlog_retention_minus20,47,demand_tracking,rule,mean_service_rate,-0.00824832620217919
ic_r1,backlog_retention_minus20,47,demand_tracking,rule,terminal_output,6.0740286111831665
ic_r1,backlog_retention_minus20,47,demand_tracking,rule,fiscal_spend,0.0
ic_r1,backlog_retention_minus20,47,demand_tracking,rule,private_spend,3874714.3772973847
ic_r1,backlog_retention_minus20,47,demand_tracking,rule,terminal_ai_effective_mean,0.0
ic_r1,backlog_retention_minus20,47,demand_tracking,rule,terminal_technology_mean,0.0
ic_r1,backlog_retention_minus20,47,demand_tracking,rule,terminal_edge_health_mean,-4.21504255943006e-08
ic_r1,backlog_retention_minus20,47,buffered_smoothing,rule,cumulative_value_added,66738.37814092636
ic_r1,backlog_retention_minus20,47,buffered_smoothing,rule,cumulative_shortage,39683177.15367329
ic_r1,backlog_retention_minus20,47,buffered_smoothing,rule,cumulative_welfare,-7869897.052593708
ic_r1,backlog_retention_minus20,47,buffered_smoothing,rule,cumulative_final_shortage,28237880.084881306
ic_r1,backlog_retention_minus20,47,buffered_smoothing,rule,cumulative_final_delivered,-28237880.08488083
ic_r1,backlog_retention_minus20,47,buffered_smoothing,rule,final_fill_rate,-0.0029992772463226514
ic_r1,backlog_retention_minus20,47,buffered_smoothing,rule,mean_service_rate,-0.0017345838863047636
ic_r1,backlog_retention_minus20,47,buffered_smoothing,rule,terminal_output,3.5643577575683594e-05
ic_r1,backlog_retention_minus20,47,buffered_smoothing,rule,fiscal_spend,0.0
ic_r1,backlog_retention_minus20,47,buffered_smoothing,rule,private_spend,802287.0210449314
ic_r1,backlog_retention_minus20,47,buffered_smoothing,rule,terminal_ai_effective_mean,0.0
ic_r1,backlog_retention_minus20,47,buffered_smoothing,rule,terminal_technology_mean,0.0
ic_r1,backlog_retention_minus20,47,buffered_smoothing,rule,terminal_edge_health_mean,-5.533770330856669e-09
ic_r1,backlog_retention_minus20,48,demand_tracking,rule,cumulative_value_added,447030.93751478195
ic_r1,backlog_retention_minus20,48,demand_tracking,rule,cumulative_shortage,200511856.2260723
ic_r1,backlog_retention_minus20,48,demand_tracking,rule,cumulative_welfare,-39655340.30769968
ic_r1,backlog_retention_minus20,48,demand_tracking,rule,cumulative_final_shortage,140485565.0003702
ic_r1,backlog_retention_minus20,48,demand_tracking,rule,cumulative_final_delivered,-140485565.00037003
ic_r1,backlog_retention_minus20,48,demand_tracking,rule,final_fill_rate,-0.014903156726173594
ic_r1,backlog_retention_minus20,48,demand_tracking,rule,mean_service_rate,-0.00861336293831827
ic_r1,backlog_retention_minus20,48,demand_tracking,rule,terminal_output,6.376681566238403
ic_r1,backlog_retention_minus20,48,demand_tracking,rule,fiscal_spend,0.0
ic_r1,backlog_retention_minus20,48,demand_tracking,rule,private_spend,4067781.255183517
ic_r1,backlog_retention_minus20,48,demand_tracking,rule,terminal_ai_effective_mean,0.0
ic_r1,backlog_retention_minus20,48,demand_tracking,rule,terminal_technology_mean,0.0
ic_r1,backlog_retention_minus20,48,demand_tracking,rule,terminal_edge_health_mean,-4.4049331515694234e-08
ic_r1,backlog_retention_minus20,48,buffered_smoothing,rule,cumulative_value_added,70063.77687978745
ic_r1,backlog_retention_minus20,48,buffered_smoothing,rule,cumulative_shortage,41660486.02643925
ic_r1,backlog_retention_minus20,48,buffered_smoothing,rule,cumulative_welfare,-8262033.428408146
ic_r1,backlog_retention_minus20,48,buffered_smoothing,rule,cumulative_final_shortage,29602550.16568166
ic_r1,backlog_retention_minus20,48,buffered_smoothing,rule,cumulative_final_delivered,-29602550.16567993
ic_r1,backlog_retention_minus20,48,buffered_smoothing,rule,final_fill_rate,-0.003140332920413491
ic_r1,backlog_retention_minus20,48,buffered_smoothing,rule,mean_service_rate,-0.001812312416210049
ic_r1,backlog_retention_minus20,48,buffered_smoothing,rule,terminal_output,3.743171691894531e-05
ic_r1,backlog_retention_minus20,48,buffered_smoothing,rule,fiscal_spend,0.0
ic_r1,backlog_retention_minus20,48,buffered_smoothing,rule,private_spend,842262.8838412445
ic_r1,backlog_retention_minus20,48,buffered_smoothing,rule,terminal_ai_effective_mean,0.0
ic_r1,backlog_retention_minus20,48,buffered_smoothing,rule,terminal_technology_mean,0.0
ic_r1,backlog_retention_minus20,48,buffered_smoothing,rule,terminal_edge_health_mean,-5.792969326456898e-09
ic_r1,backlog_retention_minus20,49,demand_tracking,rule,cumulative_value_added,407549.71318149567
ic_r1,backlog_retention_minus20,49,demand_tracking,rule,cumulative_shortage,182802894.91529953
ic_r1,backlog_retention_minus20,49,demand_tracking,rule,cumulative_welfare,-36153029.269878864
ic_r1,backlog_retention_minus20,49,demand_tracking,rule,cumulative_final_shortage,128529843.98385781
ic_r1,backlog_retention_minus20,49,demand_tracking,rule,cumulative_final_delivered,-128529843.98385811
ic_r1,backlog_retention_minus20,49,demand_tracking,rule,final_fill_rate,-0.013666336768342058
ic_r1,backlog_retention_minus20,49,demand_tracking,rule,mean_service_rate,-0.007930935966851238
ic_r1,backlog_retention_minus20,49,demand_tracking,rule,terminal_output,5.813500881195068
ic_r1,backlog_retention_minus20,49,demand_tracking,rule,fiscal_spend,0.0
ic_r1,backlog_retention_minus20,49,demand_tracking,rule,private_spend,3708519.8018981125
ic_r1,backlog_retention_minus20,49,demand_tracking,rule,terminal_ai_effective_mean,0.0
ic_r1,backlog_retention_minus20,49,demand_tracking,rule,terminal_technology_mean,0.0
ic_r1,backlog_retention_minus20,49,demand_tracking,rule,terminal_edge_health_mean,-4.050263735511095e-08
ic_r1,backlog_retention_minus20,49,buffered_smoothing,rule,cumulative_value_added,63875.830005168915
ic_r1,backlog_retention_minus20,49,buffered_smoothing,rule,cumulative_shortage,37981082.97708249
ic_r1,backlog_retention_minus20,49,buffered_smoothing,rule,cumulative_welfare,-7532340.765411854
ic_r1,backlog_retention_minus20,49,buffered_smoothing,rule,cumulative_final_shortage,27060413.2570737
ic_r1,backlog_retention_minus20,49,buffered_smoothing,rule,cumulative_final_delivered,-27060413.257074356
ic_r1,backlog_retention_minus20,49,buffered_smoothing,rule,final_fill_rate,-0.002877282887763677
ic_r1,backlog_retention_minus20,49,buffered_smoothing,rule,mean_service_rate,-0.0016670671231695522
ic_r1,backlog_retention_minus20,49,buffered_smoothing,rule,terminal_output,3.409385681152344e-05
ic_r1,backlog_retention_minus20,49,buffered_smoothing,rule,fiscal_spend,0.0
ic_r1,backlog_retention_minus20,49,buffered_smoothing,rule,private_spend,767875.2585696913
ic_r1,backlog_retention_minus20,49,buffered_smoothing,rule,terminal_ai_effective_mean,0.0
ic_r1,backlog_retention_minus20,49,buffered_smoothing,rule,terminal_technology_mean,0.0
ic_r1,backlog_retention_minus20,49,buffered_smoothing,rule,terminal_edge_health_mean,-5.309497841388122e-09
ic_r1,backlog_retention_minus20,50,demand_tracking,rule,cumulative_value_added,384057.4089393616
ic_r1,backlog_retention_minus20,50,demand_tracking,rule,cumulative_shortage,172265625.2650717
ic_r1,backlog_retention_minus20,50,demand_tracking,rule,cumulative_welfare,-34069067.64407492
ic_r1,backlog_retention_minus20,50,demand_tracking,rule,cumulative_final_shortage,121380000.61269307
ic_r1,backlog_retention_minus20,50,demand_tracking,rule,cumulative_final_delivered,-121380000.61269379
ic_r1,backlog_retention_minus20,50,demand_tracking,rule,final_fill_rate,-0.012923862578399725
ic_r1,backlog_retention_minus20,50,demand_tracking,rule,mean_service_rate,-0.007518324601639592
ic_r1,backlog_retention_minus20,50,demand_tracking,rule,terminal_output,5.478394508361816
ic_r1,backlog_retention_minus20,50,demand_tracking,rule,fiscal_spend,0.0
ic_r1,backlog_retention_minus20,50,demand_tracking,rule,private_spend,3494750.3581816116
ic_r1,backlog_retention_minus20,50,demand_tracking,rule,terminal_ai_effective_mean,0.0
ic_r1,backlog_retention_minus20,50,demand_tracking,rule,terminal_technology_mean,0.0
ic_r1,backlog_retention_minus20,50,demand_tracking,rule,terminal_edge_health_mean,-3.8364839971549713e-08
ic_r1,backlog_retention_minus20,50,buffered_smoothing,rule,cumulative_value_added,60193.848682403564
ic_r1,backlog_retention_minus20,50,buffered_smoothing,rule,cumulative_shortage,35791747.22765374
ic_r1,backlog_retention_minus20,50,buffered_smoothing,rule,cumulative_welfare,-7098155.596848965
ic_r1,backlog_retention_minus20,50,buffered_smoothing,rule,cumulative_final_shortage,25542075.42153284
ic_r1,backlog_retention_minus20,50,buffered_smoothing,rule,cumulative_final_delivered,-25542075.421533585
ic_r1,backlog_retention_minus20,50,buffered_smoothing,rule,final_fill_rate,-0.002719577121838457
ic_r1,backlog_retention_minus20,50,buffered_smoothing,rule,mean_service_rate,-0.0015793866263905665
ic_r1,backlog_retention_minus20,50,buffered_smoothing,rule,terminal_output,3.218650817871094e-05
ic_r1,backlog_retention_minus20,50,buffered_smoothing,rule,fiscal_spend,0.0
ic_r1,backlog_retention_minus20,50,buffered_smoothing,rule,private_spend,723612.7830709685
ic_r1,backlog_retention_minus20,50,buffered_smoothing,rule,terminal_ai_effective_mean,0.0
ic_r1,backlog_retention_minus20,50,buffered_smoothing,rule,terminal_technology_mean,0.0
ic_r1,backlog_retention_minus20,50,buffered_smoothing,rule,terminal_edge_health_mean,-5.0194385314839e-09
ic_r1,backlog_retention_minus20,51,demand_tracking,rule,cumulative_value_added,438832.7488822937
ic_r1,backlog_retention_minus20,51,demand_tracking,rule,cumulative_shortage,196834629.70216882
ic_r1,backlog_retention_minus20,51,demand_tracking,rule,cumulative_welfare,-38928093.191551685
ic_r1,backlog_retention_minus20,51,demand_tracking,rule,cumulative_final_shortage,138009098.9319296
ic_r1,backlog_retention_minus20,51,demand_tracking,rule,cumulative_final_delivered,-138009098.93192863
ic_r1,backlog_retention_minus20,51,demand_tracking,rule,final_fill_rate,-0.014647451572470271
ic_r1,backlog_retention_minus20,51,demand_tracking,rule,mean_service_rate,-0.008472779575853795
ic_r1,backlog_retention_minus20,51,demand_tracking,rule,terminal_output,6.259738326072693
ic_r1,backlog_retention_minus20,51,demand_tracking,rule,fiscal_spend,0.0
ic_r1,backlog_retention_minus20,51,demand_tracking,rule,private_spend,3993181.41153071
ic_r1,backlog_retention_minus20,51,demand_tracking,rule,terminal_ai_effective_mean,0.0
ic_r1,backlog_retention_minus20,51,demand_tracking,rule,terminal_technology_mean,0.0
ic_r1,backlog_retention_minus20,51,demand_tracking,rule,terminal_edge_health_mean,-4.3317538112042087e-08
ic_r1,backlog_retention_minus20,51,buffered_smoothing,rule,cumulative_value_added,68778.86344099045
ic_r1,backlog_retention_minus20,51,buffered_smoothing,rule,cumulative_shortage,40896466.14702356
ic_r1,backlog_retention_minus20,51,buffered_smoothing,rule,cumulative_welfare,-8110514.365963936
ic_r1,backlog_retention_minus20,51,buffered_smoothing,rule,cumulative_final_shortage,29075651.456589878
ic_r1,backlog_retention_minus20,51,buffered_smoothing,rule,cumulative_final_delivered,-29075651.456588745
ic_r1,backlog_retention_minus20,51,buffered_smoothing,rule,final_fill_rate,-0.0030859138994775437
ic_r1,backlog_retention_minus20,51,buffered_smoothing,rule,mean_service_rate,-0.0017823678703424717
ic_r1,backlog_retention_minus20,51,buffered_smoothing,rule,terminal_output,3.6835670471191406e-05
ic_r1,backlog_retention_minus20,51,buffered_smoothing,rule,fiscal_spend,0.0
ic_r1,backlog_retention_minus20,51,buffered_smoothing,rule,private_spend,826816.4585033283
ic_r1,backlog_retention_minus20,51,buffered_smoothing,rule,terminal_ai_effective_mean,0.0
ic_r1,backlog_retention_minus20,51,buffered_smoothing,rule,terminal_technology_mean,0.0
ic_r1,backlog_retention_minus20,51,buffered_smoothing,rule,terminal_edge_health_mean,-5.6929859715282305e-09
ic_r1,backlog_retention_plus20,42,demand_tracking,rule,cumulative_value_added,771716.7914786339
ic_r1,backlog_retention_plus20,42,demand_tracking,rule,cumulative_shortage,278204051.68175304
ic_r1,backlog_retention_plus20,42,demand_tracking,rule,cumulative_welfare,-54869093.544872284
ic_r1,backlog_retention_plus20,42,demand_tracking,rule,cumulative_final_shortage,185882307.48345733
ic_r1,backlog_retention_plus20,42,demand_tracking,rule,cumulative_final_delivered,-185882307.48345566
ic_r1,backlog_retention_plus20,42,demand_tracking,rule,final_fill_rate,-0.019750617409392657
ic_r1,backlog_retention_plus20,42,demand_tracking,rule,mean_service_rate,-0.011879872567408412
ic_r1,backlog_retention_plus20,42,demand_tracking,rule,terminal_output,64.61287081241608
ic_r1,backlog_retention_plus20,42,demand_tracking,rule,fiscal_spend,0.0
ic_r1,backlog_retention_plus20,42,demand_tracking,rule,private_spend,5663281.405953246
ic_r1,backlog_retention_plus20,42,demand_tracking,rule,terminal_ai_effective_mean,0.0
ic_r1,backlog_retention_plus20,42,demand_tracking,rule,terminal_technology_mean,0.0
ic_r1,backlog_retention_plus20,42,demand_tracking,rule,terminal_edge_health_mean,-7.19130728299433e-08
ic_r1,backlog_retention_plus20,42,buffered_smoothing,rule,cumulative_value_added,107501.86661911011
ic_r1,backlog_retention_plus20,42,buffered_smoothing,rule,cumulative_shortage,53985124.658524275
ic_r1,backlog_retention_plus20,42,buffered_smoothing,rule,cumulative_welfare,-10689523.065085888
ic_r1,backlog_retention_plus20,42,buffered_smoothing,rule,cumulative_final_shortage,36836108.15162897
ic_r1,backlog_retention_plus20,42,buffered_smoothing,rule,cumulative_final_delivered,-36836108.151628494
ic_r1,backlog_retention_plus20,42,buffered_smoothing,rule,final_fill_rate,-0.0039139597996360465
ic_r1,backlog_retention_plus20,42,buffered_smoothing,rule,mean_service_rate,-0.0023385393246176944
ic_r1,backlog_retention_plus20,42,buffered_smoothing,rule,terminal_output,0.00041413307189941406
ic_r1,backlog_retention_plus20,42,buffered_smoothing,rule,fiscal_spend,0.0
ic_r1,backlog_retention_plus20,42,buffered_smoothing,rule,private_spend,1093578.748361609
ic_r1,backlog_retention_plus20,42,buffered_smoothing,rule,terminal_ai_effective_mean,0.0
ic_r1,backlog_retention_plus20,42,buffered_smoothing,rule,terminal_technology_mean,0.0
ic_r1,backlog_retention_plus20,42,buffered_smoothing,rule,terminal_edge_health_mean,-8.569374432276788e-09
ic_r1,backlog_retention_plus20,43,demand_tracking,rule,cumulative_value_added,780151.4963946342
ic_r1,backlog_retention_plus20,43,demand_tracking,rule,cumulative_shortage,281244764.4254701
ic_r1,backlog_retention_plus20,43,demand_tracking,rule,cumulative_welfare,-55468801.388699055
ic_r1,backlog_retention_plus20,43,demand_tracking,rule,cumulative_final_shortage,187756167.1671849
ic_r1,backlog_retention_plus20,43,demand_tracking,rule,cumulative_final_delivered,-187756167.16718483
ic_r1,backlog_retention_plus20,43,demand_tracking,rule,final_fill_rate,-0.01994437620618572
ic_r1,backlog_retention_plus20,43,demand_tracking,rule,mean_service_rate,-0.011994410708046521
ic_r1,backlog_retention_plus20,43,demand_tracking,rule,terminal_output,65.31907618045807
ic_r1,backlog_retention_plus20,43,demand_tracking,rule,fiscal_spend,0.0
ic_r1,backlog_retention_plus20,43,demand_tracking,rule,private_spend,5725179.900379338
ic_r1,backlog_retention_plus20,43,demand_tracking,rule,terminal_ai_effective_mean,0.0
ic_r1,backlog_retention_plus20,43,demand_tracking,rule,terminal_technology_mean,0.0
ic_r1,backlog_retention_plus20,43,demand_tracking,rule,terminal_edge_health_mean,-7.261604517694309e-08
ic_r1,backlog_retention_plus20,43,buffered_smoothing,rule,cumulative_value_added,108676.8397860527
ic_r1,backlog_retention_plus20,43,buffered_smoothing,rule,cumulative_shortage,54575170.90525627
ic_r1,backlog_retention_plus20,43,buffered_smoothing,rule,cumulative_welfare,-10806357.341264725
ic_r1,backlog_retention_plus20,43,buffered_smoothing,rule,cumulative_final_shortage,37213675.74376094
ic_r1,backlog_retention_plus20,43,buffered_smoothing,rule,cumulative_final_delivered,-37213675.74376106
ic_r1,backlog_retention_plus20,43,buffered_smoothing,rule,final_fill_rate,-0.003953018216374726
ic_r1,backlog_retention_plus20,43,buffered_smoothing,rule,mean_service_rate,-0.0023614054902493242
ic_r1,backlog_retention_plus20,43,buffered_smoothing,rule,terminal_output,0.00041878223419189453
ic_r1,backlog_retention_plus20,43,buffered_smoothing,rule,fiscal_spend,0.0
ic_r1,backlog_retention_plus20,43,buffered_smoothing,rule,private_spend,1105531.3378954371
ic_r1,backlog_retention_plus20,43,buffered_smoothing,rule,terminal_ai_effective_mean,0.0
ic_r1,backlog_retention_plus20,43,buffered_smoothing,rule,terminal_technology_mean,0.0
ic_r1,backlog_retention_plus20,43,buffered_smoothing,rule,terminal_edge_health_mean,-8.657541905598976e-09
ic_r1,backlog_retention_plus20,44,demand_tracking,rule,cumulative_value_added,744612.4744620323
ic_r1,backlog_retention_plus20,44,demand_tracking,rule,cumulative_shortage,268432940.18699437
ic_r1,backlog_retention_plus20,44,demand_tracking,rule,cumulative_welfare,-52941975.562936306
ic_r1,backlog_retention_plus20,44,demand_tracking,rule,cumulative_final_shortage,179841966.2324391
ic_r1,backlog_retention_plus20,44,demand_tracking,rule,cumulative_final_delivered,-179841966.23243904
ic_r1,backlog_retention_plus20,44,demand_tracking,rule,final_fill_rate,-0.01912528152063253
ic_r1,backlog_retention_plus20,44,demand_tracking,rule,mean_service_rate,-0.011509814758542625
ic_r1,backlog_retention_plus20,44,demand_tracking,rule,terminal_output,62.343530893325806
ic_r1,backlog_retention_plus20,44,demand_tracking,rule,fiscal_spend,0.0
ic_r1,backlog_retention_plus20,44,demand_tracking,rule,private_spend,5464375.050315171
ic_r1,backlog_retention_plus20,44,demand_tracking,rule,terminal_ai_effective_mean,0.0
ic_r1,backlog_retention_plus20,44,demand_tracking,rule,terminal_technology_mean,0.0
ic_r1,backlog_retention_plus20,44,demand_tracking,rule,terminal_edge_health_mean,-6.96438723357673e-08
ic_r1,backlog_retention_plus20,44,buffered_smoothing,rule,cumulative_value_added,103726.17493391037
ic_r1,backlog_retention_plus20,44,buffered_smoothing,rule,cumulative_shortage,52089053.52329749
ic_r1,backlog_retention_plus20,44,buffered_smoothing,rule,cumulative_welfare,-10314084.529725552
ic_r1,backlog_retention_plus20,44,buffered_smoothing,rule,cumulative_final_shortage,35619865.183295906
ic_r1,backlog_retention_plus20,44,buffered_smoothing,rule,cumulative_final_delivered,-35619865.1832962
ic_r1,backlog_retention_plus20,44,buffered_smoothing,rule,final_fill_rate,-0.003787992111235261
ic_r1,backlog_retention_plus20,44,buffered_smoothing,rule,mean_service_rate,-0.00226470270715462
ic_r1,backlog_retention_plus20,44,buffered_smoothing,rule,terminal_output,0.00039958953857421875
ic_r1,backlog_retention_plus20,44,buffered_smoothing,rule,fiscal_spend,0.0
ic_r1,backlog_retention_plus20,44,buffered_smoothing,rule,private_spend,1055169.9623861732
ic_r1,backlog_retention_plus20,44,buffered_smoothing,rule,terminal_ai_effective_mean,0.0
ic_r1,backlog_retention_plus20,44,buffered_smoothing,rule,terminal_technology_mean,0.0
ic_r1,backlog_retention_plus20,44,buffered_smoothing,rule,terminal_edge_health_mean,-8.28532331631493e-09
ic_r1,backlog_retention_plus20,45,demand_tracking,rule,cumulative_value_added,766431.0013594627
ic_r1,backlog_retention_plus20,45,demand_tracking,rule,cumulative_shortage,276298523.32781494
ic_r1,backlog_retention_plus20,45,demand_tracking,rule,cumulative_welfare,-54493273.664203644
ic_r1,backlog_retention_plus20,45,demand_tracking,rule,cumulative_final_shortage,184706602.38269424
ic_r1,backlog_retention_plus20,45,demand_tracking,rule,cumulative_final_delivered,-184706602.38269424
ic_r1,backlog_retention_plus20,45,demand_tracking,rule,final_fill_rate,-0.019628991440745147
ic_r1,backlog_retention_plus20,45,demand_tracking,rule,mean_service_rate,-0.011807944835520279
ic_r1,backlog_retention_plus20,45,demand_tracking,rule,terminal_output,64.1703120470047
ic_r1,backlog_retention_plus20,45,demand_tracking,rule,fiscal_spend,0.0
ic_r1,backlog_retention_plus20,45,demand_tracking,rule,private_spend,5624491.376727786
ic_r1,backlog_retention_plus20,45,demand_tracking,rule,terminal_ai_effective_mean,0.0
ic_r1,backlog_retention_plus20,45,demand_tracking,rule,terminal_technology_mean,0.0
ic_r1,backlog_retention_plus20,45,demand_tracking,rule,terminal_edge_health_mean,-7.147177161215268e-08
ic_r1,backlog_retention_plus20,45,buffered_smoothing,rule,cumulative_value_added,106765.54429101944
ic_r1,backlog_retention_plus20,45,buffered_smoothing,rule,cumulative_shortage,53615359.42647338
ic_r1,backlog_retention_plus20,45,buffered_smoothing,rule,cumulative_welfare,-10616306.341003895
ic_r1,backlog_retention_plus20,45,buffered_smoothing,rule,cumulative_final_shortage,36599275.83082217
ic_r1,backlog_retention_plus20,45,buffered_smoothing,rule,cumulative_final_delivered,-36599275.83082199
ic_r1,backlog_retention_plus20,45,buffered_smoothing,rule,final_fill_rate,-0.003889448794755057
ic_r1,backlog_retention_plus20,45,buffered_smoothing,rule,mean_service_rate,-0.002324182879357317
ic_r1,backlog_retention_plus20,45,buffered_smoothing,rule,terminal_output,0.0004112720489501953
ic_r1,backlog_retention_plus20,45,buffered_smoothing,rule,fiscal_spend,0.0
ic_r1,backlog_retention_plus20,45,buffered_smoothing,rule,private_spend,1086088.3998218477
ic_r1,backlog_retention_plus20,45,buffered_smoothing,rule,terminal_ai_effective_mean,0.0
ic_r1,backlog_retention_plus20,45,buffered_smoothing,rule,terminal_technology_mean,0.0
ic_r1,backlog_retention_plus20,45,buffered_smoothing,rule,terminal_edge_health_mean,-8.514067117992852e-09
ic_r1,backlog_retention_plus20,46,demand_tracking,rule,cumulative_value_added,750218.0404787064
ic_r1,backlog_retention_plus20,46,demand_tracking,rule,cumulative_shortage,270453747.81341356
ic_r1,backlog_retention_plus20,46,demand_tracking,rule,cumulative_welfare,-53340531.52220392
ic_r1,backlog_retention_plus20,46,demand_tracking,rule,cumulative_final_shortage,181093568.33010322
ic_r1,backlog_retention_plus20,46,demand_tracking,rule,cumulative_final_delivered,-181093568.33010483
ic_r1,backlog_retention_plus20,46,demand_tracking,rule,final_fill_rate,-0.01925495065173377
ic_r1,backlog_retention_plus20,46,demand_tracking,rule,mean_service_rate,-0.01158659911133686
ic_r1,backlog_retention_plus20,46,demand_tracking,rule,terminal_output,62.81286323070526
ic_r1,backlog_retention_plus20,46,demand_tracking,rule,fiscal_spend,0.0
ic_r1,backlog_retention_plus20,46,demand_tracking,rule,private_spend,5505511.7705984535
ic_r1,backlog_retention_plus20,46,demand_tracking,rule,terminal_ai_effective_mean,0.0
ic_r1,backlog_retention_plus20,46,demand_tracking,rule,terminal_technology_mean,0.0
ic_r1,backlog_retention_plus20,46,demand_tracking,rule,terminal_edge_health_mean,-7.011446601090654e-08
ic_r1,backlog_retention_plus20,46,buffered_smoothing,rule,cumulative_value_added,104507.04275608063
ic_r1,backlog_retention_plus20,46,buffered_smoothing,rule,cumulative_shortage,52481188.54420608
ic_r1,backlog_retention_plus20,46,buffered_smoothing,rule,cumulative_welfare,-10391730.666085243
ic_r1,backlog_retention_plus20,46,buffered_smoothing,rule,cumulative_final_shortage,35871774.48647952
ic_r1,backlog_retention_plus20,46,buffered_smoothing,rule,cumulative_final_delivered,-35871774.48648071
ic_r1,backlog_retention_plus20,46,buffered_smoothing,rule,final_fill_rate,-0.00381410148298722
ic_r1,backlog_retention_plus20,46,buffered_smoothing,rule,mean_service_rate,-0.002280018127443384
ic_r1,backlog_retention_plus20,46,buffered_smoothing,rule,terminal_output,0.0004024505615234375
ic_r1,backlog_retention_plus20,46,buffered_smoothing,rule,fiscal_spend,0.0
ic_r1,backlog_retention_plus20,46,buffered_smoothing,rule,private_spend,1063113.4565999387
ic_r1,backlog_retention_plus20,46,buffered_smoothing,rule,terminal_ai_effective_mean,0.0
ic_r1,backlog_retention_plus20,46,buffered_smoothing,rule,terminal_technology_mean,0.0
ic_r1,backlog_retention_plus20,46,buffered_smoothing,rule,terminal_edge_health_mean,-8.344160806750267e-09
ic_r1,backlog_retention_plus20,47,demand_tracking,rule,cumulative_value_added,783176.1049785614
ic_r1,backlog_retention_plus20,47,demand_tracking,rule,cumulative_shortage,282335136.40142447
ic_r1,backlog_retention_plus20,47,demand_tracking,rule,cumulative_welfare,-55683851.17530632
ic_r1,backlog_retention_plus20,47,demand_tracking,rule,cumulative_final_shortage,188427444.75177675
ic_r1,backlog_retention_plus20,47,demand_tracking,rule,cumulative_final_delivered,-188427444.75177574
ic_r1,backlog_retention_plus20,47,demand_tracking,rule,final_fill_rate,-0.02001375974145081
ic_r1,backlog_retention_plus20,47,demand_tracking,rule,mean_service_rate,-0.012035411565947562
ic_r1,backlog_retention_plus20,47,demand_tracking,rule,terminal_output,65.57231497764587
ic_r1,backlog_retention_plus20,47,demand_tracking,rule,fiscal_spend,0.0
ic_r1,backlog_retention_plus20,47,demand_tracking,rule,private_spend,5747376.138355253
ic_r1,backlog_retention_plus20,47,demand_tracking,rule,terminal_ai_effective_mean,0.0
ic_r1,backlog_retention_plus20,47,demand_tracking,rule,terminal_technology_mean,0.0
ic_r1,backlog_retention_plus20,47,demand_tracking,rule,terminal_edge_health_mean,-7.286775871584439e-08
ic_r1,backlog_retention_plus20,47,buffered_smoothing,rule,cumulative_value_added,109098.17449378967
ic_r1,backlog_retention_plus20,47,buffered_smoothing,rule,cumulative_shortage,54786756.130885005
ic_r1,backlog_retention_plus20,47,buffered_smoothing,rule,cumulative_welfare,-10848253.051683426
ic_r1,backlog_retention_plus20,47,buffered_smoothing,rule,cumulative_final_shortage,37348962.656813085
ic_r1,backlog_retention_plus20,47,buffered_smoothing,rule,cumulative_final_delivered,-37348962.65681267
ic_r1,backlog_retention_plus20,47,buffered_smoothing,rule,final_fill_rate,-0.003967007917506815
ic_r1,backlog_retention_plus20,47,buffered_smoothing,rule,mean_service_rate,-0.0023695922756160614
ic_r1,backlog_retention_plus20,47,buffered_smoothing,rule,terminal_output,0.0004203319549560547
ic_r1,backlog_retention_plus20,47,buffered_smoothing,rule,fiscal_spend,0.0
ic_r1,backlog_retention_plus20,47,buffered_smoothing,rule,private_spend,1109817.4279559553
ic_r1,backlog_retention_plus20,47,buffered_smoothing,rule,terminal_ai_effective_mean,0.0
ic_r1,backlog_retention_plus20,47,buffered_smoothing,rule,terminal_technology_mean,0.0
ic_r1,backlog_retention_plus20,47,buffered_smoothing,rule,terminal_edge_health_mean,-8.689131969497055e-09
ic_r1,backlog_retention_plus20,48,demand_tracking,rule,cumulative_value_added,822199.7208375931
ic_r1,backlog_retention_plus20,48,demand_tracking,rule,cumulative_shortage,296403157.4204595
ic_r1,backlog_retention_plus20,48,demand_tracking,rule,cumulative_welfare,-58458431.76325464
ic_r1,backlog_retention_plus20,48,demand_tracking,rule,cumulative_final_shortage,197056866.9995367
ic_r1,backlog_retention_plus20,48,demand_tracking,rule,cumulative_final_delivered,-197056866.9995365
ic_r1,backlog_retention_plus20,48,demand_tracking,rule,final_fill_rate,-0.02090442084106725
ic_r1,backlog_retention_plus20,48,demand_tracking,rule,mean_service_rate,-0.01256104695608995
ic_r1,backlog_retention_plus20,48,demand_tracking,rule,terminal_output,68.83961176872253
ic_r1,backlog_retention_plus20,48,demand_tracking,rule,fiscal_spend,0.0
ic_r1,backlog_retention_plus20,48,demand_tracking,rule,private_spend,6033752.851325623
ic_r1,backlog_retention_plus20,48,demand_tracking,rule,terminal_ai_effective_mean,0.0
ic_r1,backlog_retention_plus20,48,demand_tracking,rule,terminal_technology_mean,0.0
ic_r1,backlog_retention_plus20,48,demand_tracking,rule,terminal_edge_health_mean,-7.609822660903376e-08
ic_r1,backlog_retention_plus20,48,buffered_smoothing,rule,cumulative_value_added,114534.25103569031
ic_r1,backlog_retention_plus20,48,buffered_smoothing,rule,cumulative_shortage,57516636.82032943
ic_r1,backlog_retention_plus20,48,buffered_smoothing,rule,cumulative_welfare,-11388793.113030434
ic_r1,backlog_retention_plus20,48,buffered_smoothing,rule,cumulative_final_shortage,39089509.82335907
ic_r1,backlog_retention_plus20,48,buffered_smoothing,rule,cumulative_final_delivered,-39089509.82336044
ic_r1,backlog_retention_plus20,48,buffered_smoothing,rule,final_fill_rate,-0.0041467398536305655
ic_r1,backlog_retention_plus20,48,buffered_smoothing,rule,mean_service_rate,-0.0024746156496039395
ic_r1,backlog_retention_plus20,48,buffered_smoothing,rule,terminal_output,0.0004413127899169922
ic_r1,backlog_retention_plus20,48,buffered_smoothing,rule,fiscal_spend,0.0
ic_r1,backlog_retention_plus20,48,buffered_smoothing,rule,private_spend,1165116.7261686185
ic_r1,backlog_retention_plus20,48,buffered_smoothing,rule,terminal_ai_effective_mean,0.0
ic_r1,backlog_retention_plus20,48,buffered_smoothing,rule,terminal_technology_mean,0.0
ic_r1,backlog_retention_plus20,48,buffered_smoothing,rule,terminal_edge_health_mean,-9.095475594911306e-09
ic_r1,backlog_retention_plus20,49,demand_tracking,rule,cumulative_value_added,749584.0495247841
ic_r1,backlog_retention_plus20,49,demand_tracking,rule,cumulative_shortage,270225193.9526453
ic_r1,backlog_retention_plus20,49,demand_tracking,rule,cumulative_welfare,-53295454.74100399
ic_r1,backlog_retention_plus20,49,demand_tracking,rule,cumulative_final_shortage,180952074.16585338
ic_r1,backlog_retention_plus20,49,demand_tracking,rule,cumulative_final_delivered,-180952074.1658535
ic_r1,backlog_retention_plus20,49,demand_tracking,rule,final_fill_rate,-0.019240293987994983
ic_r1,backlog_retention_plus20,49,demand_tracking,rule,mean_service_rate,-0.011577921368080335
ic_r1,backlog_retention_plus20,49,demand_tracking,rule,terminal_output,62.75978171825409
ic_r1,backlog_retention_plus20,49,demand_tracking,rule,fiscal_spend,0.0
ic_r1,backlog_retention_plus20,49,demand_tracking,rule,private_spend,5500859.196985225
ic_r1,backlog_retention_plus20,49,demand_tracking,rule,terminal_ai_effective_mean,0.0
ic_r1,backlog_retention_plus20,49,demand_tracking,rule,terminal_technology_mean,0.0
ic_r1,backlog_retention_plus20,49,demand_tracking,rule,terminal_edge_health_mean,-7.006127578090826e-08
ic_r1,backlog_retention_plus20,49,buffered_smoothing,rule,cumulative_value_added,104418.72640514374
ic_r1,backlog_retention_plus20,49,buffered_smoothing,rule,cumulative_shortage,52436837.97278154
ic_r1,backlog_retention_plus20,49,buffered_smoothing,rule,cumulative_welfare,-10382948.868151188
ic_r1,backlog_retention_plus20,49,buffered_smoothing,rule,cumulative_final_shortage,35843293.27784753
ic_r1,backlog_retention_plus20,49,buffered_smoothing,rule,cumulative_final_delivered,-35843293.2778492
ic_r1,backlog_retention_plus20,49,buffered_smoothing,rule,final_fill_rate,-0.003811150014957243
ic_r1,backlog_retention_plus20,49,buffered_smoothing,rule,mean_service_rate,-0.0022782871280163652
ic_r1,backlog_retention_plus20,49,buffered_smoothing,rule,terminal_output,0.00040221214294433594
ic_r1,backlog_retention_plus20,49,buffered_smoothing,rule,fiscal_spend,0.0
ic_r1,backlog_retention_plus20,49,buffered_smoothing,rule,private_spend,1062215.0453673108
ic_r1,backlog_retention_plus20,49,buffered_smoothing,rule,terminal_ai_effective_mean,0.0
ic_r1,backlog_retention_plus20,49,buffered_smoothing,rule,terminal_technology_mean,0.0
ic_r1,backlog_retention_plus20,49,buffered_smoothing,rule,terminal_edge_health_mean,-8.337509016520528e-09
ic_r1,backlog_retention_plus20,50,demand_tracking,rule,cumulative_value_added,706375.9304246902
ic_r1,backlog_retention_plus20,50,demand_tracking,rule,cumulative_shortage,254648658.71077472
ic_r1,backlog_retention_plus20,50,demand_tracking,rule,cumulative_welfare,-50223355.811730385
ic_r1,backlog_retention_plus20,50,demand_tracking,rule,cumulative_final_shortage,171271068.91299087
ic_r1,backlog_retention_plus20,50,demand_tracking,rule,cumulative_final_delivered,-171271068.91299057
ic_r1,backlog_retention_plus20,50,demand_tracking,rule,final_fill_rate,-0.018235984075745892
ic_r1,backlog_retention_plus20,50,demand_tracking,rule,mean_service_rate,-0.01098252985012027
ic_r1,backlog_retention_plus20,50,demand_tracking,rule,terminal_output,59.14213252067566
ic_r1,backlog_retention_plus20,50,demand_tracking,rule,fiscal_spend,0.0
ic_r1,backlog_retention_plus20,50,demand_tracking,rule,private_spend,5183774.302386443
ic_r1,backlog_retention_plus20,50,demand_tracking,rule,terminal_ai_effective_mean,0.0
ic_r1,backlog_retention_plus20,50,demand_tracking,rule,terminal_technology_mean,0.0
ic_r1,backlog_retention_plus20,50,demand_tracking,rule,terminal_edge_health_mean,-6.641568550680432e-08
ic_r1,backlog_retention_plus20,50,buffered_smoothing,rule,cumulative_value_added,98399.7392487526
ic_r1,backlog_retention_plus20,50,buffered_smoothing,rule,cumulative_shortage,49414232.11317265
ic_r1,backlog_retention_plus20,50,buffered_smoothing,rule,cumulative_welfare,-9784446.683385849
ic_r1,backlog_retention_plus20,50,buffered_smoothing,rule,cumulative_final_shortage,33896280.74043661
ic_r1,backlog_retention_plus20,50,buffered_smoothing,rule,cumulative_final_delivered,-33896280.740436554
ic_r1,backlog_retention_plus20,50,buffered_smoothing,rule,final_fill_rate,-0.003609086109713222
ic_r1,backlog_retention_plus20,50,buffered_smoothing,rule,mean_service_rate,-0.0021596033435340445
ic_r1,backlog_retention_plus20,50,buffered_smoothing,rule,terminal_output,0.0003790855407714844
ic_r1,backlog_retention_plus20,50,buffered_smoothing,rule,fiscal_spend,0.0
ic_r1,backlog_retention_plus20,50,buffered_smoothing,rule,private_spend,1000986.0021141907
ic_r1,backlog_retention_plus20,50,buffered_smoothing,rule,terminal_ai_effective_mean,0.0
ic_r1,backlog_retention_plus20,50,buffered_smoothing,rule,terminal_technology_mean,0.0
ic_r1,backlog_retention_plus20,50,buffered_smoothing,rule,terminal_edge_health_mean,-7.882695496341796e-09
ic_r1,backlog_retention_plus20,51,demand_tracking,rule,cumulative_value_added,807121.2378072739
ic_r1,backlog_retention_plus20,51,demand_tracking,rule,cumulative_shortage,290967361.3894935
ic_r1,backlog_retention_plus20,51,demand_tracking,rule,cumulative_welfare,-57386351.04009104
ic_r1,backlog_retention_plus20,51,demand_tracking,rule,cumulative_final_shortage,193729384.7794358
ic_r1,backlog_retention_plus20,51,demand_tracking,rule,cumulative_final_delivered,-193729384.7794361
ic_r1,backlog_retention_plus20,51,demand_tracking,rule,final_fill_rate,-0.020561265914219695
ic_r1,backlog_retention_plus20,51,demand_tracking,rule,mean_service_rate,-0.012358680976999659
ic_r1,backlog_retention_plus20,51,demand_tracking,rule,terminal_output,67.57714855670929
ic_r1,backlog_retention_plus20,51,demand_tracking,rule,fiscal_spend,0.0
ic_r1,backlog_retention_plus20,51,demand_tracking,rule,private_spend,5923098.666375302
ic_r1,backlog_retention_plus20,51,demand_tracking,rule,terminal_ai_effective_mean,0.0
ic_r1,backlog_retention_plus20,51,demand_tracking,rule,terminal_technology_mean,0.0
ic_r1,backlog_retention_plus20,51,demand_tracking,rule,terminal_edge_health_mean,-7.485374720062055e-08
ic_r1,backlog_retention_plus20,51,buffered_smoothing,rule,cumulative_value_added,112433.78479003906
ic_r1,backlog_retention_plus20,51,buffered_smoothing,rule,cumulative_shortage,56461827.86058903
ic_r1,backlog_retention_plus20,51,buffered_smoothing,rule,cumulative_welfare,-11179931.787327766
ic_r1,backlog_retention_plus20,51,buffered_smoothing,rule,cumulative_final_shortage,38418050.97282994
ic_r1,backlog_retention_plus20,51,buffered_smoothing,rule,cumulative_final_delivered,-38418050.97282982
ic_r1,backlog_retention_plus20,51,buffered_smoothing,rule,final_fill_rate,-0.004077459714527776
ic_r1,backlog_retention_plus20,51,buffered_smoothing,rule,mean_service_rate,-0.002434167474534621
ic_r1,backlog_retention_plus20,51,buffered_smoothing,rule,terminal_output,0.0004330873489379883
ic_r1,backlog_retention_plus20,51,buffered_smoothing,rule,fiscal_spend,0.0
ic_r1,backlog_retention_plus20,51,buffered_smoothing,rule,private_spend,1143749.4204663578
ic_r1,backlog_retention_plus20,51,buffered_smoothing,rule,terminal_ai_effective_mean,0.0
ic_r1,backlog_retention_plus20,51,buffered_smoothing,rule,terminal_technology_mean,0.0
ic_r1,backlog_retention_plus20,51,buffered_smoothing,rule,terminal_edge_health_mean,-8.938736639763079e-09
ic_r1,external_supply_elasticity_minus20,42,demand_tracking,rule,cumulative_value_added,0.0
ic_r1,external_supply_elasticity_minus20,42,demand_tracking,rule,cumulative_shortage,232803132.71820796
ic_r1,external_supply_elasticity_minus20,42,demand_tracking,rule,cumulative_welfare,-46560626.543642044
ic_r1,external_supply_elasticity_minus20,42,demand_tracking,rule,cumulative_final_shortage,159970366.4116258
ic_r1,external_supply_elasticity_minus20,42,demand_tracking,rule,cumulative_final_delivered,-159970366.41162682
ic_r1,external_supply_elasticity_minus20,42,demand_tracking,rule,final_fill_rate,-0.016997386930531766
ic_r1,external_supply_elasticity_minus20,42,demand_tracking,rule,mean_service_rate,-0.01003759906639734
ic_r1,external_supply_elasticity_minus20,42,demand_tracking,rule,terminal_output,0.0
ic_r1,external_supply_elasticity_minus20,42,demand_tracking,rule,fiscal_spend,0.0
ic_r1,external_supply_elasticity_minus20,42,demand_tracking,rule,private_spend,4655933.409712438
ic_r1,external_supply_elasticity_minus20,42,demand_tracking,rule,terminal_ai_effective_mean,0.0
ic_r1,external_supply_elasticity_minus20,42,demand_tracking,rule,terminal_technology_mean,0.0
ic_r1,external_supply_elasticity_minus20,42,demand_tracking,rule,terminal_edge_health_mean,-5.4336558030776416e-08
ic_r1,external_supply_elasticity_minus20,42,buffered_smoothing,rule,cumulative_value_added,0.0
ic_r1,external_supply_elasticity_minus20,42,buffered_smoothing,rule,cumulative_shortage,46487633.378418505
ic_r1,external_supply_elasticity_minus20,42,buffered_smoothing,rule,cumulative_welfare,-9297526.675683975
ic_r1,external_supply_elasticity_minus20,42,buffered_smoothing,rule,cumulative_final_shortage,32465939.075928688
ic_r1,external_supply_elasticity_minus20,42,buffered_smoothing,rule,cumulative_final_delivered,-32465939.07592964
ic_r1,external_supply_elasticity_minus20,42,buffered_smoothing,rule,final_fill_rate,-0.003449614706243165
ic_r1,external_supply_elasticity_minus20,42,buffered_smoothing,rule,mean_service_rate,-0.002028308913140875
ic_r1,external_supply_elasticity_minus20,42,buffered_smoothing,rule,terminal_output,0.0
ic_r1,external_supply_elasticity_minus20,42,buffered_smoothing,rule,fiscal_spend,0.0
ic_r1,external_supply_elasticity_minus20,42,buffered_smoothing,rule,private_spend,929752.4706250811
ic_r1,external_supply_elasticity_minus20,42,buffered_smoothing,rule,terminal_ai_effective_mean,0.0
ic_r1,external_supply_elasticity_minus20,42,buffered_smoothing,rule,terminal_technology_mean,0.0
ic_r1,external_supply_elasticity_minus20,42,buffered_smoothing,rule,terminal_edge_health_mean,-6.5303653595805145e-09
ic_r1,external_supply_elasticity_minus20,43,demand_tracking,rule,cumulative_value_added,0.0
ic_r1,external_supply_elasticity_minus20,43,demand_tracking,rule,cumulative_shortage,235347622.80796182
ic_r1,external_supply_elasticity_minus20,43,demand_tracking,rule,cumulative_welfare,-47069524.56159258
ic_r1,external_supply_elasticity_minus20,43,demand_tracking,rule,cumulative_final_shortage,161621268.99514198
ic_r1,external_supply_elasticity_minus20,43,demand_tracking,rule,cumulative_final_delivered,-161621268.99514198
ic_r1,external_supply_elasticity_minus20,43,demand_tracking,rule,final_fill_rate,-0.017168199800808526
ic_r1,external_supply_elasticity_minus20,43,demand_tracking,rule,mean_service_rate,-0.01013534014957762
ic_r1,external_supply_elasticity_minus20,43,demand_tracking,rule,terminal_output,0.0
ic_r1,external_supply_elasticity_minus20,43,demand_tracking,rule,fiscal_spend,0.0
ic_r1,external_supply_elasticity_minus20,43,demand_tracking,rule,private_spend,4706821.798890201
ic_r1,external_supply_elasticity_minus20,43,demand_tracking,rule,terminal_ai_effective_mean,0.0
ic_r1,external_supply_elasticity_minus20,43,demand_tracking,rule,terminal_technology_mean,0.0
ic_r1,external_supply_elasticity_minus20,43,demand_tracking,rule,terminal_edge_health_mean,-5.487267862314127e-08
ic_r1,external_supply_elasticity_minus20,43,buffered_smoothing,rule,cumulative_value_added,0.0
ic_r1,external_supply_elasticity_minus20,43,buffered_smoothing,rule,cumulative_shortage,46995733.59617072
ic_r1,external_supply_elasticity_minus20,43,buffered_smoothing,rule,cumulative_welfare,-9399146.71923399
ic_r1,external_supply_elasticity_minus20,43,buffered_smoothing,rule,cumulative_final_shortage,32805053.188101172
ic_r1,external_supply_elasticity_minus20,43,buffered_smoothing,rule,cumulative_final_delivered,-32805053.188100815
ic_r1,external_supply_elasticity_minus20,43,buffered_smoothing,rule,final_fill_rate,-0.0034847128172617037
ic_r1,external_supply_elasticity_minus20,43,buffered_smoothing,rule,mean_service_rate,-0.0020482896716691457
ic_r1,external_supply_elasticity_minus20,43,buffered_smoothing,rule,terminal_output,0.0
ic_r1,external_supply_elasticity_minus20,43,buffered_smoothing,rule,fiscal_spend,0.0
ic_r1,external_supply_elasticity_minus20,43,buffered_smoothing,rule,private_spend,939914.4728275761
ic_r1,external_supply_elasticity_minus20,43,buffered_smoothing,rule,terminal_ai_effective_mean,0.0
ic_r1,external_supply_elasticity_minus20,43,buffered_smoothing,rule,terminal_technology_mean,0.0
ic_r1,external_supply_elasticity_minus20,43,buffered_smoothing,rule,terminal_edge_health_mean,-6.5976063501338444e-09
ic_r1,external_supply_elasticity_minus20,44,demand_tracking,rule,cumulative_value_added,0.0
ic_r1,external_supply_elasticity_minus20,44,demand_tracking,rule,cumulative_shortage,224626596.9978698
ic_r1,external_supply_elasticity_minus20,44,demand_tracking,rule,cumulative_welfare,-44925319.39957428
ic_r1,external_supply_elasticity_minus20,44,demand_tracking,rule,cumulative_final_shortage,154653382.3260815
ic_r1,external_supply_elasticity_minus20,44,demand_tracking,rule,cumulative_final_delivered,-154653382.32608223
ic_r1,external_supply_elasticity_minus20,44,demand_tracking,rule,final_fill_rate,-0.016446603298817974
ic_r1,external_supply_elasticity_minus20,44,demand_tracking,rule,mean_service_rate,-0.009721939907153643
ic_r1,external_supply_elasticity_minus20,44,demand_tracking,rule,terminal_output,0.0
ic_r1,external_supply_elasticity_minus20,44,demand_tracking,rule,fiscal_spend,0.0
ic_r1,external_supply_elasticity_minus20,44,demand_tracking,rule,private_spend,4492407.234649706
ic_r1,external_supply_elasticity_minus20,44,demand_tracking,rule,terminal_ai_effective_mean,0.0
ic_r1,external_supply_elasticity_minus20,44,demand_tracking,rule,terminal_technology_mean,0.0
ic_r1,external_supply_elasticity_minus20,44,demand_tracking,rule,terminal_edge_health_mean,-5.26065546679888e-08
ic_r1,external_supply_elasticity_minus20,44,buffered_smoothing,rule,cumulative_value_added,0.0
ic_r1,external_supply_elasticity_minus20,44,buffered_smoothing,rule,cumulative_shortage,44854889.707187295
ic_r1,external_supply_elasticity_minus20,44,buffered_smoothing,rule,cumulative_welfare,-8970977.941437721
ic_r1,external_supply_elasticity_minus20,44,buffered_smoothing,rule,cumulative_final_shortage,31374316.466077924
ic_r1,external_supply_elasticity_minus20,44,buffered_smoothing,rule,cumulative_final_delivered,-31374316.466077805
ic_r1,external_supply_elasticity_minus20,44,buffered_smoothing,rule,final_fill_rate,-0.0033364995251198293
ic_r1,external_supply_elasticity_minus20,44,buffered_smoothing,rule,mean_service_rate,-0.001963809653333426
ic_r1,external_supply_elasticity_minus20,44,buffered_smoothing,rule,terminal_output,0.0
ic_r1,external_supply_elasticity_minus20,44,buffered_smoothing,rule,fiscal_spend,0.0
ic_r1,external_supply_elasticity_minus20,44,buffered_smoothing,rule,private_spend,897097.6081308518
ic_r1,external_supply_elasticity_minus20,44,buffered_smoothing,rule,terminal_ai_effective_mean,0.0
ic_r1,external_supply_elasticity_minus20,44,buffered_smoothing,rule,terminal_technology_mean,0.0
ic_r1,external_supply_elasticity_minus20,44,buffered_smoothing,rule,terminal_edge_health_mean,-6.313739864260981e-09
ic_r1,external_supply_elasticity_minus20,45,demand_tracking,rule,cumulative_value_added,0.0
ic_r1,external_supply_elasticity_minus20,45,demand_tracking,rule,cumulative_shortage,231208573.0142827
ic_r1,external_supply_elasticity_minus20,45,demand_tracking,rule,cumulative_welfare,-46241714.60285711
ic_r1,external_supply_elasticity_minus20,45,demand_tracking,rule,cumulative_final_shortage,158934898.62713867
ic_r1,external_supply_elasticity_minus20,45,demand_tracking,rule,cumulative_final_delivered,-158934898.62713814
ic_r1,external_supply_elasticity_minus20,45,demand_tracking,rule,final_fill_rate,-0.01689020167413402
ic_r1,external_supply_elasticity_minus20,45,demand_tracking,rule,mean_service_rate,-0.00997622925736752
ic_r1,external_supply_elasticity_minus20,45,demand_tracking,rule,terminal_output,0.0
ic_r1,external_supply_elasticity_minus20,45,demand_tracking,rule,fiscal_spend,0.0
ic_r1,external_supply_elasticity_minus20,45,demand_tracking,rule,private_spend,4624043.100881098
ic_r1,external_supply_elasticity_minus20,45,demand_tracking,rule,terminal_ai_effective_mean,0.0
ic_r1,external_supply_elasticity_minus20,45,demand_tracking,rule,terminal_technology_mean,0.0
ic_r1,external_supply_elasticity_minus20,45,demand_tracking,rule,terminal_edge_health_mean,-5.4000045102142735e-08
ic_r1,external_supply_elasticity_minus20,45,buffered_smoothing,rule,cumulative_value_added,0.0
ic_r1,external_supply_elasticity_minus20,45,buffered_smoothing,rule,cumulative_shortage,46169221.3963691
ic_r1,external_supply_elasticity_minus20,45,buffered_smoothing,rule,cumulative_welfare,-9233844.279273987
ic_r1,external_supply_elasticity_minus20,45,buffered_smoothing,rule,cumulative_final_shortage,32253283.233219743
ic_r1,external_supply_elasticity_minus20,45,buffered_smoothing,rule,cumulative_final_delivered,-32253283.233219147
ic_r1,external_supply_elasticity_minus20,45,buffered_smoothing,rule,final_fill_rate,-0.003427594966037395
ic_r1,external_supply_elasticity_minus20,45,buffered_smoothing,rule,mean_service_rate,-0.0020157655714320155
ic_r1,external_supply_elasticity_minus20,45,buffered_smoothing,rule,terminal_output,0.0
ic_r1,external_supply_elasticity_minus20,45,buffered_smoothing,rule,fiscal_spend,0.0
ic_r1,external_supply_elasticity_minus20,45,buffered_smoothing,rule,private_spend,923384.232333038
ic_r1,external_supply_elasticity_minus20,45,buffered_smoothing,rule,terminal_ai_effective_mean,0.0
ic_r1,external_supply_elasticity_minus20,45,buffered_smoothing,rule,terminal_technology_mean,0.0
ic_r1,external_supply_elasticity_minus20,45,buffered_smoothing,rule,terminal_edge_health_mean,-6.488185877451258e-09
ic_r1,external_supply_elasticity_minus20,46,demand_tracking,rule,cumulative_value_added,0.0
ic_r1,external_supply_elasticity_minus20,46,demand_tracking,rule,cumulative_shortage,226317623.21839887
ic_r1,external_supply_elasticity_minus20,46,demand_tracking,rule,cumulative_welfare,-45263524.64367962
ic_r1,external_supply_elasticity_minus20,46,demand_tracking,rule,cumulative_final_shortage,155754513.2102729
ic_r1,external_supply_elasticity_minus20,46,demand_tracking,rule,cumulative_final_delivered,-155754513.21027374
ic_r1,external_supply_elasticity_minus20,46,demand_tracking,rule,final_fill_rate,-0.016560750849979766
ic_r1,external_supply_elasticity_minus20,46,demand_tracking,rule,mean_service_rate,-0.00978742067868188
ic_r1,external_supply_elasticity_minus20,46,demand_tracking,rule,terminal_output,0.0
ic_r1,external_supply_elasticity_minus20,46,demand_tracking,rule,fiscal_spend,0.0
ic_r1,external_supply_elasticity_minus20,46,demand_tracking,rule,private_spend,4526226.820258075
ic_r1,external_supply_elasticity_minus20,46,demand_tracking,rule,terminal_ai_effective_mean,0.0
ic_r1,external_supply_elasticity_minus20,46,demand_tracking,rule,terminal_technology_mean,0.0
ic_r1,external_supply_elasticity_minus20,46,demand_tracking,rule,terminal_edge_health_mean,-5.296525273923436e-08
ic_r1,external_supply_elasticity_minus20,46,buffered_smoothing,rule,cumulative_value_added,0.0
ic_r1,external_supply_elasticity_minus20,46,buffered_smoothing,rule,cumulative_shortage,45192564.947083
ic_r1,external_supply_elasticity_minus20,46,buffered_smoothing,rule,cumulative_welfare,-9038512.9894166
ic_r1,external_supply_elasticity_minus20,46,buffered_smoothing,rule,cumulative_final_shortage,31600319.627308607
ic_r1,external_supply_elasticity_minus20,46,buffered_smoothing,rule,cumulative_final_delivered,-31600319.6273098
ic_r1,external_supply_elasticity_minus20,46,buffered_smoothing,rule,final_fill_rate,-0.0033599348702088028
ic_r1,external_supply_elasticity_minus20,46,buffered_smoothing,rule,mean_service_rate,-0.001977185769287626
ic_r1,external_supply_elasticity_minus20,46,buffered_smoothing,rule,terminal_output,0.0
ic_r1,external_supply_elasticity_minus20,46,buffered_smoothing,rule,fiscal_spend,0.0
ic_r1,external_supply_elasticity_minus20,46,buffered_smoothing,rule,private_spend,903851.1074848874
ic_r1,external_supply_elasticity_minus20,46,buffered_smoothing,rule,terminal_ai_effective_mean,0.0
ic_r1,external_supply_elasticity_minus20,46,buffered_smoothing,rule,terminal_technology_mean,0.0
ic_r1,external_supply_elasticity_minus20,46,buffered_smoothing,rule,terminal_edge_health_mean,-6.358610638024231e-09
ic_r1,external_supply_elasticity_minus20,47,demand_tracking,rule,cumulative_value_added,0.0
ic_r1,external_supply_elasticity_minus20,47,demand_tracking,rule,cumulative_shortage,236260053.84660304
ic_r1,external_supply_elasticity_minus20,47,demand_tracking,rule,cumulative_welfare,-47252010.76932049
ic_r1,external_supply_elasticity_minus20,47,demand_tracking,rule,cumulative_final_shortage,162212841.87055683
ic_r1,external_supply_elasticity_minus20,47,demand_tracking,rule,cumulative_final_delivered,-162212841.87055779
ic_r1,external_supply_elasticity_minus20,47,demand_tracking,rule,final_fill_rate,-0.017229384225063704
ic_r1,external_supply_elasticity_minus20,47,demand_tracking,rule,mean_service_rate,-0.010170332830930162
ic_r1,external_supply_elasticity_minus20,47,demand_tracking,rule,terminal_output,0.0
ic_r1,external_supply_elasticity_minus20,47,demand_tracking,rule,fiscal_spend,0.0
ic_r1,external_supply_elasticity_minus20,47,demand_tracking,rule,private_spend,4725069.913111285
ic_r1,external_supply_elasticity_minus20,47,demand_tracking,rule,terminal_ai_effective_mean,0.0
ic_r1,external_supply_elasticity_minus20,47,demand_tracking,rule,terminal_technology_mean,0.0
ic_r1,external_supply_elasticity_minus20,47,demand_tracking,rule,terminal_edge_health_mean,-5.5064668491588975e-08
ic_r1,external_supply_elasticity_minus20,47,buffered_smoothing,rule,cumulative_value_added,0.0
ic_r1,external_supply_elasticity_minus20,47,buffered_smoothing,rule,cumulative_shortage,47177933.71999234
ic_r1,external_supply_elasticity_minus20,47,buffered_smoothing,rule,cumulative_welfare,-9435586.74399805
ic_r1,external_supply_elasticity_minus20,47,buffered_smoothing,rule,cumulative_final_shortage,32926588.49882871
ic_r1,external_supply_elasticity_minus20,47,buffered_smoothing,rule,cumulative_final_delivered,-32926588.498828888
ic_r1,external_supply_elasticity_minus20,47,buffered_smoothing,rule,final_fill_rate,-0.0034972868850887684
ic_r1,external_supply_elasticity_minus20,47,buffered_smoothing,rule,mean_service_rate,-0.002055444112203153
ic_r1,external_supply_elasticity_minus20,47,buffered_smoothing,rule,terminal_output,0.0
ic_r1,external_supply_elasticity_minus20,47,buffered_smoothing,rule,fiscal_spend,0.0
ic_r1,external_supply_elasticity_minus20,47,buffered_smoothing,rule,private_spend,943558.4745321283
ic_r1,external_supply_elasticity_minus20,47,buffered_smoothing,rule,terminal_ai_effective_mean,0.0
ic_r1,external_supply_elasticity_minus20,47,buffered_smoothing,rule,terminal_technology_mean,0.0
ic_r1,external_supply_elasticity_minus20,47,buffered_smoothing,rule,terminal_edge_health_mean,-6.621698078745908e-09
ic_r1,external_supply_elasticity_minus20,48,demand_tracking,rule,cumulative_value_added,0.0
ic_r1,external_supply_elasticity_minus20,48,demand_tracking,rule,cumulative_shortage,248032274.07337213
ic_r1,external_supply_elasticity_minus20,48,demand_tracking,rule,cumulative_welfare,-49606454.81467438
ic_r1,external_supply_elasticity_minus20,48,demand_tracking,rule,cumulative_final_shortage,169825384.18088257
ic_r1,external_supply_elasticity_minus20,48,demand_tracking,rule,cumulative_final_delivered,-169825384.1808834
ic_r1,external_supply_elasticity_minus20,48,demand_tracking,rule,final_fill_rate,-0.01801561830586418
ic_r1,external_supply_elasticity_minus20,48,demand_tracking,rule,mean_service_rate,-0.010619158605141177
ic_r1,external_supply_elasticity_minus20,48,demand_tracking,rule,terminal_output,0.0
ic_r1,external_supply_elasticity_minus20,48,demand_tracking,rule,fiscal_spend,0.0
ic_r1,external_supply_elasticity_minus20,48,demand_tracking,rule,private_spend,4960507.782096715
ic_r1,external_supply_elasticity_minus20,48,demand_tracking,rule,terminal_ai_effective_mean,0.0
ic_r1,external_supply_elasticity_minus20,48,demand_tracking,rule,terminal_technology_mean,0.0
ic_r1,external_supply_elasticity_minus20,48,demand_tracking,rule,terminal_edge_health_mean,-5.752963982974535e-08
ic_r1,external_supply_elasticity_minus20,48,buffered_smoothing,rule,cumulative_value_added,0.0
ic_r1,external_supply_elasticity_minus20,48,buffered_smoothing,rule,cumulative_shortage,49528686.69982737
ic_r1,external_supply_elasticity_minus20,48,buffered_smoothing,rule,cumulative_welfare,-9905737.339965343
ic_r1,external_supply_elasticity_minus20,48,buffered_smoothing,rule,cumulative_final_shortage,34491460.41342473
ic_r1,external_supply_elasticity_minus20,48,buffered_smoothing,rule,cumulative_final_delivered,-34491460.413425446
ic_r1,external_supply_elasticity_minus20,48,buffered_smoothing,rule,final_fill_rate,-0.0036589641096188563
ic_r1,external_supply_elasticity_minus20,48,buffered_smoothing,rule,mean_service_rate,-0.0021472578420309585
ic_r1,external_supply_elasticity_minus20,48,buffered_smoothing,rule,terminal_output,0.0
ic_r1,external_supply_elasticity_minus20,48,buffered_smoothing,rule,fiscal_spend,0.0
ic_r1,external_supply_elasticity_minus20,48,buffered_smoothing,rule,private_spend,990573.5241699452
ic_r1,external_supply_elasticity_minus20,48,buffered_smoothing,rule,terminal_ai_effective_mean,0.0
ic_r1,external_supply_elasticity_minus20,48,buffered_smoothing,rule,terminal_technology_mean,0.0
ic_r1,external_supply_elasticity_minus20,48,buffered_smoothing,rule,terminal_edge_health_mean,-6.931604734639052e-09
ic_r1,external_supply_elasticity_minus20,49,demand_tracking,rule,cumulative_value_added,0.0
ic_r1,external_supply_elasticity_minus20,49,demand_tracking,rule,cumulative_shortage,226126367.71920615
ic_r1,external_supply_elasticity_minus20,49,demand_tracking,rule,cumulative_welfare,-45225273.54384136
ic_r1,external_supply_elasticity_minus20,49,demand_tracking,rule,cumulative_final_shortage,155630014.4732607
ic_r1,external_supply_elasticity_minus20,49,demand_tracking,rule,cumulative_final_delivered,-155630014.47326088
ic_r1,external_supply_elasticity_minus20,49,demand_tracking,rule,final_fill_rate,-0.016547846967904456
ic_r1,external_supply_elasticity_minus20,49,demand_tracking,rule,mean_service_rate,-0.009780019977574161
ic_r1,external_supply_elasticity_minus20,49,demand_tracking,rule,terminal_output,0.0
ic_r1,external_supply_elasticity_minus20,49,demand_tracking,rule,fiscal_spend,0.0
ic_r1,external_supply_elasticity_minus20,49,demand_tracking,rule,private_spend,4522401.816453
ic_r1,external_supply_elasticity_minus20,49,demand_tracking,rule,terminal_ai_effective_mean,0.0
ic_r1,external_supply_elasticity_minus20,49,demand_tracking,rule,terminal_technology_mean,0.0
ic_r1,external_supply_elasticity_minus20,49,demand_tracking,rule,terminal_edge_health_mean,-5.292470794948656e-08
ic_r1,external_supply_elasticity_minus20,49,buffered_smoothing,rule,cumulative_value_added,0.0
ic_r1,external_supply_elasticity_minus20,49,buffered_smoothing,rule,cumulative_shortage,45154373.813551664
ic_r1,external_supply_elasticity_minus20,49,buffered_smoothing,rule,cumulative_welfare,-9030874.762710094
ic_r1,external_supply_elasticity_minus20,49,buffered_smoothing,rule,cumulative_final_shortage,31574764.91647476
ic_r1,external_supply_elasticity_minus20,49,buffered_smoothing,rule,cumulative_final_delivered,-31574764.916475296
ic_r1,external_supply_elasticity_minus20,49,buffered_smoothing,rule,final_fill_rate,-0.003357285416015765
ic_r1,external_supply_elasticity_minus20,49,buffered_smoothing,rule,mean_service_rate,-0.001975673891265517
ic_r1,external_supply_elasticity_minus20,49,buffered_smoothing,rule,terminal_output,0.0
ic_r1,external_supply_elasticity_minus20,49,buffered_smoothing,rule,fiscal_spend,0.0
ic_r1,external_supply_elasticity_minus20,49,buffered_smoothing,rule,private_spend,903087.2849760586
ic_r1,external_supply_elasticity_minus20,49,buffered_smoothing,rule,terminal_ai_effective_mean,0.0
ic_r1,external_supply_elasticity_minus20,49,buffered_smoothing,rule,terminal_technology_mean,0.0
ic_r1,external_supply_elasticity_minus20,49,buffered_smoothing,rule,terminal_edge_health_mean,-6.353537695957812e-09
ic_r1,external_supply_elasticity_minus20,50,demand_tracking,rule,cumulative_value_added,0.0
ic_r1,external_supply_elasticity_minus20,50,demand_tracking,rule,cumulative_shortage,213091812.04224128
ic_r1,external_supply_elasticity_minus20,50,demand_tracking,rule,cumulative_welfare,-42618362.40844822
ic_r1,external_supply_elasticity_minus20,50,demand_tracking,rule,cumulative_final_shortage,147121205.80116427
ic_r1,external_supply_elasticity_minus20,50,demand_tracking,rule,cumulative_final_delivered,-147121205.80116463
ic_r1,external_supply_elasticity_minus20,50,demand_tracking,rule,final_fill_rate,-0.01566464192243433
ic_r1,external_supply_elasticity_minus20,50,demand_tracking,rule,mean_service_rate,-0.009272506993024954
ic_r1,external_supply_elasticity_minus20,50,demand_tracking,rule,terminal_output,0.0
ic_r1,external_supply_elasticity_minus20,50,demand_tracking,rule,fiscal_spend,0.0
ic_r1,external_supply_elasticity_minus20,50,demand_tracking,rule,private_spend,4261717.939270825
ic_r1,external_supply_elasticity_minus20,50,demand_tracking,rule,terminal_ai_effective_mean,0.0
ic_r1,external_supply_elasticity_minus20,50,demand_tracking,rule,terminal_technology_mean,0.0
ic_r1,external_supply_elasticity_minus20,50,demand_tracking,rule,terminal_edge_health_mean,-5.014702098016244e-08
ic_r1,external_supply_elasticity_minus20,50,buffered_smoothing,rule,cumulative_value_added,0.0
ic_r1,external_supply_elasticity_minus20,50,buffered_smoothing,rule,cumulative_shortage,42551549.346358955
ic_r1,external_supply_elasticity_minus20,50,buffered_smoothing,rule,cumulative_welfare,-8510309.869271755
ic_r1,external_supply_elasticity_minus20,50,buffered_smoothing,rule,cumulative_final_shortage,29829326.532667518
ic_r1,external_supply_elasticity_minus20,50,buffered_smoothing,rule,cumulative_final_delivered,-29829326.53266716
ic_r1,external_supply_elasticity_minus20,50,buffered_smoothing,rule,final_fill_rate,-0.0031760596059354773
ic_r1,external_supply_elasticity_minus20,50,buffered_smoothing,rule,mean_service_rate,-0.0018720541020422754
ic_r1,external_supply_elasticity_minus20,50,buffered_smoothing,rule,terminal_output,0.0
ic_r1,external_supply_elasticity_minus20,50,buffered_smoothing,rule,fiscal_spend,0.0
ic_r1,external_supply_elasticity_minus20,50,buffered_smoothing,rule,private_spend,851030.8104662206
ic_r1,external_supply_elasticity_minus20,50,buffered_smoothing,rule,terminal_ai_effective_mean,0.0
ic_r1,external_supply_elasticity_minus20,50,buffered_smoothing,rule,terminal_technology_mean,0.0
ic_r1,external_supply_elasticity_minus20,50,buffered_smoothing,rule,terminal_edge_health_mean,-6.006697694793672e-09
ic_r1,external_supply_elasticity_minus20,51,demand_tracking,rule,cumulative_value_added,0.0
ic_r1,external_supply_elasticity_minus20,51,demand_tracking,rule,cumulative_shortage,243483561.22330254
ic_r1,external_supply_elasticity_minus20,51,demand_tracking,rule,cumulative_welfare,-48696712.244660854
ic_r1,external_supply_elasticity_minus20,51,demand_tracking,rule,cumulative_final_shortage,166888311.82749194
ic_r1,external_supply_elasticity_minus20,51,demand_tracking,rule,cumulative_final_delivered,-166888311.82749176
ic_r1,external_supply_elasticity_minus20,51,demand_tracking,rule,final_fill_rate,-0.01771251667044227
ic_r1,external_supply_elasticity_minus20,51,demand_tracking,rule,mean_service_rate,-0.010446316339514983
ic_r1,external_supply_elasticity_minus20,51,demand_tracking,rule,terminal_output,0.0
ic_r1,external_supply_elasticity_minus20,51,demand_tracking,rule,fiscal_spend,0.0
ic_r1,external_supply_elasticity_minus20,51,demand_tracking,rule,private_spend,4869536.050391276
ic_r1,external_supply_elasticity_minus20,51,demand_tracking,rule,terminal_ai_effective_mean,0.0
ic_r1,external_supply_elasticity_minus20,51,demand_tracking,rule,terminal_technology_mean,0.0
ic_r1,external_supply_elasticity_minus20,51,demand_tracking,rule,terminal_edge_health_mean,-5.6579837592884985e-08
ic_r1,external_supply_elasticity_minus20,51,buffered_smoothing,rule,cumulative_value_added,0.0
ic_r1,external_supply_elasticity_minus20,51,buffered_smoothing,rule,cumulative_shortage,48620370.33462715
ic_r1,external_supply_elasticity_minus20,51,buffered_smoothing,rule,cumulative_welfare,-9724074.066925526
ic_r1,external_supply_elasticity_minus20,51,buffered_smoothing,rule,cumulative_final_shortage,33887499.60005212
ic_r1,external_supply_elasticity_minus20,51,buffered_smoothing,rule,cumulative_final_delivered,-33887499.60005188
ic_r1,external_supply_elasticity_minus20,51,buffered_smoothing,rule,final_fill_rate,-0.0035966143764817327
ic_r1,external_supply_elasticity_minus20,51,buffered_smoothing,rule,mean_service_rate,-0.0021118897543359605
ic_r1,external_supply_elasticity_minus20,51,buffered_smoothing,rule,terminal_output,0.0
ic_r1,external_supply_elasticity_minus20,51,buffered_smoothing,rule,fiscal_spend,0.0
ic_r1,external_supply_elasticity_minus20,51,buffered_smoothing,rule,private_spend,972407.2007139875
ic_r1,external_supply_elasticity_minus20,51,buffered_smoothing,rule,terminal_ai_effective_mean,0.0
ic_r1,external_supply_elasticity_minus20,51,buffered_smoothing,rule,terminal_technology_mean,0.0
ic_r1,external_supply_elasticity_minus20,51,buffered_smoothing,rule,terminal_edge_health_mean,-6.81206291375247e-09
ic_r1,external_supply_elasticity_plus20,42,demand_tracking,rule,cumulative_value_added,558151.6092061996
ic_r1,external_supply_elasticity_plus20,42,demand_tracking,rule,cumulative_shortage,226657278.79888725
ic_r1,external_supply_elasticity_plus20,42,demand_tracking,rule,cumulative_welfare,-44773304.15057135
ic_r1,external_supply_elasticity_plus20,42,demand_tracking,rule,cumulative_final_shortage,155460086.1644649
ic_r1,external_supply_elasticity_plus20,42,demand_tracking,rule,cumulative_final_delivered,-155460086.16446304
ic_r1,external_supply_elasticity_plus20,42,demand_tracking,rule,final_fill_rate,-0.01651815455614991
ic_r1,external_supply_elasticity_plus20,42,demand_tracking,rule,mean_service_rate,-0.009743863100394101
ic_r1,external_supply_elasticity_plus20,42,demand_tracking,rule,terminal_output,17.858064651489258
ic_r1,external_supply_elasticity_plus20,42,demand_tracking,rule,fiscal_spend,0.0
ic_r1,external_supply_elasticity_plus20,42,demand_tracking,rule,private_spend,4604936.023543571
ic_r1,external_supply_elasticity_plus20,42,demand_tracking,rule,terminal_ai_effective_mean,0.0
ic_r1,external_supply_elasticity_plus20,42,demand_tracking,rule,terminal_technology_mean,0.0
ic_r1,external_supply_elasticity_plus20,42,demand_tracking,rule,terminal_edge_health_mean,-5.4258025516951136e-08
ic_r1,external_supply_elasticity_plus20,42,buffered_smoothing,rule,cumulative_value_added,75473.2893857956
ic_r1,external_supply_elasticity_plus20,42,buffered_smoothing,rule,cumulative_shortage,45726124.87392539
ic_r1,external_supply_elasticity_plus20,42,buffered_smoothing,rule,cumulative_welfare,-9069751.685399055
ic_r1,external_supply_elasticity_plus20,42,buffered_smoothing,rule,cumulative_final_shortage,31902495.3653543
ic_r1,external_supply_elasticity_plus20,42,buffered_smoothing,rule,cumulative_final_delivered,-31902495.36535263
ic_r1,external_supply_elasticity_plus20,42,buffered_smoothing,rule,final_fill_rate,-0.003389746925871795
ic_r1,external_supply_elasticity_plus20,42,buffered_smoothing,rule,mean_service_rate,-0.001991845363851885
ic_r1,external_supply_elasticity_plus20,42,buffered_smoothing,rule,terminal_output,0.00012004375457763672
ic_r1,external_supply_elasticity_plus20,42,buffered_smoothing,rule,fiscal_spend,0.0
ic_r1,external_supply_elasticity_plus20,42,buffered_smoothing,rule,private_spend,924261.8855303256
ic_r1,external_supply_elasticity_plus20,42,buffered_smoothing,rule,terminal_ai_effective_mean,0.0
ic_r1,external_supply_elasticity_plus20,42,buffered_smoothing,rule,terminal_technology_mean,0.0
ic_r1,external_supply_elasticity_plus20,42,buffered_smoothing,rule,terminal_edge_health_mean,-6.767038929211822e-09
ic_r1,external_supply_elasticity_plus20,43,demand_tracking,rule,cumulative_value_added,564252.0908517838
ic_r1,external_supply_elasticity_plus20,43,demand_tracking,rule,cumulative_shortage,229134595.9764545
ic_r1,external_supply_elasticity_plus20,43,demand_tracking,rule,cumulative_welfare,-45262667.10443878
ic_r1,external_supply_elasticity_plus20,43,demand_tracking,rule,cumulative_final_shortage,157062456.30600423
ic_r1,external_supply_elasticity_plus20,43,demand_tracking,rule,cumulative_final_delivered,-157062456.30600548
ic_r1,external_supply_elasticity_plus20,43,demand_tracking,rule,final_fill_rate,-0.016683940472886127
ic_r1,external_supply_elasticity_plus20,43,demand_tracking,rule,mean_service_rate,-0.009838427749741308
ic_r1,external_supply_elasticity_plus20,43,demand_tracking,rule,terminal_output,18.05324959754944
ic_r1,external_supply_elasticity_plus20,43,demand_tracking,rule,fiscal_spend,0.0
ic_r1,external_supply_elasticity_plus20,43,demand_tracking,rule,private_spend,4655267.02183833
ic_r1,external_supply_elasticity_plus20,43,demand_tracking,rule,terminal_ai_effective_mean,0.0
ic_r1,external_supply_elasticity_plus20,43,demand_tracking,rule,terminal_technology_mean,0.0
ic_r1,external_supply_elasticity_plus20,43,demand_tracking,rule,terminal_edge_health_mean,-5.479302189748125e-08
ic_r1,external_supply_elasticity_plus20,43,buffered_smoothing,rule,cumulative_value_added,76298.19682884216
ic_r1,external_supply_elasticity_plus20,43,buffered_smoothing,rule,cumulative_shortage,46225901.961227
ic_r1,external_supply_elasticity_plus20,43,buffered_smoothing,rule,cumulative_welfare,-9168882.19541645
ic_r1,external_supply_elasticity_plus20,43,buffered_smoothing,rule,cumulative_final_shortage,32235538.588770628
ic_r1,external_supply_elasticity_plus20,43,buffered_smoothing,rule,cumulative_final_delivered,-32235538.58877182
ic_r1,external_supply_elasticity_plus20,43,buffered_smoothing,rule,final_fill_rate,-0.0034242161976548724
ic_r1,external_supply_elasticity_plus20,43,buffered_smoothing,rule,mean_service_rate,-0.002011431089081084
ic_r1,external_supply_elasticity_plus20,43,buffered_smoothing,rule,terminal_output,0.00012111663818359375
ic_r1,external_supply_elasticity_plus20,43,buffered_smoothing,rule,fiscal_spend,0.0
ic_r1,external_supply_elasticity_plus20,43,buffered_smoothing,rule,private_spend,934363.8767733434
ic_r1,external_supply_elasticity_plus20,43,buffered_smoothing,rule,terminal_ai_effective_mean,0.0
ic_r1,external_supply_elasticity_plus20,43,buffered_smoothing,rule,terminal_technology_mean,0.0
ic_r1,external_supply_elasticity_plus20,43,buffered_smoothing,rule,terminal_edge_health_mean,-6.836736732296345e-09
ic_r1,external_supply_elasticity_plus20,44,demand_tracking,rule,cumulative_value_added,538548.1506242752
ic_r1,external_supply_elasticity_plus20,44,demand_tracking,rule,cumulative_shortage,218696598.39594358
ic_r1,external_supply_elasticity_plus20,44,demand_tracking,rule,cumulative_welfare,-43200771.52856493
ic_r1,external_supply_elasticity_plus20,44,demand_tracking,rule,cumulative_final_shortage,150299163.8668444
ic_r1,external_supply_elasticity_plus20,44,demand_tracking,rule,cumulative_final_delivered,-150299163.86684418
ic_r1,external_supply_elasticity_plus20,44,demand_tracking,rule,final_fill_rate,-0.015983554236467135
ic_r1,external_supply_elasticity_plus20,44,demand_tracking,rule,mean_service_rate,-0.009438416011869344
ic_r1,external_supply_elasticity_plus20,44,demand_tracking,rule,terminal_output,17.230851888656616
ic_r1,external_supply_elasticity_plus20,44,demand_tracking,rule,fiscal_spend,0.0
ic_r1,external_supply_elasticity_plus20,44,demand_tracking,rule,private_spend,4443200.983955632
ic_r1,external_supply_elasticity_plus20,44,demand_tracking,rule,terminal_ai_effective_mean,0.0
ic_r1,external_supply_elasticity_plus20,44,demand_tracking,rule,terminal_technology_mean,0.0
ic_r1,external_supply_elasticity_plus20,44,demand_tracking,rule,terminal_edge_health_mean,-5.2531601513194914e-08
ic_r1,external_supply_elasticity_plus20,44,buffered_smoothing,rule,cumulative_value_added,72822.508705616
ic_r1,external_supply_elasticity_plus20,44,buffered_smoothing,rule,cumulative_shortage,44120127.18386495
ic_r1,external_supply_elasticity_plus20,44,buffered_smoothing,rule,cumulative_welfare,-8751202.928068161
ic_r1,external_supply_elasticity_plus20,44,buffered_smoothing,rule,cumulative_final_shortage,30830393.281605095
ic_r1,external_supply_elasticity_plus20,44,buffered_smoothing,rule,cumulative_final_delivered,-30830393.281604767
ic_r1,external_supply_elasticity_plus20,44,buffered_smoothing,rule,final_fill_rate,-0.0032786560515047913
ic_r1,external_supply_elasticity_plus20,44,buffered_smoothing,rule,mean_service_rate,-0.0019286160239372352
ic_r1,external_supply_elasticity_plus20,44,buffered_smoothing,rule,terminal_output,0.0001157522201538086
ic_r1,external_supply_elasticity_plus20,44,buffered_smoothing,rule,fiscal_spend,0.0
ic_r1,external_supply_elasticity_plus20,44,buffered_smoothing,rule,private_spend,891799.8639340159
ic_r1,external_supply_elasticity_plus20,44,buffered_smoothing,rule,terminal_ai_effective_mean,0.0
ic_r1,external_supply_elasticity_plus20,44,buffered_smoothing,rule,terminal_technology_mean,0.0
ic_r1,external_supply_elasticity_plus20,44,buffered_smoothing,rule,terminal_edge_health_mean,-6.542500541328877e-09
ic_r1,external_supply_elasticity_plus20,45,demand_tracking,rule,cumulative_value_added,554328.6105446815
ic_r1,external_supply_elasticity_plus20,45,demand_tracking,rule,cumulative_shortage,225104814.4520629
ic_r1,external_supply_elasticity_plus20,45,demand_tracking,rule,cumulative_welfare,-44466634.27986765
ic_r1,external_supply_elasticity_plus20,45,demand_tracking,rule,cumulative_final_shortage,154455040.27423036
ic_r1,external_supply_elasticity_plus20,45,demand_tracking,rule,cumulative_final_delivered,-154455040.27423096
ic_r1,external_supply_elasticity_plus20,45,demand_tracking,rule,final_fill_rate,-0.016414121771571755
ic_r1,external_supply_elasticity_plus20,45,demand_tracking,rule,mean_service_rate,-0.009684484235546242
ic_r1,external_supply_elasticity_plus20,45,demand_tracking,rule,terminal_output,17.735747814178467
ic_r1,external_supply_elasticity_plus20,45,demand_tracking,rule,fiscal_spend,0.0
ic_r1,external_supply_elasticity_plus20,45,demand_tracking,rule,private_spend,4573395.015754882
ic_r1,external_supply_elasticity_plus20,45,demand_tracking,rule,terminal_ai_effective_mean,0.0
ic_r1,external_supply_elasticity_plus20,45,demand_tracking,rule,terminal_technology_mean,0.0
ic_r1,external_supply_elasticity_plus20,45,demand_tracking,rule,terminal_edge_health_mean,-5.392221469335823e-08
ic_r1,external_supply_elasticity_plus20,45,buffered_smoothing,rule,cumulative_value_added,74956.34330940247
ic_r1,external_supply_elasticity_plus20,45,buffered_smoothing,rule,cumulative_shortage,45412928.761445045
ic_r1,external_supply_elasticity_plus20,45,buffered_smoothing,rule,cumulative_welfare,-9007629.408979416
ic_r1,external_supply_elasticity_plus20,45,buffered_smoothing,rule,cumulative_final_shortage,31693644.88793683
ic_r1,external_supply_elasticity_plus20,45,buffered_smoothing,rule,cumulative_final_delivered,-31693644.887937546
ic_r1,external_supply_elasticity_plus20,45,buffered_smoothing,rule,final_fill_rate,-0.0033681215300706002
ic_r1,external_supply_elasticity_plus20,45,buffered_smoothing,rule,mean_service_rate,-0.0019795496158473425
ic_r1,external_supply_elasticity_plus20,45,buffered_smoothing,rule,terminal_output,0.00011920928955078125
ic_r1,external_supply_elasticity_plus20,45,buffered_smoothing,rule,fiscal_spend,0.0
ic_r1,external_supply_elasticity_plus20,45,buffered_smoothing,rule,private_spend,917931.2544029318
ic_r1,external_supply_elasticity_plus20,45,buffered_smoothing,rule,terminal_ai_effective_mean,0.0
ic_r1,external_supply_elasticity_plus20,45,buffered_smoothing,rule,terminal_technology_mean,0.0
ic_r1,external_supply_elasticity_plus20,45,buffered_smoothing,rule,terminal_edge_health_mean,-6.723318568546688e-09
ic_r1,external_supply_elasticity_plus20,46,demand_tracking,rule,cumulative_value_added,542602.4302859306
ic_r1,external_supply_elasticity_plus20,46,demand_tracking,rule,cumulative_shortage,220342982.6049847
ic_r1,external_supply_elasticity_plus20,46,demand_tracking,rule,cumulative_welfare,-43525994.09071064
ic_r1,external_supply_elasticity_plus20,46,demand_tracking,rule,cumulative_final_shortage,151368005.58706915
ic_r1,external_supply_elasticity_plus20,46,demand_tracking,rule,cumulative_final_delivered,-151368005.58706856
ic_r1,external_supply_elasticity_plus20,46,demand_tracking,rule,final_fill_rate,-0.016094351139613883
ic_r1,external_supply_elasticity_plus20,46,demand_tracking,rule,mean_service_rate,-0.00950178417408798
ic_r1,external_supply_elasticity_plus20,46,demand_tracking,rule,terminal_output,17.360568523406982
ic_r1,external_supply_elasticity_plus20,46,demand_tracking,rule,fiscal_spend,0.0
ic_r1,external_supply_elasticity_plus20,46,demand_tracking,rule,private_spend,4476650.136760173
ic_r1,external_supply_elasticity_plus20,46,demand_tracking,rule,terminal_ai_effective_mean,0.0
ic_r1,external_supply_elasticity_plus20,46,demand_tracking,rule,terminal_technology_mean,0.0
ic_r1,external_supply_elasticity_plus20,46,demand_tracking,rule,terminal_edge_health_mean,-5.288956295146363e-08
ic_r1,external_supply_elasticity_plus20,46,buffered_smoothing,rule,cumulative_value_added,73370.72861003876
ic_r1,external_supply_elasticity_plus20,46,buffered_smoothing,rule,cumulative_shortage,44452270.80763048
ic_r1,external_supply_elasticity_plus20,46,buffered_smoothing,rule,cumulative_welfare,-8817083.432915688
ic_r1,external_supply_elasticity_plus20,46,buffered_smoothing,rule,cumulative_final_shortage,31052357.76624787
ic_r1,external_supply_elasticity_plus20,46,buffered_smoothing,rule,cumulative_final_delivered,-31052357.766246796
ic_r1,external_supply_elasticity_plus20,46,buffered_smoothing,rule,final_fill_rate,-0.0033016722897588613
ic_r1,external_supply_elasticity_plus20,46,buffered_smoothing,rule,mean_service_rate,-0.0019417294318296863
ic_r1,external_supply_elasticity_plus20,46,buffered_smoothing,rule,terminal_output,0.00011658668518066406
ic_r1,external_supply_elasticity_plus20,46,buffered_smoothing,rule,fiscal_spend,0.0
ic_r1,external_supply_elasticity_plus20,46,buffered_smoothing,rule,private_spend,898513.4809924215
ic_r1,external_supply_elasticity_plus20,46,buffered_smoothing,rule,terminal_ai_effective_mean,0.0
ic_r1,external_supply_elasticity_plus20,46,buffered_smoothing,rule,terminal_technology_mean,0.0
ic_r1,external_supply_elasticity_plus20,46,buffered_smoothing,rule,terminal_edge_health_mean,-6.5890095601872645e-09
ic_r1,external_supply_elasticity_plus20,47,demand_tracking,rule,cumulative_value_added,566439.6681690216
ic_r1,external_supply_elasticity_plus20,47,demand_tracking,rule,cumulative_shortage,230022939.41881108
ic_r1,external_supply_elasticity_plus20,47,demand_tracking,rule,cumulative_welfare,-45438148.21559334
ic_r1,external_supply_elasticity_plus20,47,demand_tracking,rule,cumulative_final_shortage,157636629.70324075
ic_r1,external_supply_elasticity_plus20,47,demand_tracking,rule,cumulative_final_delivered,-157636629.70323944
ic_r1,external_supply_elasticity_plus20,47,demand_tracking,rule,final_fill_rate,-0.01674332333853379
ic_r1,external_supply_elasticity_plus20,47,demand_tracking,rule,mean_service_rate,-0.009872281564263896
ic_r1,external_supply_elasticity_plus20,47,demand_tracking,rule,terminal_output,18.123241186141968
ic_r1,external_supply_elasticity_plus20,47,demand_tracking,rule,fiscal_spend,0.0
ic_r1,external_supply_elasticity_plus20,47,demand_tracking,rule,private_spend,4673315.26075068
ic_r1,external_supply_elasticity_plus20,47,demand_tracking,rule,terminal_ai_effective_mean,0.0
ic_r1,external_supply_elasticity_plus20,47,demand_tracking,rule,terminal_technology_mean,0.0
ic_r1,external_supply_elasticity_plus20,47,demand_tracking,rule,terminal_edge_health_mean,-5.49846077557703e-08
ic_r1,external_supply_elasticity_plus20,47,buffered_smoothing,rule,cumulative_value_added,76594.00114631653
ic_r1,external_supply_elasticity_plus20,47,buffered_smoothing,rule,cumulative_shortage,46405117.486055076
ic_r1,external_supply_elasticity_plus20,47,buffered_smoothing,rule,cumulative_welfare,-9204429.496064663
ic_r1,external_supply_elasticity_plus20,47,buffered_smoothing,rule,cumulative_final_shortage,32354897.36912626
ic_r1,external_supply_elasticity_plus20,47,buffered_smoothing,rule,cumulative_final_delivered,-32354897.369125366
ic_r1,external_supply_elasticity_plus20,47,buffered_smoothing,rule,final_fill_rate,-0.0034365648977410235
ic_r1,external_supply_elasticity_plus20,47,buffered_smoothing,rule,mean_service_rate,-0.0020184438921964087
ic_r1,external_supply_elasticity_plus20,47,buffered_smoothing,rule,terminal_output,0.00012171268463134766
ic_r1,external_supply_elasticity_plus20,47,buffered_smoothing,rule,fiscal_spend,0.0
ic_r1,external_supply_elasticity_plus20,47,buffered_smoothing,rule,private_spend,937986.3590928297
ic_r1,external_supply_elasticity_plus20,47,buffered_smoothing,rule,terminal_ai_effective_mean,0.0
ic_r1,external_supply_elasticity_plus20,47,buffered_smoothing,rule,terminal_technology_mean,0.0
ic_r1,external_supply_elasticity_plus20,47,buffered_smoothing,rule,terminal_edge_health_mean,-6.861709422878448e-09
ic_r1,external_supply_elasticity_plus20,48,demand_tracking,rule,cumulative_value_added,594663.8745479584
ic_r1,external_supply_elasticity_plus20,48,demand_tracking,rule,cumulative_shortage,241484380.5552166
ic_r1,external_supply_elasticity_plus20,48,demand_tracking,rule,cumulative_welfare,-47702212.236495495
ic_r1,external_supply_elasticity_plus20,48,demand_tracking,rule,cumulative_final_shortage,165024863.303167
ic_r1,external_supply_elasticity_plus20,48,demand_tracking,rule,cumulative_final_delivered,-165024863.30316544
ic_r1,external_supply_elasticity_plus20,48,demand_tracking,rule,final_fill_rate,-0.017506363742893938
ic_r1,external_supply_elasticity_plus20,48,demand_tracking,rule,mean_service_rate,-0.010306421831959067
ic_r1,external_supply_elasticity_plus20,48,demand_tracking,rule,terminal_output,19.026274800300598
ic_r1,external_supply_elasticity_plus20,48,demand_tracking,rule,fiscal_spend,0.0
ic_r1,external_supply_elasticity_plus20,48,demand_tracking,rule,private_spend,4906174.33084298
ic_r1,external_supply_elasticity_plus20,48,demand_tracking,rule,terminal_ai_effective_mean,0.0
ic_r1,external_supply_elasticity_plus20,48,demand_tracking,rule,terminal_technology_mean,0.0
ic_r1,external_supply_elasticity_plus20,48,demand_tracking,rule,terminal_edge_health_mean,-5.744430897625108e-08
ic_r1,external_supply_elasticity_plus20,48,buffered_smoothing,rule,cumulative_value_added,80410.47978878021
ic_r1,external_supply_elasticity_plus20,48,buffered_smoothing,rule,cumulative_shortage,48717363.055294454
ic_r1,external_supply_elasticity_plus20,48,buffered_smoothing,rule,cumulative_welfare,-9663062.131270409
ic_r1,external_supply_elasticity_plus20,48,buffered_smoothing,rule,cumulative_final_shortage,33891708.13985258
ic_r1,external_supply_elasticity_plus20,48,buffered_smoothing,rule,cumulative_final_delivered,-33891708.13985062
ic_r1,external_supply_elasticity_plus20,48,buffered_smoothing,rule,final_fill_rate,-0.0035953404759029306
ic_r1,external_supply_elasticity_plus20,48,buffered_smoothing,rule,mean_service_rate,-0.0021084310581467314
ic_r1,external_supply_elasticity_plus20,48,buffered_smoothing,rule,terminal_output,0.0001277923583984375
ic_r1,external_supply_elasticity_plus20,48,buffered_smoothing,rule,fiscal_spend,0.0
ic_r1,external_supply_elasticity_plus20,48,buffered_smoothing,rule,private_spend,984723.7647996722
ic_r1,external_supply_elasticity_plus20,48,buffered_smoothing,rule,terminal_ai_effective_mean,0.0
ic_r1,external_supply_elasticity_plus20,48,buffered_smoothing,rule,terminal_technology_mean,0.0
ic_r1,external_supply_elasticity_plus20,48,buffered_smoothing,rule,terminal_edge_health_mean,-7.182946126782497e-09
ic_r1,external_supply_elasticity_plus20,49,demand_tracking,rule,cumulative_value_added,542143.8902163506
ic_r1,external_supply_elasticity_plus20,49,demand_tracking,rule,cumulative_shortage,220156776.12874007
ic_r1,external_supply_elasticity_plus20,49,demand_tracking,rule,cumulative_welfare,-43489211.33553171
ic_r1,external_supply_elasticity_plus20,49,demand_tracking,rule,cumulative_final_shortage,151247158.413863
ic_r1,external_supply_elasticity_plus20,49,demand_tracking,rule,cumulative_final_delivered,-151247158.41386414
ic_r1,external_supply_elasticity_plus20,49,demand_tracking,rule,final_fill_rate,-0.016081826119684894
ic_r1,external_supply_elasticity_plus20,49,demand_tracking,rule,mean_service_rate,-0.009494622393799501
ic_r1,external_supply_elasticity_plus20,49,demand_tracking,rule,terminal_output,17.345897555351257
ic_r1,external_supply_elasticity_plus20,49,demand_tracking,rule,fiscal_spend,0.0
ic_r1,external_supply_elasticity_plus20,49,demand_tracking,rule,private_spend,4472867.029000206
ic_r1,external_supply_elasticity_plus20,49,demand_tracking,rule,terminal_ai_effective_mean,0.0
ic_r1,external_supply_elasticity_plus20,49,demand_tracking,rule,terminal_technology_mean,0.0
ic_r1,external_supply_elasticity_plus20,49,demand_tracking,rule,terminal_edge_health_mean,-5.284910176150959e-08
ic_r1,external_supply_elasticity_plus20,49,buffered_smoothing,rule,cumulative_value_added,73308.72479820251
ic_r1,external_supply_elasticity_plus20,49,buffered_smoothing,rule,cumulative_shortage,44414705.27860701
ic_r1,external_supply_elasticity_plus20,49,buffered_smoothing,rule,cumulative_welfare,-8809632.33092308
ic_r1,external_supply_elasticity_plus20,49,buffered_smoothing,rule,cumulative_final_shortage,31027259.7869035
ic_r1,external_supply_elasticity_plus20,49,buffered_smoothing,rule,cumulative_final_delivered,-31027259.78690529
ic_r1,external_supply_elasticity_plus20,49,buffered_smoothing,rule,final_fill_rate,-0.0032990702244992676
ic_r1,external_supply_elasticity_plus20,49,buffered_smoothing,rule,mean_service_rate,-0.0019402472634237888
ic_r1,external_supply_elasticity_plus20,49,buffered_smoothing,rule,terminal_output,0.00011646747589111328
ic_r1,external_supply_elasticity_plus20,49,buffered_smoothing,rule,fiscal_spend,0.0
ic_r1,external_supply_elasticity_plus20,49,buffered_smoothing,rule,private_spend,897754.1691814596
ic_r1,external_supply_elasticity_plus20,49,buffered_smoothing,rule,terminal_ai_effective_mean,0.0
ic_r1,external_supply_elasticity_plus20,49,buffered_smoothing,rule,terminal_technology_mean,0.0
ic_r1,external_supply_elasticity_plus20,49,buffered_smoothing,rule,terminal_edge_health_mean,-6.583751432920337e-09
ic_r1,external_supply_elasticity_plus20,50,demand_tracking,rule,cumulative_value_added,510893.2015275955
ic_r1,external_supply_elasticity_plus20,50,demand_tracking,rule,cumulative_shortage,207466324.39126432
ic_r1,external_supply_elasticity_plus20,50,demand_tracking,rule,cumulative_welfare,-40982371.67672491
ic_r1,external_supply_elasticity_plus20,50,demand_tracking,rule,cumulative_final_shortage,142987423.453839
ic_r1,external_supply_elasticity_plus20,50,demand_tracking,rule,cumulative_final_delivered,-142987423.45383835
ic_r1,external_supply_elasticity_plus20,50,demand_tracking,rule,final_fill_rate,-0.015224499932681601
ic_r1,external_supply_elasticity_plus20,50,demand_tracking,rule,mean_service_rate,-0.009003402011453665
ic_r1,external_supply_elasticity_plus20,50,demand_tracking,rule,terminal_output,16.346031546592712
ic_r1,external_supply_elasticity_plus20,50,demand_tracking,rule,fiscal_spend,0.0
ic_r1,external_supply_elasticity_plus20,50,demand_tracking,rule,private_spend,4215038.475376769
ic_r1,external_supply_elasticity_plus20,50,demand_tracking,rule,terminal_ai_effective_mean,0.0
ic_r1,external_supply_elasticity_plus20,50,demand_tracking,rule,terminal_technology_mean,0.0
ic_r1,external_supply_elasticity_plus20,50,demand_tracking,rule,terminal_edge_health_mean,-5.0077030078199414e-08
ic_r1,external_supply_elasticity_plus20,50,buffered_smoothing,rule,cumulative_value_added,69083.00506210327
ic_r1,external_supply_elasticity_plus20,50,buffered_smoothing,rule,cumulative_shortage,41854517.56290966
ic_r1,external_supply_elasticity_plus20,50,buffered_smoothing,rule,cumulative_welfare,-8301820.507519722
ic_r1,external_supply_elasticity_plus20,50,buffered_smoothing,rule,cumulative_final_shortage,29312972.85926032
ic_r1,external_supply_elasticity_plus20,50,buffered_smoothing,rule,cumulative_final_delivered,-29312972.85926056
ic_r1,external_supply_elasticity_plus20,50,buffered_smoothing,rule,final_fill_rate,-0.003121081159047412
ic_r1,external_supply_elasticity_plus20,50,buffered_smoothing,rule,mean_service_rate,-0.0018386532551821766
ic_r1,external_supply_elasticity_plus20,50,buffered_smoothing,rule,terminal_output,0.00010979175567626953
ic_r1,external_supply_elasticity_plus20,50,buffered_smoothing,rule,fiscal_spend,0.0
ic_r1,external_supply_elasticity_plus20,50,buffered_smoothing,rule,private_spend,846005.1103677945
ic_r1,external_supply_elasticity_plus20,50,buffered_smoothing,rule,terminal_ai_effective_mean,0.0
ic_r1,external_supply_elasticity_plus20,50,buffered_smoothing,rule,terminal_technology_mean,0.0
ic_r1,external_supply_elasticity_plus20,50,buffered_smoothing,rule,terminal_edge_health_mean,-6.224249116115743e-09
ic_r1,external_supply_elasticity_plus20,51,demand_tracking,rule,cumulative_value_added,583758.2163314819
ic_r1,external_supply_elasticity_plus20,51,demand_tracking,rule,cumulative_shortage,237055750.81730694
ic_r1,external_supply_elasticity_plus20,51,demand_tracking,rule,cumulative_welfare,-46827391.94712973
ic_r1,external_supply_elasticity_plus20,51,demand_tracking,rule,cumulative_final_shortage,162174422.89874512
ic_r1,external_supply_elasticity_plus20,51,demand_tracking,rule,cumulative_final_delivered,-162174422.89874458
ic_r1,external_supply_elasticity_plus20,51,demand_tracking,rule,final_fill_rate,-0.017212212992379072
ic_r1,external_supply_elasticity_plus20,51,demand_tracking,rule,mean_service_rate,-0.01013925215322975
ic_r1,external_supply_elasticity_plus20,51,demand_tracking,rule,terminal_output,18.677348256111145
ic_r1,external_supply_elasticity_plus20,51,demand_tracking,rule,fiscal_spend,0.0
ic_r1,external_supply_elasticity_plus20,51,demand_tracking,rule,private_spend,4816199.031028629
ic_r1,external_supply_elasticity_plus20,51,demand_tracking,rule,terminal_ai_effective_mean,0.0
ic_r1,external_supply_elasticity_plus20,51,demand_tracking,rule,terminal_technology_mean,0.0
ic_r1,external_supply_elasticity_plus20,51,demand_tracking,rule,terminal_edge_health_mean,-5.6496554989848846e-08
ic_r1,external_supply_elasticity_plus20,51,buffered_smoothing,rule,cumulative_value_added,78935.81612205505
ic_r1,external_supply_elasticity_plus20,51,buffered_smoothing,rule,cumulative_shortage,47823925.71461326
ic_r1,external_supply_elasticity_plus20,51,buffered_smoothing,rule,cumulative_welfare,-9485849.326800823
ic_r1,external_supply_elasticity_plus20,51,buffered_smoothing,rule,cumulative_final_shortage,33298585.468062937
ic_r1,external_supply_elasticity_plus20,51,buffered_smoothing,rule,cumulative_final_delivered,-33298585.468063354
ic_r1,external_supply_elasticity_plus20,51,buffered_smoothing,rule,final_fill_rate,-0.0035341105901705028
ic_r1,external_supply_elasticity_plus20,51,buffered_smoothing,rule,mean_service_rate,-0.0020737685570906272
ic_r1,external_supply_elasticity_plus20,51,buffered_smoothing,rule,terminal_output,0.00012540817260742188
ic_r1,external_supply_elasticity_plus20,51,buffered_smoothing,rule,fiscal_spend,0.0
ic_r1,external_supply_elasticity_plus20,51,buffered_smoothing,rule,private_spend,966664.7212358927
ic_r1,external_supply_elasticity_plus20,51,buffered_smoothing,rule,terminal_ai_effective_mean,0.0
ic_r1,external_supply_elasticity_plus20,51,buffered_smoothing,rule,terminal_technology_mean,0.0
ic_r1,external_supply_elasticity_plus20,51,buffered_smoothing,rule,terminal_edge_health_mean,-7.0590330247810584e-09
ic_r1,capital_efficiency_minus20,42,demand_tracking,rule,cumulative_value_added,484740.5686445236
ic_r1,capital_efficiency_minus20,42,demand_tracking,rule,cumulative_shortage,227474315.52484667
ic_r1,capital_efficiency_minus20,42,demand_tracking,rule,cumulative_welfare,-45010122.5363245
ic_r1,capital_efficiency_minus20,42,demand_tracking,rule,cumulative_final_shortage,156054105.46377343
ic_r1,capital_efficiency_minus20,42,demand_tracking,rule,cumulative_final_delivered,-156054105.46377373
ic_r1,capital_efficiency_minus20,42,demand_tracking,rule,final_fill_rate,-0.01658127109517582
ic_r1,capital_efficiency_minus20,42,demand_tracking,rule,mean_service_rate,-0.009782735684958577
ic_r1,capital_efficiency_minus20,42,demand_tracking,rule,terminal_output,21.24788546562195
ic_r1,capital_efficiency_minus20,42,demand_tracking,rule,fiscal_spend,0.0
ic_r1,capital_efficiency_minus20,42,demand_tracking,rule,private_spend,4611850.1719006635
ic_r1,capital_efficiency_minus20,42,demand_tracking,rule,terminal_ai_effective_mean,0.0
ic_r1,capital_efficiency_minus20,42,demand_tracking,rule,terminal_technology_mean,0.0
ic_r1,capital_efficiency_minus20,42,demand_tracking,rule,terminal_edge_health_mean,-5.42393947533526e-08
ic_r1,capital_efficiency_minus20,42,buffered_smoothing,rule,cumulative_value_added,72702.68421792984
ic_r1,capital_efficiency_minus20,42,buffered_smoothing,rule,cumulative_shortage,45760620.10247421
ic_r1,capital_efficiency_minus20,42,buffered_smoothing,rule,cumulative_welfare,-9079421.336276531
ic_r1,capital_efficiency_minus20,42,buffered_smoothing,rule,cumulative_final_shortage,31925727.457525313
ic_r1,capital_efficiency_minus20,42,buffered_smoothing,rule,cumulative_final_delivered,-31925727.457525253
ic_r1,capital_efficiency_minus20,42,buffered_smoothing,rule,final_fill_rate,-0.003392215413434374
ic_r1,capital_efficiency_minus20,42,buffered_smoothing,rule,mean_service_rate,-0.0019934523178171126
ic_r1,capital_efficiency_minus20,42,buffered_smoothing,rule,terminal_output,0.00013566017150878906
ic_r1,capital_efficiency_minus20,42,buffered_smoothing,rule,fiscal_spend,0.0
ic_r1,capital_efficiency_minus20,42,buffered_smoothing,rule,private_spend,924608.3733424665
ic_r1,capital_efficiency_minus20,42,buffered_smoothing,rule,terminal_ai_effective_mean,0.0
ic_r1,capital_efficiency_minus20,42,buffered_smoothing,rule,terminal_technology_mean,0.0
ic_r1,capital_efficiency_minus20,42,buffered_smoothing,rule,terminal_edge_health_mean,-6.762580495589532e-09
ic_r1,capital_efficiency_minus20,43,demand_tracking,rule,cumulative_value_added,490038.68280029297
ic_r1,capital_efficiency_minus20,43,demand_tracking,rule,cumulative_shortage,229960562.74484038
ic_r1,capital_efficiency_minus20,43,demand_tracking,rule,cumulative_welfare,-45502073.86616707
ic_r1,capital_efficiency_minus20,43,demand_tracking,rule,cumulative_final_shortage,157662827.59638888
ic_r1,capital_efficiency_minus20,43,demand_tracking,rule,cumulative_final_delivered,-157662827.59638786
ic_r1,capital_efficiency_minus20,43,demand_tracking,rule,final_fill_rate,-0.016747714840777417
ic_r1,capital_efficiency_minus20,43,demand_tracking,rule,mean_service_rate,-0.009877718797970059
ic_r1,capital_efficiency_minus20,43,demand_tracking,rule,terminal_output,21.480120539665222
ic_r1,capital_efficiency_minus20,43,demand_tracking,rule,fiscal_spend,0.0
ic_r1,capital_efficiency_minus20,43,demand_tracking,rule,private_spend,4662256.740406912
ic_r1,capital_efficiency_minus20,43,demand_tracking,rule,terminal_ai_effective_mean,0.0
ic_r1,capital_efficiency_minus20,43,demand_tracking,rule,terminal_technology_mean,0.0
ic_r1,capital_efficiency_minus20,43,demand_tracking,rule,terminal_edge_health_mean,-5.4774299984572394e-08
ic_r1,capital_efficiency_minus20,43,buffered_smoothing,rule,cumulative_value_added,73497.30951929092
ic_r1,capital_efficiency_minus20,43,buffered_smoothing,rule,cumulative_shortage,46260774.21548873
ic_r1,capital_efficiency_minus20,43,buffered_smoothing,rule,cumulative_welfare,-9178657.533577919
ic_r1,capital_efficiency_minus20,43,buffered_smoothing,rule,cumulative_final_shortage,32259009.17230612
ic_r1,capital_efficiency_minus20,43,buffered_smoothing,rule,cumulative_final_delivered,-32259009.17230606
ic_r1,capital_efficiency_minus20,43,buffered_smoothing,rule,final_fill_rate,-0.0034267093575592877
ic_r1,capital_efficiency_minus20,43,buffered_smoothing,rule,mean_service_rate,-0.002013054969209005
ic_r1,capital_efficiency_minus20,43,buffered_smoothing,rule,terminal_output,0.00013709068298339844
ic_r1,capital_efficiency_minus20,43,buffered_smoothing,rule,fiscal_spend,0.0
ic_r1,capital_efficiency_minus20,43,buffered_smoothing,rule,private_spend,934714.1516256137
ic_r1,capital_efficiency_minus20,43,buffered_smoothing,rule,terminal_ai_effective_mean,0.0
ic_r1,capital_efficiency_minus20,43,buffered_smoothing,rule,terminal_technology_mean,0.0
ic_r1,capital_efficiency_minus20,43,buffered_smoothing,rule,terminal_edge_health_mean,-6.832229337838669e-09
ic_r1,capital_efficiency_minus20,44,demand_tracking,rule,cumulative_value_added,467715.4602265358
ic_r1,capital_efficiency_minus20,44,demand_tracking,rule,cumulative_shortage,219484939.07345784
ic_r1,capital_efficiency_minus20,44,demand_tracking,rule,cumulative_welfare,-43429272.35446501
ic_r1,capital_efficiency_minus20,44,demand_tracking,rule,cumulative_final_shortage,150872752.0186801
ic_r1,capital_efficiency_minus20,44,demand_tracking,rule,cumulative_final_delivered,-150872752.01868057
ic_r1,capital_efficiency_minus20,44,demand_tracking,rule,final_fill_rate,-0.01604455242899472
ic_r1,capital_efficiency_minus20,44,demand_tracking,rule,mean_service_rate,-0.009475942986264418
ic_r1,capital_efficiency_minus20,44,demand_tracking,rule,terminal_output,20.501615047454834
ic_r1,capital_efficiency_minus20,44,demand_tracking,rule,fiscal_spend,0.0
ic_r1,capital_efficiency_minus20,44,demand_tracking,rule,private_spend,4449872.292878567
ic_r1,capital_efficiency_minus20,44,demand_tracking,rule,terminal_ai_effective_mean,0.0
ic_r1,capital_efficiency_minus20,44,demand_tracking,rule,terminal_technology_mean,0.0
ic_r1,capital_efficiency_minus20,44,demand_tracking,rule,terminal_edge_health_mean,-5.251327961364183e-08
ic_r1,capital_efficiency_minus20,44,buffered_smoothing,rule,cumulative_value_added,70149.21301937103
ic_r1,capital_efficiency_minus20,44,buffered_smoothing,rule,cumulative_shortage,44153410.8674261
ic_r1,capital_efficiency_minus20,44,buffered_smoothing,rule,cumulative_welfare,-8760532.960465908
ic_r1,capital_efficiency_minus20,44,buffered_smoothing,rule,cumulative_final_shortage,30852856.87279743
ic_r1,capital_efficiency_minus20,44,buffered_smoothing,rule,cumulative_final_delivered,-30852856.872797012
ic_r1,capital_efficiency_minus20,44,buffered_smoothing,rule,final_fill_rate,-0.0032810449405640263
ic_r1,capital_efficiency_minus20,44,buffered_smoothing,rule,mean_service_rate,-0.0019301684963658472
ic_r1,capital_efficiency_minus20,44,buffered_smoothing,rule,terminal_output,0.0001308917999267578
ic_r1,capital_efficiency_minus20,44,buffered_smoothing,rule,fiscal_spend,0.0
ic_r1,capital_efficiency_minus20,44,buffered_smoothing,rule,private_spend,892134.182365356
ic_r1,capital_efficiency_minus20,44,buffered_smoothing,rule,terminal_ai_effective_mean,0.0
ic_r1,capital_efficiency_minus20,44,buffered_smoothing,rule,terminal_technology_mean,0.0
ic_r1,capital_efficiency_minus20,44,buffered_smoothing,rule,terminal_edge_health_mean,-6.538199426309177e-09
ic_r1,capital_efficiency_minus20,45,demand_tracking,rule,cumulative_value_added,481420.3909111023
ic_r1,capital_efficiency_minus20,45,demand_tracking,rule,cumulative_shortage,225916254.9739486
ic_r1,capital_efficiency_minus20,45,demand_tracking,rule,cumulative_welfare,-44701830.603878975
ic_r1,capital_efficiency_minus20,45,demand_tracking,rule,cumulative_final_shortage,155045077.49647808
ic_r1,capital_efficiency_minus20,45,demand_tracking,rule,cumulative_final_delivered,-155045077.49647713
ic_r1,capital_efficiency_minus20,45,demand_tracking,rule,final_fill_rate,-0.016476825732533507
ic_r1,capital_efficiency_minus20,45,demand_tracking,rule,mean_service_rate,-0.009723094512564034
ic_r1,capital_efficiency_minus20,45,demand_tracking,rule,terminal_output,21.10235035419464
ic_r1,capital_efficiency_minus20,45,demand_tracking,rule,fiscal_spend,0.0
ic_r1,capital_efficiency_minus20,45,demand_tracking,rule,private_spend,4580261.806405806
ic_r1,capital_efficiency_minus20,45,demand_tracking,rule,terminal_ai_effective_mean,0.0
ic_r1,capital_efficiency_minus20,45,demand_tracking,rule,terminal_technology_mean,0.0
ic_r1,capital_efficiency_minus20,45,demand_tracking,rule,terminal_edge_health_mean,-5.390364243851309e-08
ic_r1,capital_efficiency_minus20,45,buffered_smoothing,rule,cumulative_value_added,72204.71510076523
ic_r1,capital_efficiency_minus20,45,buffered_smoothing,rule,cumulative_shortage,45447187.71868253
ic_r1,capital_efficiency_minus20,45,buffered_smoothing,rule,cumulative_welfare,-9017232.82863617
ic_r1,capital_efficiency_minus20,45,buffered_smoothing,rule,cumulative_final_shortage,31716727.364525795
ic_r1,capital_efficiency_minus20,45,buffered_smoothing,rule,cumulative_final_delivered,-31716727.36452484
ic_r1,capital_efficiency_minus20,45,buffered_smoothing,rule,final_fill_rate,-0.003370574532451265
ic_r1,capital_efficiency_minus20,45,buffered_smoothing,rule,mean_service_rate,-0.0019811459558563005
ic_r1,capital_efficiency_minus20,45,buffered_smoothing,rule,terminal_output,0.0001347064971923828
ic_r1,capital_efficiency_minus20,45,buffered_smoothing,rule,fiscal_spend,0.0
ic_r1,capital_efficiency_minus20,45,buffered_smoothing,rule,private_spend,918275.3689845428
ic_r1,capital_efficiency_minus20,45,buffered_smoothing,rule,terminal_ai_effective_mean,0.0
ic_r1,capital_efficiency_minus20,45,buffered_smoothing,rule,terminal_technology_mean,0.0
ic_r1,capital_efficiency_minus20,45,buffered_smoothing,rule,terminal_edge_health_mean,-6.718891110146785e-09
ic_r1,capital_efficiency_minus20,46,demand_tracking,rule,cumulative_value_added,471236.4996647835
ic_r1,capital_efficiency_minus20,46,demand_tracking,rule,cumulative_shortage,221137258.04167002
ic_r1,capital_efficiency_minus20,46,demand_tracking,rule,cumulative_welfare,-43756215.108668804
ic_r1,capital_efficiency_minus20,46,demand_tracking,rule,cumulative_final_shortage,151945821.63890666
ic_r1,capital_efficiency_minus20,46,demand_tracking,rule,cumulative_final_delivered,-151945821.63890648
ic_r1,capital_efficiency_minus20,46,demand_tracking,rule,final_fill_rate,-0.016155787996077198
ic_r1,capital_efficiency_minus20,46,demand_tracking,rule,mean_service_rate,-0.009539589553846928
ic_r1,capital_efficiency_minus20,46,demand_tracking,rule,terminal_output,20.655954599380493
ic_r1,capital_efficiency_minus20,46,demand_tracking,rule,fiscal_spend,0.0
ic_r1,capital_efficiency_minus20,46,demand_tracking,rule,private_spend,4483371.668401468
ic_r1,capital_efficiency_minus20,46,demand_tracking,rule,terminal_ai_effective_mean,0.0
ic_r1,capital_efficiency_minus20,46,demand_tracking,rule,terminal_technology_mean,0.0
ic_r1,capital_efficiency_minus20,46,demand_tracking,rule,terminal_edge_health_mean,-5.28711757707967e-08
ic_r1,capital_efficiency_minus20,46,buffered_smoothing,rule,cumulative_value_added,70677.30791139603
ic_r1,capital_efficiency_minus20,46,buffered_smoothing,rule,cumulative_shortage,44485805.05627394
ic_r1,capital_efficiency_minus20,46,buffered_smoothing,rule,cumulative_welfare,-8826483.703343391
ic_r1,capital_efficiency_minus20,46,buffered_smoothing,rule,cumulative_final_shortage,31074980.561193705
ic_r1,capital_efficiency_minus20,46,buffered_smoothing,rule,cumulative_final_delivered,-31074980.561193466
ic_r1,capital_efficiency_minus20,46,buffered_smoothing,rule,final_fill_rate,-0.0033040776805428607
ic_r1,capital_efficiency_minus20,46,buffered_smoothing,rule,mean_service_rate,-0.0019432931831701028
ic_r1,capital_efficiency_minus20,46,buffered_smoothing,rule,terminal_output,0.00013184547424316406
ic_r1,capital_efficiency_minus20,46,buffered_smoothing,rule,fiscal_spend,0.0
ic_r1,capital_efficiency_minus20,46,buffered_smoothing,rule,private_spend,898850.3162282845
ic_r1,capital_efficiency_minus20,46,buffered_smoothing,rule,terminal_ai_effective_mean,0.0
ic_r1,capital_efficiency_minus20,46,buffered_smoothing,rule,terminal_technology_mean,0.0
ic_r1,capital_efficiency_minus20,46,buffered_smoothing,rule,terminal_edge_health_mean,-6.5846761376775476e-09
ic_r1,capital_efficiency_minus20,47,demand_tracking,rule,cumulative_value_added,491938.53842306137
ic_r1,capital_efficiency_minus20,47,demand_tracking,rule,cumulative_shortage,230852108.41931313
ic_r1,capital_efficiency_minus20,47,demand_tracking,rule,cumulative_welfare,-45678483.1454401
ic_r1,capital_efficiency_minus20,47,demand_tracking,rule,cumulative_final_shortage,158239278.06079322
ic_r1,capital_efficiency_minus20,47,demand_tracking,rule,cumulative_final_delivered,-158239278.06079292
ic_r1,capital_efficiency_minus20,47,demand_tracking,rule,final_fill_rate,-0.01680733343776608
ic_r1,capital_efficiency_minus20,47,demand_tracking,rule,mean_service_rate,-0.00991172263716944
ic_r1,capital_efficiency_minus20,47,demand_tracking,rule,terminal_output,21.563397765159607
ic_r1,capital_efficiency_minus20,47,demand_tracking,rule,fiscal_spend,0.0
ic_r1,capital_efficiency_minus20,47,demand_tracking,rule,private_spend,4680332.078110813
ic_r1,capital_efficiency_minus20,47,demand_tracking,rule,terminal_ai_effective_mean,0.0
ic_r1,capital_efficiency_minus20,47,demand_tracking,rule,terminal_technology_mean,0.0
ic_r1,capital_efficiency_minus20,47,demand_tracking,rule,terminal_edge_health_mean,-5.496585353537142e-08
ic_r1,capital_efficiency_minus20,47,buffered_smoothing,rule,cumulative_value_added,73782.2549366951
ic_r1,capital_efficiency_minus20,47,buffered_smoothing,rule,cumulative_shortage,46440124.938313365
ic_r1,capital_efficiency_minus20,47,buffered_smoothing,rule,cumulative_welfare,-9214242.732726097
ic_r1,capital_efficiency_minus20,47,buffered_smoothing,rule,cumulative_final_shortage,32378453.39721781
ic_r1,capital_efficiency_minus20,47,buffered_smoothing,rule,cumulative_final_delivered,-32378453.397216797
ic_r1,capital_efficiency_minus20,47,buffered_smoothing,rule,final_fill_rate,-0.0034390668936009616
ic_r1,capital_efficiency_minus20,47,buffered_smoothing,rule,mean_service_rate,-0.002020073838640224
ic_r1,capital_efficiency_minus20,47,buffered_smoothing,rule,terminal_output,0.00013768672943115234
ic_r1,capital_efficiency_minus20,47,buffered_smoothing,rule,fiscal_spend,0.0
ic_r1,capital_efficiency_minus20,47,buffered_smoothing,rule,private_spend,938337.9919432933
ic_r1,capital_efficiency_minus20,47,buffered_smoothing,rule,terminal_ai_effective_mean,0.0
ic_r1,capital_efficiency_minus20,47,buffered_smoothing,rule,terminal_technology_mean,0.0
ic_r1,capital_efficiency_minus20,47,buffered_smoothing,rule,terminal_edge_health_mean,-6.857184375874681e-09
ic_r1,capital_efficiency_minus20,48,demand_tracking,rule,cumulative_value_added,516450.54846429825
ic_r1,capital_efficiency_minus20,48,demand_tracking,rule,cumulative_shortage,242354864.8772055
ic_r1,capital_efficiency_minus20,48,demand_tracking,rule,cumulative_welfare,-47954522.42697668
ic_r1,capital_efficiency_minus20,48,demand_tracking,rule,cumulative_final_shortage,165656857.4819914
ic_r1,capital_efficiency_minus20,48,demand_tracking,rule,cumulative_final_delivered,-165656857.48199272
ic_r1,capital_efficiency_minus20,48,demand_tracking,rule,final_fill_rate,-0.017573407700734456
ic_r1,capital_efficiency_minus20,48,demand_tracking,rule,mean_service_rate,-0.01034779698926025
ic_r1,capital_efficiency_minus20,48,demand_tracking,rule,terminal_output,22.637845516204834
ic_r1,capital_efficiency_minus20,48,demand_tracking,rule,fiscal_spend,0.0
ic_r1,capital_efficiency_minus20,48,demand_tracking,rule,private_spend,4913540.777850217
ic_r1,capital_efficiency_minus20,48,demand_tracking,rule,terminal_ai_effective_mean,0.0
ic_r1,capital_efficiency_minus20,48,demand_tracking,rule,terminal_technology_mean,0.0
ic_r1,capital_efficiency_minus20,48,demand_tracking,rule,terminal_edge_health_mean,-5.742516429041444e-08
ic_r1,capital_efficiency_minus20,48,buffered_smoothing,rule,cumulative_value_added,77458.63162279129
ic_r1,capital_efficiency_minus20,48,buffered_smoothing,rule,cumulative_shortage,48754114.83728981
ic_r1,capital_efficiency_minus20,48,buffered_smoothing,rule,cumulative_welfare,-9673364.33583498
ic_r1,capital_efficiency_minus20,48,buffered_smoothing,rule,cumulative_final_shortage,33916362.979166746
ic_r1,capital_efficiency_minus20,48,buffered_smoothing,rule,cumulative_final_delivered,-33916362.97916794
ic_r1,capital_efficiency_minus20,48,buffered_smoothing,rule,final_fill_rate,-0.003597955939878994
ic_r1,capital_efficiency_minus20,48,buffered_smoothing,rule,mean_service_rate,-0.002110139118756016
ic_r1,capital_efficiency_minus20,48,buffered_smoothing,rule,terminal_output,0.00014448165893554688
ic_r1,capital_efficiency_minus20,48,buffered_smoothing,rule,fiscal_spend,0.0
ic_r1,capital_efficiency_minus20,48,buffered_smoothing,rule,private_spend,985092.9185948959
ic_r1,capital_efficiency_minus20,48,buffered_smoothing,rule,terminal_ai_effective_mean,0.0
ic_r1,capital_efficiency_minus20,48,buffered_smoothing,rule,terminal_technology_mean,0.0
ic_r1,capital_efficiency_minus20,48,buffered_smoothing,rule,terminal_edge_health_mean,-7.178194039170194e-09
ic_r1,capital_efficiency_minus20,49,demand_tracking,rule,cumulative_value_added,470838.2692012787
ic_r1,capital_efficiency_minus20,49,demand_tracking,rule,cumulative_shortage,220950380.3426401
ic_r1,capital_efficiency_minus20,49,demand_tracking,rule,cumulative_welfare,-43719237.79932642
ic_r1,capital_efficiency_minus20,49,demand_tracking,rule,cumulative_final_shortage,151824496.3530979
ic_r1,capital_efficiency_minus20,49,demand_tracking,rule,cumulative_final_delivered,-151824496.35309792
ic_r1,capital_efficiency_minus20,49,demand_tracking,rule,final_fill_rate,-0.016143213377789012
ic_r1,capital_efficiency_minus20,49,demand_tracking,rule,mean_service_rate,-0.009532396288815526
ic_r1,capital_efficiency_minus20,49,demand_tracking,rule,terminal_output,20.638498783111572
ic_r1,capital_efficiency_minus20,49,demand_tracking,rule,fiscal_spend,0.0
ic_r1,capital_efficiency_minus20,49,demand_tracking,rule,private_spend,4479582.880439169
ic_r1,capital_efficiency_minus20,49,demand_tracking,rule,terminal_ai_effective_mean,0.0
ic_r1,capital_efficiency_minus20,49,demand_tracking,rule,terminal_technology_mean,0.0
ic_r1,capital_efficiency_minus20,49,demand_tracking,rule,terminal_edge_health_mean,-5.283072157524771e-08
ic_r1,capital_efficiency_minus20,49,buffered_smoothing,rule,cumulative_value_added,70617.5802435875
ic_r1,capital_efficiency_minus20,49,buffered_smoothing,rule,cumulative_shortage,44448211.18827492
ic_r1,capital_efficiency_minus20,49,buffered_smoothing,rule,cumulative_welfare,-8819024.657411575
ic_r1,capital_efficiency_minus20,49,buffered_smoothing,rule,cumulative_final_shortage,31049864.58284834
ic_r1,capital_efficiency_minus20,49,buffered_smoothing,rule,cumulative_final_delivered,-31049864.582849503
ic_r1,capital_efficiency_minus20,49,buffered_smoothing,rule,final_fill_rate,-0.003301473749971473
ic_r1,capital_efficiency_minus20,49,buffered_smoothing,rule,mean_service_rate,-0.0019418097394130474
ic_r1,capital_efficiency_minus20,49,buffered_smoothing,rule,terminal_output,0.00013172626495361328
ic_r1,capital_efficiency_minus20,49,buffered_smoothing,rule,fiscal_spend,0.0
ic_r1,capital_efficiency_minus20,49,buffered_smoothing,rule,private_spend,898090.7197660841
ic_r1,capital_efficiency_minus20,49,buffered_smoothing,rule,terminal_ai_effective_mean,0.0
ic_r1,capital_efficiency_minus20,49,buffered_smoothing,rule,terminal_technology_mean,0.0
ic_r1,capital_efficiency_minus20,49,buffered_smoothing,rule,terminal_edge_health_mean,-6.579421452101997e-09
ic_r1,capital_efficiency_minus20,50,demand_tracking,rule,cumulative_value_added,443697.835750103
ic_r1,capital_efficiency_minus20,50,demand_tracking,rule,cumulative_shortage,208214183.04078966
ic_r1,capital_efficiency_minus20,50,demand_tracking,rule,cumulative_welfare,-41199138.77240801
ic_r1,capital_efficiency_minus20,50,demand_tracking,rule,cumulative_final_shortage,143532138.2371631
ic_r1,capital_efficiency_minus20,50,demand_tracking,rule,cumulative_final_delivered,-143532138.23716354
ic_r1,capital_efficiency_minus20,50,demand_tracking,rule,final_fill_rate,-0.015282498111694465
ic_r1,capital_efficiency_minus20,50,demand_tracking,rule,mean_service_rate,-0.009039028348851952
ic_r1,capital_efficiency_minus20,50,demand_tracking,rule,terminal_output,19.448837995529175
ic_r1,capital_efficiency_minus20,50,demand_tracking,rule,fiscal_spend,0.0
ic_r1,capital_efficiency_minus20,50,demand_tracking,rule,private_spend,4221367.206373383
ic_r1,capital_efficiency_minus20,50,demand_tracking,rule,terminal_ai_effective_mean,0.0
ic_r1,capital_efficiency_minus20,50,demand_tracking,rule,terminal_technology_mean,0.0
ic_r1,capital_efficiency_minus20,50,demand_tracking,rule,terminal_edge_health_mean,-5.0059183687167774e-08
ic_r1,capital_efficiency_minus20,50,buffered_smoothing,rule,cumulative_value_added,66546.98559904099
ic_r1,capital_efficiency_minus20,50,buffered_smoothing,rule,cumulative_shortage,41886092.09832221
ic_r1,capital_efficiency_minus20,50,buffered_smoothing,rule,cumulative_welfare,-8310671.434065342
ic_r1,capital_efficiency_minus20,50,buffered_smoothing,rule,cumulative_final_shortage,29334346.766962975
ic_r1,capital_efficiency_minus20,50,buffered_smoothing,rule,cumulative_final_delivered,-29334346.76696396
ic_r1,capital_efficiency_minus20,50,buffered_smoothing,rule,final_fill_rate,-0.0031233569330177957
ic_r1,capital_efficiency_minus20,50,buffered_smoothing,rule,mean_service_rate,-0.0018401286340425926
ic_r1,capital_efficiency_minus20,50,buffered_smoothing,rule,terminal_output,0.00012409687042236328
ic_r1,capital_efficiency_minus20,50,buffered_smoothing,rule,fiscal_spend,0.0
ic_r1,capital_efficiency_minus20,50,buffered_smoothing,rule,private_spend,846322.2612363286
ic_r1,capital_efficiency_minus20,50,buffered_smoothing,rule,terminal_ai_effective_mean,0.0
ic_r1,capital_efficiency_minus20,50,buffered_smoothing,rule,terminal_technology_mean,0.0
ic_r1,capital_efficiency_minus20,50,buffered_smoothing,rule,terminal_edge_health_mean,-6.220169823656363e-09
ic_r1,capital_efficiency_minus20,51,demand_tracking,rule,cumulative_value_added,506979.2598786354
ic_r1,capital_efficiency_minus20,51,demand_tracking,rule,cumulative_shortage,237910271.15543246
ic_r1,capital_efficiency_minus20,51,demand_tracking,rule,cumulative_welfare,-47075074.97120714
ic_r1,capital_efficiency_minus20,51,demand_tracking,rule,cumulative_final_shortage,162795085.27948767
ic_r1,capital_efficiency_minus20,51,demand_tracking,rule,cumulative_final_delivered,-162795085.2794876
ic_r1,capital_efficiency_minus20,51,demand_tracking,rule,final_fill_rate,-0.017278086345912658
ic_r1,capital_efficiency_minus20,51,demand_tracking,rule,mean_service_rate,-0.010179880330736024
ic_r1,capital_efficiency_minus20,51,demand_tracking,rule,terminal_output,22.22268545627594
ic_r1,capital_efficiency_minus20,51,demand_tracking,rule,fiscal_spend,0.0
ic_r1,capital_efficiency_minus20,51,demand_tracking,rule,private_spend,4823430.383309657
ic_r1,capital_efficiency_minus20,51,demand_tracking,rule,terminal_ai_effective_mean,0.0
ic_r1,capital_efficiency_minus20,51,demand_tracking,rule,terminal_technology_mean,0.0
ic_r1,capital_efficiency_minus20,51,demand_tracking,rule,terminal_edge_health_mean,-5.6477555743228436e-08
ic_r1,capital_efficiency_minus20,51,buffered_smoothing,rule,cumulative_value_added,76038.10248279572
ic_r1,capital_efficiency_minus20,51,buffered_smoothing,rule,cumulative_shortage,47860003.498422384
ic_r1,capital_efficiency_minus20,51,buffered_smoothing,rule,cumulative_welfare,-9495962.597201347
ic_r1,capital_efficiency_minus20,51,buffered_smoothing,rule,cumulative_final_shortage,33322816.52358657
ic_r1,capital_efficiency_minus20,51,buffered_smoothing,rule,cumulative_final_delivered,-33322816.523586273
ic_r1,capital_efficiency_minus20,51,buffered_smoothing,rule,final_fill_rate,-0.0035366823279404658
ic_r1,capital_efficiency_minus20,51,buffered_smoothing,rule,mean_service_rate,-0.0020754464686496554
ic_r1,capital_efficiency_minus20,51,buffered_smoothing,rule,terminal_output,0.00014197826385498047
ic_r1,capital_efficiency_minus20,51,buffered_smoothing,rule,fiscal_spend,0.0
ic_r1,capital_efficiency_minus20,51,buffered_smoothing,rule,private_spend,967027.1050467826
ic_r1,capital_efficiency_minus20,51,buffered_smoothing,rule,terminal_ai_effective_mean,0.0
ic_r1,capital_efficiency_minus20,51,buffered_smoothing,rule,terminal_technology_mean,0.0
ic_r1,capital_efficiency_minus20,51,buffered_smoothing,rule,terminal_edge_health_mean,-7.054368422743096e-09
ic_r1,capital_efficiency_plus20,42,demand_tracking,rule,cumulative_value_added,625019.471470356
ic_r1,capital_efficiency_plus20,42,demand_tracking,rule,cumulative_shortage,225913911.80207378
ic_r1,capital_efficiency_plus20,42,demand_tracking,rule,cumulative_welfare,-44557762.88894415
ic_r1,capital_efficiency_plus20,42,demand_tracking,rule,cumulative_final_shortage,154918162.67381757
ic_r1,capital_efficiency_plus20,42,demand_tracking,rule,cumulative_final_delivered,-154918162.6738186
ic_r1,capital_efficiency_plus20,42,demand_tracking,rule,final_fill_rate,-0.016460573371185228
ic_r1,capital_efficiency_plus20,42,demand_tracking,rule,mean_service_rate,-0.009708532883850207
ic_r1,capital_efficiency_plus20,42,demand_tracking,rule,terminal_output,15.43132734298706
ic_r1,capital_efficiency_plus20,42,demand_tracking,rule,fiscal_spend,0.0
ic_r1,capital_efficiency_plus20,42,demand_tracking,rule,private_spend,4598674.421261892
ic_r1,capital_efficiency_plus20,42,demand_tracking,rule,terminal_ai_effective_mean,0.0
ic_r1,capital_efficiency_plus20,42,demand_tracking,rule,terminal_technology_mean,0.0
ic_r1,capital_efficiency_plus20,42,demand_tracking,rule,terminal_edge_health_mean,-5.4287614292825026e-08
ic_r1,capital_efficiency_plus20,42,buffered_smoothing,rule,cumulative_value_added,83146.6904039383
ic_r1,capital_efficiency_plus20,42,buffered_smoothing,rule,cumulative_shortage,45647178.407649755
ic_r1,capital_efficiency_plus20,42,buffered_smoothing,rule,cumulative_welfare,-9046288.99112606
ic_r1,capital_efficiency_plus20,42,buffered_smoothing,rule,cumulative_final_shortage,31845385.563111484
ic_r1,capital_efficiency_plus20,42,buffered_smoothing,rule,cumulative_final_delivered,-31845385.56311226
ic_r1,capital_efficiency_plus20,42,buffered_smoothing,rule,final_fill_rate,-0.0033836788182092237
ic_r1,capital_efficiency_plus20,42,buffered_smoothing,rule,mean_service_rate,-0.001988092639122807
ic_r1,capital_efficiency_plus20,42,buffered_smoothing,rule,terminal_output,0.00010406970977783203
ic_r1,capital_efficiency_plus20,42,buffered_smoothing,rule,fiscal_spend,0.0
ic_r1,capital_efficiency_plus20,42,buffered_smoothing,rule,private_spend,923665.7796267103
ic_r1,capital_efficiency_plus20,42,buffered_smoothing,rule,terminal_ai_effective_mean,0.0
ic_r1,capital_efficiency_plus20,42,buffered_smoothing,rule,terminal_technology_mean,0.0
ic_r1,capital_efficiency_plus20,42,buffered_smoothing,rule,terminal_edge_health_mean,-6.770572213987691e-09
ic_r1,capital_efficiency_plus20,43,demand_tracking,rule,cumulative_value_added,631850.8050203323
ic_r1,capital_efficiency_plus20,43,demand_tracking,rule,cumulative_shortage,228383104.13211846
ic_r1,capital_efficiency_plus20,43,demand_tracking,rule,cumulative_welfare,-45044770.02140331
ic_r1,capital_efficiency_plus20,43,demand_tracking,rule,cumulative_final_shortage,156514745.8350312
ic_r1,capital_efficiency_plus20,43,demand_tracking,rule,cumulative_final_delivered,-156514745.8350315
ic_r1,capital_efficiency_plus20,43,demand_tracking,rule,final_fill_rate,-0.016625759994183475
ic_r1,capital_efficiency_plus20,43,demand_tracking,rule,mean_service_rate,-0.009802717602500177
ic_r1,capital_efficiency_plus20,43,demand_tracking,rule,terminal_output,15.599988460540771
ic_r1,capital_efficiency_plus20,43,demand_tracking,rule,fiscal_spend,0.0
ic_r1,capital_efficiency_plus20,43,demand_tracking,rule,private_spend,4648936.981538824
ic_r1,capital_efficiency_plus20,43,demand_tracking,rule,terminal_ai_effective_mean,0.0
ic_r1,capital_efficiency_plus20,43,demand_tracking,rule,terminal_technology_mean,0.0
ic_r1,capital_efficiency_plus20,43,demand_tracking,rule,terminal_edge_health_mean,-5.482293252700998e-08
ic_r1,capital_efficiency_plus20,43,buffered_smoothing,rule,cumulative_value_added,84055.46653318405
ic_r1,capital_efficiency_plus20,43,buffered_smoothing,rule,cumulative_shortage,46146092.62640327
ic_r1,capital_efficiency_plus20,43,buffered_smoothing,rule,cumulative_welfare,-9145163.058747292
ic_r1,capital_efficiency_plus20,43,buffered_smoothing,rule,cumulative_final_shortage,32177820.813148916
ic_r1,capital_efficiency_plus20,43,buffered_smoothing,rule,cumulative_final_delivered,-32177820.8131485
ic_r1,capital_efficiency_plus20,43,buffered_smoothing,rule,final_fill_rate,-0.0034180851339025153
ic_r1,capital_efficiency_plus20,43,buffered_smoothing,rule,mean_service_rate,-0.0020076380050558784
ic_r1,capital_efficiency_plus20,43,buffered_smoothing,rule,terminal_output,0.00010538101196289062
ic_r1,capital_efficiency_plus20,43,buffered_smoothing,rule,fiscal_spend,0.0
ic_r1,capital_efficiency_plus20,43,buffered_smoothing,rule,private_spend,933761.255555504
ic_r1,capital_efficiency_plus20,43,buffered_smoothing,rule,terminal_ai_effective_mean,0.0
ic_r1,capital_efficiency_plus20,43,buffered_smoothing,rule,terminal_technology_mean,0.0
ic_r1,capital_efficiency_plus20,43,buffered_smoothing,rule,terminal_edge_health_mean,-6.840317090528458e-09
ic_r1,capital_efficiency_plus20,44,demand_tracking,rule,cumulative_value_added,603067.4729094505
ic_r1,capital_efficiency_plus20,44,demand_tracking,rule,cumulative_shortage,217979340.01172495
ic_r1,capital_efficiency_plus20,44,demand_tracking,rule,cumulative_welfare,-42992800.52943516
ic_r1,capital_efficiency_plus20,44,demand_tracking,rule,cumulative_final_shortage,149775855.2704462
ic_r1,capital_efficiency_plus20,44,demand_tracking,rule,cumulative_final_delivered,-149775855.27044487
ic_r1,capital_efficiency_plus20,44,demand_tracking,rule,final_fill_rate,-0.015927903019801848
ic_r1,capital_efficiency_plus20,44,demand_tracking,rule,mean_service_rate,-0.009404307555761937
ic_r1,capital_efficiency_plus20,44,demand_tracking,rule,terminal_output,14.889346599578857
ic_r1,capital_efficiency_plus20,44,demand_tracking,rule,fiscal_spend,0.0
ic_r1,capital_efficiency_plus20,44,demand_tracking,rule,private_spend,4437159.302317307
ic_r1,capital_efficiency_plus20,44,demand_tracking,rule,terminal_ai_effective_mean,0.0
ic_r1,capital_efficiency_plus20,44,demand_tracking,rule,terminal_technology_mean,0.0
ic_r1,capital_efficiency_plus20,44,demand_tracking,rule,terminal_edge_health_mean,-5.256015622734367e-08
ic_r1,capital_efficiency_plus20,44,buffered_smoothing,rule,cumulative_value_added,80226.40373897552
ic_r1,capital_efficiency_plus20,44,buffered_smoothing,rule,cumulative_shortage,44043953.483548105
ic_r1,capital_efficiency_plus20,44,buffered_smoothing,rule,cumulative_welfare,-8728564.292970657
ic_r1,capital_efficiency_plus20,44,buffered_smoothing,rule,cumulative_final_shortage,30775239.40082273
ic_r1,capital_efficiency_plus20,44,buffered_smoothing,rule,cumulative_final_delivered,-30775239.400821686
ic_r1,capital_efficiency_plus20,44,buffered_smoothing,rule,final_fill_rate,-0.003272790715849072
ic_r1,capital_efficiency_plus20,44,buffered_smoothing,rule,mean_service_rate,-0.001924993084315596
ic_r1,capital_efficiency_plus20,44,buffered_smoothing,rule,terminal_output,0.0001004934310913086
ic_r1,capital_efficiency_plus20,44,buffered_smoothing,rule,fiscal_spend,0.0
ic_r1,capital_efficiency_plus20,44,buffered_smoothing,rule,private_spend,891224.6945236335
ic_r1,capital_efficiency_plus20,44,buffered_smoothing,rule,terminal_ai_effective_mean,0.0
ic_r1,capital_efficiency_plus20,44,buffered_smoothing,rule,terminal_technology_mean,0.0
ic_r1,capital_efficiency_plus20,44,buffered_smoothing,rule,terminal_edge_health_mean,-6.54588339088491e-09
ic_r1,capital_efficiency_plus20,45,demand_tracking,rule,cumulative_value_added,620738.4686689377
ic_r1,capital_efficiency_plus20,45,demand_tracking,rule,cumulative_shortage,224366539.06653792
ic_r1,capital_efficiency_plus20,45,demand_tracking,rule,cumulative_welfare,-44252569.344638824
ic_r1,capital_efficiency_plus20,45,demand_tracking,rule,cumulative_final_shortage,153916744.736897
ic_r1,capital_efficiency_plus20,45,demand_tracking,rule,cumulative_final_delivered,-153916744.7368965
ic_r1,capital_efficiency_plus20,45,demand_tracking,rule,final_fill_rate,-0.016356916461319426
ic_r1,capital_efficiency_plus20,45,demand_tracking,rule,mean_service_rate,-0.009649392177013438
ic_r1,capital_efficiency_plus20,45,demand_tracking,rule,terminal_output,15.325632095336914
ic_r1,capital_efficiency_plus20,45,demand_tracking,rule,fiscal_spend,0.0
ic_r1,capital_efficiency_plus20,45,demand_tracking,rule,private_spend,4567176.301636113
ic_r1,capital_efficiency_plus20,45,demand_tracking,rule,terminal_ai_effective_mean,0.0
ic_r1,capital_efficiency_plus20,45,demand_tracking,rule,terminal_technology_mean,0.0
ic_r1,capital_efficiency_plus20,45,demand_tracking,rule,terminal_edge_health_mean,-5.3951601741708544e-08
ic_r1,capital_efficiency_plus20,45,buffered_smoothing,rule,cumulative_value_added,82577.18620300293
ic_r1,capital_efficiency_plus20,45,buffered_smoothing,rule,cumulative_shortage,45334523.030393064
ic_r1,capital_efficiency_plus20,45,buffered_smoothing,rule,cumulative_welfare,-8984327.419875622
ic_r1,capital_efficiency_plus20,45,buffered_smoothing,rule,cumulative_final_shortage,31636916.25394684
ic_r1,capital_efficiency_plus20,45,buffered_smoothing,rule,cumulative_final_delivered,-31636916.25394821
ic_r1,capital_efficiency_plus20,45,buffered_smoothing,rule,final_fill_rate,-0.0033620929103208574
ic_r1,capital_efficiency_plus20,45,buffered_smoothing,rule,mean_service_rate,-0.00197582219017034
ic_r1,capital_efficiency_plus20,45,buffered_smoothing,rule,terminal_output,0.00010335445404052734
ic_r1,capital_efficiency_plus20,45,buffered_smoothing,rule,fiscal_spend,0.0
ic_r1,capital_efficiency_plus20,45,buffered_smoothing,rule,private_spend,917339.2314617885
ic_r1,capital_efficiency_plus20,45,buffered_smoothing,rule,terminal_ai_effective_mean,0.0
ic_r1,capital_efficiency_plus20,45,buffered_smoothing,rule,terminal_technology_mean,0.0
ic_r1,capital_efficiency_plus20,45,buffered_smoothing,rule,terminal_edge_health_mean,-6.726822321390102e-09
ic_r1,capital_efficiency_plus20,46,demand_tracking,rule,cumulative_value_added,607607.4647140503
ic_r1,capital_efficiency_plus20,46,demand_tracking,rule,cumulative_shortage,219620324.58087087
ic_r1,capital_efficiency_plus20,46,demand_tracking,rule,cumulative_welfare,-43316457.451459885
ic_r1,capital_efficiency_plus20,46,demand_tracking,rule,cumulative_final_shortage,150840844.7972886
ic_r1,capital_efficiency_plus20,46,demand_tracking,rule,cumulative_final_delivered,-150840844.7972889
ic_r1,capital_efficiency_plus20,46,demand_tracking,rule,final_fill_rate,-0.01603830025339892
ic_r1,capital_efficiency_plus20,46,demand_tracking,rule,mean_service_rate,-0.009467422929894331
ic_r1,capital_efficiency_plus20,46,demand_tracking,rule,terminal_output,15.001436114311218
ic_r1,capital_efficiency_plus20,46,demand_tracking,rule,fiscal_spend,0.0
ic_r1,capital_efficiency_plus20,46,demand_tracking,rule,private_spend,4470562.972341983
ic_r1,capital_efficiency_plus20,46,demand_tracking,rule,terminal_ai_effective_mean,0.0
ic_r1,capital_efficiency_plus20,46,demand_tracking,rule,terminal_technology_mean,0.0
ic_r1,capital_efficiency_plus20,46,demand_tracking,rule,terminal_edge_health_mean,-5.291833204967844e-08
ic_r1,capital_efficiency_plus20,46,buffered_smoothing,rule,cumulative_value_added,80830.36139154434
ic_r1,capital_efficiency_plus20,46,buffered_smoothing,rule,cumulative_shortage,44375523.65908337
ic_r1,capital_efficiency_plus20,46,buffered_smoothing,rule,cumulative_welfare,-8794274.370424747
ic_r1,capital_efficiency_plus20,46,buffered_smoothing,rule,cumulative_final_shortage,30996799.091338396
ic_r1,capital_efficiency_plus20,46,buffered_smoothing,rule,cumulative_final_delivered,-30996799.09133911
ic_r1,capital_efficiency_plus20,46,buffered_smoothing,rule,final_fill_rate,-0.003295764959346803
ic_r1,capital_efficiency_plus20,46,buffered_smoothing,rule,mean_service_rate,-0.0019380796390642274
ic_r1,capital_efficiency_plus20,46,buffered_smoothing,rule,terminal_output,0.00010120868682861328
ic_r1,capital_efficiency_plus20,46,buffered_smoothing,rule,fiscal_spend,0.0
ic_r1,capital_efficiency_plus20,46,buffered_smoothing,rule,private_spend,897933.9816114884
ic_r1,capital_efficiency_plus20,46,buffered_smoothing,rule,terminal_ai_effective_mean,0.0
ic_r1,capital_efficiency_plus20,46,buffered_smoothing,rule,terminal_technology_mean,0.0
ic_r1,capital_efficiency_plus20,46,buffered_smoothing,rule,terminal_edge_health_mean,-6.592423718032592e-09
ic_r1,capital_efficiency_plus20,47,demand_tracking,rule,cumulative_value_added,634300.4591932297
ic_r1,capital_efficiency_plus20,47,demand_tracking,rule,cumulative_shortage,229268534.0779364
ic_r1,capital_efficiency_plus20,47,demand_tracking,rule,cumulative_welfare,-45219406.356393814
ic_r1,capital_efficiency_plus20,47,demand_tracking,rule,cumulative_final_shortage,157086844.75010556
ic_r1,capital_efficiency_plus20,47,demand_tracking,rule,cumulative_final_delivered,-157086844.7501049
ic_r1,capital_efficiency_plus20,47,demand_tracking,rule,final_fill_rate,-0.016684928108603336
ic_r1,capital_efficiency_plus20,47,demand_tracking,rule,mean_service_rate,-0.009836435208953498
ic_r1,capital_efficiency_plus20,47,demand_tracking,rule,terminal_output,15.660468935966492
ic_r1,capital_efficiency_plus20,47,demand_tracking,rule,fiscal_spend,0.0
ic_r1,capital_efficiency_plus20,47,demand_tracking,rule,private_spend,4666960.679199469
ic_r1,capital_efficiency_plus20,47,demand_tracking,rule,terminal_ai_effective_mean,0.0
ic_r1,capital_efficiency_plus20,47,demand_tracking,rule,terminal_technology_mean,0.0
ic_r1,capital_efficiency_plus20,47,demand_tracking,rule,terminal_edge_health_mean,-5.501463351542668e-08
ic_r1,capital_efficiency_plus20,47,buffered_smoothing,rule,cumulative_value_added,84381.34539985657
ic_r1,capital_efficiency_plus20,47,buffered_smoothing,rule,cumulative_shortage,46324998.73440653
ic_r1,capital_efficiency_plus20,47,buffered_smoothing,rule,cumulative_welfare,-9180618.401481628
ic_r1,capital_efficiency_plus20,47,buffered_smoothing,rule,cumulative_final_shortage,32296961.660250843
ic_r1,capital_efficiency_plus20,47,buffered_smoothing,rule,cumulative_final_delivered,-32296961.66024971
ic_r1,capital_efficiency_plus20,47,buffered_smoothing,rule,final_fill_rate,-0.00343041127527155
ic_r1,capital_efficiency_plus20,47,buffered_smoothing,rule,mean_service_rate,-0.002014636339050413
ic_r1,capital_efficiency_plus20,47,buffered_smoothing,rule,terminal_output,0.00010585784912109375
ic_r1,capital_efficiency_plus20,47,buffered_smoothing,rule,fiscal_spend,0.0
ic_r1,capital_efficiency_plus20,47,buffered_smoothing,rule,private_spend,937381.4015424754
ic_r1,capital_efficiency_plus20,47,buffered_smoothing,rule,terminal_ai_effective_mean,0.0
ic_r1,capital_efficiency_plus20,47,buffered_smoothing,rule,terminal_technology_mean,0.0
ic_r1,capital_efficiency_plus20,47,buffered_smoothing,rule,terminal_edge_health_mean,-6.865306434455931e-09
ic_r1,capital_efficiency_plus20,48,demand_tracking,rule,cumulative_value_added,665905.9912075996
ic_r1,capital_efficiency_plus20,48,demand_tracking,rule,cumulative_shortage,240692385.17037088
ic_r1,capital_efficiency_plus20,48,demand_tracking,rule,cumulative_welfare,-47472571.04286623
ic_r1,capital_efficiency_plus20,48,demand_tracking,rule,cumulative_final_shortage,164448345.2139253
ic_r1,capital_efficiency_plus20,48,demand_tracking,rule,cumulative_final_delivered,-164448345.21392632
ic_r1,capital_efficiency_plus20,48,demand_tracking,rule,final_fill_rate,-0.01744520486554324
ic_r1,capital_efficiency_plus20,48,demand_tracking,rule,mean_service_rate,-0.010268819609011715
ic_r1,capital_efficiency_plus20,48,demand_tracking,rule,terminal_output,16.440789103507996
ic_r1,capital_efficiency_plus20,48,demand_tracking,rule,fiscal_spend,0.0
ic_r1,capital_efficiency_plus20,48,demand_tracking,rule,private_spend,4899503.11712205
ic_r1,capital_efficiency_plus20,48,demand_tracking,rule,terminal_ai_effective_mean,0.0
ic_r1,capital_efficiency_plus20,48,demand_tracking,rule,terminal_technology_mean,0.0
ic_r1,capital_efficiency_plus20,48,demand_tracking,rule,terminal_edge_health_mean,-5.747582232373816e-08
ic_r1,capital_efficiency_plus20,48,buffered_smoothing,rule,cumulative_value_added,88585.84702825546
ic_r1,capital_efficiency_plus20,48,buffered_smoothing,rule,cumulative_shortage,48633252.19590986
ic_r1,capital_efficiency_plus20,48,buffered_smoothing,rule,cumulative_welfare,-9638064.592154026
ic_r1,capital_efficiency_plus20,48,buffered_smoothing,rule,cumulative_final_shortage,33830964.444241405
ic_r1,capital_efficiency_plus20,48,buffered_smoothing,rule,cumulative_final_delivered,-33830964.44424057
ic_r1,capital_efficiency_plus20,48,buffered_smoothing,rule,final_fill_rate,-0.0035888965909686155
ic_r1,capital_efficiency_plus20,48,buffered_smoothing,rule,mean_service_rate,-0.0021044369824442244
ic_r1,capital_efficiency_plus20,48,buffered_smoothing,rule,terminal_output,0.00011110305786132812
ic_r1,capital_efficiency_plus20,48,buffered_smoothing,rule,fiscal_spend,0.0
ic_r1,capital_efficiency_plus20,48,buffered_smoothing,rule,private_spend,984088.6637976561
ic_r1,capital_efficiency_plus20,48,buffered_smoothing,rule,terminal_ai_effective_mean,0.0
ic_r1,capital_efficiency_plus20,48,buffered_smoothing,rule,terminal_technology_mean,0.0
ic_r1,capital_efficiency_plus20,48,buffered_smoothing,rule,terminal_edge_health_mean,-7.186763295585763e-09
ic_r1,capital_efficiency_plus20,49,demand_tracking,rule,cumulative_value_added,607093.9904770851
ic_r1,capital_efficiency_plus20,49,demand_tracking,rule,cumulative_shortage,219434728.8052826
ic_r1,capital_efficiency_plus20,49,demand_tracking,rule,cumulative_welfare,-43279851.770579815
ic_r1,capital_efficiency_plus20,49,demand_tracking,rule,cumulative_final_shortage,150720433.2462391
ic_r1,capital_efficiency_plus20,49,demand_tracking,rule,cumulative_final_delivered,-150720433.2462387
ic_r1,capital_efficiency_plus20,49,demand_tracking,rule,final_fill_rate,-0.016025820422470916
ic_r1,capital_efficiency_plus20,49,demand_tracking,rule,mean_service_rate,-0.009460289737115435
ic_r1,capital_efficiency_plus20,49,demand_tracking,rule,terminal_output,14.98875880241394
ic_r1,capital_efficiency_plus20,49,demand_tracking,rule,fiscal_spend,0.0
ic_r1,capital_efficiency_plus20,49,demand_tracking,rule,private_spend,4466785.008696074
ic_r1,capital_efficiency_plus20,49,demand_tracking,rule,terminal_ai_effective_mean,0.0
ic_r1,capital_efficiency_plus20,49,demand_tracking,rule,terminal_technology_mean,0.0
ic_r1,capital_efficiency_plus20,49,demand_tracking,rule,terminal_edge_health_mean,-5.287784632379555e-08
ic_r1,capital_efficiency_plus20,49,buffered_smoothing,rule,cumulative_value_added,80762.05362653732
ic_r1,capital_efficiency_plus20,49,buffered_smoothing,rule,cumulative_shortage,44338022.98720175
ic_r1,capital_efficiency_plus20,49,buffered_smoothing,rule,cumulative_welfare,-8786842.543814182
ic_r1,capital_efficiency_plus20,49,buffered_smoothing,rule,cumulative_final_shortage,30971746.88694796
ic_r1,capital_efficiency_plus20,49,buffered_smoothing,rule,cumulative_final_delivered,-30971746.88694763
ic_r1,capital_efficiency_plus20,49,buffered_smoothing,rule,final_fill_rate,-0.0032931676421705802
ic_r1,capital_efficiency_plus20,49,buffered_smoothing,rule,mean_service_rate,-0.0019366005074494819
ic_r1,capital_efficiency_plus20,49,buffered_smoothing,rule,terminal_output,0.00010120868682861328
ic_r1,capital_efficiency_plus20,49,buffered_smoothing,rule,fiscal_spend,0.0
ic_r1,capital_efficiency_plus20,49,buffered_smoothing,rule,private_spend,897175.1595212985
ic_r1,capital_efficiency_plus20,49,buffered_smoothing,rule,terminal_ai_effective_mean,0.0
ic_r1,capital_efficiency_plus20,49,buffered_smoothing,rule,terminal_technology_mean,0.0
ic_r1,capital_efficiency_plus20,49,buffered_smoothing,rule,terminal_edge_health_mean,-6.587162038051986e-09
ic_r1,capital_efficiency_plus20,50,demand_tracking,rule,cumulative_value_added,572099.396525383
ic_r1,capital_efficiency_plus20,50,demand_tracking,rule,cumulative_shortage,206785897.89307457
ic_r1,capital_efficiency_plus20,50,demand_tracking,rule,cumulative_welfare,-40785080.182089806
ic_r1,capital_efficiency_plus20,50,demand_tracking,rule,cumulative_final_shortage,142490424.36373323
ic_r1,capital_efficiency_plus20,50,demand_tracking,rule,cumulative_final_delivered,-142490424.3637333
ic_r1,capital_efficiency_plus20,50,demand_tracking,rule,final_fill_rate,-0.01517158225341253
ic_r1,capital_efficiency_plus20,50,demand_tracking,rule,mean_service_rate,-0.00897101940571865
ic_r1,capital_efficiency_plus20,50,demand_tracking,rule,terminal_output,14.124764800071716
ic_r1,capital_efficiency_plus20,50,demand_tracking,rule,fiscal_spend,0.0
ic_r1,capital_efficiency_plus20,50,demand_tracking,rule,private_spend,4209307.039717339
ic_r1,capital_efficiency_plus20,50,demand_tracking,rule,terminal_ai_effective_mean,0.0
ic_r1,capital_efficiency_plus20,50,demand_tracking,rule,terminal_technology_mean,0.0
ic_r1,capital_efficiency_plus20,50,demand_tracking,rule,terminal_edge_health_mean,-5.010412629236072e-08
ic_r1,capital_efficiency_plus20,50,buffered_smoothing,rule,cumulative_value_added,76106.70319032669
ic_r1,capital_efficiency_plus20,50,buffered_smoothing,rule,cumulative_shortage,41782255.45304638
ic_r1,capital_efficiency_plus20,50,buffered_smoothing,rule,cumulative_welfare,-8280344.387419224
ic_r1,capital_efficiency_plus20,50,buffered_smoothing,rule,cumulative_final_shortage,29260584.079666853
ic_r1,capital_efficiency_plus20,50,buffered_smoothing,rule,cumulative_final_delivered,-29260584.079666138
ic_r1,capital_efficiency_plus20,50,buffered_smoothing,rule,final_fill_rate,-0.0031155030952420004
ic_r1,capital_efficiency_plus20,50,buffered_smoothing,rule,mean_service_rate,-0.0018352136487067572
ic_r1,capital_efficiency_plus20,50,buffered_smoothing,rule,terminal_output,9.548664093017578e-05
ic_r1,capital_efficiency_plus20,50,buffered_smoothing,rule,fiscal_spend,0.0
ic_r1,capital_efficiency_plus20,50,buffered_smoothing,rule,private_spend,845459.4764423128
ic_r1,capital_efficiency_plus20,50,buffered_smoothing,rule,terminal_ai_effective_mean,0.0
ic_r1,capital_efficiency_plus20,50,buffered_smoothing,rule,terminal_technology_mean,0.0
ic_r1,capital_efficiency_plus20,50,buffered_smoothing,rule,terminal_edge_health_mean,-6.227423687832356e-09
ic_r1,capital_efficiency_plus20,51,demand_tracking,rule,cumulative_value_added,653693.8097462654
ic_r1,capital_efficiency_plus20,51,demand_tracking,rule,cumulative_shortage,236278279.99220932
ic_r1,capital_efficiency_plus20,51,demand_tracking,rule,cumulative_welfare,-46601962.188694954
ic_r1,capital_efficiency_plus20,51,demand_tracking,rule,cumulative_final_shortage,161608227.3185181
ic_r1,capital_efficiency_plus20,51,demand_tracking,rule,cumulative_final_delivered,-161608227.31851768
ic_r1,capital_efficiency_plus20,51,demand_tracking,rule,final_fill_rate,-0.017152120415830807
ic_r1,capital_efficiency_plus20,51,demand_tracking,rule,mean_service_rate,-0.010102328058268717
ic_r1,capital_efficiency_plus20,51,demand_tracking,rule,terminal_output,16.139278173446655
ic_r1,capital_efficiency_plus20,51,demand_tracking,rule,fiscal_spend,0.0
ic_r1,capital_efficiency_plus20,51,demand_tracking,rule,private_spend,4809650.162013405
ic_r1,capital_efficiency_plus20,51,demand_tracking,rule,terminal_ai_effective_mean,0.0
ic_r1,capital_efficiency_plus20,51,demand_tracking,rule,terminal_technology_mean,0.0
ic_r1,capital_efficiency_plus20,51,demand_tracking,rule,terminal_edge_health_mean,-5.6527493574876075e-08
ic_r1,capital_efficiency_plus20,51,buffered_smoothing,rule,cumulative_value_added,86961.25368738174
ic_r1,capital_efficiency_plus20,51,buffered_smoothing,rule,cumulative_shortage,47741357.38088745
ic_r1,capital_efficiency_plus20,51,buffered_smoothing,rule,cumulative_welfare,-9461310.222489834
ic_r1,capital_efficiency_plus20,51,buffered_smoothing,rule,cumulative_final_shortage,33238925.927321196
ic_r1,capital_efficiency_plus20,51,buffered_smoothing,rule,cumulative_final_delivered,-33238925.92732048
ic_r1,capital_efficiency_plus20,51,buffered_smoothing,rule,final_fill_rate,-0.0035277786871247274
ic_r1,capital_efficiency_plus20,51,buffered_smoothing,rule,mean_service_rate,-0.002069846517685825
ic_r1,capital_efficiency_plus20,51,buffered_smoothing,rule,terminal_output,0.00010895729064941406
ic_r1,capital_efficiency_plus20,51,buffered_smoothing,rule,fiscal_spend,0.0
ic_r1,capital_efficiency_plus20,51,buffered_smoothing,rule,private_spend,966041.2674765596
ic_r1,capital_efficiency_plus20,51,buffered_smoothing,rule,terminal_ai_effective_mean,0.0
ic_r1,capital_efficiency_plus20,51,buffered_smoothing,rule,terminal_technology_mean,0.0
ic_r1,capital_efficiency_plus20,51,buffered_smoothing,rule,terminal_edge_health_mean,-7.0627644843668236e-09
ic_r1,capacity_lag_minus20,42,demand_tracking,rule,cumulative_value_added,644362.23595047
ic_r1,capacity_lag_minus20,42,demand_tracking,rule,cumulative_shortage,225653766.42193043
ic_r1,capacity_lag_minus20,42,demand_tracking,rule,cumulative_welfare,-44486391.048436165
ic_r1,capacity_lag_minus20,42,demand_tracking,rule,cumulative_final_shortage,154749617.43335128
ic_r1,capacity_lag_minus20,42,demand_tracking,rule,cumulative_final_delivered,-154749617.43335152
ic_r1,capacity_lag_minus20,42,demand_tracking,rule,final_fill_rate,-0.016442664875181978
ic_r1,capacity_lag_minus20,42,demand_tracking,rule,mean_service_rate,-0.009697079171148815
ic_r1,capacity_lag_minus20,42,demand_tracking,rule,terminal_output,15.532424569129944
ic_r1,capacity_lag_minus20,42,demand_tracking,rule,fiscal_spend,0.0
ic_r1,capacity_lag_minus20,42,demand_tracking,rule,private_spend,4595930.833728872
ic_r1,capacity_lag_minus20,42,demand_tracking,rule,terminal_ai_effective_mean,0.0
ic_r1,capacity_lag_minus20,42,demand_tracking,rule,terminal_technology_mean,0.0
ic_r1,capacity_lag_minus20,42,demand_tracking,rule,terminal_edge_health_mean,-5.421301152441771e-08
ic_r1,capacity_lag_minus20,42,buffered_smoothing,rule,cumulative_value_added,89564.72327661514
ic_r1,capacity_lag_minus20,42,buffered_smoothing,rule,cumulative_shortage,45576007.79949921
ic_r1,capacity_lag_minus20,42,buffered_smoothing,rule,cumulative_welfare,-9025636.836623669
ic_r1,capacity_lag_minus20,42,buffered_smoothing,rule,cumulative_final_shortage,31796234.5420596
ic_r1,capacity_lag_minus20,42,buffered_smoothing,rule,cumulative_final_delivered,-31796234.542058945
ic_r1,capacity_lag_minus20,42,buffered_smoothing,rule,final_fill_rate,-0.003378456357689741
ic_r1,capacity_lag_minus20,42,buffered_smoothing,rule,mean_service_rate,-0.0019848283110937004
ic_r1,capacity_lag_minus20,42,buffered_smoothing,rule,terminal_output,0.00010061264038085938
ic_r1,capacity_lag_minus20,42,buffered_smoothing,rule,fiscal_spend,0.0
ic_r1,capacity_lag_minus20,42,buffered_smoothing,rule,private_spend,923064.140572534
ic_r1,capacity_lag_minus20,42,buffered_smoothing,rule,terminal_ai_effective_mean,0.0
ic_r1,capacity_lag_minus20,42,buffered_smoothing,rule,terminal_technology_mean,0.0
ic_r1,capacity_lag_minus20,42,buffered_smoothing,rule,terminal_edge_health_mean,-6.754690362598126e-09
ic_r1,capacity_lag_minus20,43,demand_tracking,rule,cumulative_value_added,651404.9819154739
ic_r1,capacity_lag_minus20,43,demand_tracking,rule,cumulative_shortage,228120115.41677487
ic_r1,capacity_lag_minus20,43,demand_tracking,rule,cumulative_welfare,-44972618.10143995
ic_r1,capacity_lag_minus20,43,demand_tracking,rule,cumulative_final_shortage,156344570.71347773
ic_r1,capacity_lag_minus20,43,demand_tracking,rule,cumulative_final_delivered,-156344570.7134781
ic_r1,capacity_lag_minus20,43,demand_tracking,rule,final_fill_rate,-0.016607683162426556
ic_r1,capacity_lag_minus20,43,demand_tracking,rule,mean_service_rate,-0.009791149959109902
ic_r1,capacity_lag_minus20,43,demand_tracking,rule,terminal_output,15.70219075679779
ic_r1,capacity_lag_minus20,43,demand_tracking,rule,fiscal_spend,0.0
ic_r1,capacity_lag_minus20,43,demand_tracking,rule,private_spend,4646163.407161511
ic_r1,capacity_lag_minus20,43,demand_tracking,rule,terminal_ai_effective_mean,0.0
ic_r1,capacity_lag_minus20,43,demand_tracking,rule,terminal_technology_mean,0.0
ic_r1,capacity_lag_minus20,43,demand_tracking,rule,terminal_edge_health_mean,-5.4747624211870516e-08
ic_r1,capacity_lag_minus20,43,buffered_smoothing,rule,cumulative_value_added,90543.64717721939
ic_r1,capacity_lag_minus20,43,buffered_smoothing,rule,cumulative_shortage,46074144.13822633
ic_r1,capacity_lag_minus20,43,buffered_smoothing,rule,cumulative_welfare,-9124285.18046856
ic_r1,capacity_lag_minus20,43,buffered_smoothing,rule,cumulative_final_shortage,32128167.489846885
ic_r1,capacity_lag_minus20,43,buffered_smoothing,rule,cumulative_final_delivered,-32128167.489847183
ic_r1,capacity_lag_minus20,43,buffered_smoothing,rule,final_fill_rate,-0.0034128107156250476
ic_r1,capacity_lag_minus20,43,buffered_smoothing,rule,mean_service_rate,-0.0020043397815669994
ic_r1,capacity_lag_minus20,43,buffered_smoothing,rule,terminal_output,0.0001016855239868164
ic_r1,capacity_lag_minus20,43,buffered_smoothing,rule,fiscal_spend,0.0
ic_r1,capacity_lag_minus20,43,buffered_smoothing,rule,private_spend,933153.0407109046
ic_r1,capacity_lag_minus20,43,buffered_smoothing,rule,terminal_ai_effective_mean,0.0
ic_r1,capacity_lag_minus20,43,buffered_smoothing,rule,terminal_technology_mean,0.0
ic_r1,capacity_lag_minus20,43,buffered_smoothing,rule,terminal_edge_health_mean,-6.8242752560010445e-09
ic_r1,capacity_lag_minus20,44,demand_tracking,rule,cumulative_value_added,621730.8788137436
ic_r1,capacity_lag_minus20,44,demand_tracking,rule,cumulative_shortage,217728331.48454452
ic_r1,capacity_lag_minus20,44,demand_tracking,rule,cumulative_welfare,-42923935.41809511
ic_r1,capacity_lag_minus20,44,demand_tracking,rule,cumulative_final_shortage,149612574.61445808
ic_r1,capacity_lag_minus20,44,demand_tracking,rule,cumulative_final_delivered,-149612574.61445808
ic_r1,capacity_lag_minus20,44,demand_tracking,rule,final_fill_rate,-0.01591053894967953
ic_r1,capacity_lag_minus20,44,demand_tracking,rule,mean_service_rate,-0.009393221464277679
ic_r1,capacity_lag_minus20,44,demand_tracking,rule,terminal_output,14.986893057823181
ic_r1,capacity_lag_minus20,44,demand_tracking,rule,fiscal_spend,0.0
ic_r1,capacity_lag_minus20,44,demand_tracking,rule,private_spend,4434512.075349554
ic_r1,capacity_lag_minus20,44,demand_tracking,rule,terminal_ai_effective_mean,0.0
ic_r1,capacity_lag_minus20,44,demand_tracking,rule,terminal_technology_mean,0.0
ic_r1,capacity_lag_minus20,44,demand_tracking,rule,terminal_edge_health_mean,-5.248783430111814e-08
ic_r1,capacity_lag_minus20,44,buffered_smoothing,rule,cumulative_value_added,86419.02179670334
ic_r1,capacity_lag_minus20,44,buffered_smoothing,rule,cumulative_shortage,43975282.53686261
ic_r1,capacity_lag_minus20,44,buffered_smoothing,rule,cumulative_welfare,-8708637.485576153
ic_r1,capacity_lag_minus20,44,buffered_smoothing,rule,cumulative_final_shortage,30727706.96228254
ic_r1,capacity_lag_minus20,44,buffered_smoothing,rule,cumulative_final_delivered,-30727706.96228218
ic_r1,capacity_lag_minus20,44,buffered_smoothing,rule,final_fill_rate,-0.003267735881944289
ic_r1,capacity_lag_minus20,44,buffered_smoothing,rule,mean_service_rate,-0.0019218379197875057
ic_r1,capacity_lag_minus20,44,buffered_smoothing,rule,terminal_output,9.715557098388672e-05
ic_r1,capacity_lag_minus20,44,buffered_smoothing,rule,fiscal_spend,0.0
ic_r1,capacity_lag_minus20,44,buffered_smoothing,rule,private_spend,890644.186298593
ic_r1,capacity_lag_minus20,44,buffered_smoothing,rule,terminal_ai_effective_mean,0.0
ic_r1,capacity_lag_minus20,44,buffered_smoothing,rule,terminal_technology_mean,0.0
ic_r1,capacity_lag_minus20,44,buffered_smoothing,rule,terminal_edge_health_mean,-6.530518126268703e-09
ic_r1,capacity_lag_minus20,45,demand_tracking,rule,cumulative_value_added,639948.7469902039
ic_r1,capacity_lag_minus20,45,demand_tracking,rule,cumulative_shortage,224108175.5238436
ic_r1,capacity_lag_minus20,45,demand_tracking,rule,cumulative_welfare,-44181686.357779026
ic_r1,capacity_lag_minus20,45,demand_tracking,rule,cumulative_final_shortage,153749222.92815447
ic_r1,capacity_lag_minus20,45,demand_tracking,rule,cumulative_final_delivered,-153749222.928154
ic_r1,capacity_lag_minus20,45,demand_tracking,rule,final_fill_rate,-0.01633911371844221
ic_r1,capacity_lag_minus20,45,demand_tracking,rule,mean_service_rate,-0.009638009975095674
ic_r1,capacity_lag_minus20,45,demand_tracking,rule,terminal_output,15.426036953926086
ic_r1,capacity_lag_minus20,45,demand_tracking,rule,fiscal_spend,0.0
ic_r1,capacity_lag_minus20,45,demand_tracking,rule,private_spend,4564451.506007111
ic_r1,capacity_lag_minus20,45,demand_tracking,rule,terminal_ai_effective_mean,0.0
ic_r1,capacity_lag_minus20,45,demand_tracking,rule,terminal_technology_mean,0.0
ic_r1,capacity_lag_minus20,45,demand_tracking,rule,terminal_edge_health_mean,-5.387744228535496e-08
ic_r1,capacity_lag_minus20,45,buffered_smoothing,rule,cumulative_value_added,88951.25945854187
ic_r1,capacity_lag_minus20,45,buffered_smoothing,rule,cumulative_shortage,45263839.89757162
ic_r1,capacity_lag_minus20,45,buffered_smoothing,rule,cumulative_welfare,-8963816.720056057
ic_r1,capacity_lag_minus20,45,buffered_smoothing,rule,cumulative_final_shortage,31588080.346875846
ic_r1,capacity_lag_minus20,45,buffered_smoothing,rule,cumulative_final_delivered,-31588080.346876144
ic_r1,capacity_lag_minus20,45,buffered_smoothing,rule,final_fill_rate,-0.0033569030600959504
ic_r1,capacity_lag_minus20,45,buffered_smoothing,rule,mean_service_rate,-0.001972579121713225
ic_r1,capacity_lag_minus20,45,buffered_smoothing,rule,terminal_output,9.989738464355469e-05
ic_r1,capacity_lag_minus20,45,buffered_smoothing,rule,fiscal_spend,0.0
ic_r1,capacity_lag_minus20,45,buffered_smoothing,rule,private_spend,916741.7132687932
ic_r1,capacity_lag_minus20,45,buffered_smoothing,rule,terminal_ai_effective_mean,0.0
ic_r1,capacity_lag_minus20,45,buffered_smoothing,rule,terminal_technology_mean,0.0
ic_r1,capacity_lag_minus20,45,buffered_smoothing,rule,terminal_edge_health_mean,-6.7110411672288706e-09
ic_r1,capacity_lag_minus20,46,demand_tracking,rule,cumulative_value_added,626411.3718285561
ic_r1,capacity_lag_minus20,46,demand_tracking,rule,cumulative_shortage,219367426.419931
ic_r1,capacity_lag_minus20,46,demand_tracking,rule,cumulative_welfare,-43247073.912157536
ic_r1,capacity_lag_minus20,46,demand_tracking,rule,cumulative_final_shortage,150676471.94444117
ic_r1,capacity_lag_minus20,46,demand_tracking,rule,cumulative_final_delivered,-150676471.94444084
ic_r1,capacity_lag_minus20,46,demand_tracking,rule,final_fill_rate,-0.016020823149163532
ic_r1,capacity_lag_minus20,46,demand_tracking,rule,mean_service_rate,-0.009456260619084444
ic_r1,capacity_lag_minus20,46,demand_tracking,rule,terminal_output,15.099717020988464
ic_r1,capacity_lag_minus20,46,demand_tracking,rule,fiscal_spend,0.0
ic_r1,capacity_lag_minus20,46,demand_tracking,rule,private_spend,4467895.816611236
ic_r1,capacity_lag_minus20,46,demand_tracking,rule,terminal_ai_effective_mean,0.0
ic_r1,capacity_lag_minus20,46,demand_tracking,rule,terminal_technology_mean,0.0
ic_r1,capacity_lag_minus20,46,demand_tracking,rule,terminal_edge_health_mean,-5.284553672435521e-08
ic_r1,capacity_lag_minus20,46,buffered_smoothing,rule,cumulative_value_added,87069.59850358963
ic_r1,capacity_lag_minus20,46,buffered_smoothing,rule,cumulative_shortage,44306335.74613929
ic_r1,capacity_lag_minus20,46,buffered_smoothing,rule,cumulative_welfare,-8774197.550724506
ic_r1,capacity_lag_minus20,46,buffered_smoothing,rule,cumulative_final_shortage,30948931.344523996
ic_r1,capacity_lag_minus20,46,buffered_smoothing,rule,cumulative_final_delivered,-30948931.344524384
ic_r1,capacity_lag_minus20,46,buffered_smoothing,rule,final_fill_rate,-0.0032906753743813244
ic_r1,capacity_lag_minus20,46,buffered_smoothing,rule,mean_service_rate,-0.001934901867469807
ic_r1,capacity_lag_minus20,46,buffered_smoothing,rule,terminal_output,9.78708267211914e-05
ic_r1,capacity_lag_minus20,46,buffered_smoothing,rule,fiscal_spend,0.0
ic_r1,capacity_lag_minus20,46,buffered_smoothing,rule,private_spend,897349.1032243818
ic_r1,capacity_lag_minus20,46,buffered_smoothing,rule,terminal_ai_effective_mean,0.0
ic_r1,capacity_lag_minus20,46,buffered_smoothing,rule,terminal_technology_mean,0.0
ic_r1,capacity_lag_minus20,46,buffered_smoothing,rule,terminal_edge_health_mean,-6.576950983827601e-09
ic_r1,capacity_lag_minus20,47,demand_tracking,rule,cumulative_value_added,653930.4466605186
ic_r1,capacity_lag_minus20,47,demand_tracking,rule,cumulative_shortage,229004525.76841277
ic_r1,capacity_lag_minus20,47,demand_tracking,rule,cumulative_welfare,-45146974.70702219
ic_r1,capacity_lag_minus20,47,demand_tracking,rule,cumulative_final_shortage,156916086.13624775
ic_r1,capacity_lag_minus20,47,demand_tracking,rule,cumulative_final_delivered,-156916086.13624763
ic_r1,capacity_lag_minus20,47,demand_tracking,rule,final_fill_rate,-0.01666679103798685
ic_r1,capacity_lag_minus20,47,demand_tracking,rule,mean_service_rate,-0.009824826765271855
ic_r1,capacity_lag_minus20,47,demand_tracking,rule,terminal_output,15.763067364692688
ic_r1,capacity_lag_minus20,47,demand_tracking,rule,fiscal_spend,0.0
ic_r1,capacity_lag_minus20,47,demand_tracking,rule,private_spend,4664176.351812133
ic_r1,capacity_lag_minus20,47,demand_tracking,rule,terminal_ai_effective_mean,0.0
ic_r1,capacity_lag_minus20,47,demand_tracking,rule,terminal_technology_mean,0.0
ic_r1,capacity_lag_minus20,47,demand_tracking,rule,terminal_edge_health_mean,-5.4939072735571415e-08
ic_r1,capacity_lag_minus20,47,buffered_smoothing,rule,cumulative_value_added,90894.68039798737
ic_r1,capacity_lag_minus20,47,buffered_smoothing,rule,cumulative_shortage,46252771.30551553
ic_r1,capacity_lag_minus20,47,buffered_smoothing,rule,cumulative_welfare,-9159659.580705643
ic_r1,capacity_lag_minus20,47,buffered_smoothing,rule,cumulative_final_shortage,32247128.3758049
ic_r1,capacity_lag_minus20,47,buffered_smoothing,rule,cumulative_final_delivered,-32247128.3758049
ic_r1,capacity_lag_minus20,47,buffered_smoothing,rule,final_fill_rate,-0.003425118249176906
ic_r1,capacity_lag_minus20,47,buffered_smoothing,rule,mean_service_rate,-0.0020113259696656893
ic_r1,capacity_lag_minus20,47,buffered_smoothing,rule,terminal_output,0.00010216236114501953
ic_r1,capacity_lag_minus20,47,buffered_smoothing,rule,fiscal_spend,0.0
ic_r1,capacity_lag_minus20,47,buffered_smoothing,rule,private_spend,936770.8286791444
ic_r1,capacity_lag_minus20,47,buffered_smoothing,rule,terminal_ai_effective_mean,0.0
ic_r1,capacity_lag_minus20,47,buffered_smoothing,rule,terminal_technology_mean,0.0
ic_r1,capacity_lag_minus20,47,buffered_smoothing,rule,terminal_edge_health_mean,-6.849207534465052e-09
ic_r1,capacity_lag_minus20,48,demand_tracking,rule,cumulative_value_added,686514.0895814896
ic_r1,capacity_lag_minus20,48,demand_tracking,rule,cumulative_shortage,240415222.0176524
ic_r1,capacity_lag_minus20,48,demand_tracking,rule,cumulative_welfare,-47396530.31394911
ic_r1,capacity_lag_minus20,48,demand_tracking,rule,cumulative_final_shortage,164270103.82731652
ic_r1,capacity_lag_minus20,48,demand_tracking,rule,cumulative_final_delivered,-164270103.82731628
ic_r1,capacity_lag_minus20,48,demand_tracking,rule,final_fill_rate,-0.017426296450862022
ic_r1,capacity_lag_minus20,48,demand_tracking,rule,mean_service_rate,-0.010256687311305024
ic_r1,capacity_lag_minus20,48,demand_tracking,rule,terminal_output,16.548499822616577
ic_r1,capacity_lag_minus20,48,demand_tracking,rule,fiscal_spend,0.0
ic_r1,capacity_lag_minus20,48,demand_tracking,rule,private_spend,4896580.053987153
ic_r1,capacity_lag_minus20,48,demand_tracking,rule,terminal_ai_effective_mean,0.0
ic_r1,capacity_lag_minus20,48,demand_tracking,rule,terminal_technology_mean,0.0
ic_r1,capacity_lag_minus20,48,demand_tracking,rule,terminal_edge_health_mean,-5.73970249106992e-08
ic_r1,capacity_lag_minus20,48,buffered_smoothing,rule,cumulative_value_added,95423.7244644165
ic_r1,capacity_lag_minus20,48,buffered_smoothing,rule,cumulative_shortage,48557425.86324561
ic_r1,capacity_lag_minus20,48,buffered_smoothing,rule,cumulative_welfare,-9616061.44818449
ic_r1,capacity_lag_minus20,48,buffered_smoothing,rule,cumulative_final_shortage,33778816.80423224
ic_r1,capacity_lag_minus20,48,buffered_smoothing,rule,cumulative_final_delivered,-33778816.80423164
ic_r1,capacity_lag_minus20,48,buffered_smoothing,rule,final_fill_rate,-0.0035833646030241084
ic_r1,capacity_lag_minus20,48,buffered_smoothing,rule,mean_service_rate,-0.002100970316613715
ic_r1,capacity_lag_minus20,48,buffered_smoothing,rule,terminal_output,0.00010716915130615234
ic_r1,capacity_lag_minus20,48,buffered_smoothing,rule,fiscal_spend,0.0
ic_r1,capacity_lag_minus20,48,buffered_smoothing,rule,private_spend,983447.6676863208
ic_r1,capacity_lag_minus20,48,buffered_smoothing,rule,terminal_ai_effective_mean,0.0
ic_r1,capacity_lag_minus20,48,buffered_smoothing,rule,terminal_technology_mean,0.0
ic_r1,capacity_lag_minus20,48,buffered_smoothing,rule,terminal_edge_health_mean,-7.169927651595742e-09
ic_r1,capacity_lag_minus20,49,demand_tracking,rule,cumulative_value_added,625882.0068683624
ic_r1,capacity_lag_minus20,49,demand_tracking,rule,cumulative_shortage,219182044.3624056
ic_r1,capacity_lag_minus20,49,demand_tracking,rule,cumulative_welfare,-43210526.86561298
ic_r1,capacity_lag_minus20,49,demand_tracking,rule,cumulative_final_shortage,150556183.83177373
ic_r1,capacity_lag_minus20,49,demand_tracking,rule,cumulative_final_delivered,-150556183.83177376
ic_r1,capacity_lag_minus20,49,demand_tracking,rule,final_fill_rate,-0.016008356090900122
ic_r1,capacity_lag_minus20,49,demand_tracking,rule,mean_service_rate,-0.009449136041751682
ic_r1,capacity_lag_minus20,49,demand_tracking,rule,terminal_output,15.08695662021637
ic_r1,capacity_lag_minus20,49,demand_tracking,rule,fiscal_spend,0.0
ic_r1,capacity_lag_minus20,49,demand_tracking,rule,private_spend,4464120.106913535
ic_r1,capacity_lag_minus20,49,demand_tracking,rule,terminal_ai_effective_mean,0.0
ic_r1,capacity_lag_minus20,49,demand_tracking,rule,terminal_technology_mean,0.0
ic_r1,capacity_lag_minus20,49,demand_tracking,rule,terminal_edge_health_mean,-5.280510428917751e-08
ic_r1,capacity_lag_minus20,49,buffered_smoothing,rule,cumulative_value_added,86996.0181107521
ic_r1,capacity_lag_minus20,49,buffered_smoothing,rule,cumulative_shortage,44268893.54327363
ic_r1,capacity_lag_minus20,49,buffered_smoothing,rule,cumulative_welfare,-8766782.690543652
ic_r1,capacity_lag_minus20,49,buffered_smoothing,rule,cumulative_final_shortage,30923917.04883662
ic_r1,capacity_lag_minus20,49,buffered_smoothing,rule,cumulative_final_delivered,-30923917.048835754
ic_r1,capacity_lag_minus20,49,buffered_smoothing,rule,final_fill_rate,-0.003288081985369451
ic_r1,capacity_lag_minus20,49,buffered_smoothing,rule,mean_service_rate,-0.001933425291921309
ic_r1,capacity_lag_minus20,49,buffered_smoothing,rule,terminal_output,9.775161743164062e-05
ic_r1,capacity_lag_minus20,49,buffered_smoothing,rule,fiscal_spend,0.0
ic_r1,capacity_lag_minus20,49,buffered_smoothing,rule,private_spend,896590.7754006395
ic_r1,capacity_lag_minus20,49,buffered_smoothing,rule,terminal_ai_effective_mean,0.0
ic_r1,capacity_lag_minus20,49,buffered_smoothing,rule,terminal_technology_mean,0.0
ic_r1,capacity_lag_minus20,49,buffered_smoothing,rule,terminal_edge_health_mean,-6.571701294255661e-09
ic_r1,capacity_lag_minus20,50,demand_tracking,rule,cumulative_value_added,589804.419154644
ic_r1,capacity_lag_minus20,50,demand_tracking,rule,cumulative_shortage,206547778.8875342
ic_r1,capacity_lag_minus20,50,demand_tracking,rule,cumulative_welfare,-40719751.358352184
ic_r1,capacity_lag_minus20,50,demand_tracking,rule,cumulative_final_shortage,142334641.64139307
ic_r1,capacity_lag_minus20,50,demand_tracking,rule,cumulative_final_delivered,-142334641.64139366
ic_r1,capacity_lag_minus20,50,demand_tracking,rule,final_fill_rate,-0.015154995381724934
ic_r1,capacity_lag_minus20,50,demand_tracking,rule,mean_service_rate,-0.008960455880310247
ic_r1,capacity_lag_minus20,50,demand_tracking,rule,terminal_output,14.217302203178406
ic_r1,capacity_lag_minus20,50,demand_tracking,rule,fiscal_spend,0.0
ic_r1,capacity_lag_minus20,50,demand_tracking,rule,private_spend,4206795.750319791
ic_r1,capacity_lag_minus20,50,demand_tracking,rule,terminal_ai_effective_mean,0.0
ic_r1,capacity_lag_minus20,50,demand_tracking,rule,terminal_technology_mean,0.0
ic_r1,capacity_lag_minus20,50,demand_tracking,rule,terminal_edge_health_mean,-5.003505676448583e-08
ic_r1,capacity_lag_minus20,50,buffered_smoothing,rule,cumulative_value_added,81981.32454299927
ic_r1,capacity_lag_minus20,50,buffered_smoothing,rule,cumulative_shortage,41717110.82342756
ic_r1,capacity_lag_minus20,50,buffered_smoothing,rule,cumulative_welfare,-8261440.84014225
ic_r1,capacity_lag_minus20,50,buffered_smoothing,rule,cumulative_final_shortage,29215346.735506237
ic_r1,capacity_lag_minus20,50,buffered_smoothing,rule,cumulative_final_delivered,-29215346.735506058
ic_r1,capacity_lag_minus20,50,buffered_smoothing,rule,final_fill_rate,-0.003110686476224145
ic_r1,capacity_lag_minus20,50,buffered_smoothing,rule,mean_service_rate,-0.001832213117347492
ic_r1,capacity_lag_minus20,50,buffered_smoothing,rule,terminal_output,9.21487808227539e-05
ic_r1,capacity_lag_minus20,50,buffered_smoothing,rule,fiscal_spend,0.0
ic_r1,capacity_lag_minus20,50,buffered_smoothing,rule,private_spend,844908.7778552528
ic_r1,capacity_lag_minus20,50,buffered_smoothing,rule,terminal_ai_effective_mean,0.0
ic_r1,capacity_lag_minus20,50,buffered_smoothing,rule,terminal_technology_mean,0.0
ic_r1,capacity_lag_minus20,50,buffered_smoothing,rule,terminal_edge_health_mean,-6.212790948367797e-09
ic_r1,capacity_lag_minus20,51,demand_tracking,rule,cumulative_value_added,673923.9721355438
ic_r1,capacity_lag_minus20,51,demand_tracking,rule,cumulative_shortage,236006199.78927678
ic_r1,capacity_lag_minus20,51,demand_tracking,rule,cumulative_welfare,-46527315.98572016
ic_r1,capacity_lag_minus20,51,demand_tracking,rule,cumulative_final_shortage,161432867.26764357
ic_r1,capacity_lag_minus20,51,demand_tracking,rule,cumulative_final_delivered,-161432867.26764297
ic_r1,capacity_lag_minus20,51,demand_tracking,rule,final_fill_rate,-0.017133508759984872
ic_r1,capacity_lag_minus20,51,demand_tracking,rule,mean_service_rate,-0.010090397614401336
ic_r1,capacity_lag_minus20,51,demand_tracking,rule,terminal_output,16.24501359462738
ic_r1,capacity_lag_minus20,51,demand_tracking,rule,fiscal_spend,0.0
ic_r1,capacity_lag_minus20,51,demand_tracking,rule,private_spend,4806780.705510522
ic_r1,capacity_lag_minus20,51,demand_tracking,rule,terminal_ai_effective_mean,0.0
ic_r1,capacity_lag_minus20,51,demand_tracking,rule,terminal_technology_mean,0.0
ic_r1,capacity_lag_minus20,51,demand_tracking,rule,terminal_edge_health_mean,-5.6449942054115354e-08
ic_r1,capacity_lag_minus20,51,buffered_smoothing,rule,cumulative_value_added,93673.72993946075
ic_r1,capacity_lag_minus20,51,buffered_smoothing,rule,cumulative_shortage,47666921.64231008
ic_r1,capacity_lag_minus20,51,buffered_smoothing,rule,cumulative_welfare,-9439710.598522663
ic_r1,capacity_lag_minus20,51,buffered_smoothing,rule,cumulative_final_shortage,33187670.89434427
ic_r1,capacity_lag_minus20,51,buffered_smoothing,rule,cumulative_final_delivered,-33187670.89434433
ic_r1,capacity_lag_minus20,51,buffered_smoothing,rule,final_fill_rate,-0.0035223387877327816
ic_r1,capacity_lag_minus20,51,buffered_smoothing,rule,mean_service_rate,-0.002066440153758675
ic_r1,capacity_lag_minus20,51,buffered_smoothing,rule,terminal_output,0.00010538101196289062
ic_r1,capacity_lag_minus20,51,buffered_smoothing,rule,fiscal_spend,0.0
ic_r1,capacity_lag_minus20,51,buffered_smoothing,rule,private_spend,965412.0267194724
ic_r1,capacity_lag_minus20,51,buffered_smoothing,rule,terminal_ai_effective_mean,0.0
ic_r1,capacity_lag_minus20,51,buffered_smoothing,rule,terminal_technology_mean,0.0
ic_r1,capacity_lag_minus20,51,buffered_smoothing,rule,terminal_edge_health_mean,-7.046212835426502e-09
ic_r1,capacity_lag_plus20,42,demand_tracking,rule,cumulative_value_added,480189.4751062393
ic_r1,capacity_lag_plus20,42,demand_tracking,rule,cumulative_shortage,227561602.03429765
ic_r1,capacity_lag_plus20,42,demand_tracking,rule,cumulative_welfare,-45032130.93175316
ic_r1,capacity_lag_plus20,42,demand_tracking,rule,cumulative_final_shortage,156103949.08222562
ic_r1,capacity_lag_plus20,42,demand_tracking,rule,cumulative_final_delivered,-156103949.0822258
ic_r1,capacity_lag_plus20,42,demand_tracking,rule,final_fill_rate,-0.01658656714648743
ic_r1,capacity_lag_plus20,42,demand_tracking,rule,mean_service_rate,-0.009786354637990713
ic_r1,capacity_lag_plus20,42,demand_tracking,rule,terminal_output,20.725527048110962
ic_r1,capacity_lag_plus20,42,demand_tracking,rule,fiscal_spend,0.0
ic_r1,capacity_lag_plus20,42,demand_tracking,rule,private_spend,4613033.338624143
ic_r1,capacity_lag_plus20,42,demand_tracking,rule,terminal_ai_effective_mean,0.0
ic_r1,capacity_lag_plus20,42,demand_tracking,rule,terminal_technology_mean,0.0
ic_r1,capacity_lag_plus20,42,demand_tracking,rule,terminal_edge_health_mean,-5.4241516278530355e-08
ic_r1,capacity_lag_plus20,42,buffered_smoothing,rule,cumulative_value_added,70256.86493778229
ic_r1,capacity_lag_plus20,42,buffered_smoothing,rule,cumulative_shortage,45791168.9844113
ic_r1,capacity_lag_plus20,42,buffered_smoothing,rule,cumulative_welfare,-9087976.931944847
ic_r1,capacity_lag_plus20,42,buffered_smoothing,rule,cumulative_final_shortage,31945929.73342657
ic_r1,capacity_lag_plus20,42,buffered_smoothing,rule,cumulative_final_delivered,-31945929.733427048
ic_r1,capacity_lag_plus20,42,buffered_smoothing,rule,final_fill_rate,-0.0033943619728759034
ic_r1,capacity_lag_plus20,42,buffered_smoothing,rule,mean_service_rate,-0.0019948386198269663
ic_r1,capacity_lag_plus20,42,buffered_smoothing,rule,terminal_output,0.00013887882232666016
ic_r1,capacity_lag_plus20,42,buffered_smoothing,rule,fiscal_spend,0.0
ic_r1,capacity_lag_plus20,42,buffered_smoothing,rule,private_spend,924910.7931646574
ic_r1,capacity_lag_plus20,42,buffered_smoothing,rule,terminal_ai_effective_mean,0.0
ic_r1,capacity_lag_plus20,42,buffered_smoothing,rule,terminal_technology_mean,0.0
ic_r1,capacity_lag_plus20,42,buffered_smoothing,rule,terminal_edge_health_mean,-6.761785020792388e-09
ic_r1,capacity_lag_plus20,43,demand_tracking,rule,cumulative_value_added,485437.8467512131
ic_r1,capacity_lag_plus20,43,demand_tracking,rule,cumulative_shortage,230048803.27778637
ic_r1,capacity_lag_plus20,43,demand_tracking,rule,cumulative_welfare,-45524322.808805466
ic_r1,capacity_lag_plus20,43,demand_tracking,rule,cumulative_final_shortage,157713090.32801473
ic_r1,capacity_lag_plus20,43,demand_tracking,rule,cumulative_final_delivered,-157713090.32801628
ic_r1,capacity_lag_plus20,43,demand_tracking,rule,final_fill_rate,-0.016753053993380895
ic_r1,capacity_lag_plus20,43,demand_tracking,rule,mean_service_rate,-0.009881371147258733
ic_r1,capacity_lag_plus20,43,demand_tracking,rule,terminal_output,20.95205271244049
ic_r1,capacity_lag_plus20,43,demand_tracking,rule,fiscal_spend,0.0
ic_r1,capacity_lag_plus20,43,demand_tracking,rule,private_spend,4663452.838897964
ic_r1,capacity_lag_plus20,43,demand_tracking,rule,terminal_ai_effective_mean,0.0
ic_r1,capacity_lag_plus20,43,demand_tracking,rule,terminal_technology_mean,0.0
ic_r1,capacity_lag_plus20,43,demand_tracking,rule,terminal_edge_health_mean,-5.477644482443367e-08
ic_r1,capacity_lag_plus20,43,buffered_smoothing,rule,cumulative_value_added,71024.75794029236
ic_r1,capacity_lag_plus20,43,buffered_smoothing,rule,cumulative_shortage,46291656.99038702
ic_r1,capacity_lag_plus20,43,buffered_smoothing,rule,cumulative_welfare,-9187306.640136719
ic_r1,capacity_lag_plus20,43,buffered_smoothing,rule,cumulative_final_shortage,32279411.7746163
ic_r1,capacity_lag_plus20,43,buffered_smoothing,rule,cumulative_final_delivered,-32279411.77461815
ic_r1,capacity_lag_plus20,43,buffered_smoothing,rule,final_fill_rate,-0.003428876621528576
ic_r1,capacity_lag_plus20,43,buffered_smoothing,rule,mean_service_rate,-0.0020144554864778286
ic_r1,capacity_lag_plus20,43,buffered_smoothing,rule,terminal_output,0.00014030933380126953
ic_r1,capacity_lag_plus20,43,buffered_smoothing,rule,fiscal_spend,0.0
ic_r1,capacity_lag_plus20,43,buffered_smoothing,rule,private_spend,935019.8768339092
ic_r1,capacity_lag_plus20,43,buffered_smoothing,rule,terminal_ai_effective_mean,0.0
ic_r1,capacity_lag_plus20,43,buffered_smoothing,rule,terminal_technology_mean,0.0
ic_r1,capacity_lag_plus20,43,buffered_smoothing,rule,terminal_edge_health_mean,-6.8314250922796305e-09
ic_r1,capacity_lag_plus20,44,demand_tracking,rule,cumulative_value_added,463324.2106666565
ic_r1,capacity_lag_plus20,44,demand_tracking,rule,cumulative_shortage,219569159.89709085
ic_r1,capacity_lag_plus20,44,demand_tracking,rule,cumulative_welfare,-43450507.76875162
ic_r1,capacity_lag_plus20,44,demand_tracking,rule,cumulative_final_shortage,150921232.41126433
ic_r1,capacity_lag_plus20,44,demand_tracking,rule,cumulative_final_delivered,-150921232.4112625
ic_r1,capacity_lag_plus20,44,demand_tracking,rule,final_fill_rate,-0.016049708073006985
ic_r1,capacity_lag_plus20,44,demand_tracking,rule,mean_service_rate,-0.009479453779668634
ic_r1,capacity_lag_plus20,44,demand_tracking,rule,terminal_output,19.997602939605713
ic_r1,capacity_lag_plus20,44,demand_tracking,rule,fiscal_spend,0.0
ic_r1,capacity_lag_plus20,44,demand_tracking,rule,private_spend,4451013.904297941
ic_r1,capacity_lag_plus20,44,demand_tracking,rule,terminal_ai_effective_mean,0.0
ic_r1,capacity_lag_plus20,44,demand_tracking,rule,terminal_technology_mean,0.0
ic_r1,capacity_lag_plus20,44,demand_tracking,rule,terminal_edge_health_mean,-5.251532664285463e-08
ic_r1,capacity_lag_plus20,44,buffered_smoothing,rule,cumulative_value_added,67789.29605674744
ic_r1,capacity_lag_plus20,44,buffered_smoothing,rule,cumulative_shortage,44182886.80837071
ic_r1,capacity_lag_plus20,44,buffered_smoothing,rule,cumulative_welfare,-8768788.065617561
ic_r1,capacity_lag_plus20,44,buffered_smoothing,rule,cumulative_final_shortage,30872412.71072671
ic_r1,capacity_lag_plus20,44,buffered_smoothing,rule,cumulative_final_delivered,-30872412.710725784
ic_r1,capacity_lag_plus20,44,buffered_smoothing,rule,final_fill_rate,-0.003283124604802512
ic_r1,capacity_lag_plus20,44,buffered_smoothing,rule,mean_service_rate,-0.0019315089885105774
ic_r1,capacity_lag_plus20,44,buffered_smoothing,rule,terminal_output,0.00013399124145507812
ic_r1,capacity_lag_plus20,44,buffered_smoothing,rule,fiscal_spend,0.0
ic_r1,capacity_lag_plus20,44,buffered_smoothing,rule,private_spend,892425.980567256
ic_r1,capacity_lag_plus20,44,buffered_smoothing,rule,terminal_ai_effective_mean,0.0
ic_r1,capacity_lag_plus20,44,buffered_smoothing,rule,terminal_technology_mean,0.0
ic_r1,capacity_lag_plus20,44,buffered_smoothing,rule,terminal_edge_health_mean,-6.5374321511768585e-09
ic_r1,capacity_lag_plus20,45,demand_tracking,rule,cumulative_value_added,476900.4695920944
ic_r1,capacity_lag_plus20,45,demand_tracking,rule,cumulative_shortage,226002943.6239586
ic_r1,capacity_lag_plus20,45,demand_tracking,rule,cumulative_welfare,-44723688.25519943
ic_r1,capacity_lag_plus20,45,demand_tracking,rule,cumulative_final_shortage,155094657.23489094
ic_r1,capacity_lag_plus20,45,demand_tracking,rule,cumulative_final_delivered,-155094657.23488998
ic_r1,capacity_lag_plus20,45,demand_tracking,rule,final_fill_rate,-0.016482094630604127
ic_r1,capacity_lag_plus20,45,demand_tracking,rule,mean_service_rate,-0.009726692473748022
ic_r1,capacity_lag_plus20,45,demand_tracking,rule,terminal_output,20.583569765090942
ic_r1,capacity_lag_plus20,45,demand_tracking,rule,fiscal_spend,0.0
ic_r1,capacity_lag_plus20,45,demand_tracking,rule,private_spend,4581436.869157663
ic_r1,capacity_lag_plus20,45,demand_tracking,rule,terminal_ai_effective_mean,0.0
ic_r1,capacity_lag_plus20,45,demand_tracking,rule,terminal_technology_mean,0.0
ic_r1,capacity_lag_plus20,45,demand_tracking,rule,terminal_edge_health_mean,-5.3905749086702315e-08
ic_r1,capacity_lag_plus20,45,buffered_smoothing,rule,cumulative_value_added,69775.64819288254
ic_r1,capacity_lag_plus20,45,buffered_smoothing,rule,cumulative_shortage,45477527.35937977
ic_r1,capacity_lag_plus20,45,buffered_smoothing,rule,cumulative_welfare,-9025729.823682785
ic_r1,capacity_lag_plus20,45,buffered_smoothing,rule,cumulative_final_shortage,31736803.898572028
ic_r1,capacity_lag_plus20,45,buffered_smoothing,rule,cumulative_final_delivered,-31736803.898571014
ic_r1,capacity_lag_plus20,45,buffered_smoothing,rule,final_fill_rate,-0.003372708089724563
ic_r1,capacity_lag_plus20,45,buffered_smoothing,rule,mean_service_rate,-0.001982523339782105
ic_r1,capacity_lag_plus20,45,buffered_smoothing,rule,terminal_output,0.0001379251480102539
ic_r1,capacity_lag_plus20,45,buffered_smoothing,rule,fiscal_spend,0.0
ic_r1,capacity_lag_plus20,45,buffered_smoothing,rule,private_spend,918575.7174150962
ic_r1,capacity_lag_plus20,45,buffered_smoothing,rule,terminal_ai_effective_mean,0.0
ic_r1,capacity_lag_plus20,45,buffered_smoothing,rule,terminal_technology_mean,0.0
ic_r1,capacity_lag_plus20,45,buffered_smoothing,rule,terminal_edge_health_mean,-6.718100631353252e-09
ic_r1,capacity_lag_plus20,46,demand_tracking,rule,cumulative_value_added,466812.1920514107
ic_r1,capacity_lag_plus20,46,demand_tracking,rule,cumulative_shortage,221222112.8936093
ic_r1,capacity_lag_plus20,46,demand_tracking,rule,cumulative_welfare,-43777610.38667059
ic_r1,capacity_lag_plus20,46,demand_tracking,rule,cumulative_final_shortage,151994586.03120345
ic_r1,capacity_lag_plus20,46,demand_tracking,rule,cumulative_final_delivered,-151994586.03120422
ic_r1,capacity_lag_plus20,46,demand_tracking,rule,final_fill_rate,-0.016160972917750094
ic_r1,capacity_lag_plus20,46,demand_tracking,rule,mean_service_rate,-0.009543122821990546
ic_r1,capacity_lag_plus20,46,demand_tracking,rule,terminal_output,20.14814817905426
ic_r1,capacity_lag_plus20,46,demand_tracking,rule,fiscal_spend,0.0
ic_r1,capacity_lag_plus20,46,demand_tracking,rule,private_spend,4484521.874060656
ic_r1,capacity_lag_plus20,46,demand_tracking,rule,terminal_ai_effective_mean,0.0
ic_r1,capacity_lag_plus20,46,demand_tracking,rule,terminal_technology_mean,0.0
ic_r1,capacity_lag_plus20,46,demand_tracking,rule,terminal_edge_health_mean,-5.287323801006494e-08
ic_r1,capacity_lag_plus20,46,buffered_smoothing,rule,cumulative_value_added,68299.62510347366
ic_r1,capacity_lag_plus20,46,buffered_smoothing,rule,cumulative_shortage,44515502.89698297
ic_r1,capacity_lag_plus20,46,buffered_smoothing,rule,cumulative_welfare,-8834800.954293251
ic_r1,capacity_lag_plus20,46,buffered_smoothing,rule,cumulative_final_shortage,31094670.431390226
ic_r1,capacity_lag_plus20,46,buffered_smoothing,rule,cumulative_final_delivered,-31094670.431390762
ic_r1,capacity_lag_plus20,46,buffered_smoothing,rule,final_fill_rate,-0.003306171225236243
ic_r1,capacity_lag_plus20,46,buffered_smoothing,rule,mean_service_rate,-0.0019446431657759167
ic_r1,capacity_lag_plus20,46,buffered_smoothing,rule,terminal_output,0.00013494491577148438
ic_r1,capacity_lag_plus20,46,buffered_smoothing,rule,fiscal_spend,0.0
ic_r1,capacity_lag_plus20,46,buffered_smoothing,rule,private_spend,899144.3111353721
ic_r1,capacity_lag_plus20,46,buffered_smoothing,rule,terminal_ai_effective_mean,0.0
ic_r1,capacity_lag_plus20,46,buffered_smoothing,rule,terminal_technology_mean,0.0
ic_r1,capacity_lag_plus20,46,buffered_smoothing,rule,terminal_edge_health_mean,-6.583902978363199e-09
ic_r1,capacity_lag_plus20,47,demand_tracking,rule,cumulative_value_added,487319.8651609421
ic_r1,capacity_lag_plus20,47,demand_tracking,rule,cumulative_shortage,230940691.05642033
ic_r1,capacity_lag_plus20,47,demand_tracking,rule,cumulative_welfare,-45700818.346123695
ic_r1,capacity_lag_plus20,47,demand_tracking,rule,cumulative_final_shortage,158289690.49435353
ic_r1,capacity_lag_plus20,47,demand_tracking,rule,cumulative_final_delivered,-158289690.49435234
ic_r1,capacity_lag_plus20,47,demand_tracking,rule,final_fill_rate,-0.01681268797799551
ic_r1,capacity_lag_plus20,47,demand_tracking,rule,mean_service_rate,-0.009915386931813819
ic_r1,capacity_lag_plus20,47,demand_tracking,rule,terminal_output,21.03328275680542
ic_r1,capacity_lag_plus20,47,demand_tracking,rule,fiscal_spend,0.0
ic_r1,capacity_lag_plus20,47,demand_tracking,rule,private_spend,4681532.813816281
ic_r1,capacity_lag_plus20,47,demand_tracking,rule,terminal_ai_effective_mean,0.0
ic_r1,capacity_lag_plus20,47,demand_tracking,rule,terminal_technology_mean,0.0
ic_r1,capacity_lag_plus20,47,demand_tracking,rule,terminal_edge_health_mean,-5.4968006479860776e-08
ic_r1,capacity_lag_plus20,47,buffered_smoothing,rule,cumulative_value_added,71300.11739778519
ic_r1,capacity_lag_plus20,47,buffered_smoothing,rule,cumulative_shortage,46471127.444195926
ic_r1,capacity_lag_plus20,47,buffered_smoothing,rule,cumulative_welfare,-9222925.371441841
ic_r1,capacity_lag_plus20,47,buffered_smoothing,rule,cumulative_final_shortage,32398927.737956762
ic_r1,capacity_lag_plus20,47,buffered_smoothing,rule,cumulative_final_delivered,-32398927.737957
ic_r1,capacity_lag_plus20,47,buffered_smoothing,rule,final_fill_rate,-0.0034412415690416864
ic_r1,capacity_lag_plus20,47,buffered_smoothing,rule,mean_service_rate,-0.0020214794487009025
ic_r1,capacity_lag_plus20,47,buffered_smoothing,rule,terminal_output,0.00014078617095947266
ic_r1,capacity_lag_plus20,47,buffered_smoothing,rule,fiscal_spend,0.0
ic_r1,capacity_lag_plus20,47,buffered_smoothing,rule,private_spend,938644.9024330322
ic_r1,capacity_lag_plus20,47,buffered_smoothing,rule,terminal_ai_effective_mean,0.0
ic_r1,capacity_lag_plus20,47,buffered_smoothing,rule,terminal_technology_mean,0.0
ic_r1,capacity_lag_plus20,47,buffered_smoothing,rule,terminal_edge_health_mean,-6.8563770216911735e-09
ic_r1,capacity_lag_plus20,48,demand_tracking,rule,cumulative_value_added,511601.7388000488
ic_r1,capacity_lag_plus20,48,demand_tracking,rule,cumulative_shortage,242447861.35531306
ic_r1,capacity_lag_plus20,48,demand_tracking,rule,cumulative_welfare,-47977970.532262325
ic_r1,capacity_lag_plus20,48,demand_tracking,rule,cumulative_final_shortage,165709173.719679
ic_r1,capacity_lag_plus20,48,demand_tracking,rule,cumulative_final_delivered,-165709173.7196808
ic_r1,capacity_lag_plus20,48,demand_tracking,rule,final_fill_rate,-0.017578957574058474
ic_r1,capacity_lag_plus20,48,demand_tracking,rule,mean_service_rate,-0.010351613977980567
ic_r1,capacity_lag_plus20,48,demand_tracking,rule,terminal_output,22.081316113471985
ic_r1,capacity_lag_plus20,48,demand_tracking,rule,fiscal_spend,0.0
ic_r1,capacity_lag_plus20,48,demand_tracking,rule,private_spend,4914801.343073762
ic_r1,capacity_lag_plus20,48,demand_tracking,rule,terminal_ai_effective_mean,0.0
ic_r1,capacity_lag_plus20,48,demand_tracking,rule,terminal_technology_mean,0.0
ic_r1,capacity_lag_plus20,48,demand_tracking,rule,terminal_edge_health_mean,-5.742742459347028e-08
ic_r1,capacity_lag_plus20,48,buffered_smoothing,rule,cumulative_value_added,74852.8156657219
ic_r1,capacity_lag_plus20,48,buffered_smoothing,rule,cumulative_shortage,48786662.11691153
ic_r1,capacity_lag_plus20,48,buffered_smoothing,rule,cumulative_welfare,-9682479.60771656
ic_r1,capacity_lag_plus20,48,buffered_smoothing,rule,cumulative_final_shortage,33937758.338006794
ic_r1,capacity_lag_plus20,48,buffered_smoothing,rule,cumulative_final_delivered,-33937758.33800697
ic_r1,capacity_lag_plus20,48,buffered_smoothing,rule,final_fill_rate,-0.003600225627771736
ic_r1,capacity_lag_plus20,48,buffered_smoothing,rule,mean_service_rate,-0.0021116102158222905
ic_r1,capacity_lag_plus20,48,buffered_smoothing,rule,terminal_output,0.00014781951904296875
ic_r1,capacity_lag_plus20,48,buffered_smoothing,rule,fiscal_spend,0.0
ic_r1,capacity_lag_plus20,48,buffered_smoothing,rule,private_spend,985415.1216312042
ic_r1,capacity_lag_plus20,48,buffered_smoothing,rule,terminal_ai_effective_mean,0.0
ic_r1,capacity_lag_plus20,48,buffered_smoothing,rule,terminal_technology_mean,0.0
ic_r1,capacity_lag_plus20,48,buffered_smoothing,rule,terminal_edge_health_mean,-7.177346494913195e-09
ic_r1,capacity_lag_plus20,49,demand_tracking,rule,cumulative_value_added,466417.7004623413
ic_r1,capacity_lag_plus20,49,demand_tracking,rule,cumulative_shortage,221035163.48581654
ic_r1,capacity_lag_plus20,49,demand_tracking,rule,cumulative_welfare,-43740614.99670124
ic_r1,capacity_lag_plus20,49,demand_tracking,rule,cumulative_final_shortage,151873228.67912537
ic_r1,capacity_lag_plus20,49,demand_tracking,rule,cumulative_final_delivered,-151873228.67912674
ic_r1,capacity_lag_plus20,49,demand_tracking,rule,final_fill_rate,-0.016148394994434323
ic_r1,capacity_lag_plus20,49,demand_tracking,rule,mean_service_rate,-0.009535927017832013
ic_r1,capacity_lag_plus20,49,demand_tracking,rule,terminal_output,20.131121397018433
ic_r1,capacity_lag_plus20,49,demand_tracking,rule,fiscal_spend,0.0
ic_r1,capacity_lag_plus20,49,demand_tracking,rule,private_spend,4480732.114087638
ic_r1,capacity_lag_plus20,49,demand_tracking,rule,terminal_ai_effective_mean,0.0
ic_r1,capacity_lag_plus20,49,demand_tracking,rule,terminal_technology_mean,0.0
ic_r1,capacity_lag_plus20,49,demand_tracking,rule,terminal_edge_health_mean,-5.283278192713681e-08
ic_r1,capacity_lag_plus20,49,buffered_smoothing,rule,cumulative_value_added,68241.90675735474
ic_r1,capacity_lag_plus20,49,buffered_smoothing,rule,cumulative_shortage,44477883.9320637
ic_r1,capacity_lag_plus20,49,buffered_smoothing,rule,cumulative_welfare,-8827334.879655838
ic_r1,capacity_lag_plus20,49,buffered_smoothing,rule,cumulative_final_shortage,31069539.302865922
ic_r1,capacity_lag_plus20,49,buffered_smoothing,rule,cumulative_final_delivered,-31069539.302865982
ic_r1,capacity_lag_plus20,49,buffered_smoothing,rule,final_fill_rate,-0.003303565725976676
ic_r1,capacity_lag_plus20,49,buffered_smoothing,rule,mean_service_rate,-0.001943158649072796
ic_r1,capacity_lag_plus20,49,buffered_smoothing,rule,terminal_output,0.0001348257064819336
ic_r1,capacity_lag_plus20,49,buffered_smoothing,rule,fiscal_spend,0.0
ic_r1,capacity_lag_plus20,49,buffered_smoothing,rule,private_spend,898384.4662252534
ic_r1,capacity_lag_plus20,49,buffered_smoothing,rule,terminal_ai_effective_mean,0.0
ic_r1,capacity_lag_plus20,49,buffered_smoothing,rule,terminal_technology_mean,0.0
ic_r1,capacity_lag_plus20,49,buffered_smoothing,rule,terminal_edge_health_mean,-6.5786487368768576e-09
ic_r1,capacity_lag_plus20,50,demand_tracking,rule,cumulative_value_added,439532.08094501495
ic_r1,capacity_lag_plus20,50,demand_tracking,rule,cumulative_shortage,208294079.0466919
ic_r1,capacity_lag_plus20,50,demand_tracking,rule,cumulative_welfare,-41219283.72839403
ic_r1,capacity_lag_plus20,50,demand_tracking,rule,cumulative_final_shortage,143578652.43285075
ic_r1,capacity_lag_plus20,50,demand_tracking,rule,cumulative_final_delivered,-143578652.43284988
ic_r1,capacity_lag_plus20,50,demand_tracking,rule,final_fill_rate,-0.015287450682710868
ic_r1,capacity_lag_plus20,50,demand_tracking,rule,mean_service_rate,-0.00904238435868332
ic_r1,capacity_lag_plus20,50,demand_tracking,rule,terminal_output,18.970707416534424
ic_r1,capacity_lag_plus20,50,demand_tracking,rule,fiscal_spend,0.0
ic_r1,capacity_lag_plus20,50,demand_tracking,rule,private_spend,4222450.194983169
ic_r1,capacity_lag_plus20,50,demand_tracking,rule,terminal_ai_effective_mean,0.0
ic_r1,capacity_lag_plus20,50,demand_tracking,rule,terminal_technology_mean,0.0
ic_r1,capacity_lag_plus20,50,demand_tracking,rule,terminal_edge_health_mean,-5.0061125911327053e-08
ic_r1,capacity_lag_plus20,50,buffered_smoothing,rule,cumulative_value_added,64308.25257062912
ic_r1,capacity_lag_plus20,50,buffered_smoothing,rule,cumulative_shortage,41914054.42224747
ic_r1,capacity_lag_plus20,50,buffered_smoothing,rule,cumulative_welfare,-8318502.63187933
ic_r1,capacity_lag_plus20,50,buffered_smoothing,rule,cumulative_final_shortage,29352983.585097462
ic_r1,capacity_lag_plus20,50,buffered_smoothing,rule,cumulative_final_delivered,-29352983.58509636
ic_r1,capacity_lag_plus20,50,buffered_smoothing,rule,final_fill_rate,-0.00312534127702202
ic_r1,capacity_lag_plus20,50,buffered_smoothing,rule,mean_service_rate,-0.0018414041621265254
ic_r1,capacity_lag_plus20,50,buffered_smoothing,rule,terminal_output,0.0001270771026611328
ic_r1,capacity_lag_plus20,50,buffered_smoothing,rule,fiscal_spend,0.0
ic_r1,capacity_lag_plus20,50,buffered_smoothing,rule,private_spend,846599.0753288046
ic_r1,capacity_lag_plus20,50,buffered_smoothing,rule,terminal_ai_effective_mean,0.0
ic_r1,capacity_lag_plus20,50,buffered_smoothing,rule,terminal_technology_mean,0.0
ic_r1,capacity_lag_plus20,50,buffered_smoothing,rule,terminal_edge_health_mean,-6.219442183486024e-09
ic_r1,capacity_lag_plus20,51,demand_tracking,rule,cumulative_value_added,502219.37349271774
ic_r1,capacity_lag_plus20,51,demand_tracking,rule,cumulative_shortage,238001562.15276444
ic_r1,capacity_lag_plus20,51,demand_tracking,rule,cumulative_welfare,-47098093.05706072
ic_r1,capacity_lag_plus20,51,demand_tracking,rule,cumulative_final_shortage,162846671.9619518
ic_r1,capacity_lag_plus20,51,demand_tracking,rule,cumulative_final_delivered,-162846671.9619522
ic_r1,capacity_lag_plus20,51,demand_tracking,rule,final_fill_rate,-0.017283561444576656
ic_r1,capacity_lag_plus20,51,demand_tracking,rule,mean_service_rate,-0.01018363863232552
ic_r1,capacity_lag_plus20,51,demand_tracking,rule,terminal_output,21.67636251449585
ic_r1,capacity_lag_plus20,51,demand_tracking,rule,fiscal_spend,0.0
ic_r1,capacity_lag_plus20,51,demand_tracking,rule,private_spend,4824667.830778651
ic_r1,capacity_lag_plus20,51,demand_tracking,rule,terminal_ai_effective_mean,0.0
ic_r1,capacity_lag_plus20,51,demand_tracking,rule,terminal_technology_mean,0.0
ic_r1,capacity_lag_plus20,51,demand_tracking,rule,terminal_edge_health_mean,-5.647977463496545e-08
ic_r1,capacity_lag_plus20,51,buffered_smoothing,rule,cumulative_value_added,73480.0750989914
ic_r1,capacity_lag_plus20,51,buffered_smoothing,rule,cumulative_shortage,47891953.887055576
ic_r1,capacity_lag_plus20,51,buffered_smoothing,rule,cumulative_welfare,-9504910.702311993
ic_r1,capacity_lag_plus20,51,buffered_smoothing,rule,cumulative_final_shortage,33343857.00538504
ic_r1,capacity_lag_plus20,51,buffered_smoothing,rule,cumulative_final_delivered,-33343857.005386353
ic_r1,capacity_lag_plus20,51,buffered_smoothing,rule,final_fill_rate,-0.0035389154375007337
ic_r1,capacity_lag_plus20,51,buffered_smoothing,rule,mean_service_rate,-0.0020768923103496872
ic_r1,capacity_lag_plus20,51,buffered_smoothing,rule,terminal_output,0.00014507770538330078
ic_r1,capacity_lag_plus20,51,buffered_smoothing,rule,fiscal_spend,0.0
ic_r1,capacity_lag_plus20,51,buffered_smoothing,rule,private_spend,967343.3991379756
ic_r1,capacity_lag_plus20,51,buffered_smoothing,rule,terminal_ai_effective_mean,0.0
ic_r1,capacity_lag_plus20,51,buffered_smoothing,rule,terminal_technology_mean,0.0
ic_r1,capacity_lag_plus20,51,buffered_smoothing,rule,terminal_edge_health_mean,-7.053536643653047e-09
ic_r1,demand_shock_increase_minus20,42,demand_tracking,rule,cumulative_value_added,446521.2873649597
ic_r1,demand_shock_increase_minus20,42,demand_tracking,rule,cumulative_shortage,181325823.03910905
ic_r1,demand_shock_increase_minus20,42,demand_tracking,rule,cumulative_welfare,-35818643.32045698
ic_r1,demand_shock_increase_minus20,42,demand_tracking,rule,cumulative_final_shortage,125822172.50373018
ic_r1,demand_shock_increase_minus20,42,demand_tracking,rule,cumulative_final_delivered,-125822172.50373077
ic_r1,demand_shock_increase_minus20,42,demand_tracking,rule,final_fill_rate,-0.01343491187240653
ic_r1,demand_shock_increase_minus20,42,demand_tracking,rule,mean_service_rate,-0.007971779703646709
ic_r1,demand_shock_increase_minus20,42,demand_tracking,rule,terminal_output,14.286451697349548
ic_r1,demand_shock_increase_minus20,42,demand_tracking,rule,fiscal_spend,0.0
ic_r1,demand_shock_increase_minus20,42,demand_tracking,rule,private_spend,3683948.818834833
ic_r1,demand_shock_increase_minus20,42,demand_tracking,rule,terminal_ai_effective_mean,0.0
ic_r1,demand_shock_increase_minus20,42,demand_tracking,rule,terminal_technology_mean,0.0
ic_r1,demand_shock_increase_minus20,42,demand_tracking,rule,terminal_edge_health_mean,-4.42744930717609e-08
ic_r1,demand_shock_increase_minus20,42,buffered_smoothing,rule,cumulative_value_added,60378.63150882721
ic_r1,demand_shock_increase_minus20,42,buffered_smoothing,rule,cumulative_shortage,36580899.89914018
ic_r1,demand_shock_increase_minus20,42,buffered_smoothing,rule,cumulative_welfare,-7255801.3483195305
ic_r1,demand_shock_increase_minus20,42,buffered_smoothing,rule,cumulative_final_shortage,25757496.176024258
ic_r1,demand_shock_increase_minus20,42,buffered_smoothing,rule,cumulative_final_delivered,-25757496.176023483
ic_r1,demand_shock_increase_minus20,42,buffered_smoothing,rule,final_fill_rate,-0.0027503077104193974
ic_r1,demand_shock_increase_minus20,42,buffered_smoothing,rule,mean_service_rate,-0.0016257218959604414
ic_r1,demand_shock_increase_minus20,42,buffered_smoothing,rule,terminal_output,9.59634780883789e-05
ic_r1,demand_shock_increase_minus20,42,buffered_smoothing,rule,fiscal_spend,0.0
ic_r1,demand_shock_increase_minus20,42,buffered_smoothing,rule,private_spend,739409.5084242532
ic_r1,demand_shock_increase_minus20,42,buffered_smoothing,rule,terminal_ai_effective_mean,0.0
ic_r1,demand_shock_increase_minus20,42,buffered_smoothing,rule,terminal_technology_mean,0.0
ic_r1,demand_shock_increase_minus20,42,buffered_smoothing,rule,terminal_edge_health_mean,-5.4765811885459925e-09
ic_r1,demand_shock_increase_minus20,43,demand_tracking,rule,cumulative_value_added,451401.67268133163
ic_r1,demand_shock_increase_minus20,43,demand_tracking,rule,cumulative_shortage,183307676.7811628
ic_r1,demand_shock_increase_minus20,43,demand_tracking,rule,cumulative_welfare,-36210133.68355131
ic_r1,demand_shock_increase_minus20,43,demand_tracking,rule,cumulative_final_shortage,127130900.56867233
ic_r1,demand_shock_increase_minus20,43,demand_tracking,rule,cumulative_final_delivered,-127130900.56867218
ic_r1,demand_shock_increase_minus20,43,demand_tracking,rule,final_fill_rate,-0.013571729800874843
ic_r1,demand_shock_increase_minus20,43,demand_tracking,rule,mean_service_rate,-0.00805094175863541
ic_r1,demand_shock_increase_minus20,43,demand_tracking,rule,terminal_output,14.442599773406982
ic_r1,demand_shock_increase_minus20,43,demand_tracking,rule,fiscal_spend,0.0
ic_r1,demand_shock_increase_minus20,43,demand_tracking,rule,private_spend,3724213.617470649
ic_r1,demand_shock_increase_minus20,43,demand_tracking,rule,terminal_ai_effective_mean,0.0
ic_r1,demand_shock_increase_minus20,43,demand_tracking,rule,terminal_technology_mean,0.0
ic_r1,demand_shock_increase_minus20,43,demand_tracking,rule,terminal_edge_health_mean,-4.471888459534057e-08
ic_r1,demand_shock_increase_minus20,43,buffered_smoothing,rule,cumulative_value_added,61038.55746269226
ic_r1,demand_shock_increase_minus20,43,buffered_smoothing,rule,cumulative_shortage,36980721.56898183
ic_r1,demand_shock_increase_minus20,43,buffered_smoothing,rule,cumulative_welfare,-7335105.756333351
ic_r1,demand_shock_increase_minus20,43,buffered_smoothing,rule,cumulative_final_shortage,26028235.38798341
ic_r1,demand_shock_increase_minus20,43,buffered_smoothing,rule,cumulative_final_delivered,-26028235.387983322
ic_r1,demand_shock_increase_minus20,43,buffered_smoothing,rule,final_fill_rate,-0.0027786177577532323
ic_r1,demand_shock_increase_minus20,43,buffered_smoothing,rule,mean_service_rate,-0.001642040704389225
ic_r1,demand_shock_increase_minus20,43,buffered_smoothing,rule,terminal_output,9.703636169433594e-05
ic_r1,demand_shock_increase_minus20,43,buffered_smoothing,rule,fiscal_spend,0.0
ic_r1,demand_shock_increase_minus20,43,buffered_smoothing,rule,private_spend,747491.1014186833
ic_r1,demand_shock_increase_minus20,43,buffered_smoothing,rule,terminal_ai_effective_mean,0.0
ic_r1,demand_shock_increase_minus20,43,buffered_smoothing,rule,terminal_technology_mean,0.0
ic_r1,demand_shock_increase_minus20,43,buffered_smoothing,rule,terminal_edge_health_mean,-5.533608016250469e-09
ic_r1,demand_shock_increase_minus20,44,demand_tracking,rule,cumulative_value_added,430838.5204987526
ic_r1,demand_shock_increase_minus20,44,demand_tracking,rule,cumulative_shortage,174957278.71675396
ic_r1,demand_shock_increase_minus20,44,demand_tracking,rule,cumulative_welfare,-34560617.22285175
ic_r1,demand_shock_increase_minus20,44,demand_tracking,rule,cumulative_final_shortage,121608318.49355605
ic_r1,demand_shock_increase_minus20,44,demand_tracking,rule,cumulative_final_delivered,-121608318.49355698
ic_r1,demand_shock_increase_minus20,44,demand_tracking,rule,final_fill_rate,-0.012993965642540406
ic_r1,demand_shock_increase_minus20,44,demand_tracking,rule,mean_service_rate,-0.007716327706896786
ic_r1,demand_shock_increase_minus20,44,demand_tracking,rule,terminal_output,13.78468143939972
ic_r1,demand_shock_increase_minus20,44,demand_tracking,rule,fiscal_spend,0.0
ic_r1,demand_shock_increase_minus20,44,demand_tracking,rule,private_spend,3554560.787164483
ic_r1,demand_shock_increase_minus20,44,demand_tracking,rule,terminal_ai_effective_mean,0.0
ic_r1,demand_shock_increase_minus20,44,demand_tracking,rule,terminal_technology_mean,0.0
ic_r1,demand_shock_increase_minus20,44,demand_tracking,rule,terminal_edge_health_mean,-4.2841398095738725e-08
ic_r1,demand_shock_increase_minus20,44,buffered_smoothing,rule,cumulative_value_added,58258.006964206696
ic_r1,demand_shock_increase_minus20,44,buffered_smoothing,rule,cumulative_shortage,35296101.74709195
ic_r1,demand_shock_increase_minus20,44,buffered_smoothing,rule,cumulative_welfare,-7000962.342453957
ic_r1,demand_shock_increase_minus20,44,buffered_smoothing,rule,cumulative_final_shortage,24886151.28573683
ic_r1,demand_shock_increase_minus20,44,buffered_smoothing,rule,cumulative_final_delivered,-24886151.28573799
ic_r1,demand_shock_increase_minus20,44,buffered_smoothing,rule,final_fill_rate,-0.002659109169403373
ic_r1,demand_shock_increase_minus20,44,buffered_smoothing,rule,mean_service_rate,-0.0015730852798850892
ic_r1,demand_shock_increase_minus20,44,buffered_smoothing,rule,terminal_output,9.262561798095703e-05
ic_r1,demand_shock_increase_minus20,44,buffered_smoothing,rule,fiscal_spend,0.0
ic_r1,demand_shock_increase_minus20,44,buffered_smoothing,rule,private_spend,713439.8911472159
ic_r1,demand_shock_increase_minus20,44,buffered_smoothing,rule,terminal_ai_effective_mean,0.0
ic_r1,demand_shock_increase_minus20,44,buffered_smoothing,rule,terminal_technology_mean,0.0
ic_r1,demand_shock_increase_minus20,44,buffered_smoothing,rule,terminal_edge_health_mean,-5.292944860180171e-09
ic_r1,demand_shock_increase_minus20,45,demand_tracking,rule,cumulative_value_added,443462.8884358406
ic_r1,demand_shock_increase_minus20,45,demand_tracking,rule,cumulative_shortage,180083851.5616501
ic_r1,demand_shock_increase_minus20,45,demand_tracking,rule,cumulative_welfare,-35573307.423894405
ic_r1,demand_shock_increase_minus20,45,demand_tracking,rule,cumulative_final_shortage,125001403.52403376
ic_r1,demand_shock_increase_minus20,45,demand_tracking,rule,cumulative_final_delivered,-125001403.5240345
ic_r1,demand_shock_increase_minus20,45,demand_tracking,rule,final_fill_rate,-0.013349075028330715
ic_r1,demand_shock_increase_minus20,45,demand_tracking,rule,mean_service_rate,-0.007922090693203931
ic_r1,demand_shock_increase_minus20,45,demand_tracking,rule,terminal_output,14.188598155975342
ic_r1,demand_shock_increase_minus20,45,demand_tracking,rule,fiscal_spend,0.0
ic_r1,demand_shock_increase_minus20,45,demand_tracking,rule,private_spend,3658716.012603892
ic_r1,demand_shock_increase_minus20,45,demand_tracking,rule,terminal_ai_effective_mean,0.0
ic_r1,demand_shock_increase_minus20,45,demand_tracking,rule,terminal_technology_mean,0.0
ic_r1,demand_shock_increase_minus20,45,demand_tracking,rule,terminal_edge_health_mean,-4.39956246989226e-08
ic_r1,demand_shock_increase_minus20,45,buffered_smoothing,rule,cumulative_value_added,59965.074647426605
ic_r1,demand_shock_increase_minus20,45,buffered_smoothing,rule,cumulative_shortage,36330343.00915599
ic_r1,demand_shock_increase_minus20,45,buffered_smoothing,rule,cumulative_welfare,-7206103.527183533
ic_r1,demand_shock_increase_minus20,45,buffered_smoothing,rule,cumulative_final_shortage,25587730.832092166
ic_r1,demand_shock_increase_minus20,45,buffered_smoothing,rule,cumulative_final_delivered,-25587730.832092285
ic_r1,demand_shock_increase_minus20,45,buffered_smoothing,rule,final_fill_rate,-0.0027325496278660655
ic_r1,demand_shock_increase_minus20,45,buffered_smoothing,rule,mean_service_rate,-0.00161548053810745
ic_r1,demand_shock_increase_minus20,45,buffered_smoothing,rule,terminal_output,9.5367431640625e-05
ic_r1,demand_shock_increase_minus20,45,buffered_smoothing,rule,fiscal_spend,0.0
ic_r1,demand_shock_increase_minus20,45,buffered_smoothing,rule,private_spend,734345.0035223365
ic_r1,demand_shock_increase_minus20,45,buffered_smoothing,rule,terminal_ai_effective_mean,0.0
ic_r1,demand_shock_increase_minus20,45,buffered_smoothing,rule,terminal_technology_mean,0.0
ic_r1,demand_shock_increase_minus20,45,buffered_smoothing,rule,terminal_edge_health_mean,-5.440815353807693e-09
ic_r1,demand_shock_increase_minus20,46,demand_tracking,rule,cumulative_value_added,434081.9442281723
ic_r1,demand_shock_increase_minus20,46,demand_tracking,rule,cumulative_shortage,176274386.0839879
ic_r1,demand_shock_increase_minus20,46,demand_tracking,rule,cumulative_welfare,-34820795.2725687
ic_r1,demand_shock_increase_minus20,46,demand_tracking,rule,cumulative_final_shortage,122480855.00486398
ic_r1,demand_shock_increase_minus20,46,demand_tracking,rule,cumulative_final_delivered,-122480855.00486565
ic_r1,demand_shock_increase_minus20,46,demand_tracking,rule,final_fill_rate,-0.013085322044710357
ic_r1,demand_shock_increase_minus20,46,demand_tracking,rule,mean_service_rate,-0.007769293251419285
ic_r1,demand_shock_increase_minus20,46,demand_tracking,rule,terminal_output,13.888454794883728
ic_r1,demand_shock_increase_minus20,46,demand_tracking,rule,fiscal_spend,0.0
ic_r1,demand_shock_increase_minus20,46,demand_tracking,rule,private_spend,3581320.10940813
ic_r1,demand_shock_increase_minus20,46,demand_tracking,rule,terminal_ai_effective_mean,0.0
ic_r1,demand_shock_increase_minus20,46,demand_tracking,rule,terminal_technology_mean,0.0
ic_r1,demand_shock_increase_minus20,46,demand_tracking,rule,terminal_edge_health_mean,-4.31384207244534e-08
ic_r1,demand_shock_increase_minus20,46,buffered_smoothing,rule,cumulative_value_added,58696.58288812637
ic_r1,demand_shock_increase_minus20,46,buffered_smoothing,rule,cumulative_shortage,35561816.64610475
ic_r1,demand_shock_increase_minus20,46,buffered_smoothing,rule,cumulative_welfare,-7053666.746332645
ic_r1,demand_shock_increase_minus20,46,buffered_smoothing,rule,cumulative_final_shortage,25066527.144932985
ic_r1,demand_shock_increase_minus20,46,buffered_smoothing,rule,cumulative_final_delivered,-25066527.1449337
ic_r1,demand_shock_increase_minus20,46,buffered_smoothing,rule,final_fill_rate,-0.0026779987796533566
ic_r1,demand_shock_increase_minus20,46,buffered_smoothing,rule,mean_service_rate,-0.0015839960500881878
ic_r1,demand_shock_increase_minus20,46,buffered_smoothing,rule,terminal_output,9.334087371826172e-05
ic_r1,demand_shock_increase_minus20,46,buffered_smoothing,rule,fiscal_spend,0.0
ic_r1,demand_shock_increase_minus20,46,buffered_smoothing,rule,private_spend,718810.7847939376
ic_r1,demand_shock_increase_minus20,46,buffered_smoothing,rule,terminal_ai_effective_mean,0.0
ic_r1,demand_shock_increase_minus20,46,buffered_smoothing,rule,terminal_technology_mean,0.0
ic_r1,demand_shock_increase_minus20,46,buffered_smoothing,rule,terminal_edge_health_mean,-5.330971775130422e-09
ic_r1,demand_shock_increase_minus20,47,demand_tracking,rule,cumulative_value_added,453151.7345352173
ic_r1,demand_shock_increase_minus20,47,demand_tracking,rule,cumulative_shortage,184018351.53504735
ic_r1,demand_shock_increase_minus20,47,demand_tracking,rule,cumulative_welfare,-36350518.57247448
ic_r1,demand_shock_increase_minus20,47,demand_tracking,rule,cumulative_final_shortage,127599900.16630036
ic_r1,demand_shock_increase_minus20,47,demand_tracking,rule,cumulative_final_delivered,-127599900.16629982
ic_r1,demand_shock_increase_minus20,47,demand_tracking,rule,final_fill_rate,-0.013620745257519218
ic_r1,demand_shock_increase_minus20,47,demand_tracking,rule,mean_service_rate,-0.008079290200615485
ic_r1,demand_shock_increase_minus20,47,demand_tracking,rule,terminal_output,14.498592972755432
ic_r1,demand_shock_increase_minus20,47,demand_tracking,rule,fiscal_spend,0.0
ic_r1,demand_shock_increase_minus20,47,demand_tracking,rule,private_spend,3738652.2086005174
ic_r1,demand_shock_increase_minus20,47,demand_tracking,rule,terminal_ai_effective_mean,0.0
ic_r1,demand_shock_increase_minus20,47,demand_tracking,rule,terminal_technology_mean,0.0
ic_r1,demand_shock_increase_minus20,47,demand_tracking,rule,terminal_edge_health_mean,-4.487805782549259e-08
ic_r1,demand_shock_increase_minus20,47,buffered_smoothing,rule,cumulative_value_added,61275.20091676712
ic_r1,demand_shock_increase_minus20,47,buffered_smoothing,rule,cumulative_shortage,37124093.98884356
ic_r1,demand_shock_increase_minus20,47,buffered_smoothing,rule,cumulative_welfare,-7363543.596851826
ic_r1,demand_shock_increase_minus20,47,buffered_smoothing,rule,cumulative_final_shortage,26125272.005306095
ic_r1,demand_shock_increase_minus20,47,buffered_smoothing,rule,cumulative_final_delivered,-26125272.005306244
ic_r1,demand_shock_increase_minus20,47,buffered_smoothing,rule,final_fill_rate,-0.002788761388558325
ic_r1,demand_shock_increase_minus20,47,buffered_smoothing,rule,mean_service_rate,-0.0016478854076313887
ic_r1,demand_shock_increase_minus20,47,buffered_smoothing,rule,terminal_output,9.739398956298828e-05
ic_r1,demand_shock_increase_minus20,47,buffered_smoothing,rule,fiscal_spend,0.0
ic_r1,demand_shock_increase_minus20,47,buffered_smoothing,rule,private_spend,750389.087274259
ic_r1,demand_shock_increase_minus20,47,buffered_smoothing,rule,terminal_ai_effective_mean,0.0
ic_r1,demand_shock_increase_minus20,47,buffered_smoothing,rule,terminal_technology_mean,0.0
ic_r1,demand_shock_increase_minus20,47,buffered_smoothing,rule,terminal_edge_health_mean,-5.554043669420139e-09
ic_r1,demand_shock_increase_minus20,48,demand_tracking,rule,cumulative_value_added,475731.09963846207
ic_r1,demand_shock_increase_minus20,48,demand_tracking,rule,cumulative_shortage,193187504.44417274
ic_r1,demand_shock_increase_minus20,48,demand_tracking,rule,cumulative_welfare,-38161769.789196014
ic_r1,demand_shock_increase_minus20,48,demand_tracking,rule,cumulative_final_shortage,133636949.79270336
ic_r1,demand_shock_increase_minus20,48,demand_tracking,rule,cumulative_final_delivered,-133636949.79270363
ic_r1,demand_shock_increase_minus20,48,demand_tracking,rule,final_fill_rate,-0.014250973110896181
ic_r1,demand_shock_increase_minus20,48,demand_tracking,rule,mean_service_rate,-0.008443237308932705
ic_r1,demand_shock_increase_minus20,48,demand_tracking,rule,terminal_output,15.221019864082336
ic_r1,demand_shock_increase_minus20,48,demand_tracking,rule,fiscal_spend,0.0
ic_r1,demand_shock_increase_minus20,48,demand_tracking,rule,private_spend,3924939.464674364
ic_r1,demand_shock_increase_minus20,48,demand_tracking,rule,terminal_ai_effective_mean,0.0
ic_r1,demand_shock_increase_minus20,48,demand_tracking,rule,terminal_technology_mean,0.0
ic_r1,demand_shock_increase_minus20,48,demand_tracking,rule,terminal_edge_health_mean,-4.6923196217463214e-08
ic_r1,demand_shock_increase_minus20,48,buffered_smoothing,rule,cumulative_value_added,64328.38383102417
ic_r1,demand_shock_increase_minus20,48,buffered_smoothing,rule,cumulative_shortage,38973890.44423473
ic_r1,demand_shock_increase_minus20,48,buffered_smoothing,rule,cumulative_welfare,-7730449.705015659
ic_r1,demand_shock_increase_minus20,48,buffered_smoothing,rule,cumulative_final_shortage,27374990.85586661
ic_r1,demand_shock_increase_minus20,48,buffered_smoothing,rule,cumulative_final_delivered,-27374990.855867386
ic_r1,demand_shock_increase_minus20,48,buffered_smoothing,rule,final_fill_rate,-0.002919254436764329
ic_r1,demand_shock_increase_minus20,48,buffered_smoothing,rule,mean_service_rate,-0.0017229607279453107
ic_r1,demand_shock_increase_minus20,48,buffered_smoothing,rule,terminal_output,0.00010216236114501953
ic_r1,demand_shock_increase_minus20,48,buffered_smoothing,rule,fiscal_spend,0.0
ic_r1,demand_shock_increase_minus20,48,buffered_smoothing,rule,private_spend,787779.0118397158
ic_r1,demand_shock_increase_minus20,48,buffered_smoothing,rule,terminal_ai_effective_mean,0.0
ic_r1,demand_shock_increase_minus20,48,buffered_smoothing,rule,terminal_technology_mean,0.0
ic_r1,demand_shock_increase_minus20,48,buffered_smoothing,rule,terminal_edge_health_mean,-5.8170528394185794e-09
ic_r1,demand_shock_increase_minus20,49,demand_tracking,rule,cumulative_value_added,433715.11217308044
ic_r1,demand_shock_increase_minus20,49,demand_tracking,rule,cumulative_shortage,176125420.90299076
ic_r1,demand_shock_increase_minus20,49,demand_tracking,rule,cumulative_welfare,-34791369.06842518
ic_r1,demand_shock_increase_minus20,49,demand_tracking,rule,cumulative_final_shortage,122382198.4829396
ic_r1,demand_shock_increase_minus20,49,demand_tracking,rule,cumulative_final_delivered,-122382198.48294067
ic_r1,demand_shock_increase_minus20,49,demand_tracking,rule,final_fill_rate,-0.013074993871801888
ic_r1,demand_shock_increase_minus20,49,demand_tracking,rule,mean_service_rate,-0.007763306357613242
ic_r1,demand_shock_increase_minus20,49,demand_tracking,rule,terminal_output,13.876718044281006
ic_r1,demand_shock_increase_minus20,49,demand_tracking,rule,fiscal_spend,0.0
ic_r1,demand_shock_increase_minus20,49,demand_tracking,rule,private_spend,3578293.623200141
ic_r1,demand_shock_increase_minus20,49,demand_tracking,rule,terminal_ai_effective_mean,0.0
ic_r1,demand_shock_increase_minus20,49,demand_tracking,rule,terminal_technology_mean,0.0
ic_r1,demand_shock_increase_minus20,49,demand_tracking,rule,terminal_edge_health_mean,-4.3104844138497356e-08
ic_r1,demand_shock_increase_minus20,49,buffered_smoothing,rule,cumulative_value_added,58646.979838848114
ic_r1,demand_shock_increase_minus20,49,buffered_smoothing,rule,cumulative_shortage,35531764.22288573
ic_r1,demand_shock_increase_minus20,49,buffered_smoothing,rule,cumulative_welfare,-7047705.864738941
ic_r1,demand_shock_increase_minus20,49,buffered_smoothing,rule,cumulative_final_shortage,25046131.030175388
ic_r1,demand_shock_increase_minus20,49,buffered_smoothing,rule,cumulative_final_delivered,-25046131.030176163
ic_r1,demand_shock_increase_minus20,49,buffered_smoothing,rule,final_fill_rate,-0.0026758631058384497
ic_r1,demand_shock_increase_minus20,49,buffered_smoothing,rule,mean_service_rate,-0.0015827626879759693
ic_r1,demand_shock_increase_minus20,49,buffered_smoothing,rule,terminal_output,9.334087371826172e-05
ic_r1,demand_shock_increase_minus20,49,buffered_smoothing,rule,fiscal_spend,0.0
ic_r1,demand_shock_increase_minus20,49,buffered_smoothing,rule,private_spend,718203.3353451667
ic_r1,demand_shock_increase_minus20,49,buffered_smoothing,rule,terminal_ai_effective_mean,0.0
ic_r1,demand_shock_increase_minus20,49,buffered_smoothing,rule,terminal_technology_mean,0.0
ic_r1,demand_shock_increase_minus20,49,buffered_smoothing,rule,terminal_edge_health_mean,-5.326671992378351e-09
ic_r1,demand_shock_increase_minus20,50,demand_tracking,rule,cumulative_value_added,408714.5612220764
ic_r1,demand_shock_increase_minus20,50,demand_tracking,rule,cumulative_shortage,165973059.5130114
ic_r1,demand_shock_increase_minus20,50,demand_tracking,rule,cumulative_welfare,-32785897.34138012
ic_r1,demand_shock_increase_minus20,50,demand_tracking,rule,cumulative_final_shortage,115641809.72196609
ic_r1,demand_shock_increase_minus20,50,demand_tracking,rule,cumulative_final_delivered,-115641809.72196579
ic_r1,demand_shock_increase_minus20,50,demand_tracking,rule,final_fill_rate,-0.012368527306402255
ic_r1,demand_shock_increase_minus20,50,demand_tracking,rule,mean_service_rate,-0.0073531578182083335
ic_r1,demand_shock_increase_minus20,50,demand_tracking,rule,terminal_output,13.076825261116028
ic_r1,demand_shock_increase_minus20,50,demand_tracking,rule,fiscal_spend,0.0
ic_r1,demand_shock_increase_minus20,50,demand_tracking,rule,private_spend,3372030.7803013986
ic_r1,demand_shock_increase_minus20,50,demand_tracking,rule,terminal_ai_effective_mean,0.0
ic_r1,demand_shock_increase_minus20,50,demand_tracking,rule,terminal_technology_mean,0.0
ic_r1,demand_shock_increase_minus20,50,demand_tracking,rule,terminal_edge_health_mean,-4.080638715819873e-08
ic_r1,demand_shock_increase_minus20,50,buffered_smoothing,rule,cumulative_value_added,55266.40404987335
ic_r1,demand_shock_increase_minus20,50,buffered_smoothing,rule,cumulative_shortage,33483614.0503273
ic_r1,demand_shock_increase_minus20,50,buffered_smoothing,rule,cumulative_welfare,-6641456.406015396
ic_r1,demand_shock_increase_minus20,50,buffered_smoothing,rule,cumulative_final_shortage,23653394.341283143
ic_r1,demand_shock_increase_minus20,50,buffered_smoothing,rule,cumulative_final_delivered,-23653394.3412838
ic_r1,demand_shock_increase_minus20,50,buffered_smoothing,rule,final_fill_rate,-0.0025298605625652115
ic_r1,demand_shock_increase_minus20,50,buffered_smoothing,rule,mean_service_rate,-0.0014983145241949103
ic_r1,demand_shock_increase_minus20,50,buffered_smoothing,rule,terminal_output,8.785724639892578e-05
ic_r1,demand_shock_increase_minus20,50,buffered_smoothing,rule,fiscal_spend,0.0
ic_r1,demand_shock_increase_minus20,50,buffered_smoothing,rule,private_spend,676804.0882942257
ic_r1,demand_shock_increase_minus20,50,buffered_smoothing,rule,terminal_ai_effective_mean,0.0
ic_r1,demand_shock_increase_minus20,50,buffered_smoothing,rule,terminal_technology_mean,0.0
ic_r1,demand_shock_increase_minus20,50,buffered_smoothing,rule,terminal_edge_health_mean,-5.032880223687641e-09
ic_r1,demand_shock_increase_minus20,51,demand_tracking,rule,cumulative_value_added,467006.5730652809
ic_r1,demand_shock_increase_minus20,51,demand_tracking,rule,cumulative_shortage,189644600.6538455
ic_r1,demand_shock_increase_minus20,51,demand_tracking,rule,cumulative_welfare,-37461913.55770397
ic_r1,demand_shock_increase_minus20,51,demand_tracking,rule,cumulative_final_shortage,131307337.41762891
ic_r1,demand_shock_increase_minus20,51,demand_tracking,rule,cumulative_final_delivered,-131307337.41762924
ic_r1,demand_shock_increase_minus20,51,demand_tracking,rule,final_fill_rate,-0.01400793288913127
ic_r1,demand_shock_increase_minus20,51,demand_tracking,rule,mean_service_rate,-0.008303006520267497
ic_r1,demand_shock_increase_minus20,51,demand_tracking,rule,terminal_output,14.9418785572052
ic_r1,demand_shock_increase_minus20,51,demand_tracking,rule,fiscal_spend,0.0
ic_r1,demand_shock_increase_minus20,51,demand_tracking,rule,private_spend,3852959.224822889
ic_r1,demand_shock_increase_minus20,51,demand_tracking,rule,terminal_ai_effective_mean,0.0
ic_r1,demand_shock_increase_minus20,51,demand_tracking,rule,terminal_technology_mean,0.0
ic_r1,demand_shock_increase_minus20,51,demand_tracking,rule,terminal_edge_health_mean,-4.613483484128267e-08
ic_r1,demand_shock_increase_minus20,51,buffered_smoothing,rule,cumulative_value_added,63148.65289783478
ic_r1,demand_shock_increase_minus20,51,buffered_smoothing,rule,cumulative_shortage,38259140.571691096
ic_r1,demand_shock_increase_minus20,51,buffered_smoothing,rule,cumulative_welfare,-7588679.461440563
ic_r1,demand_shock_increase_minus20,51,buffered_smoothing,rule,cumulative_final_shortage,26892600.131000906
ic_r1,demand_shock_increase_minus20,51,buffered_smoothing,rule,cumulative_final_delivered,-26892600.13100052
ic_r1,demand_shock_increase_minus20,51,buffered_smoothing,rule,final_fill_rate,-0.0028689161265311736
ic_r1,demand_shock_increase_minus20,51,buffered_smoothing,rule,mean_service_rate,-0.001694025234019847
ic_r1,demand_shock_increase_minus20,51,buffered_smoothing,rule,terminal_output,0.00010037422180175781
ic_r1,demand_shock_increase_minus20,51,buffered_smoothing,rule,fiscal_spend,0.0
ic_r1,demand_shock_increase_minus20,51,buffered_smoothing,rule,private_spend,773331.7769887112
ic_r1,demand_shock_increase_minus20,51,buffered_smoothing,rule,terminal_ai_effective_mean,0.0
ic_r1,demand_shock_increase_minus20,51,buffered_smoothing,rule,terminal_technology_mean,0.0
ic_r1,demand_shock_increase_minus20,51,buffered_smoothing,rule,terminal_edge_health_mean,-5.715570461362063e-09
ic_r1,demand_shock_increase_plus20,42,demand_tracking,rule,cumulative_value_added,669781.9310474396
ic_r1,demand_shock_increase_plus20,42,demand_tracking,rule,cumulative_shortage,271988734.5586642
ic_r1,demand_shock_increase_plus20,42,demand_tracking,rule,cumulative_welfare,-53727964.980685234
ic_r1,demand_shock_increase_plus20,42,demand_tracking,rule,cumulative_final_shortage,184514749.5400141
ic_r1,demand_shock_increase_plus20,42,demand_tracking,rule,cumulative_final_delivered,-184514749.54001427
ic_r1,demand_shock_increase_plus20,42,demand_tracking,rule,final_fill_rate,-0.019509634483494853
ic_r1,demand_shock_increase_plus20,42,demand_tracking,rule,mean_service_rate,-0.011438438376317417
ic_r1,demand_shock_increase_plus20,42,demand_tracking,rule,terminal_output,21.429677605628967
ic_r1,demand_shock_increase_plus20,42,demand_tracking,rule,fiscal_spend,0.0
ic_r1,demand_shock_increase_plus20,42,demand_tracking,rule,private_spend,5525923.228252286
ic_r1,demand_shock_increase_plus20,42,demand_tracking,rule,terminal_ai_effective_mean,0.0
ic_r1,demand_shock_increase_plus20,42,demand_tracking,rule,terminal_technology_mean,0.0
ic_r1,demand_shock_increase_plus20,42,demand_tracking,rule,terminal_edge_health_mean,-6.388380680011352e-08
ic_r1,demand_shock_increase_plus20,42,buffered_smoothing,rule,cumulative_value_added,90567.94726276398
ic_r1,demand_shock_increase_plus20,42,buffered_smoothing,rule,cumulative_shortage,54871349.8487103
ic_r1,demand_shock_increase_plus20,42,buffered_smoothing,rule,cumulative_welfare,-10883702.022479057
ic_r1,demand_shock_increase_plus20,42,buffered_smoothing,rule,cumulative_final_shortage,37954172.52037531
ic_r1,demand_shock_increase_plus20,42,buffered_smoothing,rule,cumulative_final_delivered,-37954172.5203743
ic_r1,demand_shock_increase_plus20,42,buffered_smoothing,rule,final_fill_rate,-0.004013077734121295
ic_r1,demand_shock_increase_plus20,42,buffered_smoothing,rule,mean_service_rate,-0.0023435524360446713
ic_r1,demand_shock_increase_plus20,42,buffered_smoothing,rule,terminal_output,0.00014388561248779297
ic_r1,demand_shock_increase_plus20,42,buffered_smoothing,rule,fiscal_spend,0.0
ic_r1,demand_shock_increase_plus20,42,buffered_smoothing,rule,private_spend,1109114.2626363803
ic_r1,demand_shock_increase_plus20,42,buffered_smoothing,rule,terminal_ai_effective_mean,0.0
ic_r1,demand_shock_increase_plus20,42,buffered_smoothing,rule,terminal_technology_mean,0.0
ic_r1,demand_shock_increase_plus20,42,buffered_smoothing,rule,terminal_edge_health_mean,-8.029366505013513e-09
ic_r1,demand_shock_increase_plus20,43,demand_tracking,rule,cumulative_value_added,677102.5090222359
ic_r1,demand_shock_increase_plus20,43,demand_tracking,rule,cumulative_shortage,274961515.17174715
ic_r1,demand_shock_increase_plus20,43,demand_tracking,rule,cumulative_welfare,-54315200.525327206
ic_r1,demand_shock_increase_plus20,43,demand_tracking,rule,cumulative_final_shortage,186401016.35643256
ic_r1,demand_shock_increase_plus20,43,demand_tracking,rule,cumulative_final_delivered,-186401016.35643196
ic_r1,demand_shock_increase_plus20,43,demand_tracking,rule,final_fill_rate,-0.01970277311286528
ic_r1,demand_shock_increase_plus20,43,demand_tracking,rule,mean_service_rate,-0.01154697336690369
ic_r1,demand_shock_increase_plus20,43,demand_tracking,rule,terminal_output,21.663899540901184
ic_r1,demand_shock_increase_plus20,43,demand_tracking,rule,fiscal_spend,0.0
ic_r1,demand_shock_increase_plus20,43,demand_tracking,rule,private_spend,5586320.426206032
ic_r1,demand_shock_increase_plus20,43,demand_tracking,rule,terminal_ai_effective_mean,0.0
ic_r1,demand_shock_increase_plus20,43,demand_tracking,rule,terminal_technology_mean,0.0
ic_r1,demand_shock_increase_plus20,43,demand_tracking,rule,terminal_edge_health_mean,-6.450327960649815e-08
ic_r1,demand_shock_increase_plus20,43,buffered_smoothing,rule,cumulative_value_added,91557.83619451523
ic_r1,demand_shock_increase_plus20,43,buffered_smoothing,rule,cumulative_shortage,55471082.353471935
ic_r1,demand_shock_increase_plus20,43,buffered_smoothing,rule,cumulative_welfare,-11002658.634500027
ic_r1,demand_shock_increase_plus20,43,buffered_smoothing,rule,cumulative_final_shortage,38347989.56504476
ic_r1,demand_shock_increase_plus20,43,buffered_smoothing,rule,cumulative_final_delivered,-38347989.5650444
ic_r1,demand_shock_increase_plus20,43,buffered_smoothing,rule,final_fill_rate,-0.004053420697502141
ic_r1,demand_shock_increase_plus20,43,buffered_smoothing,rule,mean_service_rate,-0.002366131730275889
ic_r1,demand_shock_increase_plus20,43,buffered_smoothing,rule,terminal_output,0.00014543533325195312
ic_r1,demand_shock_increase_plus20,43,buffered_smoothing,rule,fiscal_spend,0.0
ic_r1,demand_shock_increase_plus20,43,buffered_smoothing,rule,private_spend,1121236.6521280147
ic_r1,demand_shock_increase_plus20,43,buffered_smoothing,rule,terminal_ai_effective_mean,0.0
ic_r1,demand_shock_increase_plus20,43,buffered_smoothing,rule,terminal_technology_mean,0.0
ic_r1,demand_shock_increase_plus20,43,buffered_smoothing,rule,terminal_edge_health_mean,-8.111201155180936e-09
ic_r1,demand_shock_increase_plus20,44,demand_tracking,rule,cumulative_value_added,646257.7807488441
ic_r1,demand_shock_increase_plus20,44,demand_tracking,rule,cumulative_shortage,262435918.07513368
ic_r1,demand_shock_increase_plus20,44,demand_tracking,rule,cumulative_welfare,-51840925.83427763
ic_r1,demand_shock_increase_plus20,44,demand_tracking,rule,cumulative_final_shortage,178437825.70242262
ic_r1,demand_shock_increase_plus20,44,demand_tracking,rule,cumulative_final_delivered,-178437825.7024231
ic_r1,demand_shock_increase_plus20,44,demand_tracking,rule,final_fill_rate,-0.018886514722181724
ic_r1,demand_shock_increase_plus20,44,demand_tracking,rule,mean_service_rate,-0.011087543535096334
ic_r1,demand_shock_increase_plus20,44,demand_tracking,rule,terminal_output,20.677022218704224
ic_r1,demand_shock_increase_plus20,44,demand_tracking,rule,fiscal_spend,0.0
ic_r1,demand_shock_increase_plus20,44,demand_tracking,rule,private_spend,5331841.180746771
ic_r1,demand_shock_increase_plus20,44,demand_tracking,rule,terminal_ai_effective_mean,0.0
ic_r1,demand_shock_increase_plus20,44,demand_tracking,rule,terminal_technology_mean,0.0
ic_r1,demand_shock_increase_plus20,44,demand_tracking,rule,terminal_edge_health_mean,-6.188358148140338e-08
ic_r1,demand_shock_increase_plus20,44,buffered_smoothing,rule,cumulative_value_added,87387.01044654846
ic_r1,demand_shock_increase_plus20,44,buffered_smoothing,rule,cumulative_shortage,52944152.62063813
ic_r1,demand_shock_increase_plus20,44,buffered_smoothing,rule,cumulative_welfare,-10501443.513681412
ic_r1,demand_shock_increase_plus20,44,buffered_smoothing,rule,cumulative_final_shortage,36686196.51520914
ic_r1,demand_shock_increase_plus20,44,buffered_smoothing,rule,cumulative_final_delivered,-36686196.5152092
ic_r1,demand_shock_increase_plus20,44,buffered_smoothing,rule,final_fill_rate,-0.0038830017562578867
ic_r1,demand_shock_increase_plus20,44,buffered_smoothing,rule,mean_service_rate,-0.002270596895976529
ic_r1,demand_shock_increase_plus20,44,buffered_smoothing,rule,terminal_output,0.00013887882232666016
ic_r1,demand_shock_increase_plus20,44,buffered_smoothing,rule,fiscal_spend,0.0
ic_r1,demand_shock_increase_plus20,44,buffered_smoothing,rule,private_spend,1070159.8367208205
ic_r1,demand_shock_increase_plus20,44,buffered_smoothing,rule,terminal_ai_effective_mean,0.0
ic_r1,demand_shock_increase_plus20,44,buffered_smoothing,rule,terminal_technology_mean,0.0
ic_r1,demand_shock_increase_plus20,44,buffered_smoothing,rule,terminal_edge_health_mean,-7.76561825954758e-09
ic_r1,demand_shock_increase_plus20,45,demand_tracking,rule,cumulative_value_added,665194.3326539993
ic_r1,demand_shock_increase_plus20,45,demand_tracking,rule,cumulative_shortage,270125777.3424764
ic_r1,demand_shock_increase_plus20,45,demand_tracking,rule,cumulative_welfare,-53359961.13584137
ic_r1,demand_shock_increase_plus20,45,demand_tracking,rule,cumulative_final_shortage,183331515.41871196
ic_r1,demand_shock_increase_plus20,45,demand_tracking,rule,cumulative_final_delivered,-183331515.41871262
ic_r1,demand_shock_increase_plus20,45,demand_tracking,rule,final_fill_rate,-0.01938841383927503
ic_r1,demand_shock_increase_plus20,45,demand_tracking,rule,mean_service_rate,-0.011370263114106716
ic_r1,demand_shock_increase_plus20,45,demand_tracking,rule,terminal_output,21.282897353172302
ic_r1,demand_shock_increase_plus20,45,demand_tracking,rule,fiscal_spend,0.0
ic_r1,demand_shock_increase_plus20,45,demand_tracking,rule,private_spend,5488074.018905884
ic_r1,demand_shock_increase_plus20,45,demand_tracking,rule,terminal_ai_effective_mean,0.0
ic_r1,demand_shock_increase_plus20,45,demand_tracking,rule,terminal_technology_mean,0.0
ic_r1,demand_shock_increase_plus20,45,demand_tracking,rule,terminal_edge_health_mean,-6.349488190782182e-08
ic_r1,demand_shock_increase_plus20,45,buffered_smoothing,rule,cumulative_value_added,89947.61197185516
ic_r1,demand_shock_increase_plus20,45,buffered_smoothing,rule,cumulative_shortage,54495514.51373446
ic_r1,demand_shock_increase_plus20,45,buffered_smoothing,rule,cumulative_welfare,-10809155.2907753
ic_r1,demand_shock_increase_plus20,45,buffered_smoothing,rule,cumulative_final_shortage,37707193.33175075
ic_r1,demand_shock_increase_plus20,45,buffered_smoothing,rule,cumulative_final_delivered,-37707193.33175087
ic_r1,demand_shock_increase_plus20,45,buffered_smoothing,rule,final_fill_rate,-0.003987763191526605
ic_r1,demand_shock_increase_plus20,45,buffered_smoothing,rule,mean_service_rate,-0.0023293727135486053
ic_r1,demand_shock_increase_plus20,45,buffered_smoothing,rule,terminal_output,0.00014293193817138672
ic_r1,demand_shock_increase_plus20,45,buffered_smoothing,rule,fiscal_spend,0.0
ic_r1,demand_shock_increase_plus20,45,buffered_smoothing,rule,private_spend,1101517.5052835178
ic_r1,demand_shock_increase_plus20,45,buffered_smoothing,rule,terminal_ai_effective_mean,0.0
ic_r1,demand_shock_increase_plus20,45,buffered_smoothing,rule,terminal_technology_mean,0.0
ic_r1,demand_shock_increase_plus20,45,buffered_smoothing,rule,terminal_edge_health_mean,-7.978024463284328e-09
ic_r1,demand_shock_increase_plus20,46,demand_tracking,rule,cumulative_value_added,651122.9163432121
ic_r1,demand_shock_increase_plus20,46,demand_tracking,rule,cumulative_shortage,264411579.125983
ic_r1,demand_shock_increase_plus20,46,demand_tracking,rule,cumulative_welfare,-52231192.90885353
ic_r1,demand_shock_increase_plus20,46,demand_tracking,rule,cumulative_final_shortage,179696579.44778603
ic_r1,demand_shock_increase_plus20,46,demand_tracking,rule,cumulative_final_delivered,-179696579.44778633
ic_r1,demand_shock_increase_plus20,46,demand_tracking,rule,final_fill_rate,-0.0190156973042247
ic_r1,demand_shock_increase_plus20,46,demand_tracking,rule,mean_service_rate,-0.011160380875478881
ic_r1,demand_shock_increase_plus20,46,demand_tracking,rule,terminal_output,20.832682251930237
ic_r1,demand_shock_increase_plus20,46,demand_tracking,rule,fiscal_spend,0.0
ic_r1,demand_shock_increase_plus20,46,demand_tracking,rule,private_spend,5371980.164112249
ic_r1,demand_shock_increase_plus20,46,demand_tracking,rule,terminal_ai_effective_mean,0.0
ic_r1,demand_shock_increase_plus20,46,demand_tracking,rule,terminal_technology_mean,0.0
ic_r1,demand_shock_increase_plus20,46,demand_tracking,rule,terminal_edge_health_mean,-6.229846516436766e-08
ic_r1,demand_shock_increase_plus20,46,buffered_smoothing,rule,cumulative_value_added,88044.87433242798
ic_r1,demand_shock_increase_plus20,46,buffered_smoothing,rule,cumulative_shortage,53342724.9691571
ic_r1,demand_shock_increase_plus20,46,buffered_smoothing,rule,cumulative_welfare,-10580500.119499207
ic_r1,demand_shock_increase_plus20,46,buffered_smoothing,rule,cumulative_final_shortage,36948744.04052347
ic_r1,demand_shock_increase_plus20,46,buffered_smoothing,rule,cumulative_final_delivered,-36948744.04052353
ic_r1,demand_shock_increase_plus20,46,buffered_smoothing,rule,final_fill_rate,-0.003909958300847949
ic_r1,demand_shock_increase_plus20,46,buffered_smoothing,rule,mean_service_rate,-0.002285735236881692
ic_r1,demand_shock_increase_plus20,46,buffered_smoothing,rule,terminal_output,0.0001398324966430664
ic_r1,demand_shock_increase_plus20,46,buffered_smoothing,rule,fiscal_spend,0.0
ic_r1,demand_shock_increase_plus20,46,buffered_smoothing,rule,private_spend,1078216.1771909203
ic_r1,demand_shock_increase_plus20,46,buffered_smoothing,rule,terminal_ai_effective_mean,0.0
ic_r1,demand_shock_increase_plus20,46,buffered_smoothing,rule,terminal_technology_mean,0.0
ic_r1,demand_shock_increase_plus20,46,buffered_smoothing,rule,terminal_edge_health_mean,-7.820262881708118e-09
ic_r1,demand_shock_increase_plus20,47,demand_tracking,rule,cumulative_value_added,679727.6018028259
ic_r1,demand_shock_increase_plus20,47,demand_tracking,rule,cumulative_shortage,276027527.302574
ic_r1,demand_shock_increase_plus20,47,demand_tracking,rule,cumulative_welfare,-54525777.8587122
ic_r1,demand_shock_increase_plus20,47,demand_tracking,rule,cumulative_final_shortage,187076860.20930475
ic_r1,demand_shock_increase_plus20,47,demand_tracking,rule,cumulative_final_delivered,-187076860.2093048
ic_r1,demand_shock_increase_plus20,47,demand_tracking,rule,final_fill_rate,-0.019771942188912317
ic_r1,demand_shock_increase_plus20,47,demand_tracking,rule,mean_service_rate,-0.01158581702316308
ic_r1,demand_shock_increase_plus20,47,demand_tracking,rule,terminal_output,21.747889399528503
ic_r1,demand_shock_increase_plus20,47,demand_tracking,rule,fiscal_spend,0.0
ic_r1,demand_shock_increase_plus20,47,demand_tracking,rule,private_spend,5607978.312900841
ic_r1,demand_shock_increase_plus20,47,demand_tracking,rule,terminal_ai_effective_mean,0.0
ic_r1,demand_shock_increase_plus20,47,demand_tracking,rule,terminal_technology_mean,0.0
ic_r1,demand_shock_increase_plus20,47,demand_tracking,rule,terminal_edge_health_mean,-6.472507474430955e-08
ic_r1,demand_shock_increase_plus20,47,buffered_smoothing,rule,cumulative_value_added,91912.8013753891
ic_r1,demand_shock_increase_plus20,47,buffered_smoothing,rule,cumulative_shortage,55686140.98326701
ic_r1,demand_shock_increase_plus20,47,buffered_smoothing,rule,cumulative_welfare,-11045315.395277977
ic_r1,demand_shock_increase_plus20,47,buffered_smoothing,rule,cumulative_final_shortage,38489120.615848124
ic_r1,demand_shock_increase_plus20,47,buffered_smoothing,rule,cumulative_final_delivered,-38489120.61584854
ic_r1,demand_shock_increase_plus20,47,buffered_smoothing,rule,final_fill_rate,-0.004067871712552851
ic_r1,demand_shock_increase_plus20,47,buffered_smoothing,rule,mean_service_rate,-0.0023742141942931783
ic_r1,demand_shock_increase_plus20,47,buffered_smoothing,rule,terminal_output,0.00014603137969970703
ic_r1,demand_shock_increase_plus20,47,buffered_smoothing,rule,fiscal_spend,0.0
ic_r1,demand_shock_increase_plus20,47,buffered_smoothing,rule,private_spend,1125583.630911408
ic_r1,demand_shock_increase_plus20,47,buffered_smoothing,rule,terminal_ai_effective_mean,0.0
ic_r1,demand_shock_increase_plus20,47,buffered_smoothing,rule,terminal_technology_mean,0.0
ic_r1,demand_shock_increase_plus20,47,buffered_smoothing,rule,terminal_edge_health_mean,-8.140518481525305e-09
ic_r1,demand_shock_increase_plus20,48,demand_tracking,rule,cumulative_value_added,713596.6494574547
ic_r1,demand_shock_increase_plus20,48,demand_tracking,rule,cumulative_shortage,289781256.6662607
ic_r1,demand_shock_increase_plus20,48,demand_tracking,rule,cumulative_welfare,-57242654.6837945
ic_r1,demand_shock_increase_plus20,48,demand_tracking,rule,cumulative_final_shortage,195770678.44512856
ic_r1,demand_shock_increase_plus20,48,demand_tracking,rule,cumulative_final_delivered,-195770678.4451294
ic_r1,demand_shock_increase_plus20,48,demand_tracking,rule,final_fill_rate,-0.02066020516729583
ic_r1,demand_shock_increase_plus20,48,demand_tracking,rule,mean_service_rate,-0.01208341003048985
ic_r1,demand_shock_increase_plus20,48,demand_tracking,rule,terminal_output,22.83152985572815
ic_r1,demand_shock_increase_plus20,48,demand_tracking,rule,fiscal_spend,0.0
ic_r1,demand_shock_increase_plus20,48,demand_tracking,rule,private_spend,5887409.197011605
ic_r1,demand_shock_increase_plus20,48,demand_tracking,rule,terminal_ai_effective_mean,0.0
ic_r1,demand_shock_increase_plus20,48,demand_tracking,rule,terminal_technology_mean,0.0
ic_r1,demand_shock_increase_plus20,48,demand_tracking,rule,terminal_edge_health_mean,-6.757064829887582e-08
ic_r1,demand_shock_increase_plus20,48,buffered_smoothing,rule,cumulative_value_added,96492.57574605942
ic_r1,demand_shock_increase_plus20,48,buffered_smoothing,rule,cumulative_shortage,58460835.66635305
ic_r1,demand_shock_increase_plus20,48,buffered_smoothing,rule,cumulative_welfare,-11595674.557524204
ic_r1,demand_shock_increase_plus20,48,buffered_smoothing,rule,cumulative_final_shortage,40305874.98073143
ic_r1,demand_shock_increase_plus20,48,buffered_smoothing,rule,cumulative_final_delivered,-40305874.980731964
ic_r1,demand_shock_increase_plus20,48,buffered_smoothing,rule,final_fill_rate,-0.0042535871723135
ic_r1,demand_shock_increase_plus20,48,buffered_smoothing,rule,mean_service_rate,-0.002477823784183375
ic_r1,demand_shock_increase_plus20,48,buffered_smoothing,rule,terminal_output,0.0001533031463623047
ic_r1,demand_shock_increase_plus20,48,buffered_smoothing,rule,fiscal_spend,0.0
ic_r1,demand_shock_increase_plus20,48,buffered_smoothing,rule,private_spend,1181668.5177596044
ic_r1,demand_shock_increase_plus20,48,buffered_smoothing,rule,terminal_ai_effective_mean,0.0
ic_r1,demand_shock_increase_plus20,48,buffered_smoothing,rule,terminal_technology_mean,0.0
ic_r1,demand_shock_increase_plus20,48,buffered_smoothing,rule,terminal_edge_health_mean,-8.517461735912946e-09
ic_r1,demand_shock_increase_plus20,49,demand_tracking,rule,cumulative_value_added,650572.6682596207
ic_r1,demand_shock_increase_plus20,49,demand_tracking,rule,cumulative_shortage,264188131.35448903
ic_r1,demand_shock_increase_plus20,49,demand_tracking,rule,cumulative_welfare,-52187053.602638245
ic_r1,demand_shock_increase_plus20,49,demand_tracking,rule,cumulative_final_shortage,179554265.54074782
ic_r1,demand_shock_increase_plus20,49,demand_tracking,rule,cumulative_final_delivered,-179554265.5407486
ic_r1,demand_shock_increase_plus20,49,demand_tracking,rule,final_fill_rate,-0.01900109492554436
ic_r1,demand_shock_increase_plus20,49,demand_tracking,rule,mean_service_rate,-0.011152149966846658
ic_r1,demand_shock_increase_plus20,49,demand_tracking,rule,terminal_output,20.81507706642151
ic_r1,demand_shock_increase_plus20,49,demand_tracking,rule,fiscal_spend,0.0
ic_r1,demand_shock_increase_plus20,49,demand_tracking,rule,private_spend,5367440.434800271
ic_r1,demand_shock_increase_plus20,49,demand_tracking,rule,terminal_ai_effective_mean,0.0
ic_r1,demand_shock_increase_plus20,49,demand_tracking,rule,terminal_technology_mean,0.0
ic_r1,demand_shock_increase_plus20,49,demand_tracking,rule,terminal_edge_health_mean,-6.225157334061038e-08
ic_r1,demand_shock_increase_plus20,49,buffered_smoothing,rule,cumulative_value_added,87970.46975803375
ic_r1,demand_shock_increase_plus20,49,buffered_smoothing,rule,cumulative_shortage,53297646.33432907
ic_r1,demand_shock_increase_plus20,49,buffered_smoothing,rule,cumulative_welfare,-10571558.797108173
ic_r1,demand_shock_increase_plus20,49,buffered_smoothing,rule,cumulative_final_shortage,36919058.044299185
ic_r1,demand_shock_increase_plus20,49,buffered_smoothing,rule,cumulative_final_delivered,-36919058.04430008
ic_r1,demand_shock_increase_plus20,49,buffered_smoothing,rule,final_fill_rate,-0.003906910951676723
ic_r1,demand_shock_increase_plus20,49,buffered_smoothing,rule,mean_service_rate,-0.002284024400402429
ic_r1,demand_shock_increase_plus20,49,buffered_smoothing,rule,terminal_output,0.0001398324966430664
ic_r1,demand_shock_increase_plus20,49,buffered_smoothing,rule,fiscal_spend,0.0
ic_r1,demand_shock_increase_plus20,49,buffered_smoothing,rule,private_spend,1077305.0030177627
ic_r1,demand_shock_increase_plus20,49,buffered_smoothing,rule,terminal_ai_effective_mean,0.0
ic_r1,demand_shock_increase_plus20,49,buffered_smoothing,rule,terminal_technology_mean,0.0
ic_r1,demand_shock_increase_plus20,49,buffered_smoothing,rule,terminal_edge_health_mean,-7.814085156709893e-09
ic_r1,demand_shock_increase_plus20,50,demand_tracking,rule,cumulative_value_added,613071.8418331146
ic_r1,demand_shock_increase_plus20,50,demand_tracking,rule,cumulative_shortage,248959589.2695186
ic_r1,demand_shock_increase_plus20,50,demand_tracking,rule,cumulative_welfare,-49178846.01207113
ic_r1,demand_shock_increase_plus20,50,demand_tracking,rule,cumulative_final_shortage,169823998.06321824
ic_r1,demand_shock_increase_plus20,50,demand_tracking,rule,cumulative_final_delivered,-169823998.06321716
ic_r1,demand_shock_increase_plus20,50,demand_tracking,rule,final_fill_rate,-0.018000937652003834
ic_r1,demand_shock_increase_plus20,50,demand_tracking,rule,mean_service_rate,-0.010586951188182203
ic_r1,demand_shock_increase_plus20,50,demand_tracking,rule,terminal_output,19.615237832069397
ic_r1,demand_shock_increase_plus20,50,demand_tracking,rule,fiscal_spend,0.0
ic_r1,demand_shock_increase_plus20,50,demand_tracking,rule,private_spend,5058046.170452137
ic_r1,demand_shock_increase_plus20,50,demand_tracking,rule,terminal_ai_effective_mean,0.0
ic_r1,demand_shock_increase_plus20,50,demand_tracking,rule,terminal_technology_mean,0.0
ic_r1,demand_shock_increase_plus20,50,demand_tracking,rule,terminal_edge_health_mean,-5.903654254346691e-08
ic_r1,demand_shock_increase_plus20,50,buffered_smoothing,rule,cumulative_value_added,82899.60607433319
ic_r1,demand_shock_increase_plus20,50,buffered_smoothing,rule,cumulative_shortage,50225421.075492024
ic_r1,demand_shock_increase_plus20,50,buffered_smoothing,rule,cumulative_welfare,-9962184.609024048
ic_r1,demand_shock_increase_plus20,50,buffered_smoothing,rule,cumulative_final_shortage,34890907.97981614
ic_r1,demand_shock_increase_plus20,50,buffered_smoothing,rule,cumulative_final_delivered,-34890907.97981453
ic_r1,demand_shock_increase_plus20,50,buffered_smoothing,rule,final_fill_rate,-0.0036983528024857604
ic_r1,demand_shock_increase_plus20,50,buffered_smoothing,rule,mean_service_rate,-0.002166632677840452
ic_r1,demand_shock_increase_plus20,50,buffered_smoothing,rule,terminal_output,0.00013172626495361328
ic_r1,demand_shock_increase_plus20,50,buffered_smoothing,rule,fiscal_spend,0.0
ic_r1,demand_shock_increase_plus20,50,buffered_smoothing,rule,private_spend,1015206.1324413549
ic_r1,demand_shock_increase_plus20,50,buffered_smoothing,rule,terminal_ai_effective_mean,0.0
ic_r1,demand_shock_increase_plus20,50,buffered_smoothing,rule,terminal_technology_mean,0.0
ic_r1,demand_shock_increase_plus20,50,buffered_smoothing,rule,terminal_edge_health_mean,-7.391504852627406e-09
ic_r1,demand_shock_increase_plus20,51,demand_tracking,rule,cumulative_value_added,700509.8595981598
ic_r1,demand_shock_increase_plus20,51,demand_tracking,rule,cumulative_shortage,284466900.98077
ic_r1,demand_shock_increase_plus20,51,demand_tracking,rule,cumulative_welfare,-56192870.33655596
ic_r1,demand_shock_increase_plus20,51,demand_tracking,rule,cumulative_final_shortage,192417115.4769352
ic_r1,demand_shock_increase_plus20,51,demand_tracking,rule,cumulative_final_delivered,-192417115.47693443
ic_r1,demand_shock_increase_plus20,51,demand_tracking,rule,final_fill_rate,-0.02031789645142601
ic_r1,demand_shock_increase_plus20,51,demand_tracking,rule,mean_service_rate,-0.011891925189764785
ic_r1,demand_shock_increase_plus20,51,demand_tracking,rule,terminal_output,22.4128178358078
ic_r1,demand_shock_increase_plus20,51,demand_tracking,rule,fiscal_spend,0.0
ic_r1,demand_shock_increase_plus20,51,demand_tracking,rule,private_spend,5779438.837234385
ic_r1,demand_shock_increase_plus20,51,demand_tracking,rule,terminal_ai_effective_mean,0.0
ic_r1,demand_shock_increase_plus20,51,demand_tracking,rule,terminal_technology_mean,0.0
ic_r1,demand_shock_increase_plus20,51,demand_tracking,rule,terminal_edge_health_mean,-6.647464412257165e-08
ic_r1,demand_shock_increase_plus20,51,buffered_smoothing,rule,cumulative_value_added,94722.97934627533
ic_r1,demand_shock_increase_plus20,51,buffered_smoothing,rule,cumulative_shortage,57388710.85753626
ic_r1,demand_shock_increase_plus20,51,buffered_smoothing,rule,cumulative_welfare,-11383019.192160606
ic_r1,demand_shock_increase_plus20,51,buffered_smoothing,rule,cumulative_final_shortage,39604793.96077186
ic_r1,demand_shock_increase_plus20,51,buffered_smoothing,rule,cumulative_final_delivered,-39604793.96077156
ic_r1,demand_shock_increase_plus20,51,buffered_smoothing,rule,final_fill_rate,-0.00418198818062776
ic_r1,demand_shock_increase_plus20,51,buffered_smoothing,rule,mean_service_rate,-0.002437936704774102
ic_r1,demand_shock_increase_plus20,51,buffered_smoothing,rule,terminal_output,0.00015056133270263672
ic_r1,demand_shock_increase_plus20,51,buffered_smoothing,rule,fiscal_spend,0.0
ic_r1,demand_shock_increase_plus20,51,buffered_smoothing,rule,private_spend,1159997.665483065
ic_r1,demand_shock_increase_plus20,51,buffered_smoothing,rule,terminal_ai_effective_mean,0.0
ic_r1,demand_shock_increase_plus20,51,buffered_smoothing,rule,terminal_technology_mean,0.0
ic_r1,demand_shock_increase_plus20,51,buffered_smoothing,rule,terminal_edge_health_mean,-8.372100124276471e-09
