task,intervention,import_case,seed,policy,shock_multiplier,periods,cumulative_value_added,cumulative_shortage,cumulative_final_demand,cumulative_final_delivered,cumulative_final_shortage,final_fill_rate,cumulative_welfare,mean_service_rate,terminal_output,terminal_backlog,fiscal_spend,private_spend,terminal_ai_effective_mean,terminal_technology_mean,terminal_edge_health_mean,cumulative_private_ai,peak_output,output_range,peak_mean_effective_ai,config_sha256
ic_r1,edge_off,proportional,42,rule,1.0065049171299387,30,3858834359.0193152,359455184.0503212,9411468190.106182,9137339095.070835,274129095.0353472,0.9708728660079279,3786943322.209251,0.9835976523206921,689952178.0536817,0.0,0.0,7213757.4282943355,0.0,1.0,1.0,0.0,690353105.9256375,400927.8719557524,0.0,937d681618793b920af57e6d846db0c26e94e6af31e2bc5575624f025fc8816a
ic_r1,edge_off,proportional,42,demand_tracking,1.0065049171299387,30,3859392510.6285214,586112462.8492085,9411468190.106182,8981879008.906372,429589181.1998121,0.954354711451778,3742170018.0586796,0.973853789220298,689952195.9117464,0.0,0.0,11818693.451837907,0.0,1.0,1.0,0.0,690916833.6762432,964655.6225616932,0.0,937d681618793b920af57e6d846db0c26e94e6af31e2bc5575624f025fc8816a
ic_r1,edge_off,proportional,42,buffered_smoothing,1.0065049171299387,30,3858909832.308701,405181308.9242466,9411468190.106182,9105436599.705482,306031590.4007015,0.9674831190820561,3777873570.523852,0.9816058069568402,689952178.0538018,0.0,0.0,8138019.313824661,0.0,1.0,1.0,0.0,690385428.8259544,433250.77227270603,0.0,937d681618793b920af57e6d846db0c26e94e6af31e2bc5575624f025fc8816a
ic_r1,edge_off,proportional,43,rule,1.0175058076979606,30,3858836423.5484896,363383954.8655914,9413990451.551601,9136882466.23295,277107985.3186513,0.9705642376901945,3786159632.5753713,0.9834284039066581,689952178.0536817,0.0,0.0,7292602.304958444,0.0,1.0,1.0,0.0,690357487.9843538,405309.9306720495,0.0,19c2d71a2083bf4226b747d8a7c82ddfbab3ae5b19eed63ff33f453e17404c37
ic_r1,edge_off,proportional,43,demand_tracking,1.0175058076979606,30,3859400675.6393414,592518550.8420459,9413990451.551601,8979820009.926945,434170441.62465554,0.9538802972173084,3740896965.4709325,0.9735899761569168,689952196.1069313,0.0,0.0,11947869.326796774,0.0,1.0,1.0,0.0,690927377.1626773,975199.1089957952,0.0,19c2d71a2083bf4226b747d8a7c82ddfbab3ae5b19eed63ff33f453e17404c37
ic_r1,edge_off,proportional,43,buffered_smoothing,1.0175058076979606,30,3858912721.7453184,409609856.8268184,9413990451.551601,9104646927.644178,309343523.90742195,0.9671400214925396,3776990750.379955,0.981416972817577,689952178.0538028,0.0,0.0,8226966.1817317875,0.0,1.0,1.0,0.0,690390164.1672857,437986.11360394955,0.0,19c2d71a2083bf4226b747d8a7c82ddfbab3ae5b19eed63ff33f453e17404c37
ic_r1,edge_off,proportional,44,rule,0.9711543472663869,30,3858827724.803443,346830361.87576026,9403363084.534132,9138808547.443777,264554537.0903543,0.9718659659621702,3789461652.4282913,0.9841429053491204,689952178.0536817,0.0,0.0,6960395.093339429,0.0,1.0,1.0,0.0,690339024.4954263,386846.44174456596,0.0,5c9a5b719255efe3f72ab58646f492459ee3b6d802bc0e7d7e510475f3f99edc
ic_r1,edge_off,proportional,44,demand_tracking,0.9711543472663869,30,3859366272.954067,565526960.2717038,9403363084.534132,8988509383.576933,414853700.9571987,0.9558824117257031,3746260880.8997264,0.9747044893372511,689952195.2845336,0.0,0.0,11403596.077295061,0.0,1.0,1.0,0.0,690882952.9416345,930774.887953043,0.0,5c9a5b719255efe3f72ab58646f492459ee3b6d802bc0e7d7e510475f3f99edc
ic_r1,edge_off,proportional,44,buffered_smoothing,0.9711543472663869,30,3858900547.3121486,390950489.0596252,9403363084.534132,9107978154.162172,295384930.3719594,0.9685873099106654,3780710449.500223,0.9822142893251832,689952178.0537975,0.0,0.0,7852194.957273445,0.0,1.0,1.0,0.0,690370212.1474931,418034.0938113928,0.0,5c9a5b719255efe3f72ab58646f492459ee3b6d802bc0e7d7e510475f3f99edc
ic_r1,edge_off,proportional,45,rule,0.9996109713143555,30,3858833065.2374916,356993134.9139498,9409887560.462616,9137625409.439617,272262151.0230002,0.9710663757379038,3787434438.2547016,0.9837038196352627,689952178.0536817,0.0,0.0,7164347.582409797,0.0,1.0,1.0,0.0,690350359.8138419,398181.76016020775,0.0,a19c15e30c95fa6a1c171c52b821f0b7b29c374f81b7b1f4e18891c4ecb034c0
ic_r1,edge_off,proportional,45,demand_tracking,0.9996109713143555,30,3859387393.8480363,582097949.3660127,9409887560.462616,8983170369.165386,426717191.29723054,0.954652253966332,3742967803.974834,0.9740193353997164,689952195.7894295,0.0,0.0,11737742.59816468,0.0,1.0,1.0,0.0,690910226.3726132,958048.3189316988,0.0,a19c15e30c95fa6a1c171c52b821f0b7b29c374f81b7b1f4e18891c4ecb034c0
ic_r1,edge_off,proportional,45,buffered_smoothing,0.9996109713143555,30,3858908021.580801,402406063.67539483,9409887560.462616,9105931764.55168,303955795.910937,0.9676982542078332,3778426808.845722,0.9817242700194153,689952178.053801,0.0,0.0,8082278.836812729,0.0,1.0,1.0,0.0,690382461.3219732,430283.2682914734,0.0,a19c15e30c95fa6a1c171c52b821f0b7b29c374f81b7b1f4e18891c4ecb034c0
ic_r1,edge_off,proportional,46,rule,0.9784653580164804,30,3858829096.8555417,349441358.27532333,9405039337.963614,9138504377.962759,266534960.00085425,0.9716604098693153,3788940825.2004766,0.9840299653916763,689952178.0536817,0.0,0.0,7012794.1002486255,0.0,1.0,1.0,0.0,690341936.7395018,389758.6858201027,0.0,29a1d69b826a523d3596a8f4f413ff5b43effc1650eb1254620be4f407ca1192
ic_r1,edge_off,proportional,46,demand_tracking,0.9784653580164804,30,3859371699.2858276,569784340.880308,9405039337.963614,8987136372.37569,417902965.5879234,0.9555660587297015,3745414831.109766,0.9745281812175883,689952195.4142503,0.0,0.0,11489444.237008799,0.0,1.0,1.0,0.0,690889959.969128,937781.9154465199,0.0,29a1d69b826a523d3596a8f4f413ff5b43effc1650eb1254620be4f407ca1192
ic_r1,edge_off,proportional,46,buffered_smoothing,0.9784653580164804,30,3858902467.5841517,393893629.0829538,9405039337.963614,9107452020.196512,297587317.7671021,0.9683587375795565,3780123741.767561,0.9820882359598466,689952178.0537983,0.0,0.0,7911307.581241047,0.0,1.0,1.0,0.0,690373359.177378,421181.1236963272,0.0,29a1d69b826a523d3596a8f4f413ff5b43effc1650eb1254620be4f407ca1192
ic_r1,edge_off,proportional,47,rule,1.021450627152114,30,3858837163.8699026,364792776.40118945,9414894911.60025,9136718798.551004,278176113.0492462,0.9704536146541052,3785878608.589665,0.9833677626689155,689952178.0536817,0.0,0.0,7320875.361707958,0.0,1.0,1.0,0.0,690359059.3508141,406881.29713237286,0.0,5f306162055a0cad1d11f6ed7b3436ab12bc76cdec87a267adf68ce3d79c8efd
ic_r1,edge_off,proportional,47,demand_tracking,1.021450627152114,30,3859403603.5380716,594815715.8200005,9414894911.60025,8979082168.847765,435812742.75248694,0.9537102913155714,3740440460.3740716,0.9734954811046516,689952196.1769229,0.0,0.0,11994190.622458639,0.0,1.0,1.0,0.0,690931157.9611628,978979.9074813128,0.0,5f306162055a0cad1d11f6ed7b3436ab12bc76cdec87a267adf68ce3d79c8efd
ic_r1,edge_off,proportional,47,buffered_smoothing,1.021450627152114,30,3858913757.871049,411197893.8872445,9414894911.60025,9104363901.181879,310531010.41837245,0.9670170497563642,3776674179.0936003,0.981349318776719,689952178.0538034,0.0,0.0,8258861.720800788,0.0,1.0,1.0,0.0,690391862.2176837,439684.1640019417,0.0,5f306162055a0cad1d11f6ed7b3436ab12bc76cdec87a267adf68ce3d79c8efd
ic_r1,edge_off,proportional,48,rule,1.0723468389231177,30,3858846715.525145,382969445.8423862,9426564289.808685,9134610679.417233,291953610.3914519,0.9690286300060467,3782252826.356668,0.9825877114329354,689952178.0536817,0.0,0.0,7685655.423371295,0.0,1.0,1.0,0.0,690379333.1811042,427155.127422452,0.0,6940b21d9c1739b7e61182050f21fe4b749aee8547ef9ea5084947e716563593
ic_r1,edge_off,proportional,48,demand_tracking,1.0723468389231177,30,3859441379.399693,624453826.3976028,9426564289.808685,8969585816.114067,456978473.6946189,0.9515222662631527,3734550614.1201725,0.9722812896009764,689952197.0799565,0.0,0.0,12591829.754214276,0.0,1.0,1.0,0.0,690979937.9681121,1027759.9144306183,0.0,6940b21d9c1739b7e61182050f21fe4b749aee8547ef9ea5084947e716563593
ic_r1,edge_off,proportional,48,buffered_smoothing,1.0723468389231177,30,3858927126.004934,431686808.89768064,9426564289.808685,9100718971.277382,325845318.5313045,0.9654332895301437,3772589764.2253976,0.9804792803747887,689952178.0538095,0.0,0.0,8670379.188170968,0.0,1.0,1.0,0.0,690413770.5289894,461592.475307703,0.0,6940b21d9c1739b7e61182050f21fe4b749aee8547ef9ea5084947e716563593
ic_r1,edge_off,proportional,49,rule,0.9776384808257907,30,3858828941.6760974,349146053.9129621,9404849753.270876,9138538772.635801,266310980.63507622,0.9716836538996856,3788999730.893505,0.9840427343787326,689952178.0536817,0.0,0.0,7006867.7591298595,0.0,1.0,1.0,0.0,690341607.3639499,389429.3102681637,0.0,e1c9f7d48f32e8d1cbda7e89e75741e07cb59e890fe79f44d3efeb4a3d625cdf
ic_r1,edge_off,proportional,49,demand_tracking,0.9776384808257907,30,3859371085.5663137,569302830.0417022,9404849753.270876,8987291614.221937,417558139.0489392,0.9556018277800007,3745510519.5579734,0.9745481119849331,689952195.3995793,0.0,0.0,11479734.788130065,0.0,1.0,1.0,0.0,690889167.4725217,936989.4188401699,0.0,e1c9f7d48f32e8d1cbda7e89e75741e07cb59e890fe79f44d3efeb4a3d625cdf
ic_r1,edge_off,proportional,49,buffered_smoothing,0.9776384808257907,30,3858902250.4008956,393560759.1915691,9404849753.270876,9107511512.848896,297338240.4219797,0.9683845836751863,3780190098.562582,0.9821024871153088,689952178.0537982,0.0,0.0,7904621.928311319,0.0,1.0,1.0,0.0,690373003.2474911,420825.19380939007,0.0,e1c9f7d48f32e8d1cbda7e89e75741e07cb59e890fe79f44d3efeb4a3d625cdf
ic_r1,edge_off,proportional,50,rule,0.9212846670764326,30,3858818365.79664,329020299.7825446,9391929067.364277,9140887082.830677,251041984.53359973,0.9732704556504863,3793014305.840131,0.9849157169106412,689952178.0536817,0.0,0.0,6602972.322924376,0.0,1.0,1.0,0.0,690319159.5703639,366981.516682148,0.0,0106d3e35a8f330d318e9eec9df06ed02a1df0034fc7b662cf6b55aaed9b2a89
ic_r1,edge_off,proportional,50,demand_tracking,0.9212846670764326,30,3859329258.9981675,536486624.17380893,9391929067.364277,8997899659.376839,394029407.98743874,0.9580459557178047,3752031934.163406,0.9759123148991875,689952194.3997133,0.0,0.0,10818010.798301145,0.0,1.0,1.0,0.0,690835156.7842867,882978.7306052446,0.0,0106d3e35a8f330d318e9eec9df06ed02a1df0034fc7b662cf6b55aaed9b2a89
ic_r1,edge_off,proportional,50,buffered_smoothing,0.9212846670764326,30,3858887448.801702,370874817.3454543,9391929067.364277,9111574109.971416,280354957.39286005,0.9701493744914389,3784712485.332611,0.983077063655459,689952178.0537915,0.0,0.0,7448977.433292171,0.0,1.0,1.0,0.0,690348745.7074515,396567.6537697315,0.0,0106d3e35a8f330d318e9eec9df06ed02a1df0034fc7b662cf6b55aaed9b2a89
ic_r1,edge_off,proportional,51,rule,1.0526808585011613,30,3858843024.8248267,375946093.5548871,9422055314.476376,9135424471.551928,286630842.92444855,0.9695787348558591,3783653806.113849,0.9828886035848804,689952178.0536817,0.0,0.0,7544706.670971657,0.0,1.0,1.0,0.0,690371499.4988773,419321.4451955557,0.0,e6d113fd344ab5e2c84627a3b7452c7c8c26f0c7f51d90335a02fd388cf689eb
ic_r1,edge_off,proportional,51,demand_tracking,1.0526808585011613,30,3859426783.041158,613001844.372194,9422055314.476376,8973250048.653183,448805265.82319367,0.95236652186348,3736826414.1667194,0.9727493514316506,689952196.73103,0.0,0.0,12360905.702000286,0.0,1.0,1.0,0.0,690961089.6761025,1008911.6224210262,0.0,e6d113fd344ab5e2c84627a3b7452c7c8c26f0c7f51d90335a02fd388cf689eb
ic_r1,edge_off,proportional,51,buffered_smoothing,1.0526808585011613,30,3858921960.640949,423770019.2695004,9422055314.476376,9102125886.083864,319929428.3925115,0.9660446242656886,3774167956.7870483,0.9808148350277898,689952178.0538071,0.0,0.0,8511371.39220755,0.0,1.0,1.0,0.0,690405305.2934401,453127.2397583723,0.0,e6d113fd344ab5e2c84627a3b7452c7c8c26f0c7f51d90335a02fd388cf689eb
ic_r1,edge_off,intermediate_first,42,rule,1.0065049171299387,30,3858846992.9055777,392658115.5226113,10215646008.238897,9905390038.625978,310255969.61291844,0.9696293343208351,3780315369.8010554,0.9821780805982423,689952178.0536817,0.0,0.0,7879474.868865165,0.0,1.0,1.0,0.0,690387137.5849217,434959.5312399864,0.0,d4d6c2523ec783faeec67530de18c8354c4b0676b3142d6f652564e001f745fe
ic_r1,edge_off,intermediate_first,42,demand_tracking,1.0065049171299387,30,3859306441.8000503,600166253.9761915,10215646008.238897,9757632141.314692,458013866.924206,0.9551654524290663,3739273191.004812,0.9733326326785241,689952181.0179243,0.0,0.0,12088714.135976288,0.0,1.0,1.0,0.0,690815523.3683697,863345.3146882057,0.0,d4d6c2523ec783faeec67530de18c8354c4b0676b3142d6f652564e001f745fe
ic_r1,edge_off,intermediate_first,42,buffered_smoothing,1.0065049171299387,30,3858911679.627099,436665650.6964281,10215646008.238897,9873577266.963966,342068741.2749311,0.9665152119602566,3771578549.4878135,0.9802785288351302,689952178.0537071,0.0,0.0,8767957.697499845,0.0,1.0,1.0,0.0,690424224.6402093,472046.5865277052,0.0,d4d6c2523ec783faeec67530de18c8354c4b0676b3142d6f652564e001f745fe
ic_r1,edge_off,intermediate_first,43,rule,1.0175058076979606,30,3858849195.520516,396949787.51148486,10218446211.46329,9904842328.36308,313603883.1002107,0.9693100226188593,3779459238.0182185,0.981995170207,689952178.0536817,0.0,0.0,7965595.899463843,0.0,1.0,1.0,0.0,690391891.602635,439713.54895329475,0.0,97d59ae8a5596ae699ff95c36fc9f21f2bcd07818d6155754efa52b81c1ccca2
ic_r1,edge_off,intermediate_first,43,demand_tracking,1.0175058076979606,30,3859313666.096377,606725946.9992899,10218446211.46329,9755564053.259659,462882158.2036298,0.9547013167535825,3737968476.696519,0.9730646327802276,689952181.050323,0.0,0.0,12220841.281164203,0.0,1.0,1.0,0.0,690824959.5540929,872781.5004113913,0.0,97d59ae8a5596ae699ff95c36fc9f21f2bcd07818d6155754efa52b81c1ccca2
ic_r1,edge_off,intermediate_first,43,buffered_smoothing,1.0175058076979606,30,3858914589.254524,441438315.94263846,10218446211.46329,9872698685.370218,345747526.0930718,0.9661643738257188,3770626926.0659966,0.9800771161269997,689952178.0537075,0.0,0.0,8863789.661649901,0.0,1.0,1.0,0.0,690429384.0117662,477205.9580845833,0.0,97d59ae8a5596ae699ff95c36fc9f21f2bcd07818d6155754efa52b81c1ccca2
ic_r1,edge_off,intermediate_first,44,rule,0.9711543472663869,30,3858839914.961045,378867136.55267847,10206647756.769716,9907155069.972528,299492686.797188,0.9706570958522063,3783066487.6505094,0.9827674828879632,689952178.0536817,0.0,0.0,7602731.137066824,0.0,1.0,1.0,0.0,690371860.8912511,419682.83756935596,0.0,2a1d7916800174e0307c83dde3042bbc83adf8df131a5b60dfea03ea0503f42c
ic_r1,edge_off,intermediate_first,44,demand_tracking,0.9711543472663869,30,3859283227.043897,579087152.6922843,10206647756.769716,9764294162.994642,442353593.775075,0.9566602468982359,3743465796.50544,0.9741969787877468,689952180.9138141,0.0,0.0,11664133.067020446,0.0,1.0,1.0,0.0,690785200.864879,833022.8111975193,0.0,2a1d7916800174e0307c83dde3042bbc83adf8df131a5b60dfea03ea0503f42c
ic_r1,edge_off,intermediate_first,44,buffered_smoothing,0.9711543472663869,30,3858902329.7488384,421329034.5217404,10206647756.769716,9876407528.415897,330240228.3538188,0.967644594364023,3774636522.8444905,0.980927686600932,689952178.0537063,0.0,0.0,8460008.579844289,0.0,1.0,1.0,0.0,690407645.3711448,455467.31746315956,0.0,2a1d7916800174e0307c83dde3042bbc83adf8df131a5b60dfea03ea0503f42c
ic_r1,edge_off,intermediate_first,45,rule,0.9996109713143555,30,3858845612.589326,389968646.52311456,10213891200.372915,9905733647.655018,308157552.7178965,0.969829563809467,3780851883.284703,0.9822928280705057,689952178.0536817,0.0,0.0,7825505.263871972,0.0,1.0,1.0,0.0,690384158.3769821,431980.32330036163,0.0,d7bf853985a39b422deed3eec60b6f54314f4c958141fb4d739a78b4db52839d
ic_r1,edge_off,intermediate_first,45,demand_tracking,0.9996109713143555,30,3859301914.5386324,596055480.5812118,10213891200.372915,9758929379.510412,454961820.8625019,0.9554565628380796,3740090818.42239,0.9735008170200554,689952180.997621,0.0,0.0,12005913.805033907,0.0,1.0,1.0,0.0,690809609.9786603,857431.9249788523,0.0,d7bf853985a39b422deed3eec60b6f54314f4c958141fb4d739a78b4db52839d
ic_r1,edge_off,intermediate_first,45,buffered_smoothing,0.9996109713143555,30,3858909856.246193,433674756.87743753,10213891200.372915,9874128373.380629,339762826.9922863,0.9667352216381665,3772174904.8707056,0.980404893679371,689952178.0537069,0.0,0.0,8707902.52613293,0.0,1.0,1.0,0.0,690420991.4085234,468813.35484182835,0.0,d7bf853985a39b422deed3eec60b6f54314f4c958141fb4d739a78b4db52839d
ic_r1,edge_off,intermediate_first,46,rule,0.9784653580164804,30,3858841378.782668,381719311.0973228,10208508725.7294,9906789404.854244,301719320.8751575,0.9704443294332789,3782497516.563204,0.9826453811501561,689952178.0536817,0.0,0.0,7659965.756084514,0.0,1.0,1.0,0.0,690375020.3331522,422842.2794704437,0.0,4f7b5eb2d167c6f870d2b69e6e0419517ecc32db9956d76a8e2d8d87b19af997
ic_r1,edge_off,intermediate_first,46,demand_tracking,0.9784653580164804,30,3859288028.1922927,583446616.6750093,10208508725.7294,9762914297.73911,445594427.99029016,0.9563506835364485,3742598704.857291,0.9740178243412723,689952180.9353455,0.0,0.0,11751942.592337955,0.0,1.0,1.0,0.0,690791471.9985509,839293.9448693991,0.0,4f7b5eb2d167c6f870d2b69e6e0419517ecc32db9956d76a8e2d8d87b19af997
ic_r1,edge_off,intermediate_first,46,buffered_smoothing,0.9784653580164804,30,3858904263.4393206,424500869.2660169,10208508725.7294,9875821306.389896,332687419.3395059,0.9674107719082413,3774004089.5861173,0.9807931889365995,689952178.0537064,0.0,0.0,8523696.925416986,0.0,1.0,1.0,0.0,690411074.2045364,458896.150854826,0.0,4f7b5eb2d167c6f870d2b69e6e0419517ecc32db9956d76a8e2d8d87b19af997
ic_r1,edge_off,intermediate_first,47,rule,1.021450627152114,30,3858849985.3582296,398488742.1122848,10219450338.909777,9904646102.65102,314804236.258758,0.9691955804061043,3779152236.935773,0.9819296387723586,689952178.0536817,0.0,0.0,7996478.118936603,0.0,1.0,1.0,0.0,690393596.350214,441418.2965322733,0.0,4780d50ffccb14ee91b6f9e996a09ebbb3e800303a039a25da9af87670465fc6
ic_r1,edge_off,intermediate_first,47,demand_tracking,1.021450627152114,30,3859316256.6634326,609078193.3461461,10219450338.909777,9754823039.345016,464627299.56476134,0.9545350009877022,3737500617.9942036,0.9729686432242551,689952181.0619409,0.0,0.0,12268220.875528518,0.0,1.0,1.0,0.0,690828343.2845994,876165.2309179306,0.0,4780d50ffccb14ee91b6f9e996a09ebbb3e800303a039a25da9af87670465fc6
ic_r1,edge_off,intermediate_first,47,buffered_smoothing,1.021450627152114,30,3858915632.6204953,443149750.35742444,10219450338.909777,9872383883.47315,347066455.4366279,0.9660386377029303,3770285682.5490103,0.9800049606574717,689952178.0537076,0.0,0.0,8898154.133705249,0.0,1.0,1.0,0.0,690431234.1155522,479056.06187057495,0.0,4780d50ffccb14ee91b6f9e996a09ebbb3e800303a039a25da9af87670465fc6
ic_r1,edge_off,intermediate_first,48,rule,1.0723468389231177,30,3858860175.8746834,418344393.34767944,10232405629.704576,9902122717.116568,330282912.58800864,0.9677218706391779,3775191297.2051477,0.9810869111653032,689952178.0536817,0.0,0.0,8394921.69804361,0.0,1.0,1.0,0.0,690415591.068806,463413.015124321,0.0,9d0609ed2b19ea9028d89a1a7518c0c8efe149fd917763be027eb1120ad06f55
ic_r1,edge_off,intermediate_first,48,demand_tracking,1.0723468389231177,30,3859349680.258864,639426965.8561554,10232405629.704576,9745289759.62396,487115870.080615,0.9523947849891209,3731464287.087633,0.9717354912965507,689952181.2118345,0.0,0.0,12879514.217699386,0.0,1.0,1.0,0.0,690872000.3052658,919822.2515842915,0.0,9d0609ed2b19ea9028d89a1a7518c0c8efe149fd917763be027eb1120ad06f55
ic_r1,edge_off,intermediate_first,48,buffered_smoothing,1.0723468389231177,30,3858929094.168239,465230742.7626503,10232405629.704576,9868333957.872007,364071671.8325692,0.9644197381331646,3765882945.615709,0.9790772741436965,689952178.0537089,0.0,0.0,9341525.869080039,0.0,1.0,1.0,0.0,690455104.2254989,502926.1718173027,0.0,9d0609ed2b19ea9028d89a1a7518c0c8efe149fd917763be027eb1120ad06f55
ic_r1,edge_off,intermediate_first,49,rule,0.9776384808257907,30,3858841213.224067,381396729.42490476,10208298249.66283,9906830745.071144,301467504.5916849,0.9704683878528291,3782561867.3390865,0.9826591855220946,689952178.0536817,0.0,0.0,7653492.505996221,0.0,1.0,1.0,0.0,690374662.9994628,422484.9457811117,0.0,e184853fe08bc21c10ed12f71528955addba2f29c2b806d9a696d4b43a190a7a
ic_r1,edge_off,intermediate_first,49,demand_tracking,0.9776384808257907,30,3859287485.181178,582953560.1806117,10208298249.66283,9763070306.626036,445227943.03679425,0.9563856842592251,3742696773.145056,0.9740380763950939,689952180.9329103,0.0,0.0,11742011.312506462,0.0,1.0,1.0,0.0,690790762.7317245,838584.6780430079,0.0,e184853fe08bc21c10ed12f71528955addba2f29c2b806d9a696d4b43a190a7a
ic_r1,edge_off,intermediate_first,49,buffered_smoothing,0.9776384808257907,30,3858904044.738431,424142133.9430465,10208298249.66283,9875887585.027351,332410664.63547814,0.96743721073721,3774075617.949822,0.9808083943041225,689952178.0537064,0.0,0.0,8516493.757200317,0.0,1.0,1.0,0.0,690410686.4026004,458508.3489187956,0.0,e184853fe08bc21c10ed12f71528955addba2f29c2b806d9a696d4b43a190a7a
ic_r1,edge_off,intermediate_first,50,rule,0.9212846670764326,30,3858829929.978296,359411956.2432362,10193953762.73316,9909658268.778069,284295493.95509076,0.9721113612468586,3786947538.7296486,0.9836032241617556,689952178.0536817,0.0,0.0,7212323.812584406,0.0,1.0,1.0,0.0,690350309.7866819,398131.73300015926,0.0,e5601b86a6159d7e2dd4d839ba741671059fe166825778c04119b24cd0c5031e
ic_r1,edge_off,intermediate_first,50,demand_tracking,0.9212846670764326,30,3859250477.572827,549350488.0846816,10193953762.73316,9773735606.295214,420218156.43794686,0.9587777062542533,3749380379.9558907,0.975424559372873,689952180.7669437,0.0,0.0,11065168.970960194,0.0,1.0,1.0,0.0,690742424.3677112,790246.3140296936,0.0,e5601b86a6159d7e2dd4d839ba741671059fe166825778c04119b24cd0c5031e
ic_r1,edge_off,intermediate_first,50,buffered_smoothing,0.9212846670764326,30,3858889139.708608,399693396.2058685,10193953762.73316,9880418743.402847,313535019.3303129,0.9692430408624643,3778950460.4674344,0.9818485104317932,689952178.053705,0.0,0.0,8025579.260273538,0.0,1.0,1.0,0.0,690384256.700206,432078.6465244293,0.0,e5601b86a6159d7e2dd4d839ba741671059fe166825778c04119b24cd0c5031e
ic_r1,edge_off,intermediate_first,51,rule,1.0526808585011613,30,3858856238.322357,410672292.91283077,10227399785.727865,9903095918.452484,324303867.2753812,0.9682906824735705,3776721779.739791,0.9814119295852808,689952178.0536817,0.0,0.0,8240965.571382789,0.0,1.0,1.0,0.0,690407092.4460173,454914.3923355341,0.0,99e960de7ae5fe52176364c21c13232560e96047622e7c7cfde370c72909eaca
ic_r1,edge_off,intermediate_first,51,demand_tracking,1.0526808585011613,30,3859336765.5889797,627700388.4696572,10227399785.727865,9748967387.942978,478432397.78488755,0.9532205244922047,3733796687.895048,0.972210808867536,689952181.1539166,0.0,0.0,12643314.26330408,0.0,1.0,1.0,0.0,690855131.5033681,902953.4496866465,0.0,99e960de7ae5fe52176364c21c13232560e96047622e7c7cfde370c72909eaca
ic_r1,edge_off,intermediate_first,51,buffered_smoothing,1.0526808585011613,30,3858923892.7097187,456698784.30781823,10227399785.727865,9869896275.724052,357503510.00381255,0.9650445355130537,3767584135.848155,0.9794350094953617,689952178.0537084,0.0,0.0,9170209.781612467,0.0,1.0,1.0,0.0,690445880.9631274,493702.90944576263,0.0,99e960de7ae5fe52176364c21c13232560e96047622e7c7cfde370c72909eaca
ic_r1,edge_off,final_first,42,rule,1.0065049171299387,30,3858807421.4824057,293893856.4932457,7966894223.482797,7761773587.010935,205120636.47186232,0.9742533751901389,3800028650.1837564,0.9864474815958737,689952178.0536821,0.0,0.0,5899003.970764269,0.0,1.0,1.0,0.0,690276479.2642132,324301.21053159237,0.0,f44fb94fc1c38e2a24670a291b0e4a852e704bb781c634d588758c181bdee638
ic_r1,edge_off,final_first,42,demand_tracking,1.0065049171299387,30,3859567265.0847754,552557540.5285594,7966894223.482797,7601234182.0888195,365660041.3939774,0.9541025610311008,3749055756.9790635,0.9751305034367216,689952566.3256433,0.0,0.0,11170015.4038739,0.0,1.0,1.0,0.0,690897750.0597514,945572.0060698986,0.0,f44fb94fc1c38e2a24670a291b0e4a852e704bb781c634d588758c181bdee638
ic_r1,edge_off,final_first,42,buffered_smoothing,1.0065049171299387,30,3858899467.0979986,340527731.5292819,7966894223.482797,7732177477.868653,234716745.61414397,0.9705384885213733,3790793920.7921424,0.9843786219805414,689952178.0552047,0.0,0.0,6843576.988258364,0.0,1.0,1.0,0.0,690393032.211811,440854.15812933445,0.0,f44fb94fc1c38e2a24670a291b0e4a852e704bb781c634d588758c181bdee638
ic_r1,edge_off,final_first,43,rule,1.0175058076979606,30,3858809191.589873,297106055.55841744,7968892118.719388,7761505749.778337,207386368.94105193,0.9739755080315508,3799387980.4781895,0.9863061515745447,689952178.0536821,0.0,0.0,5963478.864069059,0.0,1.0,1.0,0.0,690280023.8093688,327845.7556872368,0.0,70c7ed16094407ae320bcb3826e3595146835f2dd259bed908039ffa5f9b44c7
ic_r1,edge_off,final_first,43,demand_tracking,1.0175058076979606,30,3859577340.1256576,558596880.160623,7968892118.719388,7599302977.379903,369589141.33948493,0.9536210133311632,3747857964.093533,0.9748773203750406,689952570.5693756,0.0,0.0,11292101.36193512,0.0,1.0,1.0,0.0,690908084.9662044,955906.912522912,0.0,70c7ed16094407ae320bcb3826e3595146835f2dd259bed908039ffa5f9b44c7
ic_r1,edge_off,final_first,43,buffered_smoothing,1.0175058076979606,30,3858902243.2450066,344249629.20327604,7968892118.719388,7731597627.343465,237294491.37592268,0.9702223988177096,3790052317.404351,0.984216561597857,689952178.0552214,0.0,0.0,6918375.869277563,0.0,1.0,1.0,0.0,690397850.656577,445672.60289537907,0.0,70c7ed16094407ae320bcb3826e3595146835f2dd259bed908039ffa5f9b44c7
ic_r1,edge_off,final_first,44,rule,0.9711543472663869,30,3858801733.3694925,283571686.05014503,7960474130.972607,7762631618.501099,197842512.4715087,0.975146893361321,3802087396.159464,0.9869025844678038,689952178.053682,0.0,0.0,5691818.54280976,0.0,1.0,1.0,0.0,690265089.1235347,312911.0698530674,0.0,283d04a7f02a315b0a59299e89a79f579ada83710a26117b5e429d9518ec524c
ic_r1,edge_off,final_first,44,demand_tracking,0.9711543472663869,30,3859534889.666223,533150557.40542907,7960474130.972607,7607448889.047703,353025241.9249049,0.9556527367444919,3752904778.1851373,0.9759466182064946,689952552.6887155,0.0,0.0,10777700.966863913,0.0,1.0,1.0,0.0,690864539.5818961,912361.5282145739,0.0,283d04a7f02a315b0a59299e89a79f579ada83710a26117b5e429d9518ec524c
ic_r1,edge_off,final_first,44,buffered_smoothing,0.9711543472663869,30,3858890546.149449,328567681.3009833,7960474130.972607,7734039594.764339,226434536.20826787,0.9715551445199406,3793177009.889252,0.9849005959360915,689952178.0551513,0.0,0.0,6603216.169028687,0.0,1.0,1.0,0.0,690377548.4864446,425370.43276298046,0.0,283d04a7f02a315b0a59299e89a79f579ada83710a26117b5e429d9518ec524c
ic_r1,edge_off,final_first,45,rule,0.9996109713143555,30,3858806312.206307,291880862.5299623,7965642199.256112,7761941235.378757,203700963.8773546,0.9744275528850169,3800430139.7003145,0.986536120463484,689952178.0536821,0.0,0.0,5858599.385502707,0.0,1.0,1.0,0.0,690274257.99839,322079.9447083473,0.0,2e8603a1b0a8838b3dde17035a8c0ef0ef4ff9342779d0809d093b077ad867f9
ic_r1,edge_off,final_first,45,demand_tracking,0.9996109713143555,30,3859560951.342674,548772857.8314704,7965642199.256112,7602445083.05154,363197116.20457196,0.9544045405104324,3749806379.77638,0.975289356094806,689952563.6662169,0.0,0.0,11093507.599845357,0.0,1.0,1.0,0.0,690891273.4672743,939095.4135928154,0.0,2e8603a1b0a8838b3dde17035a8c0ef0ef4ff9342779d0809d093b077ad867f9
ic_r1,edge_off,final_first,45,buffered_smoothing,0.9996109713143555,30,3858897727.3654804,338195323.91764146,7965642199.256112,7732540765.112589,233101434.14352325,0.9707366426569735,3791258662.581952,0.9844802711772368,689952178.0551941,0.0,0.0,6796702.6529830005,0.0,1.0,1.0,0.0,690390012.6292664,437834.57558476925,0.0,2e8603a1b0a8838b3dde17035a8c0ef0ef4ff9342779d0809d093b077ad867f9
ic_r1,edge_off,final_first,46,rule,0.9784653580164804,30,3858802909.753772,285706460.66241,7961801899.252998,7762454499.286662,199347399.96633732,0.9749620246159303,3801661617.62129,0.9868083436397844,689952178.053682,0.0,0.0,5734667.495369363,0.0,1.0,1.0,0.0,690267444.7698869,315266.7162052393,0.0,aeeb81c8fae22ecbd44f9fd5c726f54bb0b39f7672482ce7e0938eed5a508447
ic_r1,edge_off,final_first,46,demand_tracking,0.9784653580164804,30,3859541585.3725157,537164203.0917004,7961801899.252998,7606162477.5184965,355639421.7345023,0.955331792195449,3752108744.754175,0.9757775164791797,689952555.50903,0.0,0.0,10858837.284537653,0.0,1.0,1.0,0.0,690871407.9905683,919229.9368867874,0.0,aeeb81c8fae22ecbd44f9fd5c726f54bb0b39f7672482ce7e0938eed5a508447
ic_r1,edge_off,final_first,46,buffered_smoothing,0.9784653580164804,30,3858892391.1310434,331041193.21686625,7961801899.252998,7733654633.392454,228147265.86054444,0.97134476984639,3792684152.48767,0.9847924931315291,689952178.0551623,0.0,0.0,6652926.273846585,0.0,1.0,1.0,0.0,690380750.7455043,428572.69182264805,0.0,aeeb81c8fae22ecbd44f9fd5c726f54bb0b39f7672482ce7e0938eed5a508447
ic_r1,edge_off,final_first,47,rule,1.021450627152114,30,3858809826.334336,298257920.9719085,7969608545.807534,7761409611.8616085,208198933.9459263,0.973875889543477,3799158242.139954,0.9862555059787954,689952178.0536821,0.0,0.0,5986598.975285558,0.0,1.0,1.0,0.0,690281294.8510723,329116.7973906994,0.0,3266738424383fdbadd68c5521007c65ea69e552c426fae31d5e9a8952886a18
ic_r1,edge_off,final_first,47,demand_tracking,1.021450627152114,30,3859580952.9438224,560762532.5069938,7969608545.807534,7598610784.3719015,370997761.43563294,0.9534484335958008,3747428446.442424,0.9747866218940932,689952572.0911394,0.0,0.0,11335880.27778388,0.0,1.0,1.0,0.0,690911790.9698029,959612.9161213636,0.0,3266738424383fdbadd68c5521007c65ea69e552c426fae31d5e9a8952886a18
ic_r1,edge_off,final_first,47,buffered_smoothing,1.021450627152114,30,3858903238.7461123,345584267.90911233,7969608545.807534,7731389656.240717,238218889.5668174,0.9701090852583802,3789786385.16429,0.9841584914438176,689952178.0552273,0.0,0.0,6945198.068732163,0.0,1.0,1.0,0.0,690399578.5071119,447400.453430295,0.0,3266738424383fdbadd68c5521007c65ea69e552c426fae31d5e9a8952886a18
ic_r1,edge_off,final_first,48,rule,1.0723468389231177,30,3858818015.831719,313119332.67860025,7978851915.553744,7760164864.807395,218687050.74634984,0.9725916644323167,3796194149.295999,0.9856036823288138,689952178.0536822,0.0,0.0,6284895.536210613,0.0,1.0,1.0,0.0,690297693.8798379,345515.8261562586,0.0,26f4538d3915cca84e28d78c324bcbece27feed635bc19c7f5bec8a38a47bb6b
ic_r1,edge_off,final_first,48,demand_tracking,1.0723468389231177,30,3859627565.662236,588703862.07208,7978851915.553744,7589695117.167537,389156798.3862084,0.9512264668520045,3741886793.24782,0.9736206979743997,689952591.7249949,0.0,0.0,11900717.527761828,0.0,1.0,1.0,0.0,690959605.970253,1007427.9165714979,0.0,26f4538d3915cca84e28d78c324bcbece27feed635bc19c7f5bec8a38a47bb6b
ic_r1,edge_off,final_first,48,buffered_smoothing,1.0723468389231177,30,3858916082.7395287,362803827.6378766,7978851915.553744,7728704471.73771,250147443.81603476,0.968648692009385,3786355317.211953,0.9834113074379104,689952178.0553043,0.0,0.0,7291259.113976516,0.0,1.0,1.0,0.0,690421871.3009279,469693.2472462654,0.0,26f4538d3915cca84e28d78c324bcbece27feed635bc19c7f5bec8a38a47bb6b
ic_r1,edge_off,final_first,49,rule,0.9776384808257907,30,3858802776.704408,285465017.1063158,7961651728.31999,7762474540.319725,199177188.00026542,0.9749829313317258,3801709773.2831454,0.986818999186256,689952178.053682,0.0,0.0,5729821.267846574,0.0,1.0,1.0,0.0,690267178.3456804,315000.291998744,0.0,8ccfffde5a8d9bda0ca8c1bb360e79c44dc9b5badb54063bbd4250f5e44ce213
ic_r1,edge_off,final_first,49,demand_tracking,0.9776384808257907,30,3859540828.0864167,536710258.7353148,7961651728.31999,7606307941.622029,355343786.6979611,0.9553680820483537,3752198776.3393536,0.9757966336098669,689952555.1900517,0.0,0.0,10849660.746201962,0.0,1.0,1.0,0.0,690870631.1717862,918453.1181046963,0.0,8ccfffde5a8d9bda0ca8c1bb360e79c44dc9b5badb54063bbd4250f5e44ce213
ic_r1,edge_off,final_first,49,buffered_smoothing,0.9776384808257907,30,3858892182.463152,330761438.38486683,7961651728.31999,7733698176.629691,227953551.6902988,0.9713685602599952,3792739894.7861786,0.98480471563062,689952178.055161,0.0,0.0,6647304.048243903,0.0,1.0,1.0,0.0,690380388.5691833,428210.5155017376,0.0,8ccfffde5a8d9bda0ca8c1bb360e79c44dc9b5badb54063bbd4250f5e44ce213
ic_r1,edge_off,final_first,50,rule,0.9212846670764326,30,3858793709.047029,269010015.87479836,7951417191.819748,7763835028.02135,187582163.7983984,0.9764089646822482,3804991705.8720694,0.9875470789493571,689952178.053682,0.0,0.0,5399538.359718198,0.0,1.0,1.0,0.0,690249020.8486767,296842.7949950695,0.0,74792b3562f36a10dfb254ada0e7dc8af4ddfbdd299d6e1674b33e6774feb215
ic_r1,edge_off,final_first,50,demand_tracking,0.9212846670764326,30,3859489217.0851173,505772779.74758786,7951417191.819748,7616239429.866969,335177761.95277894,0.957846789588955,3758334661.1356,0.9771045332923208,689952533.4508574,0.0,0.0,10224255.984700803,0.0,1.0,1.0,0.0,690817688.9677196,865510.9140380621,0.0,74792b3562f36a10dfb254ada0e7dc8af4ddfbdd299d6e1674b33e6774feb215
ic_r1,edge_off,final_first,50,buffered_smoothing,0.9212846670764326,30,3858877961.208021,311695424.8637268,7951417191.819748,7736663302.290803,214753889.52894545,0.9729917467102746,3796538876.235276,0.9856400942843837,689952178.0550758,0.0,0.0,6264134.869025744,0.0,1.0,1.0,0.0,690355705.3185652,403527.2648836374,0.0,74792b3562f36a10dfb254ada0e7dc8af4ddfbdd299d6e1674b33e6774feb215
ic_r1,edge_off,final_first,51,rule,1.0526808585011613,30,3858814851.4607453,307376975.4088409,7975280334.838077,7760646780.703681,214633554.13439578,0.9730876476909757,3797339456.378977,0.9858551897585487,689952178.0536821,0.0,0.0,6169635.595972173,0.0,1.0,1.0,0.0,690291357.3968773,339179.3431956768,0.0,77e9ded692221aedcab44b59d8eee871d30c25e3a4dfc9707bd12083bb0bc316
ic_r1,edge_off,final_first,51,demand_tracking,1.0526808585011613,30,3859609554.7970686,577907505.7015358,7975280334.838077,7593136778.259984,382143556.57809293,0.9520839969839315,3744028053.6567616,0.9740702663306762,689952584.138595,0.0,0.0,11682467.91913404,0.0,1.0,1.0,0.0,690941130.5507668,988952.4970853329,0.0,77e9ded692221aedcab44b59d8eee871d30c25e3a4dfc9707bd12083bb0bc316
ic_r1,edge_off,final_first,51,buffered_smoothing,1.0526808585011613,30,3858911119.9001684,356150296.60448235,7975280334.838077,7729742429.549911,245537905.2881664,0.9692126301547555,3787681060.579272,0.9836995668018289,689952178.0552746,0.0,0.0,7157543.273371374,0.0,1.0,1.0,0.0,690413257.5037221,461079.45004045963,0.0,77e9ded692221aedcab44b59d8eee871d30c25e3a4dfc9707bd12083bb0bc316
ic_r1,private_investment_off,proportional,42,rule,1.0065049171299387,30,3858645468.9696703,361169400.9690458,9411468190.106182,9136048241.526926,275419948.57925653,0.9707357084977675,3786411588.7758613,0.983515407740402,689952178.053682,0.07712145149707794,0.0,0.0,0.0,1.0,0.9999999953257159,0.0,689952178.053682,2.384185791015625e-07,0.0,bde7a27636cc7b3566067a80e8cd9fe18cf6a24205241f6023a4bafdb562ae36
ic_r1,private_investment_off,proportional,42,demand_tracking,1.0065049171299387,30,3858645468.9696703,593972533.6872525,9411468190.106182,8976077875.115301,435390314.9908816,0.9537383215672358,3739850962.2322197,0.9734778086740046,689952178.053682,1615.5519945833366,0.0,0.0,0.0,1.0,0.9999999409891579,0.0,689952178.053682,4.76837158203125e-07,0.0,bde7a27636cc7b3566067a80e8cd9fe18cf6a24205241f6023a4bafdb562ae36
ic_r1,private_investment_off,proportional,42,buffered_smoothing,1.0065049171299387,30,3858645468.9696703,407657034.3474634,9411468190.106182,9103582302.450998,307885887.655185,0.9672860937915245,3777114062.100178,0.981487098827261,689952178.053682,2.4556393538368866,0.0,0.0,0.0,1.0,0.9999999887953506,0.0,689952178.053682,2.384185791015625e-07,0.0,bde7a27636cc7b3566067a80e8cd9fe18cf6a24205241f6023a4bafdb562ae36
ic_r1,private_investment_off,proportional,43,rule,1.0175058076979606,30,3858645468.9696703,365116907.8206851,9413990451.551601,9135577731.367104,278412720.18449754,0.9704256423864749,3785622087.4055333,0.9833452665634035,689952178.053682,0.07796437665820122,0.0,0.0,0.0,1.0,0.9999999952763236,0.0,689952178.053682,2.384185791015625e-07,0.0,b3fd7294956d15599d47fb3b7c64ddc85867137c8b5c7185367255d373372048
ic_r1,private_investment_off,proportional,43,demand_tracking,1.0175058076979606,30,3858645468.9696703,600464530.6286454,9413990451.551601,8973956462.371964,440033989.1796387,0.9532574425856665,3738552562.843941,0.9732099264138259,689952178.053682,1633.2096437307773,0.0,0.0,0.0,1.0,0.9999999404036449,0.0,689952178.053682,4.76837158203125e-07,0.0,b3fd7294956d15599d47fb3b7c64ddc85867137c8b5c7185367255d373372048
ic_r1,private_investment_off,proportional,43,buffered_smoothing,1.0175058076979606,30,3858645468.9696703,412112641.41685486,9413990451.551601,9102772678.179003,311217773.37259835,0.9669409295692132,3776222940.6862993,0.9812969768917343,689952178.053682,2.482478984107729,0.0,0.0,0.0,1.0,0.9999999886787172,0.0,689952178.053682,2.384185791015625e-07,0.0,b3fd7294956d15599d47fb3b7c64ddc85867137c8b5c7185367255d373372048
ic_r1,private_investment_off,proportional,44,rule,0.9711543472663869,30,3858645468.9696703,348484371.8904599,9403363084.534132,9137562331.99597,265800752.53816232,0.971733437266149,3788948594.5915785,0.9840635304745103,689952178.053682,0.07441278640180826,0.0,0.0,0.0,1.0,0.9999999954846717,0.0,689952178.053682,2.384185791015625e-07,0.0,64c197662df269c8021e8723c54c15c88bb2fae8cbb00c937681c38f2ff64f81
ic_r1,private_investment_off,proportional,44,demand_tracking,0.9711543472663869,30,3858645468.9696703,573110968.8883277,9403363084.534132,8982908949.66989,420454134.86424285,0.9552868339673313,3744023275.1920047,0.9743415905673566,689952178.053682,1558.8104102333891,0.0,0.0,0.0,1.0,0.999999942878117,0.0,689952178.053682,4.76837158203125e-07,0.0,64c197662df269c8021e8723c54c15c88bb2fae8cbb00c937681c38f2ff64f81
ic_r1,private_investment_off,proportional,44,buffered_smoothing,0.9711543472663869,30,3858645468.9696703,393339261.59764636,9403363084.534132,9106188015.529892,297175069.0042398,0.9683969377410292,3779977616.6501412,0.9820997208211767,689952178.053682,2.3693921313388273,0.0,0.0,0.0,1.0,0.9999999891709318,0.0,689952178.053682,2.384185791015625e-07,0.0,64c197662df269c8021e8723c54c15c88bb2fae8cbb00c937681c38f2ff64f81
ic_r1,private_investment_off,proportional,45,rule,0.9996109713143555,30,3858645468.9696703,358695610.4905782,9409887560.462616,9136343257.291594,273544303.1710226,0.9709301198963982,3786906346.871555,0.9836221345900921,689952178.053682,0.07659321092069149,0.0,0.0,0.0,1.0,0.9999999953566865,0.0,689952178.053682,2.384185791015625e-07,0.0,4cc1d0e2fac5abb3ec87a9e02697bdaecd034d62236f4e48d98037cee9aeb3d6
ic_r1,private_investment_off,proportional,45,demand_tracking,0.9996109713143555,30,3858645468.9696703,589904183.5048593,9409887560.462616,8977408358.664457,432479201.79816043,0.9540399182222644,3740664632.268698,0.9736459053327248,689952178.053682,1604.4864471451729,0.0,0.0,0.0,1.0,0.9999999413566414,0.0,689952178.053682,4.76837158203125e-07,0.0,4cc1d0e2fac5abb3ec87a9e02697bdaecd034d62236f4e48d98037cee9aeb3d6
ic_r1,private_investment_off,proportional,45,buffered_smoothing,0.9996109713143555,30,3858645468.9696703,404864831.88694656,9409887560.462616,9104089974.058374,305797586.40424216,0.9675025249303608,3777672502.592281,0.9816063690186602,689952178.053682,2.4388197194202803,0.0,0.0,0.0,1.0,0.9999999888685006,0.0,689952178.053682,2.384185791015625e-07,0.0,4cc1d0e2fac5abb3ec87a9e02697bdaecd034d62236f4e48d98037cee9aeb3d6
ic_r1,private_investment_off,proportional,46,rule,0.9784653580164804,30,3858645468.9696703,351107819.95131826,9405039337.963614,9137248926.76379,267790411.19982392,0.9715269227935196,3788423904.979407,0.9839499969105607,689952178.053682,0.07497297320514917,0.0,0.0,0.0,1.0,0.9999999954517677,0.0,689952178.053682,2.384185791015625e-07,0.0,aae9860556e7002d33c35e339850baa4fe22e0dfd7077586d6feb486feb72527
ic_r1,private_investment_off,proportional,46,demand_tracking,0.9784653580164804,30,3858645468.9696703,577425443.1697159,9405039337.963614,8981494413.553518,423544924.4100958,0.95496617194354,3743160380.335727,0.9741625762318787,689952178.053682,1570.5453931437805,0.0,0.0,0.0,1.0,0.9999999424865149,0.0,689952178.053682,4.76837158203125e-07,0.0,aae9860556e7002d33c35e339850baa4fe22e0dfd7077586d6feb486feb72527
ic_r1,private_investment_off,proportional,46,buffered_smoothing,0.9784653580164804,30,3858645468.9696703,396300384.8984008,9405039337.963614,9105648607.136482,299390730.82713234,0.9681669879233109,3779385391.98999,0.9819728111412732,689952178.053682,2.3872292987070978,0.0,0.0,0.0,1.0,0.999999989093157,0.0,689952178.053682,2.384185791015625e-07,0.0,aae9860556e7002d33c35e339850baa4fe22e0dfd7077586d6feb486feb72527
ic_r1,private_investment_off,proportional,47,rule,1.021450627152114,30,3858645468.9696703,366532447.92877555,9414894911.60025,9135409087.09834,279485824.5019128,0.9703145040782609,3785338979.3839154,0.9832843052204515,689952178.053682,0.07826664112508297,0.0,0.0,0.0,1.0,0.9999999952586203,0.0,689952178.053682,2.384185791015625e-07,0.0,cf4e945d3c67a03fbdf8a0995c3771d73a9cebedc924c7c19ca411872aa5aaf1
ic_r1,private_investment_off,proportional,47,demand_tracking,1.021450627152114,30,3858645468.9696703,602792501.775377,9414894911.60025,8973196245.227783,441698666.37246877,0.9530851198531974,3738086968.614595,0.9731139723895212,689952178.053682,1639.5415163759608,0.0,0.0,0.0,1.0,0.9999999401939518,0.0,689952178.053682,4.76837158203125e-07,0.0,cf4e945d3c67a03fbdf8a0995c3771d73a9cebedc924c7c19ca411872aa5aaf1
ic_r1,private_investment_off,proportional,47,buffered_smoothing,1.021450627152114,30,3858645468.9696703,413710381.64876723,9414894911.60025,9102482498.59951,312412413.00074124,0.9668172171931722,3775903392.639917,0.9812288611082483,689952178.053682,2.492103434575256,0.0,0.0,0.0,1.0,0.9999999886369222,0.0,689952178.053682,2.384185791015625e-07,0.0,cf4e945d3c67a03fbdf8a0995c3771d73a9cebedc924c7c19ca411872aa5aaf1
ic_r1,private_investment_off,proportional,48,rule,1.0723468389231177,30,3858645468.9696703,384795800.6497374,9426564289.808685,9133236813.117748,293327476.69093734,0.9688828858879092,3781686308.8397226,0.9825001254625505,689952178.053682,0.08216646034270525,0.0,0.0,0.0,1.0,0.9999999950306143,0.0,689952178.053682,2.384185791015625e-07,0.0,49c9f352eee8361b616940f26cba19b0314a1eb8dd84ce0bd130133bbb37ab63
ic_r1,private_investment_off,proportional,48,demand_tracking,1.0723468389231177,30,3858645468.9696703,632828074.7231085,9426564289.808685,8963411428.936867,463152860.87181914,0.9508672675820452,3732079854.0250487,0.9718809668574092,689952178.053682,1721.2355797174387,0.0,0.0,0.0,1.0,0.9999999375009745,0.0,689952178.053682,4.76837158203125e-07,0.0,49c9f352eee8361b616940f26cba19b0314a1eb8dd84ce0bd130133bbb37ab63
ic_r1,private_investment_off,proportional,48,buffered_smoothing,1.0723468389231177,30,3858645468.9696703,434324487.34956443,9426564289.808685,9098745352.704325,327818937.10436195,0.9652239217782904,3771780571.4997573,0.9803528676205193,689952178.053682,2.6162784267798997,0.0,0.0,0.0,1.0,0.9999999880990096,0.0,689952178.053682,2.384185791015625e-07,0.0,49c9f352eee8361b616940f26cba19b0314a1eb8dd84ce0bd130133bbb37ab63
ic_r1,private_investment_off,proportional,49,rule,0.9776384808257907,30,3858645468.9696703,350811107.3028714,9404849753.270876,9137284365.89931,267565387.37156868,0.9715502751887651,3788483247.509096,0.9839628330317925,689952178.053682,0.07490963395684958,0.0,0.0,0.0,1.0,0.9999999954554885,0.0,689952178.053682,2.384185791015625e-07,0.0,35a1996b78f607a5e0c528764f81bf0e9e92af3115301d57e5b386ff5aef860c
ic_r1,private_investment_off,proportional,49,demand_tracking,0.9776384808257907,30,3858645468.9696703,576937475.0220764,9404849753.270876,8981654351.426048,423195401.8448284,0.9550024282208606,3743257973.965255,0.9741828130542184,689952178.053682,1569.2181635545567,0.0,0.0,0.0,1.0,0.9999999425307805,0.0,689952178.053682,4.76837158203125e-07,0.0,35a1996b78f607a5e0c528764f81bf0e9e92af3115301d57e5b386ff5aef860c
ic_r1,private_investment_off,proportional,49,buffered_smoothing,0.9776384808257907,30,3858645468.9696703,395965481.1164226,9404849753.270876,9105709600.982834,299140152.28804314,0.9681929897727494,3779452372.746386,0.981987159140527,689952178.053682,2.3852119072689675,0.0,0.0,0.0,1.0,0.9999999891019508,0.0,689952178.053682,2.384185791015625e-07,0.0,35a1996b78f607a5e0c528764f81bf0e9e92af3115301d57e5b386ff5aef860c
ic_r1,private_investment_off,proportional,50,rule,0.9212846670764326,30,3858645468.9696703,330589374.84257215,9391929067.364277,9139703921.189247,252225146.17503113,0.9731444792261603,3792527594.001156,0.98484039265964,689952178.053682,0.07059161644428968,0.0,0.0,0.0,1.0,0.9999999957095306,0.0,689952178.053682,2.384185791015625e-07,0.0,eeaf5d82eaf3ce2e16cc10e398be7d6ae043108ee4d97045a449ea876a5e0a2f
ic_r1,private_investment_off,proportional,50,demand_tracking,0.9212846670764326,30,3858645468.9696703,543681186.8848124,9391929067.364277,8992582715.388083,399346351.9761947,0.957479837303726,3749909231.5927076,0.9755678856666151,689952178.053682,1478.7640439168317,0.0,0.0,0.0,1.0,0.9999999455625096,0.0,689952178.053682,4.76837158203125e-07,0.0,eeaf5d82eaf3ce2e16cc10e398be7d6ae043108ee4d97045a449ea876a5e0a2f
ic_r1,private_investment_off,proportional,50,buffered_smoothing,0.9212846670764326,30,3858645468.9696703,373140924.1889306,9391929067.364277,9109874594.656578,282054472.7076985,0.9699684196202246,3784017284.131884,0.9829683385575977,689952178.053682,2.247721620311495,0.0,0.0,0.0,1.0,0.9999999897028329,0.0,689952178.053682,2.384185791015625e-07,0.0,eeaf5d82eaf3ce2e16cc10e398be7d6ae043108ee4d97045a449ea876a5e0a2f
ic_r1,private_investment_off,proportional,51,rule,1.0526808585011613,30,3858645468.9696703,377738954.4807986,9422055314.476376,9134075382.588589,287979931.88778675,0.969435550707782,3783097678.0735106,0.982802612522701,689952178.053682,0.08065960928797722,0.0,0.0,0.0,1.0,0.9999999951186263,0.0,689952178.053682,2.384185791015625e-07,0.0,8b511d53dbded85c5ebad7ac76c3369a7b2344e4805f889774084fa5da4f63d4
ic_r1,private_investment_off,proportional,51,demand_tracking,1.0526808585011613,30,3858645468.9696703,621222515.7041,9422055314.476376,8967187070.761099,454868243.7152777,0.9517230340373399,3734400965.8288503,0.9723562961831861,689952178.053682,1689.6695005276124,0.0,0.0,0.0,1.0,0.9999999385387887,0.0,689952178.053682,4.76837158203125e-07,0.0,8b511d53dbded85c5ebad7ac76c3369a7b2344e4805f889774084fa5da4f63d4
ic_r1,private_investment_off,proportional,51,buffered_smoothing,1.0526808585011613,30,3858645468.9696703,426359324.8154256,9422055314.476376,9100187882.988537,321867431.48783886,0.9658389363313002,3773373604.006585,0.980690722768365,689952178.053682,2.5682979783741757,0.0,0.0,0.0,1.0,0.9999999883065633,0.0,689952178.053682,2.384185791015625e-07,0.0,8b511d53dbded85c5ebad7ac76c3369a7b2344e4805f889774084fa5da4f63d4
ic_r1,private_investment_off,intermediate_first,42,rule,1.0065049171299387,30,3858645468.9696703,394479497.1217537,10215646008.238897,9903957369.18318,311688639.05571735,0.9694890916536907,3779749569.5453196,0.9820907483588255,689952178.053682,0.0,0.0,0.0,0.0,1.0,0.9999999950986046,0.0,689952178.053682,2.384185791015625e-07,0.0,5e72fe100f9bc8938509de6c14fd72e29826cb9a01b4826725af45e86fb3a8b6
ic_r1,private_investment_off,intermediate_first,42,demand_tracking,1.0065049171299387,30,3858645468.9696703,606922685.2513758,10215646008.238897,9752420172.987837,463225835.25106,0.9546552577411679,3737260931.919395,0.9730095687125412,689952178.053682,577.5458084156271,0.0,0.0,0.0,1.0,0.999999946427994,0.0,689952178.053682,4.76837158203125e-07,0.0,5e72fe100f9bc8938509de6c14fd72e29826cb9a01b4826725af45e86fb3a8b6
ic_r1,private_investment_off,intermediate_first,42,buffered_smoothing,1.0065049171299387,30,3858645468.9696703,439137338.6943122,10215646008.238897,9871644274.511948,344001733.72694916,0.9663259931433105,3770818001.230808,0.9801601019806045,689952178.053682,1.2696241943631321,0.0,0.0,0.0,1.0,0.9999999886823836,0.0,689952178.053682,3.5762786865234375e-07,0.0,5e72fe100f9bc8938509de6c14fd72e29826cb9a01b4826725af45e86fb3a8b6
ic_r1,private_investment_off,intermediate_first,43,rule,1.0175058076979606,30,3858645468.9696703,398791076.4347881,10218446211.46329,9903394267.057058,315051944.4062315,0.969168312100836,3778887253.6827126,0.9819068905380635,689952178.053682,0.0,0.0,0.0,0.0,1.0,0.9999999950470271,0.0,689952178.053682,2.384185791015625e-07,0.0,58d321baf90c4de002d7cffe60e28016ca69dc321130c9d60d9aa35e85b41d3c
ic_r1,private_investment_off,intermediate_first,43,demand_tracking,1.0175058076979606,30,3858645468.9696703,613556224.6708745,10218446211.46329,9750296030.166029,468150181.2972611,0.9541857762316076,3735934224.0354953,0.9727380735936468,689952178.053682,583.8582646572031,0.0,0.0,0.0,1.0,0.9999999458975378,0.0,689952178.053682,4.76837158203125e-07,0.0,58d321baf90c4de002d7cffe60e28016ca69dc321130c9d60d9aa35e85b41d3c
ic_r1,private_investment_off,intermediate_first,43,buffered_smoothing,1.0175058076979606,30,3858645468.9696703,443937018.9791185,10218446211.46329,9870744917.575579,347701293.88771003,0.9659731737396973,3769858065.1738467,0.9799574054433059,689952178.053682,1.2835009213304147,0.0,0.0,0.0,1.0,0.9999999885652289,0.0,689952178.053682,3.5762786865234375e-07,0.0,58d321baf90c4de002d7cffe60e28016ca69dc321130c9d60d9aa35e85b41d3c
ic_r1,private_investment_off,intermediate_first,44,rule,0.9711543472663869,30,3858645468.9696703,380624547.3743212,10206647756.769716,9905771897.901096,300875858.8686204,0.9705215790689887,3782520559.4948063,0.9826831961534648,689952178.053682,0.0,0.0,0.0,0.0,1.0,0.9999999952646363,0.0,689952178.053682,2.384185791015625e-07,0.0,b966804684616aaa828578ab16cbce872047c1faafd7ae9afea2bc464f20f5fe
ic_r1,private_investment_off,intermediate_first,44,demand_tracking,0.9711543472663869,30,3858645468.9696703,585606283.8889934,10206647756.769716,9759262448.741077,447385308.02864,0.9561672628770888,3741524212.1918716,0.9738851515330352,689952178.053682,557.2611847631051,0.0,0.0,0.0,1.0,0.9999999481394231,0.0,689952178.053682,4.76837158203125e-07,0.0,b966804684616aaa828578ab16cbce872047c1faafd7ae9afea2bc464f20f5fe
ic_r1,private_investment_off,intermediate_first,44,buffered_smoothing,0.9711543472663869,30,3858645468.9696703,423713911.63796556,10206647756.769716,9874541344.505398,332106412.2643195,0.9674617543214379,3773902686.642077,0.9808133867372442,689952178.053682,1.225032317219302,0.0,0.0,0.0,1.0,0.9999999890597304,0.0,689952178.053682,3.5762786865234375e-07,0.0,b966804684616aaa828578ab16cbce872047c1faafd7ae9afea2bc464f20f5fe
ic_r1,private_investment_off,intermediate_first,45,rule,0.9996109713143555,30,3858645468.9696703,391777552.7673524,10213891200.372915,9904310626.616442,309580573.75647396,0.9696902416832901,3780289958.4161997,0.9822060896340373,689952178.053682,0.0,0.0,0.0,0.0,1.0,0.9999999951309475,0.0,689952178.053682,2.384185791015625e-07,0.0,e41cae80625b0baf85f8b58d296fc07298ac0b4e4d4f1f33a5c2bdef6667fdd2
ic_r1,private_investment_off,intermediate_first,45,demand_tracking,0.9996109713143555,30,3858645468.9696703,602765634.4161924,10213891200.372915,9753752548.595423,460138651.7774926,0.954949720654877,3738092342.0864315,0.9731799437910755,689952178.053682,573.589971290261,0.0,0.0,0.0,1.0,0.9999999467609288,0.0,689952178.053682,4.76837158203125e-07,0.0,e41cae80625b0baf85f8b58d296fc07298ac0b4e4d4f1f33a5c2bdef6667fdd2
ic_r1,private_investment_off,intermediate_first,45,buffered_smoothing,0.9996109713143555,30,3858645468.9696703,436129515.31756127,10213891200.372915,9872208403.88961,341682796.4833043,0.9665472453367401,3771419565.906158,0.9802872714768429,689952178.053682,1.2609280400793068,0.0,0.0,0.0,1.0,0.9999999887558673,0.0,689952178.053682,3.5762786865234375e-07,0.0,e41cae80625b0baf85f8b58d296fc07298ac0b4e4d4f1f33a5c2bdef6667fdd2
ic_r1,private_investment_off,intermediate_first,46,rule,0.9784653580164804,30,3858645468.9696703,383489952.0233216,10208508725.7294,9905395991.402557,303112734.326844,0.9703078341341981,3781947478.5650063,0.9825604644339585,689952178.053682,0.0,0.0,0.0,0.0,1.0,0.9999999952302526,0.0,689952178.053682,2.384185791015625e-07,0.0,89f413e42f41cfa9bb0f6c43728bea066f78f77ddb77c0324f4cb1e6fb8d4d70
ic_r1,private_investment_off,intermediate_first,46,demand_tracking,0.9784653580164804,30,3858645468.9696703,590014824.9709392,10208508725.7294,9757845288.51685,450663437.21255285,0.9558541360623316,3740642503.9754825,0.9737036725363398,689952178.053682,561.4563392520067,0.0,0.0,0.0,1.0,0.9999999477846132,0.0,689952178.053682,4.76837158203125e-07,0.0,89f413e42f41cfa9bb0f6c43728bea066f78f77ddb77c0324f4cb1e6fb8d4d70
ic_r1,private_investment_off,intermediate_first,46,buffered_smoothing,0.9784653580164804,30,3858645468.9696703,426903700.13211054,10208508725.7294,9873941299.42548,334567426.3039217,0.9672266111248276,3773264728.9432483,0.9806780353636638,689952178.053682,1.234254562703427,0.0,0.0,0.0,1.0,0.9999999889815793,0.0,689952178.053682,3.5762786865234375e-07,0.0,89f413e42f41cfa9bb0f6c43728bea066f78f77ddb77c0324f4cb1e6fb8d4d70
ic_r1,private_investment_off,intermediate_first,47,rule,1.021450627152114,30,3858645468.9696703,400337169.6212457,10219450338.909777,9903192523.280209,316257815.6295696,0.9690533438549586,3778578035.045421,0.9818410193999852,689952178.053682,0.0,0.0,0.0,0.0,1.0,0.9999999950285419,0.0,689952178.053682,2.384185791015625e-07,0.0,178ab7615b99e31d51f1390ef431a96747e7e3fbc8ceee847eb972a21dcfa644
ic_r1,private_investment_off,intermediate_first,47,demand_tracking,1.021450627152114,30,3858645468.9696703,615934951.6648506,10219450338.909777,9749534920.04685,469915418.8629277,0.9540175446546514,3735458478.6367,0.9726408308654947,689952178.053682,586.1218541392591,0.0,0.0,0.0,1.0,0.9999999457075656,0.0,689952178.053682,4.76837158203125e-07,0.0,178ab7615b99e31d51f1390ef431a96747e7e3fbc8ceee847eb972a21dcfa644
ic_r1,private_investment_off,intermediate_first,47,buffered_smoothing,1.021450627152114,30,3858645468.9696703,445658140.74140996,10219450338.909777,9870422667.568434,349027671.3413441,0.9658467275864685,3769513840.8213882,0.9798847896581246,689952178.053682,1.2884769918746315,0.0,0.0,0.0,1.0,0.9999999885232498,0.0,689952178.053682,3.5762786865234375e-07,0.0,178ab7615b99e31d51f1390ef431a96747e7e3fbc8ceee847eb972a21dcfa644
ic_r1,private_investment_off,intermediate_first,48,rule,1.0723468389231177,30,3858645468.9696703,420284923.1623602,10232405629.704576,9900598005.599215,331807624.10536116,0.967572862520019,3774588484.3371983,0.9809939106358436,689952178.053682,0.0,0.0,0.0,0.0,1.0,0.9999999947905129,0.0,689952178.053682,2.384185791015625e-07,0.0,d1e899c8d01487ba4cf49ccb9ab7dd7a407fd1f2a156e8f6c4b20ed813256f3f
ic_r1,private_investment_off,intermediate_first,48,demand_tracking,1.0723468389231177,30,3858645468.9696703,646625378.4987944,10232405629.704576,9739742571.841293,492663057.86328334,0.9518526653758637,3729320393.2699113,0.9713915190689854,689952178.053682,615.3267723589088,0.0,0.0,0.0,1.0,0.9999999432680025,0.0,689952178.053682,4.76837158203125e-07,0.0,d1e899c8d01487ba4cf49ccb9ab7dd7a407fd1f2a156e8f6c4b20ed813256f3f
ic_r1,private_investment_off,intermediate_first,48,buffered_smoothing,1.0723468389231177,30,3858645468.9696703,467864119.6753968,10232405629.704576,9866276728.18868,366128901.5158954,0.9642186876903094,3765072645.034591,0.9789511666773923,689952178.053682,1.3526784429559484,0.0,0.0,0.0,1.0,0.999999987983116,0.0,689952178.053682,3.5762786865234375e-07,0.0,d1e899c8d01487ba4cf49ccb9ab7dd7a407fd1f2a156e8f6c4b20ed813256f3f
ic_r1,private_investment_off,intermediate_first,49,rule,0.9776384808257907,30,3858645468.9696703,383165874.0254766,10208298249.66283,9905438489.801497,302859759.86133236,0.9703320031944269,3782012294.164575,0.9825743400535524,689952178.053682,0.0,0.0,0.0,0.0,1.0,0.9999999952341387,0.0,689952178.053682,2.384185791015625e-07,0.0,06f7e2be876a96fdbcd6a8d65c6721ea6725a67724fefacff650dd1e9b91ebe7
ic_r1,private_investment_off,intermediate_first,49,demand_tracking,0.9776384808257907,30,3858645468.9696703,589516217.8440342,10208298249.66283,9758005515.060131,450292734.60269773,0.9558895397068192,3740742225.4008636,0.9737241874807562,689952178.053682,560.9818661945174,0.0,0.0,0.0,1.0,0.9999999478247195,0.0,689952178.053682,4.76837158203125e-07,0.0,06f7e2be876a96fdbcd6a8d65c6721ea6725a67724fefacff650dd1e9b91ebe7
ic_r1,private_investment_off,intermediate_first,49,buffered_smoothing,0.9776384808257907,30,3858645468.9696703,426542934.2354261,10208298249.66283,9874009141.29464,334289108.3681893,0.9672531992901724,3773336882.1225853,0.9806933372810093,689952178.053682,1.2332115395693108,0.0,0.0,0.0,1.0,0.9999999889904153,0.0,689952178.053682,3.5762786865234375e-07,0.0,06f7e2be876a96fdbcd6a8d65c6721ea6725a67724fefacff650dd1e9b91ebe7
ic_r1,private_investment_off,intermediate_first,50,rule,0.9212846670764326,30,3858645468.9696703,361079122.38247126,10193953762.73316,9908345019.334917,285608743.3982433,0.9719825349372915,3786429644.493176,0.9835232363936808,689952178.053682,0.0,0.0,0.0,0.0,1.0,0.9999999954995609,0.0,689952178.053682,2.384185791015625e-07,0.0,839d9635bb97d2c6068cb5e4fd152fab5059a6f5b82e213cbdd8f4565791ab05
ic_r1,private_investment_off,intermediate_first,50,demand_tracking,0.9212846670764326,30,3858645468.9696703,555534855.8230258,10193953762.73316,9768958508.47368,424995254.2594783,0.9583090855470457,3747538497.805065,0.9751285971426316,689952178.053682,528.6453039239859,0.0,0.0,0.0,1.0,0.9999999505717839,0.0,689952178.053682,4.76837158203125e-07,0.0,839d9635bb97d2c6068cb5e4fd152fab5059a6f5b82e213cbdd8f4565791ab05
ic_r1,private_investment_off,intermediate_first,50,buffered_smoothing,0.9212846670764326,30,3858645468.9696703,401955807.6610859,10193953762.73316,9878646933.925406,315306828.80775326,0.9690692310219763,3778254307.4374533,0.9817400364850973,689952178.053682,1.162125756207388,0.0,0.0,0.0,1.0,0.9999999895943578,0.0,689952178.053682,3.5762786865234375e-07,0.0,839d9635bb97d2c6068cb5e4fd152fab5059a6f5b82e213cbdd8f4565791ab05
ic_r1,private_investment_off,intermediate_first,51,rule,1.0526808585011613,30,3858645468.9696703,412577234.96806747,10227399785.727865,9901598678.310762,325801107.41710293,0.9681442874784506,3776130021.976057,0.9813206215319392,689952178.053682,0.0,0.0,0.0,0.0,1.0,0.9999999948823828,0.0,689952178.053682,2.384185791015625e-07,0.0,5f776b4c5fb3eeeab7ed37f5a7463185e1bf8f65c174e1568541ed798aee6253
ic_r1,private_investment_off,intermediate_first,51,demand_tracking,1.0526808585011613,30,3858645468.9696703,634766788.0014619,10227399785.727865,9743520255.720226,483879530.0076397,0.9526879226249781,3731692111.369378,0.9718730788213494,689952178.053682,604.0421731518,0.0,0.0,0.0,1.0,0.9999999442081249,0.0,689952178.053682,4.76837158203125e-07,0.0,5f776b4c5fb3eeeab7ed37f5a7463185e1bf8f65c174e1568541ed798aee6253
ic_r1,private_investment_off,intermediate_first,51,buffered_smoothing,1.0526808585011613,30,3858645468.9696703,459283867.2013817,10227399785.727865,9867876127.15707,359523658.57079524,0.9648470123293211,3766788695.529394,0.9793111952840338,689952178.053682,1.3278713974286802,0.0,0.0,0.0,1.0,0.9999999881914952,0.0,689952178.053682,3.5762786865234375e-07,0.0,5f776b4c5fb3eeeab7ed37f5a7463185e1bf8f65c174e1568541ed798aee6253
ic_r1,private_investment_off,final_first,42,rule,1.0065049171299387,30,3858645468.9696703,295376005.5692068,7966894223.482797,7760771263.673757,206122959.80904067,0.9741275641389234,3799570267.855829,0.9863762826829876,689952178.053682,0.16651407349854708,0.0,0.0,0.0,1.0,0.9999999958823371,0.0,689952178.053682,3.5762786865234375e-07,0.0,b7a1de727a6851e21dc8274647231e1167d618a11b5f6639fca2a4b3a17ec8dd
ic_r1,private_investment_off,final_first,42,demand_tracking,1.0065049171299387,30,3858645468.9696703,562895868.483227,7966894223.482797,7594411312.436673,372482911.0461235,0.9532461583400703,3746066295.2730246,0.9746357267272938,689952178.053682,9560.61857486819,0.0,0.0,0.0,1.0,0.9999999308891643,0.0,689952178.053682,4.76837158203125e-07,0.0,b7a1de727a6851e21dc8274647231e1167d618a11b5f6639fca2a4b3a17ec8dd
ic_r1,private_investment_off,final_first,42,buffered_smoothing,1.0065049171299387,30,3858645468.9696703,342948684.51768917,7966894223.482797,7730550133.203362,236344090.27943447,0.9703342251510257,3790055732.0661325,0.9842623761639206,689952178.053682,7.804703278641682,0.0,0.0,0.0,1.0,0.9999999893514991,0.0,689952178.053682,3.5762786865234375e-07,0.0,b7a1de727a6851e21dc8274647231e1167d618a11b5f6639fca2a4b3a17ec8dd
ic_r1,private_investment_off,final_first,43,rule,1.0175058076979606,30,3858645468.9696703,298604404.21722555,7968892118.719388,7760492624.7401495,208399493.97923896,0.9738483730392464,3798924588.126225,0.9862341788693475,689952178.053682,0.16833404917269945,0.0,0.0,0.0,1.0,0.999999995838497,0.0,689952178.053682,3.5762786865234375e-07,0.0,dcc35cffa68c16bc112764feab11a2ab1722973e4d20fc40ec9b81c750d3bb5a
ic_r1,private_investment_off,final_first,43,demand_tracking,1.0175058076979606,30,3858645468.9696703,569048203.90155,7968892118.719388,7592406695.135066,376485423.58432245,0.9527556129540347,3744835828.18936,0.9743771862534015,689952178.053682,9665.114158439916,0.0,0.0,0.0,1.0,0.999999930200684,0.0,689952178.053682,4.76837158203125e-07,0.0,dcc35cffa68c16bc112764feab11a2ab1722973e4d20fc40ec9b81c750d3bb5a
ic_r1,private_investment_off,final_first,43,buffered_smoothing,1.0175058076979606,30,3858645468.9696703,346697042.70711964,7968892118.719388,7729952733.510322,238939385.20906633,0.9700159844493585,3789306060.4282465,0.9840990529696191,689952178.053682,7.890007098205388,0.0,0.0,0.0,1.0,0.9999999892395361,0.0,689952178.053682,3.5762786865234375e-07,0.0,dcc35cffa68c16bc112764feab11a2ab1722973e4d20fc40ec9b81c750d3bb5a
ic_r1,private_investment_off,final_first,44,rule,0.9711543472663869,30,3858645468.9696703,285001778.93287164,7960474130.972607,7761664027.158061,198810103.8145461,0.9750253438999299,3801645113.183096,0.9868338727103348,689952178.053682,0.1606657560914755,0.0,0.0,0.0,1.0,0.9999999960233784,0.0,689952178.053682,3.5762786865234375e-07,0.0,e8f3a639c57351b86ded553009480e1e09a9c0afa0d1a439c5ef4f77eed7aa16
ic_r1,private_investment_off,final_first,44,demand_tracking,0.9711543472663869,30,3858645468.9696703,543125781.5357488,7960474130.972607,7600862087.582824,359612043.3897836,0.9548252984089723,3750020312.6625204,0.9754690643363306,689952178.053682,9224.829539814498,0.0,0.0,0.0,1.0,0.9999999331100548,0.0,689952178.053682,4.76837158203125e-07,0.0,e8f3a639c57351b86ded553009480e1e09a9c0afa0d1a439c5ef4f77eed7aa16
ic_r1,private_investment_off,final_first,44,buffered_smoothing,0.9711543472663869,30,3858645468.9696703,330903605.32798517,7960474130.972607,7732468676.301452,228005454.67115593,0.9713578047086378,3792464747.904073,0.9847884091803837,689952178.053682,7.53058567707194,0.0,0.0,0.0,1.0,0.9999999897118914,0.0,689952178.053682,3.5762786865234375e-07,0.0,e8f3a639c57351b86ded553009480e1e09a9c0afa0d1a439c5ef4f77eed7aa16
ic_r1,private_investment_off,final_first,45,rule,0.9996109713143555,30,3858645468.9696703,293352859.7872428,7965642199.256112,7760945682.778092,204696516.47801977,0.9743025720516124,3799974897.012222,0.9864654065116397,689952178.053682,0.16537354700267315,0.0,0.0,0.0,1.0,0.9999999959098227,0.0,689952178.053682,3.5762786865234375e-07,0.0,f905fc8f7fb043d107cc4a70e48344397d88538951b3e31d2905a157c7098235
ic_r1,private_investment_off,final_first,45,demand_tracking,0.9996109713143555,30,3858645468.9696703,559040374.5347173,7965642199.256112,7595668231.176389,369973968.07972354,0.9535537802445766,3746837394.0627265,0.9747979372637481,689952178.053682,9495.134159149602,0.0,0.0,0.0,1.0,0.9999999313212536,0.0,689952178.053682,4.76837158203125e-07,0.0,f905fc8f7fb043d107cc4a70e48344397d88538951b3e31d2905a157c7098235
ic_r1,private_investment_off,final_first,45,buffered_smoothing,0.9996109713143555,30,3858645468.9696703,340599694.8522109,7965642199.256112,7730924420.510176,234717778.7459369,0.9705337281195161,3790525529.999228,0.9843648168120764,689952178.053682,7.751245794584975,0.0,0.0,0.0,1.0,0.9999999894217089,0.0,689952178.053682,3.5762786865234375e-07,0.0,f905fc8f7fb043d107cc4a70e48344397d88538951b3e31d2905a157c7098235
ic_r1,private_investment_off,final_first,46,rule,0.9784653580164804,30,3858645468.9696703,287147319.521182,7961801899.252998,7761479722.168178,200322177.08482167,0.9748395928937122,3801216005.065434,0.9867391174236605,689952178.053682,0.16187525540590286,0.0,0.0,0.0,1.0,0.9999999959941884,0.0,689952178.053682,3.5762786865234375e-07,0.0,02d92abac2e83028135290e09dc42ef63c946e0ff99c2cfc03eb5178bf207cf4
ic_r1,private_investment_off,final_first,46,demand_tracking,0.9784653580164804,30,3858645468.9696703,547214522.361178,7961801899.252998,7599526833.410754,362275065.8422447,0.954498357227874,3749202564.4974346,0.9752963997766417,689952178.053682,9294.27558422723,0.0,0.0,0.0,1.0,0.9999999326496724,0.0,689952178.053682,4.76837158203125e-07,0.0,02d92abac2e83028135290e09dc42ef63c946e0ff99c2cfc03eb5178bf207cf4
ic_r1,private_investment_off,final_first,46,buffered_smoothing,0.9784653580164804,30,3858645468.9696703,333394702.4667739,7961801899.252998,7732072041.009529,229729858.24346972,0.9711459967039593,3791966528.4763155,0.9846794667645528,689952178.053682,7.587277161655948,0.0,0.0,0.0,1.0,0.999999989637281,0.0,689952178.053682,3.5762786865234375e-07,0.0,02d92abac2e83028135290e09dc42ef63c946e0ff99c2cfc03eb5178bf207cf4
ic_r1,private_investment_off,final_first,47,rule,1.021450627152114,30,3858645468.9696703,299762078.6540102,7969608545.807534,7760392614.2036495,209215931.60388476,0.9737482800564974,3798693053.238868,0.9861832558213288,689952178.053682,0.16898666881024837,0.0,0.0,0.0,1.0,0.9999999958227822,0.0,689952178.053682,3.5762786865234375e-07,0.0,2401a941d658311f169f037b84991c8e706e55346a2cc699add5023f853a9110
ic_r1,private_investment_off,final_first,47,demand_tracking,1.021450627152114,30,3858645468.9696703,571254375.5107136,7969608545.807534,7591688182.857695,377920362.94983995,0.9525798085592739,3744394593.8675275,0.9742845669111184,689952178.053682,9702.585325760476,0.0,0.0,0.0,1.0,0.9999999299541055,0.0,689952178.053682,4.76837158203125e-07,0.0,2401a941d658311f169f037b84991c8e706e55346a2cc699add5023f853a9110
ic_r1,private_investment_off,final_first,47,buffered_smoothing,1.021450627152114,30,3858645468.9696703,348041169.91349137,7969608545.807534,7729738470.627826,239870075.17970917,0.9699018999740089,3789037234.986972,0.984040530022578,689952178.053682,7.920596238167491,0.0,0.0,0.0,1.0,0.999999989199409,0.0,689952178.053682,3.5762786865234375e-07,0.0,2401a941d658311f169f037b84991c8e706e55346a2cc699add5023f853a9110
ic_r1,private_investment_off,final_first,48,rule,1.0723468389231177,30,3858645468.9696703,314698438.60185057,7978851915.553744,7759097938.9098,219753976.64394498,0.9724579452069335,3795705781.2493,0.9855278535411518,689952178.053682,0.17740682605654,0.0,0.0,0.0,1.0,0.9999999956203077,0.0,689952178.053682,3.5762786865234375e-07,0.0,51de21e8489eee10f53faececb6f55f1943c094e9983ab104702bc338e17883b
ic_r1,private_investment_off,final_first,48,demand_tracking,1.0723468389231177,30,3858645468.9696703,599718486.1571274,7978851915.553744,7582433218.135908,396418697.4178366,0.9503163234994914,3738701771.7382445,0.9730938721590692,689952178.053682,10186.039762357948,0.0,0.0,0.0,1.0,0.9999999267870177,0.0,689952178.053682,4.76837158203125e-07,0.0,51de21e8489eee10f53faececb6f55f1943c094e9983ab104702bc338e17883b
ic_r1,private_investment_off,final_first,48,buffered_smoothing,1.0723468389231177,30,3858645468.9696703,365383150.639798,7978851915.553744,7726972165.631645,251879749.9220994,0.96843157980773,3785568838.8417106,0.9832875059443283,689952178.053682,8.315258823684417,0.0,0.0,0.0,1.0,0.9999999886827154,0.0,689952178.053682,3.5762786865234375e-07,0.0,51de21e8489eee10f53faececb6f55f1943c094e9983ab104702bc338e17883b
ic_r1,private_investment_off,final_first,49,rule,0.9776384808257907,30,3858645468.9696703,286904658.3304365,7961651728.31999,7761500575.843708,200151152.47628257,0.9748605993698098,3801264537.303583,0.9867498311534748,689952178.053682,0.16173846926540136,0.0,0.0,0.0,1.0,0.9999999959974893,0.0,689952178.053682,3.5762786865234375e-07,0.0,994014ca5403b9fd6ada365abeae2e65a18fc0b97baa2f7b26259828d0283c94
ic_r1,private_investment_off,final_first,49,demand_tracking,0.9776384808257907,30,3858645468.9696703,546752084.7252954,7961651728.31999,7599677821.09766,361973907.222331,0.9545353251342594,3749295052.024611,0.9753159198410444,689952178.053682,9286.42121881852,0.0,0.0,0.0,1.0,0.9999999327017135,0.0,689952178.053682,4.76837158203125e-07,0.0,994014ca5403b9fd6ada365abeae2e65a18fc0b97baa2f7b26259828d0283c94
ic_r1,private_investment_off,final_first,49,buffered_smoothing,0.9776384808257907,30,3858645468.9696703,333112958.7415536,7961651728.31999,7732116904.461104,229534823.8588862,0.9711699491900131,3792022877.2213597,0.984691784220267,689952178.053682,7.580865355092101,0.0,0.0,0.0,1.0,0.9999999896457173,0.0,689952178.053682,3.5762786865234375e-07,0.0,994014ca5403b9fd6ada365abeae2e65a18fc0b97baa2f7b26259828d0283c94
ic_r1,private_investment_off,final_first,50,rule,0.9212846670764326,30,3858645468.9696703,270366671.9396062,7951417191.819748,7762916489.776531,188500702.04321668,0.9762934458731278,3804572134.581749,0.9874818775132324,689952178.053682,0.15239033941179514,0.0,0.0,0.0,1.0,0.9999999962227858,0.0,689952178.053682,3.5762786865234375e-07,0.0,106ad0b1df8591e0fef6c57703b517c2814d5eb627792ec8e789edfbf5386a74
ic_r1,private_investment_off,final_first,50,demand_tracking,0.9212846670764326,30,3858645468.9696703,515235766.8286655,7951417191.819748,7609986076.296055,341431115.5236933,0.9570603444282926,3755598315.603937,0.9766512946622277,689952178.053682,8751.12595165195,0.0,0.0,0.0,1.0,0.9999999362654558,0.0,689952178.053682,4.76837158203125e-07,0.0,106ad0b1df8591e0fef6c57703b517c2814d5eb627792ec8e789edfbf5386a74
ic_r1,private_investment_off,final_first,50,buffered_smoothing,0.9212846670764326,30,3858645468.9696703,313911396.8196739,7951417191.819748,7735172071.798335,216245120.02141365,0.9728042039796526,3795863189.6057353,0.9855336366045288,689952178.053682,7.094690722646192,0.0,0.0,0.0,1.0,0.9999999902218891,0.0,689952178.053682,3.5762786865234375e-07,0.0,106ad0b1df8591e0fef6c57703b517c2814d5eb627792ec8e789edfbf5386a74
ic_r1,private_investment_off,final_first,51,rule,1.0526808585011613,30,3858645468.9696703,308927121.7967587,7975280334.838077,7759599138.760119,215681196.07795748,0.9729562865475956,3796860044.6103187,0.9857807434962154,689952178.053682,0.17415333446115255,0.0,0.0,0.0,1.0,0.9999999956984814,0.0,689952178.053682,3.5762786865234375e-07,0.0,e146e143d9cc296602226ebc250c542fde6b90e715a0554f3eff86a566baaae8
ic_r1,private_investment_off,final_first,51,demand_tracking,1.0526808585011613,30,3858645468.9696703,588720130.4205679,7975280334.838077,7586005921.33307,389274413.50500697,0.9511898770749718,3740901442.8855567,0.973553009130589,689952178.053682,9999.235967858403,0.0,0.0,0.0,1.0,0.9999999280076334,0.0,689952178.053682,4.76837158203125e-07,0.0,e146e143d9cc296602226ebc250c542fde6b90e715a0554f3eff86a566baaae8
ic_r1,private_investment_off,final_first,51,buffered_smoothing,1.0526808585011613,30,3858645468.9696703,358682316.8925647,7975280334.838077,7728041455.532215,247238879.3058613,0.9689993493738573,3786909005.5911574,0.9835780214625438,689952178.053682,8.16276363824727,0.0,0.0,0.0,1.0,0.9999999888821371,0.0,689952178.053682,3.5762786865234375e-07,0.0,e146e143d9cc296602226ebc250c542fde6b90e715a0554f3eff86a566baaae8
ic_g5,edge_off,proportional,42,uniform,1.0065049171299387,30,3851879040.165215,61782195.292998195,9180698823.625961,9136527513.964882,44171309.661079526,0.9951886767543875,3832628271.516059,0.9970262188830366,689952178.0536817,0.0,6894329.59055641,145237487.6849526,0.003116935977829802,0.9723784420597141,1.0,41397130.68322092,690040975.5799816,9046220.617054105,0.003116935977829802,49f862d59f32b3c96c704dfcc55d37f6bb1361eb9a3c9eda9c2c7ace005b3d07
ic_g5,edge_off,proportional,42,linkage,1.0065049171299387,30,3851878814.059771,61784261.302708216,9180698823.625961,9136525938.36617,44172885.25978897,0.9951885051336055,3832627632.208673,0.9970261192832074,689952178.0536817,0.0,6894329.59055641,145237499.30817196,0.003126174622786877,0.9723891856810282,1.0,41397130.68322092,690040510.5717151,9045756.996504188,0.003126174622786877,49f862d59f32b3c96c704dfcc55d37f6bb1361eb9a3c9eda9c2c7ace005b3d07
ic_g5,edge_off,proportional,42,stress,1.0065049171299387,30,3851883034.260449,61745694.23389314,9180698823.625961,9136554967.220772,44143856.4051889,0.9951916670775008,3832639565.823114,0.997027979994787,689952178.0536817,0.0,6894329.59055641,145237282.32632446,0.003094717752729368,0.9723535014739547,1.0,41397130.68322092,690049561.8048775,9054808.22966659,0.003094717752729368,49f862d59f32b3c96c704dfcc55d37f6bb1361eb9a3c9eda9c2c7ace005b3d07
ic_g5,edge_off,proportional,43,uniform,1.0175058076979606,30,3851804681.2549148,62461146.19079776,9180698823.625961,9136077328.109112,44621495.51684912,0.9951396406336717,3832418122.4261985,0.9969936603355144,689952178.0536817,0.0,6894329.59055641,145241306.8463379,0.003116935977829802,0.9723784420597141,1.0,41397130.68322092,690041260.7265838,9144435.57292378,0.003116935977829802,a54b5f7ae865b79d99430a8a54d7cca44f7e15c9095707677f36844c4011161e
ic_g5,edge_off,proportional,43,linkage,1.0175058076979606,30,3851804455.173913,62463211.97734501,9180698823.625961,9136075752.877089,44623070.748872556,0.9951394690528309,3832417483.1878877,0.9969935607487823,689952178.0536817,0.0,6894329.59055641,145241318.46830198,0.003126174622786877,0.9723891856810282,1.0,41397130.68322092,690040795.7182795,9143971.94851327,0.003126174622786877,a54b5f7ae865b79d99430a8a54d7cca44f7e15c9095707677f36844c4011161e
ic_g5,edge_off,proportional,43,stress,1.0175058076979606,30,3851808714.210026,62424290.001296565,9180698823.625961,9136105041.030277,44593782.595683716,0.9951426592406099,3832429526.61921,0.9969954385550273,689952178.0536817,0.0,6894329.590556411,145241099.48971108,0.0030944266669730063,0.9723531712763618,1.0,41397130.68322092,690050036.3070332,9153212.53726697,0.0030944266669730063,a54b5f7ae865b79d99430a8a54d7cca44f7e15c9095707677f36844c4011161e
ic_g5,edge_off,proportional,44,uniform,0.9711543472663869,30,3852117987.1702147,59600435.461993776,9180698823.625961,9137978883.870497,42719939.75546429,0.995346766016817,3833303570.48726,0.9971308612517007,689952178.0536817,0.0,6894329.59055641,145225215.0847901,0.003116935977829802,0.9723784420597141,1.0,41397130.68322092,690040059.2819035,8730613.927064061,0.003116935977829802,ce23241320ab8709e8d8258f9f139bb8a6ba4d9de51dc4d90a0f600e10b4875c
ic_g5,edge_off,proportional,44,linkage,0.9711543472663869,30,3852117760.986226,59602502.188820556,9180698823.625961,9137977307.088306,42721516.53765462,0.9953465942671256,3833302930.957906,0.997130761609774,689952178.0536817,0.0,6894329.59055641,145225226.7120433,0.003126174622786877,0.9723891856810282,1.0,41397130.68322092,690039594.2737579,8730150.318919063,0.003126174622786877,ce23241320ab8709e8d8258f9f139bb8a6ba4d9de51dc4d90a0f600e10b4875c
ic_g5,edge_off,proportional,44,stress,0.9711543472663869,30,3852121855.4785843,59565083.936212696,9180698823.625961,9138005495.56127,42693328.064691,0.9953496646731486,3833314509.1007853,0.9971325669827757,689952178.0536817,0.0,6894329.59055641,145225016.19354966,0.0030956597424345957,0.9723545700347838,1.0,41397130.68322092,690048374.2780961,8738930.323257208,0.0030956597424345957,ce23241320ab8709e8d8258f9f139bb8a6ba4d9de51dc4d90a0f600e10b4875c
ic_g5,edge_off,proportional,45,uniform,0.9996109713143555,30,3851925638.7833314,61356716.04002953,9180698823.625961,9136809987.867296,43888835.75866467,0.9952194449897735,3832759965.9847693,0.9970466237419712,689952178.0536817,0.0,6894329.59055641,145235094.32493427,0.003116935977829802,0.9723784420597141,1.0,41397130.68322092,690040796.886701,8984672.092427135,0.003116935977829802,81914f2d13e3d1de501ecbfed72d2ddd890a3a7435a64bd52987edda36af4b1e
ic_g5,edge_off,proportional,45,linkage,0.9996109713143555,30,3851925412.6625695,61358782.189589195,9180698823.625961,9136808412.038406,43890411.58755324,0.9952192733439196,3832759326.634095,0.9970465241339337,689952178.0536817,0.0,6894329.59055641,145235105.94894028,0.003126174622786877,0.9723891856810282,1.0,41397130.68322092,690040331.8784579,8984208.474296212,0.003126174622786877,81914f2d13e3d1de501ecbfed72d2ddd890a3a7435a64bd52987edda36af4b1e
ic_g5,edge_off,proportional,45,stress,0.9996109713143555,30,3851929608.457703,61320438.15685614,9180698823.625961,9136837277.862576,43861545.763384014,0.9952224175298605,3832771191.2357755,0.997048374102327,689952178.0536817,0.0,6894329.59055641,145234890.22191596,0.003094900663104929,0.9723537089611717,1.0,41397130.68322092,690049330.4441527,8993207.039991021,0.003094900663104929,81914f2d13e3d1de501ecbfed72d2ddd890a3a7435a64bd52987edda36af4b1e
ic_g5,edge_off,proportional,46,uniform,0.9784653580164804,30,3852068569.4626927,60051655.050254,9180698823.625961,9137678125.643341,43020697.98261863,0.9953140061765332,3833163908.8620853,0.9971092174617501,689952178.0536817,0.0,6894329.59055641,145227753.23656717,0.003116935977829802,0.9723784420597141,1.0,41397130.68322092,690040248.7856406,8795885.969699383,0.003116935977829802,109d45899467bc59d76b7ca62db608329abbb5ac096fffd39b70dfa7efab6fc3
ic_g5,edge_off,proportional,46,linkage,0.9784653580164804,30,3852068343.2949486,60053721.62877058,9180698823.625961,9137676549.106562,43022274.51939935,0.9953138344535729,3833163269.378638,0.9971091178285311,689952178.0536817,0.0,6894329.59055641,145227764.8629861,0.003126174622786877,0.9723891856810282,1.0,41397130.68322092,690039783.7774701,8795422.358989,0.003126174622786877,109d45899467bc59d76b7ca62db608329abbb5ac096fffd39b70dfa7efab6fc3
ic_g5,edge_off,proportional,46,stress,0.9784653580164804,30,3852072463.900561,60016064.733851254,9180698823.625961,9137704912.282232,42993911.3437289,0.9953169238889433,3833174921.363234,0.9971109346974593,689952178.0536817,0.0,6894329.590556411,145227553.00186723,0.0030954640936925867,0.9723543480975128,1.0,41397130.68322092,690048620.1134572,8804258.694976091,0.0030954640936925867,109d45899467bc59d76b7ca62db608329abbb5ac096fffd39b70dfa7efab6fc3
ic_g5,edge_off,proportional,47,uniform,1.021450627152114,30,3851778016.824964,62704611.81692089,9180698823.625961,9135916064.971851,44782758.65410925,0.9951220751802832,3832342764.8710237,0.9969819857771091,689952178.0536817,0.0,6894329.59055641,145242676.36292735,0.003116935977829802,0.9723784420597141,1.0,41397130.68322092,690041362.9775658,9179654.56416881,0.003116935977829802,47913b078563c2f29513fa0c7c9922cafde24ab8bd93ee63314737326e782c83
ic_g5,edge_off,proportional,47,linkage,1.021450627152114,30,3851777790.7527275,62706677.52344406,9180698823.625961,9135914489.871134,44784333.75482714,0.9951219036137448,3832342125.657482,0.9969818861950729,689952178.0536817,0.0,6894329.59055641,145242687.98444128,0.003126174622786877,0.9723891856810282,1.0,41397130.68322092,690040897.9692482,9179190.938374162,0.003126174622786877,47913b078563c2f29513fa0c7c9922cafde24ab8bd93ee63314737326e782c83
ic_g5,edge_off,proportional,47,stress,1.021450627152114,30,3851782063.6822534,62667628.57898514,9180698823.625961,9135943870.751503,44754952.87445826,0.9951251039017548,3832354208.3759,0.9969837701168075,689952178.0536817,0.0,6894329.59055641,145242468.29151344,0.003094322522119315,0.9723530531380619,1.0,41397130.68322092,690050213.8763015,9188506.845427513,0.003094322522119315,47913b078563c2f29513fa0c7c9922cafde24ab8bd93ee63314737326e782c83
ic_g5,edge_off,proportional,48,uniform,1.0723468389231177,30,3851433991.3279085,65845814.655258946,9180698823.625961,9133843415.047274,46855408.57868729,0.9948963135074088,3831370498.8063,0.9968313905173055,689952178.0536817,0.0,6894329.59055641,145260345.91844684,0.003116935977829802,0.9723784420597141,1.0,41397130.68322092,690042682.2236547,9634051.338876963,0.003116935977829802,ab1384ca5a761afedeaa450ec8e20048706550fdf09264d86d1c9a7b57ad5dec
ic_g5,edge_off,proportional,48,linkage,1.0723468389231177,30,3851433765.3687563,65847879.3293089,9180698823.625961,9133841841.63198,46856981.9939788,0.9948961421244539,3831369859.9123383,0.9968312909958394,689952178.0536817,0.0,6894329.59055641,145260357.5341531,0.003126174622786877,0.9723891856810282,1.0,41397130.68322092,690042217.2151626,9633587.695221663,0.003126174622786877,ab1384ca5a761afedeaa450ec8e20048706550fdf09264d86d1c9a7b57ad5dec
ic_g5,edge_off,proportional,48,stress,1.0723468389231177,30,3851438216.0223384,65807206.20872748,9180698823.625961,9133872406.942228,46826416.683732525,0.9948994714255054,3831382445.190037,0.9968332531399909,689952178.0536817,0.0,6894329.59055641,145260128.70344776,0.003092989893518041,0.9723515414511034,1.0,41397130.68322092,690052500.5892218,9643871.069280863,0.003092989893518041,ab1384ca5a761afedeaa450ec8e20048706550fdf09264d86d1c9a7b57ad5dec
ic_g5,edge_off,proportional,49,uniform,0.9776384808257907,30,3852074158.6180863,60000621.99911,9180698823.625961,9137712125.902863,42986697.72309819,0.9953177096265836,3833179704.627708,0.997111665321616,689952178.0536817,0.0,6894329.59055641,145227466.1709503,0.003116935977829802,0.9723784420597141,1.0,41397130.68322092,690040227.3527193,8788503.684938788,0.003116935977829802,97d29d926353445c654fff1bf98ec7afc6aad551d624862171641c83c7f6a0dc
ic_g5,edge_off,proportional,49,linkage,0.9776384808257907,30,3852073932.4485044,60002688.594400294,9180698823.625961,9137710549.338343,42988274.28761772,0.9953175379006017,3833179065.139068,0.9971115656874123,689952178.0536817,0.0,6894329.59055641,145227477.79746357,0.003126174622786877,0.9723891856810282,1.0,41397130.68322092,690039762.3445516,8788040.074518442,0.003126174622786877,97d29d926353445c654fff1bf98ec7afc6aad551d624862171641c83c7f6a0dc
ic_g5,edge_off,proportional,49,stress,0.9776384808257907,30,3852078050.103721,59965058.66239462,9180698823.625961,9137738892.778732,42959930.84722762,0.995320625186323,3833190708.7806854,0.9971133812574906,689952178.0536817,0.0,6894329.59055641,145227266.08804074,0.0030954861997669284,0.9723543731738895,1.0,41397130.68322092,690048592.3156563,8796870.045623183,0.0030954861997669284,97d29d926353445c654fff1bf98ec7afc6aad551d624862171641c83c7f6a0dc
ic_g5,edge_off,proportional,50,uniform,0.9212846670764326,30,3852455073.9772363,56522587.9069632,9180698823.625961,9140038733.470343,40660090.1556173,0.9955711334249434,3834256226.805287,0.9972785283498536,689952178.0536817,0.0,6894329.59055641,145207901.90857926,0.003116935977829802,0.9723784420597141,1.0,41397130.68322092,690038766.6438415,8285381.933453321,0.003116935977829802,1594966e90023dbfeeca575289ab61057007b1d983f25a7e5f300182a7f97d46
ic_g5,edge_off,proportional,50,linkage,0.9212846670764326,30,3852454847.6824436,56524655.64543941,9180698823.625961,9140037155.005066,40661668.62089461,0.9955709614919231,3834255586.962799,0.9972784286485101,689952178.0536817,0.0,6894329.59055641,145207913.54152295,0.003126174622786877,0.9723891856810282,1.0,41397130.68322092,690038301.6358669,8284918.342808843,0.003126174622786877,1594966e90023dbfeeca575289ab61057007b1d983f25a7e5f300182a7f97d46
ic_g5,edge_off,proportional,50,stress,0.9212846670764326,30,3852458762.4321003,56488880.01441077,9180698823.625961,9140064139.10864,40634684.51731961,0.99557390071301,3834266656.8386617,0.9972801548856988,689952178.0536817,0.0,6894329.59055641,145207712.26458004,0.0030970060205509787,0.9723560972074844,1.0,41397130.68322092,690046694.0437702,8293310.750712156,0.0030970060205509787,1594966e90023dbfeeca575289ab61057007b1d983f25a7e5f300182a7f97d46
ic_g5,edge_off,proportional,51,uniform,1.0526808585011613,30,3851566920.6453238,64632073.36940284,9180698823.625961,9134642525.257172,46056298.3687891,0.9949833559238142,3831746176.380887,0.9968895729162982,689952178.0536817,0.0,6894329.59055641,145253518.5118321,0.003116935977829802,0.9723784420597141,1.0,41397130.68322092,690042172.4751518,9458475.244620323,0.003116935977829802,ede81b8af8dca5041afc8fda364bdc3d89e3bb7b2b9e5c76bb82686c913fe359
ic_g5,edge_off,proportional,51,linkage,1.0526808585011613,30,3851566694.6424766,64634138.44239384,9180698823.625961,9134640951.192545,46057872.433415584,0.994983184470131,3831745537.3634415,0.9968894733714324,689952178.0536817,0.0,6894329.59055641,145253530.1297824,0.003126174622786877,0.9723891856810282,1.0,41397130.68322092,690041707.466727,9458011.607866168,0.003126174622786877,ede81b8af8dca5041afc8fda364bdc3d89e3bb7b2b9e5c76bb82686c913fe359
ic_g5,edge_off,proportional,51,stress,1.0526808585011613,30,3851571076.959334,64594089.834359474,9180698823.625961,9134671061.458523,46027762.16743838,0.9949864642058632,3831757929.4019055,0.9968914054397404,689952178.0536817,0.0,6894329.59055641,145253304.81264734,0.0030935023942596377,0.9723521228137711,1.0,41397130.68322092,690051617.9569536,9467922.098092794,0.0030935023942596377,ede81b8af8dca5041afc8fda364bdc3d89e3bb7b2b9e5c76bb82686c913fe359
ic_g5,edge_off,intermediate_first,42,uniform,1.0065049171299387,30,3851876996.2438564,61517303.80749126,9959446903.5495,9913285118.899282,46161784.65021685,0.9953650252772807,3832679205.891802,0.9970388572927457,689952178.0536817,0.0,6894329.59055641,145231948.86980265,0.003116935977829802,0.9723784420597141,1.0,41397130.68322092,690039840.5152423,9045085.552314878,0.003116935977829802,5361235070301a1b738a4ff2d74e658eead84a8fd14f6153cd55529cf5259d5d
ic_g5,edge_off,intermediate_first,42,linkage,1.0065049171299387,30,3851876436.589351,61522393.73324231,9959446903.5495,9913281060.828356,46165842.721142724,0.9953646178178137,3832677628.2521462,0.9970386119185437,689952178.0536817,0.0,6894329.59055641,145231977.16950947,0.003129330015687568,0.9723929799669675,1.0,41397130.68322092,690038913.4030687,9044162.055535793,0.003129330015687568,5361235070301a1b738a4ff2d74e658eead84a8fd14f6153cd55529cf5259d5d
ic_g5,edge_off,intermediate_first,42,stress,1.0065049171299387,30,3851880602.232646,61484502.65711435,9959446903.5495,9913310922.059692,46135981.48980551,0.9953676160999096,3832689372.1106663,0.9970404401110711,689952178.0536817,0.0,6894329.590556411,145231766.49153867,0.003098336536216874,0.972357802249119,1.0,41397130.68322092,690047825.5962393,9053074.24870646,0.003098336536216874,5361235070301a1b738a4ff2d74e658eead84a8fd14f6153cd55529cf5259d5d
ic_g5,edge_off,intermediate_first,43,uniform,1.0175058076979606,30,3851802645.4418836,62193065.39886863,9959446903.5495,9912813072.474579,46633831.07492067,0.9953176284259018,3832469702.771553,0.9970064493235967,689952178.0536817,0.0,6894329.59055641,145235705.61486164,0.003116935977829802,0.9723784420597141,1.0,41397130.68322092,690040400.7268168,9143575.573156834,0.003116935977829802,1687ded4ded7260cb6b5cdc76b80a498b34fe0f2945c84ac5e893621d3b051cd
ic_g5,edge_off,intermediate_first,43,linkage,1.0175058076979606,30,3851802054.5919833,62198439.11206768,9959446903.5495,9912808785.654137,46638117.89536143,0.9953171979983405,3832468037.1790133,0.9970061902527689,689952178.0536817,0.0,6894329.59055641,145235735.49248558,0.003129330015687568,0.9723929799669675,1.0,41397130.68322092,690039189.2480068,9142367.699782014,0.003129330015687568,1687ded4ded7260cb6b5cdc76b80a498b34fe0f2945c84ac5e893621d3b051cd
ic_g5,edge_off,intermediate_first,43,stress,1.0175058076979606,30,3851806258.729013,62160197.89106166,9959446903.5495,9912838915.241741,46607988.30775772,0.9953202232253332,3832479889.560244,0.9970080353126253,689952178.0536817,0.0,6894329.59055641,145235522.86767375,0.0030980485403356017,0.972357475378151,1.0,41397130.68322092,690048184.313589,9151362.76536417,0.0030980485403356017,1687ded4ded7260cb6b5cdc76b80a498b34fe0f2945c84ac5e893621d3b051cd
ic_g5,edge_off,intermediate_first,44,uniform,0.9711543472663869,30,3852115864.0885396,59346275.42722401,9959446903.5495,9914806342.385612,44640561.16388577,0.9955177670410615,3833352279.4125385,0.997142992277144,689952178.0536817,0.0,6894329.59055641,145219879.52446362,0.003116935977829802,0.9723784420597141,1.0,41397130.68322092,690037812.5837371,8728367.22889769,0.003116935977829802,a15872fda2cc65baf87e9d96b8c0912f7d1728a2bd685e665ce8b2a09438fdb6
ic_g5,edge_off,intermediate_first,44,linkage,0.9711543472663869,30,3852115407.04906,59350432.06595326,9959446903.5495,9914803036.321516,44643867.22798279,0.9955174350884815,3833350991.045313,0.997142791899127,689952178.0536817,0.0,6894329.59055641,145219902.63511768,0.003129330015687568,0.9723929799669675,1.0,41397130.68322092,690037608.3322039,8728166.624762416,0.003129330015687568,a15872fda2cc65baf87e9d96b8c0912f7d1728a2bd685e665ce8b2a09438fdb6
ic_g5,edge_off,intermediate_first,44,stress,0.9711543472663869,30,3852119498.225205,59313218.34477535,9959446903.5495,9914832396.223763,44614507.3257367,0.9955203830335361,3833362524.9656935,0.9971445875008342,689952178.0536817,0.0,6894329.590556411,145219695.72329926,0.00309926837488787,0.9723588598722496,1.0,41397130.68322092,690046671.0604407,8737229.35299921,0.00309926837488787,a15872fda2cc65baf87e9d96b8c0912f7d1728a2bd685e665ce8b2a09438fdb6
ic_g5,edge_off,intermediate_first,45,uniform,0.9996109713143555,30,3851923580.055124,61093911.65333836,9959446903.5495,9913581220.523237,45865683.02626143,0.9953947560069911,3832810468.1338997,0.997059163503989,689952178.0536817,0.0,6894329.59055641,145229595.11610597,0.003116935977829802,0.9723784420597141,1.0,41397130.68322092,690039424.4961183,8983299.701844335,0.003116935977829802,8c617cf3f600d7f5217895f40210893445fb41cd196dee276ab8ba1fe155b1c0
ic_g5,edge_off,intermediate_first,45,linkage,0.9996109713143555,30,3851923049.675477,61098735.28652966,9959446903.5495,9913577377.219872,45869526.329626545,0.9953943701117298,3832808973.0276146,0.9970589309783551,689952178.0536817,0.0,6894329.59055641,145229621.93519506,0.003129330015687568,0.9723929799669675,1.0,41397130.68322092,690038740.538877,8982619.366238952,0.003129330015687568,8c617cf3f600d7f5217895f40210893445fb41cd196dee276ab8ba1fe155b1c0
ic_g5,edge_off,intermediate_first,45,stress,0.9996109713143555,30,3851927191.1294804,61061064.23985438,9959446903.5495,9913607069.741432,45839833.80806767,0.9953973514541525,3832820648.6909533,0.9970607485712442,689952178.0536817,0.0,6894329.59055641,145229412.4806103,0.0030985174938033795,0.9723580076332667,1.0,41397130.68322092,690047600.6615549,8991479.488916874,0.0030985174938033795,8c617cf3f600d7f5217895f40210893445fb41cd196dee276ab8ba1fe155b1c0
ic_g5,edge_off,intermediate_first,46,uniform,0.9784653580164804,30,3852066462.914563,59795274.12836456,9959446903.5495,9914491139.230297,44955764.31920119,0.9954861183804112,3833213078.498334,0.9971214535234395,689952178.0536817,0.0,6894329.59055641,145222375.632042,0.003116935977829802,0.9723784420597141,1.0,41397130.68322092,690038226.7125784,8793863.896637201,0.003116935977829802,92829f067b3a3b1084294e45f256eca141adb8bd260d72c8207e7bb8f3cf1acf
ic_g5,edge_off,intermediate_first,46,linkage,0.9784653580164804,30,3852066005.516642,59799434.011619456,9959446903.5495,9914487830.900295,44959072.64920283,0.9954857862003179,3833211789.1237617,0.9971212529959241,689952178.0536817,0.0,6894329.59055641,145222398.76071963,0.003129330015687568,0.9723929799669675,1.0,41397130.68322092,690038035.512077,8793676.336915016,0.003129330015687568,92829f067b3a3b1084294e45f256eca141adb8bd260d72c8207e7bb8f3cf1acf
ic_g5,edge_off,intermediate_first,46,stress,0.9784653580164804,30,3852070091.670255,59762265.96775873,9959446903.5495,9914517144.550137,44929758.99936318,0.9954887295012989,3833223308.886147,0.9971230463753926,689952178.0536817,0.0,6894329.59055641,145222192.10286313,0.003099074854772483,0.97235864022973,1.0,41397130.68322092,690046910.0646358,8802550.889473796,0.003099074854772483,92829f067b3a3b1084294e45f256eca141adb8bd260d72c8207e7bb8f3cf1acf
ic_g5,edge_off,intermediate_first,47,uniform,1.021450627152114,30,3851775972.7102714,62435489.339930974,9959446903.5495,9912643887.856304,46803015.69319545,0.9953006410751067,3832394545.2517285,0.9969948238284331,689952178.0536817,0.0,6894329.59055641,145237053.31650442,0.003116935977829802,0.9723784420597141,1.0,41397130.68322092,690040499.642341,9178791.228944063,0.003116935977829802,e64df87f6523d1b3d8f93001ee6f0f6bf795f5c7fcb34a94006b8366acc14dfc
ic_g5,edge_off,intermediate_first,47,linkage,1.021450627152114,30,3851775381.88322,62440862.845473014,9959446903.5495,9912639601.381874,46807302.16762388,0.9953002106822877,3832392879.723569,0.9969945647697324,689952178.0536817,0.0,6894329.59055641,145237083.19297397,0.003129330015687568,0.9723929799669675,1.0,41397130.68322092,690039288.1634966,9177583.35196352,0.003129330015687568,e64df87f6523d1b3d8f93001ee6f0f6bf795f5c7fcb34a94006b8366acc14dfc
ic_g5,edge_off,intermediate_first,47,stress,1.021450627152114,30,3851779599.79214,62402496.353241906,9959446903.5495,9912669826.94313,46777076.60636774,0.9953032455457242,3832404770.9309354,0.9969964158640718,689952178.0536817,0.0,6894329.59055641,145236869.8716414,0.0030979454956650953,0.9723573584240206,1.0,41397130.68322092,690048312.8812515,9186608.06971836,0.0030979454956650953,e64df87f6523d1b3d8f93001ee6f0f6bf795f5c7fcb34a94006b8366acc14dfc
ic_g5,edge_off,intermediate_first,48,uniform,1.0723468389231177,30,3851431840.104856,65563252.317697935,9959446903.5495,9910469032.232983,48977871.31651656,0.9950822699502458,3831424860.0507603,0.9968448611499923,689952178.0536817,0.0,6894329.59055641,145254441.4147464,0.003116935977829802,0.9723784420597141,1.0,41397130.68322092,690041775.8542246,9633144.96944666,0.003116935977829802,2bb8f1fb3964b5e99be969f649308ab322c07a0db6224e2387033d457e733c0f
ic_g5,edge_off,intermediate_first,48,linkage,1.0723468389231177,30,3851431249.5726056,65568623.14403858,9959446903.5495,9910464750.200874,48982153.34862506,0.9950818400034677,3831423195.3532414,0.9968446022477084,689952178.0536817,0.0,6894329.59055641,145254471.27632174,0.003129330015687568,0.9723929799669675,1.0,41397130.68322092,690040564.3749357,9631937.045944452,0.003129330015687568,2bb8f1fb3964b5e99be969f649308ab322c07a0db6224e2387033d457e733c0f
ic_g5,edge_off,intermediate_first,48,stress,1.0723468389231177,30,3851435643.684586,65528653.88117203,9959446903.5495,9910496202.003138,48950701.54636124,0.9950849979903085,3831435583.3177953,0.9968465305432966,689952178.0536817,0.0,6894329.59055641,145254249.0434211,0.0030966266978260893,0.9723558616091086,1.0,41397130.68322092,690049968.6130587,9641341.284067392,0.0030966266978260893,2bb8f1fb3964b5e99be969f649308ab322c07a0db6224e2387033d457e733c0f
ic_g5,edge_off,intermediate_first,49,uniform,0.9776384808257907,30,3852072050.2000084,59744492.26012316,9959446903.5495,9914526773.233614,44920130.31588411,0.9954896962902753,3833228822.1574273,0.9971238895045317,689952178.0536817,0.0,6894329.59055641,145222093.32163477,0.003116935977829802,0.9723784420597141,1.0,41397130.68322092,690038179.8745004,8786456.206719875,0.003116935977829802,8b3bb55bb73efbfa9da1928db25b01a6d15fd73d3871146238e0539f3fdf51f7
ic_g5,edge_off,intermediate_first,49,linkage,0.9776384808257907,30,3852071592.9590015,59748650.72257961,9959446903.5495,9914523466.003843,44923437.5456562,0.995489364220653,3833227533.2239294,0.9971236890436717,689952178.0536817,0.0,6894329.59055641,145222116.4424193,0.003129330015687568,0.9723929799669675,1.0,41397130.68322092,690037983.4082863,8786263.382033706,0.003129330015687568,8b3bb55bb73efbfa9da1928db25b01a6d15fd73d3871146238e0539f3fdf51f7
ic_g5,edge_off,intermediate_first,49,stress,0.9776384808257907,30,3852075679.63724,59711477.903450266,9959446903.5495,9914552784.577703,44894118.97179472,0.9954923080160409,3833239054.4659934,0.9971254826565865,689952178.0536817,0.0,6894329.590556411,145221909.75800854,0.0030990967210343815,0.9723586650476179,1.0,41397130.68322092,690046883.0392246,8795163.012971997,0.0030990967210343815,8b3bb55bb73efbfa9da1928db25b01a6d15fd73d3871146238e0539f3fdf51f7
ic_g5,edge_off,intermediate_first,50,uniform,0.9212846670764326,30,3852452815.8587914,56283779.39988988,9959446903.5495,9916964547.595585,42482355.95391288,0.9957344663448354,3834301730.388257,0.9972899327187825,689952178.0536817,0.0,6894329.59055641,145202854.26481977,0.003116935977829802,0.9723784420597141,1.0,41397130.68322092,690035730.1131102,8282345.40272212,0.003116935977829802,cb888b1fe31a932d11023a7d996464656b6a40981d0aa96767a0b45130ee0273
ic_g5,edge_off,intermediate_first,50,linkage,0.9212846670764326,30,3852452376.6876907,56287773.50486867,9959446903.5495,9916961370.48291,42485533.066588536,0.9957341473399042,3834300492.3961606,0.9972897401300007,689952178.0536817,0.0,6894329.59055641,145202876.47176942,0.003129330015687568,0.9723929799669675,1.0,41397130.68322092,690034921.5033593,8281540.485517383,0.003129330015687568,cb888b1fe31a932d11023a7d996464656b6a40981d0aa96767a0b45130ee0273
ic_g5,edge_off,intermediate_first,50,stress,0.9212846670764326,30,3852456429.730766,56250906.5155645,9959446903.5495,9916990513.270182,42456390.279317565,0.995737073485056,3834311918.8370967,0.9972915191528675,689952178.0536817,0.0,6894329.590556411,145202671.4876797,0.0031005995488614844,0.972360370736317,1.0,41397130.68322092,690044700.5887617,8291319.570919752,0.0031005995488614844,cb888b1fe31a932d11023a7d996464656b6a40981d0aa96767a0b45130ee0273
ic_g5,edge_off,intermediate_first,51,uniform,1.0526808585011613,30,3851564810.808277,64354704.1105733,9959446903.5495,9911307634.331915,48139269.21758365,0.9951664716239987,3831799540.395606,0.9969027992190433,689952178.0536817,0.0,6894329.59055641,145247722.76147726,0.003116935977829802,0.9723784420597141,1.0,41397130.68322092,690041282.7338716,9457585.503340244,0.003116935977829802,01a8c2c2b0b1b65587ea99c8b415b05a34d0210cf4c09cb6df3caf07ff765d36
ic_g5,edge_off,intermediate_first,51,linkage,1.0526808585011613,30,3851564220.1621175,64360075.972140685,9959446903.5495,9911303350.588133,48143552.96136578,0.9951660415053563,3831797875.377133,0.9969025402563315,689952178.0536817,0.0,6894329.59055641,145247752.62880763,0.003129330015687568,0.9723929799669675,1.0,41397130.68322092,690040071.2547543,9456377.597813249,0.003129330015687568,01a8c2c2b0b1b65587ea99c8b415b05a34d0210cf4c09cb6df3caf07ff765d36
ic_g5,edge_off,intermediate_first,51,stress,1.0526808585011613,30,3851568546.5148497,64320723.05814051,9959446903.5495,9911334331.20737,48112572.34212872,0.9951691521820372,3831810072.312665,0.9969044388654182,689952178.0536817,0.0,6894329.59055641,145247533.82286963,0.0030971339337764973,0.9723564373138587,1.0,41397130.68322092,690049329.5168748,9465635.859933734,0.0030971339337764973,01a8c2c2b0b1b65587ea99c8b415b05a34d0210cf4c09cb6df3caf07ff765d36
ic_g5,edge_off,final_first,42,uniform,1.0065049171299387,30,3851883661.623746,62308555.215720676,7784100715.347655,7744501007.699175,39599707.648481645,0.9949127446963266,3832527620.9900455,0.9970011060841465,689952178.0536817,0.0,6894329.59055641,145248569.11495194,0.003116935977829802,0.9723784420597141,1.0,41397130.68322092,690043104.7422793,9048349.77935195,0.003116935977829802,6f9cf6225845a7cc0320eeabe0fcedf2f2f6b77fee0a067d4f529665500f3515
ic_g5,edge_off,final_first,42,linkage,1.0065049171299387,30,3851884170.991158,62303857.58502147,7784100715.347655,7744504215.886101,39596499.46155531,0.994913156842449,3832529069.8835974,0.9970013325220072,689952178.0536817,0.0,6894329.59055641,145248542.07253814,0.003122587405458046,0.9723847102904724,1.0,41397130.68322092,690044158.9431419,9049400.83417666,0.003122587405458046,6f9cf6225845a7cc0320eeabe0fcedf2f2f6b77fee0a067d4f529665500f3515
ic_g5,edge_off,final_first,42,stress,1.0065049171299387,30,3851888494.9466257,62263973.13279536,7784100715.347655,7744531049.093754,39569666.25390277,0.9949166040239069,3832541370.7295103,0.9970032565885496,689952178.0536817,0.0,6894329.59055641,145248312.46432585,0.0030899813179000733,0.9723477616386903,1.0,41397130.68322092,690056244.6997195,9061486.59075427,0.0030899813179000733,6f9cf6225845a7cc0320eeabe0fcedf2f2f6b77fee0a067d4f529665500f3515
ic_g5,edge_off,final_first,43,uniform,1.0175058076979606,30,3851809355.559925,62993272.201538734,7784100715.347655,7744100845.735308,39999869.6123481,0.9948613370927382,3832316371.5290613,0.9969682759263431,689952178.0536817,0.0,6894329.59055641,145252509.9506705,0.003116935977829802,0.9723784420597141,1.0,41397130.68322092,690043481.723972,9146656.570312023,0.003116935977829802,a3d5a25a020a5ed01cc8c41b72c203f06d691168801972bf37af6580fc758c2d
ic_g5,edge_off,final_first,43,linkage,1.0175058076979606,30,3851809864.8592787,62988574.85922666,7784100715.347655,7744104053.123031,39996662.224625126,0.9948617491361893,3832317820.296877,0.996968502344687,689952178.0536817,0.0,6894329.59055641,145252482.9099543,0.003122587405458046,0.9723847102904724,1.0,41397130.68322092,690044467.3702445,9147639.079213142,0.003122587405458046,a3d5a25a020a5ed01cc8c41b72c203f06d691168801972bf37af6580fc758c2d
ic_g5,edge_off,final_first,43,stress,1.0175058076979606,30,3851814228.2761993,62948326.46295799,7784100715.347655,7744131123.004971,39969592.342685595,0.9948652267224809,3832330233.393051,0.9969704439367988,689952178.0536817,0.0,6894329.59055641,145252251.20657182,0.0030896821288679934,0.9723474226093869,1.0,41397130.68322092,690056802.1268047,9159973.835773349,0.0030896821288679934,a3d5a25a020a5ed01cc8c41b72c203f06d691168801972bf37af6580fc758c2d
ic_g5,edge_off,final_first,44,uniform,0.9711543472663869,30,3852122438.8512697,60108267.18774202,7784100715.347655,7745791544.758875,38309170.588781185,0.9950785361097336,3833206455.8231645,0.9971066217268229,689952178.0536817,0.0,6894329.59055641,145235905.5270541,0.003116935977829802,0.9723784420597141,1.0,41397130.68322092,690042113.6342785,8732668.279439092,0.003116935977829802,e13b0a6d6ea4ea4737e8eaf282f48faf4aa2c70babe80318a53d6c50d26265b6
ic_g5,edge_off,final_first,44,linkage,0.9711543472663869,30,3852122948.396502,60103567.918572016,7784100715.347655,7745794755.526247,38305959.82140941,0.9950789485873581,3833207905.222231,0.997106848261804,689952178.0536817,0.0,6894329.59055641,145235878.47521037,0.003122587405458046,0.9723847102904724,1.0,41397130.68322092,690043167.8348516,8733719.306125522,0.003122587405458046,e13b0a6d6ea4ea4737e8eaf282f48faf4aa2c70babe80318a53d6c50d26265b6
ic_g5,edge_off,final_first,44,stress,0.9711543472663869,30,3852127144.5754833,60064861.92084514,7784100715.347655,7745820821.294101,38279894.05355572,0.995082297178134,3833219842.6007576,0.9971087155758677,689952178.0536817,0.0,6894329.59055641,145235655.65117964,0.003090949843795664,0.972348859134757,1.0,41397130.68322092,690054450.6879163,8745002.159190178,0.003090949843795664,e13b0a6d6ea4ea4737e8eaf282f48faf4aa2c70babe80318a53d6c50d26265b6
ic_g5,edge_off,final_first,45,uniform,0.9996109713143555,30,3851930227.1324463,61879462.65788928,7784100715.347655,7744752126.583012,39348588.764644384,0.9949450051838279,3832660005.010312,0.9970216811850908,689952178.0536817,0.0,6894329.59055641,145246099.50585836,0.003116935977829802,0.9723784420597141,1.0,41397130.68322092,690042911.4598264,8986786.665552616,0.003116935977829802,6f8a29ef15fe95defd9dec3120113f64cc97855f40cacfb48c8187e894d9eb09
ic_g5,edge_off,final_first,45,linkage,0.9996109713143555,30,3851930736.5345364,61874764.70766073,7784100715.347655,7744755335.271696,39345380.075959824,0.9949454173944097,3832661454.0024476,0.9970219076418884,689952178.0536817,0.0,6894329.59055641,145246072.46160555,0.003122587405458046,0.9723847102904724,1.0,41397130.68322092,690043965.6606325,8987837.714889884,0.003122587405458046,6f8a29ef15fe95defd9dec3120113f64cc97855f40cacfb48c8187e894d9eb09
ic_g5,edge_off,final_first,45,stress,0.9996109713143555,30,3851935035.6879296,61835108.999414384,7784100715.347655,7744782019.645064,39318695.70259182,0.9949488454555749,3832673684.29749,0.9970238206930251,689952178.0536817,0.0,6894329.590556411,145245844.1702373,0.0030901693435029824,0.9723479747019769,1.0,41397130.68322092,690055895.1691527,8999767.22341013,0.0030901693435029824,6f8a29ef15fe95defd9dec3120113f64cc97855f40cacfb48c8187e894d9eb09
ic_g5,edge_off,final_first,46,uniform,0.9784653580164804,30,3852073056.2561927,60563318.67596253,7784100715.347655,7745524059.482865,38576655.86479098,0.995044173081069,3833066062.930444,0.9970847972675226,689952178.0536817,0.0,6894329.59055641,145238524.5407677,0.003116935977829802,0.9723784420597141,1.0,41397130.68322092,690042318.6097931,8797955.793851852,0.003116935977829802,ba66750fa915be1095b6fe9df0b8d13ebab2a5ccdf856489da54d99f72c8452b
ic_g5,edge_off,final_first,46,linkage,0.9784653580164804,30,3852073565.7646494,60558619.74565226,7784100715.347655,7745527269.715022,38573445.632634364,0.995044585489936,3833067512.2249627,0.9970850237824145,689952178.0536817,0.0,6894329.59055641,145238497.4908742,0.003122587405458046,0.9723847102904724,1.0,41397130.68322092,690043372.8104261,8799006.826357841,0.003122587405458046,ba66750fa915be1095b6fe9df0b8d13ebab2a5ccdf856489da54d99f72c8452b
ic_g5,edge_off,final_first,46,stress,0.9784653580164804,30,3852077788.4917555,60519668.90028107,7784100715.347655,7745553495.070205,38547220.277451746,0.9950479545824159,3833079525.121143,0.9970869028885121,689952178.0536817,0.0,6894329.59055641,145238273.25729328,0.0030907486441841773,0.9723486311430892,1.0,41397130.68322092,690054822.0630877,8810456.079019427,0.0030907486441841773,ba66750fa915be1095b6fe9df0b8d13ebab2a5ccdf856489da54d99f72c8452b
ic_g5,edge_off,final_first,47,uniform,1.021450627152114,30,3851782710.0762954,63238805.42574501,7784100715.347655,7743957517.588431,40143197.759224735,0.9948429241569197,3832240619.40059,0.996956503992559,689952178.0536817,0.0,6894329.59055641,145253923.09818712,0.003116935977829802,0.9723784420597141,1.0,41397130.68322092,690043640.463314,9181932.049917102,0.003116935977829802,410b7e4ed30e5fd1e230ac58cf5d7bedb1736f2cee7500666d1f5c484c3f6889
ic_g5,edge_off,final_first,47,linkage,1.021450627152114,30,3851783219.3551903,63234108.25556185,7784100715.347655,7743960724.690006,40139990.657649994,0.9948433361636102,3832242068.1135216,0.9969567304005864,689952178.0536817,0.0,6894329.59055641,145253896.0584634,0.003122587405458046,0.9723847102904724,1.0,41397130.68322092,690044577.9694026,9182866.421741843,0.003122587405458046,410b7e4ed30e5fd1e230ac58cf5d7bedb1736f2cee7500666d1f5c484c3f6889
ic_g5,edge_off,final_first,47,stress,1.021450627152114,30,3851787596.8880033,63193729.671651274,7784100715.347655,7743987879.194942,40112836.15271411,0.9948468246211636,3832254521.3631167,0.9969586782616674,689952178.0536817,0.0,6894329.590556411,145253663.60561055,0.0030895750958998816,0.9723473013238313,1.0,41397130.68322092,690057001.9165951,9195290.368934393,0.0030895750958998816,410b7e4ed30e5fd1e230ac58cf5d7bedb1736f2cee7500666d1f5c484c3f6889
ic_g5,edge_off,final_first,48,uniform,1.0723468389231177,30,3851438929.0253973,66406684.493782856,7784100715.347655,7742116113.118193,41984602.22946393,0.994606364464596,3831263262.536084,0.9968046532569621,689952178.0536817,0.0,6894329.59055641,145272155.58160102,0.003116935977829802,0.9723784420597141,1.0,41397130.68322092,690045688.5243917,9637057.639613867,0.003116935977829802,ec4e0498082bfd9ca343aabf847a266e60aec7b13afa6738137e577f3fae7ba5
ic_g5,edge_off,final_first,48,linkage,1.0723468389231177,30,3851439438.0593095,66401989.87473747,7784100715.347655,7742119316.548469,41981398.79918747,0.9946067759996459,3831264710.493806,0.996804879515974,689952178.0536817,0.0,6894329.59055641,145272128.55652714,0.003122587405458046,0.9723847102904724,1.0,41397130.68322092,690046351.8874054,9637717.908459425,0.003122587405458046,ec4e0498082bfd9ca343aabf847a266e60aec7b13afa6738137e577f3fae7ba5
ic_g5,edge_off,final_first,48,stress,1.0723468389231177,30,3851443996.0694647,66359946.24088913,7784100715.347655,7742147551.320208,41953164.02744876,0.9946104032358253,3831277677.2307305,0.9968069075472895,689952178.0536817,0.0,6894329.59055641,145271886.518292,0.0030882060260715785,0.972345749948355,1.0,41397130.68322092,690059574.974615,9650940.995669007,0.0030882060260715785,ec4e0498082bfd9ca343aabf847a266e60aec7b13afa6738137e577f3fae7ba5
ic_g5,edge_off,final_first,49,uniform,0.9776384808257907,30,3852078641.4403596,60511852.235950254,7784100715.347655,7745554296.830638,38546418.5170185,0.9950480575821666,3833081941.402613,0.9970872655594741,689952178.0536817,0.0,6894329.59055641,145238228.32964504,0.003116935977829802,0.9723784420597141,1.0,41397130.68322092,690042295.4270098,8790571.759229302,0.003116935977829802,21998cff2040db53785967f461cc14958aa6881635fd1aead3a9fdcc98f20678
ic_g5,edge_off,final_first,49,linkage,0.9776384808257907,30,3852079150.9529757,60507153.26731485,7784100715.347655,7745557507.123287,38543208.224369414,0.9950484699988049,3833083390.7089562,0.9970874920766379,689952178.0536817,0.0,6894329.59055641,145238201.279531,0.003122587405458046,0.9723847102904724,1.0,41397130.68322092,690043349.6276361,8791622.791077018,0.003122587405458046,21998cff2040db53785967f461cc14958aa6881635fd1aead3a9fdcc98f20678
ic_g5,edge_off,final_first,49,stress,0.9776384808257907,30,3852083370.68069,60468230.08468772,7784100715.347655,7745583714.4519615,38517000.89569494,0.9950518367754735,3833095395.073196,0.9970893698504933,689952178.0536817,0.0,6894329.59055641,145237977.20520023,0.0030907713764084083,0.9723486569023708,1.0,41397130.68322092,690054780.0695921,8803053.233033061,0.0030907713764084083,21998cff2040db53785967f461cc14958aa6881635fd1aead3a9fdcc98f20678
ic_g5,edge_off,final_first,50,uniform,0.9212846670764326,30,3852459286.1419845,57004281.57436632,7784100715.347655,7747624295.711423,36476419.63623296,0.9953139841106741,3834164100.2365546,0.9972555220876286,689952178.0536817,0.0,6894329.59055641,145218040.77746275,0.003116935977829802,0.9723784420597141,1.0,41397130.68322092,690040715.4605231,8287330.750135064,0.003116935977829802,816c35b770725bde0a60f4d3c3beb0b32d3dc637fe36e4da711b06ea749564c2
ic_g5,edge_off,final_first,50,linkage,0.9212846670764326,30,3852459795.9298143,56999579.99377654,7784100715.347655,7747627510.123882,36473205.2237736,0.995314397056572,3834165550.3405027,0.9972557487596874,689952178.0536817,0.0,6894329.59055641,145218013.71231604,0.003122587405458046,0.9723847102904724,1.0,41397130.68322092,690041769.6606877,8288381.737125993,0.003122587405458046,816c35b770725bde0a60f4d3c3beb0b32d3dc637fe36e4da711b06ea749564c2
ic_g5,edge_off,final_first,50,stress,0.9212846670764326,30,3852463809.314543,56962560.02141368,7784100715.347655,7747652475.09446,36448240.253197104,0.9953176042312335,3834176967.7197037,0.9972575348656482,689952178.0536817,0.0,6894329.59055641,145217800.5944727,0.003092334878607423,0.9723504286037469,1.0,41397130.68322092,690051912.5713204,8298524.647758722,0.003092334878607423,816c35b770725bde0a60f4d3c3beb0b32d3dc637fe36e4da711b06ea749564c2
ic_g5,edge_off,final_first,51,uniform,1.0526808585011613,30,3851571763.890334,65182635.678294115,7784100715.347655,7742825905.609751,41274809.73790502,0.9946975493705362,3831640907.164119,0.9968633205737147,689952178.0536817,0.0,6894329.59055641,145265110.6631408,0.003116935977829802,0.9723784420597141,1.0,41397130.68322092,690044897.1662992,9461199.935767889,0.003116935977829802,885fcb71f0d7469fc064a1661717f41708b3c2a1e62e51c11f9817aac2a636c1
ic_g5,edge_off,final_first,51,linkage,1.0526808585011613,30,3851572273.0231705,65177940.147745706,7784100715.347655,7742829110.454081,41271604.89357523,0.9946979610872453,3831642355.403065,0.9968635468867094,689952178.0536817,0.0,6894329.59055641,145265083.6328209,0.003122587405458046,0.9723847102904724,1.0,41397130.68322092,690045560.5281159,9461860.18792367,0.003122587405458046,885fcb71f0d7469fc064a1661717f41708b3c2a1e62e51c11f9817aac2a636c1
ic_g5,edge_off,final_first,51,stress,1.0526808585011613,30,3851576761.6518116,65136536.52942621,7784100715.347655,7742856930.348163,41243784.999493726,0.9947015350253403,3831655124.7553697,0.996865544103686,689952178.0536817,0.0,6894329.590556411,145264845.27904886,0.00308873242839094,0.9723463464463762,1.0,41397130.68322092,690058581.7849478,9474881.444755554,0.00308873242839094,885fcb71f0d7469fc064a1661717f41708b3c2a1e62e51c11f9817aac2a636c1
ic_g5,private_investment_off,proportional,42,uniform,1.0065049171299387,30,3851875085.7488184,61818337.6661463,9180698823.625961,9136499763.940435,44199059.685525656,0.9951856541060052,3832617088.6250324,0.9970244737140216,689952178.0536817,0.0,6894329.59055641,144889957.39127326,0.003116935977829802,0.9723784420597141,1.0,41397130.68322092,690030447.3664907,9035692.403563261,0.003116935977829802,28b75b0d0fcb0cab52e4d8e1092d284d242a4bf41c0b134ff9fe9dd53003d4ba
ic_g5,private_investment_off,proportional,42,linkage,1.0065049171299387,30,3851874859.643059,61820403.67873983,9180698823.625961,9136498188.405622,44200635.220337436,0.9951854824921834,3832616449.3167543,0.9970243741145624,689952178.0536817,0.0,6894329.59055641,144889957.39127326,0.003126174622786877,0.9723891856810282,1.0,41397130.68322092,690029982.3575191,9035228.78230822,0.003126174622786877,28b75b0d0fcb0cab52e4d8e1092d284d242a4bf41c0b134ff9fe9dd53003d4ba
ic_g5,private_investment_off,proportional,42,stress,1.0065049171299387,30,3851879079.834221,61781836.69689567,9180698823.625961,9136527212.947783,44171610.67817827,0.9951886439663498,3832628382.9042854,0.9970262348117346,689952178.0536817,0.0,6894329.590556411,144889957.39127326,0.0030947131181824562,0.9723534961890974,1.0,41397130.68322092,690039033.5464003,9044279.97118938,0.0030947131181824562,28b75b0d0fcb0cab52e4d8e1092d284d242a4bf41c0b134ff9fe9dd53003d4ba
ic_g5,private_investment_off,proportional,43,uniform,1.0175058076979606,30,3851800683.6041265,62497683.7154268,9180698823.625961,9136049276.839287,44649546.78667397,0.9951365851723867,3832406817.270485,0.9969918960976545,689952178.0536817,0.0,6894329.59055641,144889957.39127326,0.003116935977829802,0.9723784420597141,1.0,41397130.68322092,690030617.4071081,9133792.25344801,0.003116935977829802,39e0dcff5f81874a1e923f341e28a5c35854fa482abdeeb3d78cbdb294e298f7
ic_g5,private_investment_off,proportional,43,linkage,1.0175058076979606,30,3851800457.5228176,62499749.50478161,9180698823.625961,9136047701.671932,44651121.954027794,0.9951364135985898,3832406178.0313053,0.9969917965113017,689952178.0536817,0.0,6894329.59055641,144889957.39127326,0.003126174622786877,0.9723891856810282,1.0,41397130.68322092,690030152.3981204,9133328.628354192,0.003126174622786877,39e0dcff5f81874a1e923f341e28a5c35854fa482abdeeb3d78cbdb294e298f7
ic_g5,private_investment_off,proportional,43,stress,1.0175058076979606,30,3851804716.5488343,62460827.62100969,9180698823.625961,9136076985.4228,44621838.2031611,0.9951396033068496,3832418221.4340763,0.9969936743026762,689952178.0536817,0.0,6894329.59055641,144889957.39127326,0.0030944219822838675,0.9723531659343246,1.0,41397130.68322092,690039287.4026619,9142463.632895708,0.0030944219822838675,39e0dcff5f81874a1e923f341e28a5c35854fa482abdeeb3d78cbdb294e298f7
ic_g5,private_investment_off,proportional,44,uniform,0.9711543472663869,30,3852114171.6844215,59635308.0443053,9180698823.625961,9137952102.186543,42746721.439417996,0.9953438488441193,3833292780.485004,0.9971291773607159,689952178.0536817,0.0,6894329.59055641,144889957.39127326,0.003116935977829802,0.9723784420597141,1.0,41397130.68322092,690029900.9532089,8720455.59836948,0.003116935977829802,8953506c45f8c181c811c9ebffbc26ff7b2647c3928a76f385b44e78003a3e6a
ic_g5,private_investment_off,proportional,44,linkage,0.9711543472663869,30,3852113945.5000906,59637374.77425993,9180698823.625961,9137950525.465769,42748298.16019241,0.9953436771011176,3833292140.9546824,0.9971290777191295,689952178.0536817,0.0,6894329.59055641,144889957.39127326,0.003126174622786877,0.9723891856810282,1.0,41397130.68322092,690029435.9442883,8719991.989449382,0.003126174622786877,8953506c45f8c181c811c9ebffbc26ff7b2647c3928a76f385b44e78003a3e6a
ic_g5,private_investment_off,proportional,44,stress,0.9711543472663869,30,3852118039.9847383,59599956.59211931,9180698823.625961,9137978709.909832,42720113.71612861,0.995346747068296,3833303719.075758,0.9971308830791749,689952178.0536817,0.0,6894329.59055641,144889957.39127326,0.003095655269092577,0.9723545649337553,1.0,41397130.68322092,690038215.9096061,8728771.954767227,0.003095655269092577,8953506c45f8c181c811c9ebffbc26ff7b2647c3928a76f385b44e78003a3e6a
ic_g5,private_investment_off,proportional,45,uniform,0.9996109713143555,30,3851921711.4607,61392610.78296233,9180698823.625961,9136782426.648117,43916396.97784287,0.9952164429068484,3832748859.7135515,0.9970448905229854,689952178.0536817,0.0,6894329.59055641,144889957.39127326,0.003116935977829802,0.9723784420597141,1.0,41397130.68322092,690030340.8068633,8974216.012589455,0.003116935977829802,76321f7dbe8bd68008b4aa543309096ffd3fe1884e38c4ee355b704557adc27b
ic_g5,private_investment_off,proportional,45,linkage,0.9996109713143555,30,3851921485.3396177,61394676.93545325,9180698823.625961,9136780850.882643,43917972.74331761,0.9952162712679019,3832748220.361971,0.9970447909153121,689952178.0536817,0.0,6894329.59055641,144889957.39127326,0.003126174622786877,0.9723891856810282,1.0,41397130.68322092,690029875.7979014,8973752.3937397,0.003126174622786877,76321f7dbe8bd68008b4aa543309096ffd3fe1884e38c4ee355b704557adc27b
ic_g5,private_investment_off,proportional,45,stress,0.9996109713143555,30,3851925681.1255946,61356332.986407146,9180698823.625961,9136809712.450302,43889111.17565932,0.995219414990206,3832760084.937757,0.9970466408695856,689952178.0536817,0.0,6894329.59055641,144889957.39127326,0.0030948960599864813,0.9723537037121533,1.0,41397130.68322092,690038874.3203589,8982750.91619718,0.0030948960599864813,76321f7dbe8bd68008b4aa543309096ffd3fe1884e38c4ee355b704557adc27b
ic_g5,private_investment_off,proportional,46,uniform,0.9784653580164804,30,3852064725.244035,60086790.24373395,9180698823.625961,9137651143.653698,43047679.97226268,0.9953110671857046,3833153037.6047316,0.9971075208973705,689952178.0536817,0.0,6894329.59055641,144889957.39127326,0.003116935977829802,0.9723784420597141,1.0,41397130.68322092,690030013.9594034,8785651.143462181,0.003116935977829802,af0d20cf3d6afd46b6486c2f0760852c939893bd519f126169f3cfa6563d5313
ic_g5,private_investment_off,proportional,46,linkage,0.9784653580164804,30,3852064499.0759535,60088856.825327836,9180698823.625961,9137649567.178846,43049256.44711407,0.9953108954694897,3833152398.120332,0.997107421264498,689952178.0536817,0.0,6894329.59055641,144889957.39127326,0.003126174622786877,0.9723891856810282,1.0,41397130.68322092,690029548.9504724,8785187.531991243,0.003126174622786877,af0d20cf3d6afd46b6486c2f0760852c939893bd519f126169f3cfa6563d5313
ic_g5,private_investment_off,proportional,46,stress,0.9784653580164804,30,3852068619.6734905,60051200.0042203,9180698823.625961,9137677926.267643,43020897.35831832,0.9953139844597008,3833164050.08209,0.9971092381201744,689952178.0536817,0.0,6894329.59055641,144889957.39127326,0.003095459587001486,0.9723543429584549,1.0,41397130.68322092,690038385.2463702,8794023.827889085,0.003095459587001486,af0d20cf3d6afd46b6486c2f0760852c939893bd519f126169f3cfa6563d5313
ic_g5,private_investment_off,proportional,47,uniform,1.021450627152114,30,3851774003.6707163,62741291.03928255,9180698823.625961,9135887905.689322,44810917.93663999,0.9951190079538039,3832331415.872303,0.9969802147013948,689952178.0536817,0.0,6894329.59055641,144889957.39127326,0.003116935977829802,0.9723784420597141,1.0,41397130.68322092,690030678.3821292,9168969.968732238,0.003116935977829802,33ce95ecf96cce61d20f8800bd370eea737d2874f7de0165ec8fa99ab3408895
ic_g5,private_investment_off,proportional,47,linkage,1.021450627152114,30,3851773777.598175,62743356.74858592,9180698823.625961,9135886330.65355,44812492.972411476,0.9951188363943396,3832330776.657902,0.9969801151197412,689952178.0536817,0.0,6894329.59055641,144889957.39127326,0.003126174622786877,0.9723891856810282,1.0,41397130.68322092,690030213.3731359,9168506.34226191,0.003126174622786877,33ce95ecf96cce61d20f8800bd370eea737d2874f7de0165ec8fa99ab3408895
ic_g5,private_investment_off,proportional,47,stress,1.021450627152114,30,3851778050.517395,62704307.89832559,9180698823.625961,9135915707.099176,44783116.52678408,0.9951220361992991,3832342859.347173,0.9969819990264377,689952178.0536817,0.0,6894329.59055641,144889957.39127326,0.0030943178194523793,0.972353047775524,1.0,41397130.68322092,690039378.3657978,9177671.334923744,0.0030943178194523793,33ce95ecf96cce61d20f8800bd370eea737d2874f7de0165ec8fa99ab3408895
ic_g5,private_investment_off,proportional,48,uniform,1.0723468389231177,30,3851429778.147425,65884322.06719645,9180698823.625961,9133813862.708054,46884960.91790751,0.9948930945433857,3831358584.1434293,0.9968295312221777,689952178.0536817,0.0,6894329.59055641,144889957.39127326,0.003116935977829802,0.9723784420597141,1.0,41397130.68322092,690031465.0841886,9622834.199410796,0.003116935977829802,c0c78521371d0a82ea9d77d73666a518b42af616527b86af1090eed61b08b873
ic_g5,private_investment_off,proportional,48,linkage,1.0723468389231177,30,3851429552.1880074,65886386.74367478,9180698823.625961,9133812289.361277,46886534.264684476,0.9948929231678938,3831357945.248716,0.9968294317011368,689952178.0536817,0.0,6894329.59055641,144889957.39127326,0.003126174622786877,0.9723891856810282,1.0,41397130.68322092,690031000.0751214,9622370.55518043,0.003126174622786877,c0c78521371d0a82ea9d77d73666a518b42af616527b86af1090eed61b08b873
ic_g5,private_investment_off,proportional,48,stress,1.0723468389231177,30,3851434002.82847,65845713.74300283,9180698823.625961,9133842849.809668,46855973.81629218,0.9948962519393717,3831370530.489313,0.9968313938280247,689952178.0536817,0.0,6894329.59055641,144889957.39127326,0.0030929849590309293,0.9723515358242096,1.0,41397130.68322092,690040548.8157947,9631919.295853734,0.0030929849590309293,c0c78521371d0a82ea9d77d73666a518b42af616527b86af1090eed61b08b873
ic_g5,private_investment_off,proportional,49,uniform,0.9776384808257907,30,3852070317.6491227,60035727.49119952,9180698823.625961,9137685166.566828,43013657.05913323,0.9953147731032805,3833168842.5603266,0.9971099701905951,689952178.0536817,0.0,6894329.59055641,144889957.39127326,0.003116935977829802,0.9723784420597141,1.0,41397130.68322092,690030001.1783738,8778277.510593295,0.003116935977829802,cb51fe4a17f155d4875111f416844112aa351edb7b2bd4a35403178a791b0064
ic_g5,private_investment_off,proportional,49,linkage,0.9776384808257907,30,3852070091.4792037,60037794.08957292,9180698823.625961,9137683590.064178,43015233.561781585,0.9953146013840378,3833168203.0707326,0.9971098705567372,689952178.0536817,0.0,6894329.59055641,144889957.39127326,0.003126174622786877,0.9723891856810282,1.0,41397130.68322092,690029536.1694441,8777813.899410963,0.003126174622786877,cb51fe4a17f155d4875111f416844112aa351edb7b2bd4a35403178a791b0064
ic_g5,private_investment_off,proportional,49,stress,0.9776384808257907,30,3852074209.1263857,60000164.23099878,9180698823.625961,9137711929.424269,42986894.201691665,0.9953176882253159,3833179846.6896296,0.9971116861135972,689952178.0536817,0.0,6894329.59055641,144889957.39127326,0.003095481696847368,0.9723543680391328,1.0,41397130.68322092,690038366.1005807,8786643.830547571,0.003095481696847368,cb51fe4a17f155d4875111f416844112aa351edb7b2bd4a35403178a791b0064
ic_g5,private_investment_off,proportional,50,uniform,0.9212846670764326,30,3852451454.4833255,56555669.172665976,9180698823.625961,9140013318.647274,40685504.97868636,0.9955683651364332,3834245991.058236,0.9972769309092148,689952178.0536817,0.0,6894329.59055641,144889957.39127326,0.003116935977829802,0.9723784420597141,1.0,41397130.68322092,690029130.1182342,8275745.407845974,0.003116935977829802,79959801f421ed4e44a9854372a449776766eb8823d90264ff6c747a9ef436a7
ic_g5,private_investment_off,proportional,50,linkage,0.9212846670764326,30,3852451228.1881533,56557736.914614856,9180698823.625961,9140011740.239908,40687083.38605276,0.9955681932097209,3834245351.2146735,0.99727683120817,689952178.0536817,0.0,6894329.59055641,144889957.39127326,0.003126174622786877,0.9723891856810282,1.0,41397130.68322092,690028665.109386,8275281.8163279295,0.003126174622786877,79959801f421ed4e44a9854372a449776766eb8823d90264ff6c747a9ef436a7
ic_g5,private_investment_off,proportional,50,stress,0.9212846670764326,30,3852455142.93249,56521961.332205616,9180698823.625961,9140038720.700655,40660102.925305076,0.9955711320340157,3834256421.0754924,0.9972785574343478,689952178.0536817,0.0,6894329.59055641,144889957.39127326,0.003097001774822121,0.9723560923660128,1.0,41397130.68322092,690037057.4852955,8283674.192237496,0.003097001774822121,79959801f421ed4e44a9854372a449776766eb8823d90264ff6c747a9ef436a7
ic_g5,private_investment_off,proportional,51,uniform,1.0526808585011613,30,3851562784.753737,64669874.3802319,9180698823.625961,9134613511.07043,46085312.55552902,0.9949801955776032,3831734480.287134,0.9968877477079782,689952178.0536817,0.0,6894329.59055641,144889957.39127326,0.003116935977829802,0.9723784420597141,1.0,41397130.68322092,690031161.1073942,9447463.876862764,0.003116935977829802,e238e0924e1b8cc5511116e4e4bcde138051383a45ae91e58e9ad75120a4a1d8
ic_g5,private_investment_off,proportional,51,linkage,1.0526808585011613,30,3851562558.750609,64671939.455787286,9180698823.625961,9134611937.07294,46086886.55301918,0.994980024131233,3831733841.268895,0.996887648163521,689952178.0536817,0.0,6894329.59055641,144889957.39127326,0.003126174622786877,0.9723891856810282,1.0,41397130.68322092,690030696.0983555,9447000.239494681,0.003126174622786877,e238e0924e1b8cc5511116e4e4bcde138051383a45ae91e58e9ad75120a4a1d8
ic_g5,private_investment_off,proportional,51,stress,1.0526808585011613,30,3851566941.0554557,64631890.957528025,9180698823.625961,9134642042.644032,46056780.981928535,0.9949833033555784,3831746233.2733936,0.9968895802154395,689952178.0536817,0.0,6894329.59055641,144889957.39127326,0.0030934975493177985,0.9723521172889902,1.0,41397130.68322092,690040097.2527784,9456401.39391756,0.0030934975493177985,e238e0924e1b8cc5511116e4e4bcde138051383a45ae91e58e9ad75120a4a1d8
ic_g5,private_investment_off,intermediate_first,42,uniform,1.0065049171299387,30,3851873047.199763,61553228.562253974,9959446903.5495,9913256273.584105,46190629.96539471,0.9953621290004636,3832668071.8967557,0.9970371225642061,689952178.0536817,0.0,6894329.59055641,144889957.39127326,0.003116935977829802,0.9723784420597141,1.0,41397130.68322092,690029397.9031982,9034642.940270782,0.003116935977829802,27158c6f869f9b88beae1e11404d297469b1179aa64ef9c6bf51a0f024e7ebd9
ic_g5,private_investment_off,intermediate_first,42,linkage,1.0065049171299387,30,3851872483.175578,61558358.23930763,9959446903.5495,9913252183.570679,46194719.978819676,0.9953617183337403,3832666481.9371605,0.997036875271844,689952178.0536817,0.0,6894329.59055641,144889957.39127326,0.003129330015687568,0.9723929799669675,1.0,41397130.68322092,690028431.045352,9033679.697819114,0.003129330015687568,27158c6f869f9b88beae1e11404d297469b1179aa64ef9c6bf51a0f024e7ebd9
ic_g5,private_investment_off,intermediate_first,42,stress,1.0065049171299387,30,3851876648.809493,61520467.24851107,9959446903.5495,9913282040.642647,46164862.90685188,0.9953647161982058,3832678225.769234,0.9970387034503152,689952178.0536817,0.0,6894329.590556411,144889957.39127326,0.003098331990882079,0.9723577970630246,1.0,41397130.68322092,690037343.1952308,9042591.847697973,0.003098331990882079,27158c6f869f9b88beae1e11404d297469b1179aa64ef9c6bf51a0f024e7ebd9
ic_g5,private_investment_off,intermediate_first,43,uniform,1.0175058076979606,30,3851798648.8055058,62229423.104261935,9959446903.5495,9912783881.42951,46663022.11998844,0.9953146974353205,3832458434.5940967,0.997004693699459,689952178.0536817,0.0,6894329.59055641,144889957.39127326,0.003116935977829802,0.9723784420597141,1.0,41397130.68322092,690029803.7662942,9132978.612634301,0.003116935977829802,2f5934a0c3e5fcaa3ff9c822b407d02919b3d1e7600090453c0eea0111da78bf
ic_g5,private_investment_off,intermediate_first,43,linkage,1.0175058076979606,30,3851798057.9548073,62234796.82471995,9959446903.5495,9912779594.774258,46667308.775241934,0.9953142670243456,3832456768.999307,0.9970044346296043,689952178.0536817,0.0,6894329.59055641,144889957.39127326,0.003129330015687568,0.9723929799669675,1.0,41397130.68322092,690028592.285714,9131770.737489223,0.003129330015687568,2f5934a0c3e5fcaa3ff9c822b407d02919b3d1e7600090453c0eea0111da78bf
ic_g5,private_investment_off,intermediate_first,43,stress,1.0175058076979606,30,3851802262.081886,62196555.694242485,9959446903.5495,9912809720.115454,46637183.4340452,0.9953172918249683,3832468621.352481,0.9970062796749514,689952178.0536817,0.0,6894329.59055641,144889957.39127326,0.00309804394579038,0.9723574701359075,1.0,41397130.68322092,690037587.3063546,9140765.758129835,0.00309804394579038,2f5934a0c3e5fcaa3ff9c822b407d02919b3d1e7600090453c0eea0111da78bf
ic_g5,private_investment_off,intermediate_first,44,uniform,0.9711543472663869,30,3852112053.7863235,59380938.03656536,9959446903.5495,9914778504.05482,44668399.49467939,0.995514971872709,3833341536.5884542,0.9971413184628404,689952178.0536817,0.0,6894329.59055641,144889957.39127326,0.003116935977829802,0.9723784420597141,1.0,41397130.68322092,690027736.8491564,8718291.494316936,0.003116935977829802,52c5d84eb7517b70b79f11fdd3ee1cc369c04d1420ee8712b98b1dc22d938f85
ic_g5,private_investment_off,intermediate_first,44,linkage,0.9711543472663869,30,3852111596.7459536,59385094.68339135,9959446903.5495,9914775198.14724,44671705.40225902,0.9955146399358443,3833340248.2187185,0.9971411180852692,689952178.0536817,0.0,6894329.59055641,144889957.39127326,0.003129330015687568,0.9723929799669675,1.0,41397130.68322092,690027532.5956097,8718090.888168216,0.003129330015687568,52c5d84eb7517b70b79f11fdd3ee1cc369c04d1420ee8712b98b1dc22d938f85
ic_g5,private_investment_off,intermediate_first,44,stress,0.9711543472663869,30,3852115683.6991224,59347919.37894725,9959446903.5495,9914804523.186422,44642380.36307648,0.995517584380397,3833351770.2327766,0.9971429118225539,689952178.0536817,0.0,6894329.59055641,144889957.39127326,0.003099263987757458,0.9723588548666651,1.0,41397130.68322092,690036556.9381406,8727115.230699182,0.003099263987757458,52c5d84eb7517b70b79f11fdd3ee1cc369c04d1420ee8712b98b1dc22d938f85
ic_g5,private_investment_off,intermediate_first,45,uniform,0.9996109713143555,30,3851919658.067991,61129590.26886831,9959446903.5495,9913552571.550396,45894331.999102905,0.9953918794443548,3832799410.4236608,0.9970574406545573,689952178.0536817,0.0,6894329.59055641,144889957.39127326,0.003116935977829802,0.9723784420597141,1.0,41397130.68322092,690029053.4312477,8972928.636973739,0.003116935977829802,800337140d025f725ba24c66fe92d28597e8af3770464cf09ffb6f3ef0a12c1c
ic_g5,private_investment_off,intermediate_first,45,linkage,0.9996109713143555,30,3851919123.3485837,61134453.38118977,9959446903.5495,9913548696.523115,45898207.02638302,0.9953914903637845,3832797903.0817895,0.9970572062237844,689952178.0536817,0.0,6894329.59055641,144889957.39127326,0.003129330015687568,0.9723929799669675,1.0,41397130.68322092,690028330.0005946,8972208.827956557,0.003129330015687568,800337140d025f725ba24c66fe92d28597e8af3770464cf09ffb6f3ef0a12c1c
ic_g5,private_investment_off,intermediate_first,45,stress,0.9996109713143555,30,3851923264.793561,61096782.41662899,9959446903.5495,9913578384.939463,45868518.61003699,0.9953944712940144,3832809578.719679,0.9970590238028983,689952178.0536817,0.0,6894329.590556411,144889957.39127326,0.0030985129793126447,0.972358002482365,1.0,41397130.68322092,690037190.0810035,8981068.908365488,0.0030985129793126447,800337140d025f725ba24c66fe92d28597e8af3770464cf09ffb6f3ef0a12c1c
ic_g5,private_investment_off,intermediate_first,46,uniform,0.9784653580164804,30,3852062623.918514,59830197.7676914,9959446903.5495,9914463092.602617,44983810.946881115,0.9954833022975553,3833202254.7744193,0.9971197671109986,689952178.0536817,0.0,6894329.59055641,144889957.39127326,0.003116935977829802,0.9723784420597141,1.0,41397130.68322092,690028075.1024153,8783712.286474109,0.003116935977829802,1e879de4308480280fa2698d37c415d598adee594ab3f2232ebc927c8017285c
ic_g5,private_investment_off,intermediate_first,46,linkage,0.9784653580164804,30,3852062166.5197167,59834357.65891206,9959446903.5495,9914459784.43046,44987119.11903811,0.9954829701333107,3833200965.397378,0.9971195665839373,689952178.0536817,0.0,6894329.59055641,144889957.39127326,0.003129330015687568,0.9723929799669675,1.0,41397130.68322092,690027883.8999377,8783524.724775791,0.003129330015687568,1e879de4308480280fa2698d37c415d598adee594ab3f2232ebc927c8017285c
ic_g5,private_investment_off,intermediate_first,46,stress,0.9784653580164804,30,3852066248.418251,59797228.32383036,9959446903.5495,9914489062.927984,44957840.62151477,0.9954859099047466,3833212473.1629286,0.9971213580848617,689952178.0536817,0.0,6894329.59055641,144889957.39127326,0.0030990704349143075,0.9723586351868033,1.0,41397130.68322092,690036719.7769741,8792360.601812124,0.0030990704349143075,1e879de4308480280fa2698d37c415d598adee594ab3f2232ebc927c8017285c
ic_g5,private_investment_off,intermediate_first,47,uniform,1.021450627152114,30,3851771960.5743656,62471988.04570643,9959446903.5495,9912614584.359337,46832319.19016179,0.9952976987935472,3832383233.374668,0.9969930613995545,689952178.0536817,0.0,6894329.59055641,144889957.39127326,0.003116935977829802,0.9723784420597141,1.0,41397130.68322092,690029861.5856379,9168153.172240973,0.003116935977829802,8d0ecccb4772052f4a93b6039ee87a100ca53d35d63b4130f9654cc06988c8a0
ic_g5,private_investment_off,intermediate_first,47,linkage,1.021450627152114,30,3851771369.7465243,62477361.55843654,9959446903.5495,9912610298.050808,46836605.49869099,0.9952972684173857,3832381567.8442807,0.9969928023418356,689952178.0536817,0.0,6894329.59055641,144889957.39127326,0.003129330015687568,0.9723929799669675,1.0,41397130.68322092,690028650.1050436,9166945.293510556,0.003129330015687568,8d0ecccb4772052f4a93b6039ee87a100ca53d35d63b4130f9654cc06988c8a0
ic_g5,private_investment_off,intermediate_first,47,stress,1.021450627152114,30,3851775587.645286,62438995.15861695,9959446903.5495,9912640519.33426,46806384.215237245,0.9953003028513002,3832393459.0230064,0.9969946534215022,689952178.0536817,0.0,6894329.59055641,144889957.39127326,0.003097940883475987,0.9723573531616453,1.0,41397130.68322092,690037674.77726,9175969.965726852,0.003097940883475987,8d0ecccb4772052f4a93b6039ee87a100ca53d35d63b4130f9654cc06988c8a0
ic_g5,private_investment_off,intermediate_first,48,uniform,1.0723468389231177,30,3851427627.9934525,65601570.21580599,9959446903.5495,9910438278.392256,49008625.157243386,0.9950791820437561,3831412984.359735,0.9968430109287333,689952178.0536817,0.0,6894329.59055641,144889957.39127326,0.003116935977829802,0.9723784420597141,1.0,41397130.68322092,690030607.5730262,9621976.688248277,0.003116935977829802,30a1f346b630471a78b1372b3dbabfc9209f6e8f718e820caa34493d0004850c
ic_g5,private_investment_off,intermediate_first,48,linkage,1.0723468389231177,30,3851427037.460512,65606941.04842077,9959446903.5495,9910433996.535227,49012907.01427222,0.9950787521145572,3831411319.6602716,0.9968427520275411,689952178.0536817,0.0,6894329.59055641,144889957.39127326,0.003129330015687568,0.9723929799669675,1.0,41397130.68322092,690029396.0922489,9620768.763257623,0.003129330015687568,30a1f346b630471a78b1372b3dbabfc9209f6e8f718e820caa34493d0004850c
ic_g5,private_investment_off,intermediate_first,48,stress,1.0723468389231177,30,3851431431.559565,65566971.903156444,9959446903.5495,9910465443.645983,48981459.903515846,0.995081909630337,3831423707.5883775,0.9968446803062803,689952178.0536817,0.0,6894329.59055641,144889957.39127326,0.003096621858114298,0.9723558560871306,1.0,41397130.68322092,690038800.276884,9630172.947892666,0.003096621858114298,30a1f346b630471a78b1372b3dbabfc9209f6e8f718e820caa34493d0004850c
ic_g5,private_investment_off,intermediate_first,49,uniform,0.9776384808257907,30,3852068214.449239,59779386.37689176,9959446903.5495,9914498750.163374,44948153.38612444,0.9954868825727555,3833218007.583304,0.9971222045169383,689952178.0536817,0.0,6894329.59055641,144889957.39127326,0.003116935977829802,0.9723784420597141,1.0,41397130.68322092,690028036.8458852,8776313.178104639,0.003116935977829802,469052ec1d1d8abd446f499be95e0bf12a4d9b6431f3c0bda9d7abbe82456adc
ic_g5,private_investment_off,intermediate_first,49,linkage,0.9776384808257907,30,3852067757.2073545,59783544.84732872,9959446903.5495,9914495443.091293,44951460.458204515,0.9954865505189665,3833216718.6473327,0.9971220040565326,689952178.0536817,0.0,6894329.59055641,144889957.39127326,0.003129330015687568,0.9723929799669675,1.0,41397130.68322092,690027840.3776907,8776120.351438046,0.003129330015687568,469052ec1d1d8abd446f499be95e0bf12a4d9b6431f3c0bda9d7abbe82456adc
ic_g5,private_investment_off,intermediate_first,49,stress,0.9776384808257907,30,3852071839.6341453,59746410.70394616,9959446903.5495,9914524726.545572,44922177.003925696,0.9954894907880961,3833228227.9027996,0.9971237957924994,689952178.0536817,0.0,6894329.59055641,144889957.39127326,0.003099092304877492,0.9723586600089142,1.0,41397130.68322092,690036701.3658854,8784981.33963275,0.003099092304877492,469052ec1d1d8abd446f499be95e0bf12a4d9b6431f3c0bda9d7abbe82456adc
ic_g5,private_investment_off,intermediate_first,50,uniform,0.9212846670764326,30,3852449201.282219,56316661.47814611,9959446903.5495,9916938130.622303,42508772.927195765,0.9957318138909856,3834291539.3960333,0.9972883448411746,689952178.0536817,0.0,6894329.59055641,144889957.39127326,0.003116935977829802,0.9723784420597141,1.0,41397130.68322092,690026171.9391186,8272787.228730559,0.003116935977829802,9e372c63205272210d9e1f2619f103bc3dd0aa4904c54540b3af312981ee4b3b
ic_g5,private_investment_off,intermediate_first,50,linkage,0.9212846670764326,30,3852448762.1101303,56320655.59211597,9959446903.5495,9916934953.656971,42511949.892527625,0.9957314949008486,3834290301.4011507,0.9972881522527987,689952178.0536817,0.0,6894329.59055641,144889957.39127326,0.003129330015687568,0.9723929799669675,1.0,41397130.68322092,690025363.3270994,8271982.309257507,0.003129330015687568,9e372c63205272210d9e1f2619f103bc3dd0aa4904c54540b3af312981ee4b3b
ic_g5,private_investment_off,intermediate_first,50,stress,0.9212846670764326,30,3852452815.1480427,56283788.64977941,9959446903.5495,9916964092.933388,42482810.61611006,0.9957344206934854,3834301727.82753,0.9972899312643432,689952178.0536817,0.0,6894329.59055641,144889957.39127326,0.0031005953925818484,0.9723603659940915,1.0,41397130.68322092,690035142.3820279,8281761.364185929,0.0031005953925818484,9e372c63205272210d9e1f2619f103bc3dd0aa4904c54540b3af312981ee4b3b
ic_g5,private_investment_off,intermediate_first,51,uniform,1.0526808585011613,30,3851560675.966165,64392319.0840519,9959446903.5495,9911277440.781769,48169462.76772981,0.9951634399747075,3831787882.5587983,0.9969009829196334,689952178.0536817,0.0,6894329.59055641,144889957.39127326,0.003116935977829802,0.9723784420597141,1.0,41397130.68322092,690030319.3281282,9446622.097596884,0.003116935977829802,ec126c558f3043e2222bde48641c20683f9ad58c6729eff4d38920a29a7bab2e
ic_g5,private_investment_off,intermediate_first,51,linkage,1.0526808585011613,30,3851560085.319277,64397690.9522466,9959446903.5495,9911273157.20952,48173746.33997822,0.9951630098732882,3831786217.538271,0.996900723957971,689952178.0536817,0.0,6894329.59055641,144889957.39127326,0.003129330015687568,0.9723929799669675,1.0,41397130.68322092,690029107.8474215,9445414.19048047,0.003129330015687568,ec126c558f3043e2222bde48641c20683f9ad58c6729eff4d38920a29a7bab2e
ic_g5,private_investment_off,intermediate_first,51,stress,1.0526808585011613,30,3851564411.660173,64358338.1459185,9959446903.5495,9911304133.298994,48142770.250504404,0.9951661200951483,3831798414.440433,0.9969026225510632,689952178.0536817,0.0,6894329.59055641,144889957.39127326,0.00309712918195179,0.9723564318921597,1.0,41397130.68322092,690038366.0591799,9454672.402238846,0.00309712918195179,ec126c558f3043e2222bde48641c20683f9ad58c6729eff4d38920a29a7bab2e
ic_g5,private_investment_off,final_first,42,uniform,1.0065049171299387,30,3851879707.261267,62345035.86679777,7784100715.347655,7744475903.803385,39624811.54427097,0.9949095196743609,3832516370.497351,0.9969993447228089,689952178.0536817,0.0,6894329.59055641,144889957.39127326,0.003116935977829802,0.9723784420597141,1.0,41397130.68322092,690032490.0136329,9037735.050705552,0.003116935977829802,e2c951f196e8ee446f26ec76f1c280c4b162cde5055e72b18f69c1c1c8fd3a8d
ic_g5,private_investment_off,final_first,42,linkage,1.0065049171299387,30,3851880216.627096,62340338.18940081,7784100715.347655,7744479111.84204,39621603.50561631,0.9949099318014354,3832517819.3986597,0.9969995711617414,689952178.0536817,0.0,6894329.59055641,144889957.39127326,0.003122587405458046,0.9723847102904724,1.0,41397130.68322092,690033544.2161111,9038786.107145786,0.003122587405458046,e2c951f196e8ee446f26ec76f1c280c4b162cde5055e72b18f69c1c1c8fd3a8d
ic_g5,private_investment_off,final_first,42,stress,1.0065049171299387,30,3851884540.583242,62300453.51041173,7784100715.347655,7744505940.588788,39594774.758868456,0.9949133784098143,3832530120.290603,0.9970014952284939,689952178.0536817,0.0,6894329.590556411,144889957.39127326,0.00308997646938382,0.9723477561159329,1.0,41397130.68322092,690042863.1341137,9048105.025148392,0.00308997646938382,e2c951f196e8ee446f26ec76f1c280c4b162cde5055e72b18f69c1c1c8fd3a8d
ic_g5,private_investment_off,final_first,43,uniform,1.0175058076979606,30,3851805357.952526,63030151.508754015,7784100715.347655,7744075469.597712,40025245.749944486,0.9948580770966867,3832304998.060219,0.9969664953301731,689952178.0536817,0.0,6894329.59055641,144889957.39127326,0.003116935977829802,0.9723784420597141,1.0,41397130.68322092,690032682.3888067,9135857.235146761,0.003116935977829802,edd06d5fc2af6f3494863d694a597058da0d9684a35bd953e0f0337d02dd3a1d
ic_g5,private_investment_off,final_first,43,linkage,1.0175058076979606,30,3851805867.2629995,63025454.34141334,7784100715.347655,7744078676.835397,40022038.51225915,0.9948584891208629,3832306446.8041606,0.996966721738869,689952178.0536817,0.0,6894329.59055641,144889957.39127326,0.003122587405458046,0.9723847102904724,1.0,41397130.68322092,690033736.5913253,9136908.300293922,0.003122587405458046,edd06d5fc2af6f3494863d694a597058da0d9684a35bd953e0f0337d02dd3a1d
ic_g5,private_investment_off,final_first,43,stress,1.0175058076979606,30,3851810230.672581,62985205.692226745,7784100715.347655,7744105742.143663,39994973.20399275,0.9948619661195884,3832318859.943579,0.9969686633322371,689952178.0536817,0.0,6894329.59055641,144889957.39127326,0.0030896772279691764,0.9723474170269609,1.0,41397130.68322092,690043141.0845261,9146312.793494701,0.0030896772279691764,edd06d5fc2af6f3494863d694a597058da0d9684a35bd953e0f0337d02dd3a1d
ic_g5,private_investment_off,final_first,44,uniform,0.9711543472663869,30,3852118623.4123473,60143466.074258715,7784100715.347655,7745767316.012578,38333399.33507794,0.9950754235155904,3833195600.606939,0.9971049222115307,689952178.0536817,0.0,6894329.59055641,144889957.39127326,0.003116935977829802,0.9723784420597141,1.0,41397130.68322092,690031871.8298614,8722426.475021958,0.003116935977829802,1856a7bc8c2cc16b74b51c814bdbe45dab57bc02755b98d2303d1ac48776dc6c
ic_g5,private_investment_off,final_first,44,linkage,0.9711543472663869,30,3852119132.956057,60138766.75783302,7784100715.347655,7745770526.637357,38330188.71029896,0.9950758359748963,3833197050.013934,0.9971051487476521,689952178.0536817,0.0,6894329.59055641,144889957.39127326,0.003122587405458046,0.9723847102904724,1.0,41397130.68322092,690032926.0322093,8723477.503483176,0.003122587405458046,1856a7bc8c2cc16b74b51c814bdbe45dab57bc02755b98d2303d1ac48776dc6c
ic_g5,private_investment_off,final_first,44,stress,0.9711543472663869,30,3852123329.1476493,60100060.61795426,7784100715.347655,7745796588.255595,38304127.09206063,0.9950791840325837,3833208987.433502,0.9971070160585245,689952178.0536817,0.0,6894329.590556411,144889957.39127326,0.003090945163697669,0.9723488538038443,1.0,41397130.68322092,690041967.9434378,8732519.414711714,0.003090945163697669,1856a7bc8c2cc16b74b51c814bdbe45dab57bc02755b98d2303d1ac48776dc6c
ic_g5,private_investment_off,final_first,45,uniform,0.9996109713143555,30,3851926299.8623586,61915693.34367701,7784100715.347655,7744727193.317518,39373522.03013789,0.9949418020822232,3832648831.603067,0.9970199318845253,689952178.0536817,0.0,6894329.59055641,144889957.39127326,0.003116935977829802,0.9723784420597141,1.0,41397130.68322092,690032369.4575727,8976244.663298965,0.003116935977829802,f25181d31bff5e6ae016a3ce59ab3542dc374c8dec0d6aa930e5312e1286247c
ic_g5,private_investment_off,final_first,45,linkage,0.9996109713143555,30,3851926809.2628775,61910995.34664175,7784100715.347655,7744730401.859038,39370313.48861783,0.9949422142738992,3832650280.6029925,0.9970201583424082,689952178.0536817,0.0,6894329.59055641,144889957.39127326,0.003122587405458046,0.9723847102904724,1.0,41397130.68322092,690033423.6600255,8977295.71428287,0.003122587405458046,f25181d31bff5e6ae016a3ce59ab3542dc374c8dec0d6aa930e5312e1286247c
ic_g5,private_investment_off,final_first,45,stress,0.9996109713143555,30,3851931108.4219675,61871339.42806544,7784100715.347655,7744757081.84176,39343633.505896345,0.9949456417710111,3832662510.945798,0.9970220713930966,689952178.0536817,0.0,6894329.590556411,144889957.39127326,0.0030901645278202184,0.97234796921662,1.0,41397130.68322092,690042688.7993076,8986560.853564978,0.0030901645278202184,f25181d31bff5e6ae016a3ce59ab3542dc374c8dec0d6aa930e5312e1286247c
ic_g5,private_investment_off,final_first,46,uniform,0.9784653580164804,30,3852069212.085863,60598782.64998757,7784100715.347655,7745499649.702888,38601065.64476833,0.9950410372300734,3833055125.965309,0.997083084961331,689952178.0536817,0.0,6894329.59055641,144889957.39127326,0.003116935977829802,0.9723784420597141,1.0,41397130.68322092,690031999.6792346,8787636.86329341,0.003116935977829802,0df375f1d2cd4494f78d45169d7335353e3e902c66e3de1fb6311e38b75f8521
ic_g5,private_investment_off,final_first,46,linkage,0.9784653580164804,30,3852069721.592785,60594083.67253696,7784100715.347655,7745502859.791277,38597855.556379355,0.9950414496204711,3833056575.267721,0.9970833114773491,689952178.0536817,0.0,6894329.59055641,144889957.39127326,0.003122587405458046,0.9723847102904724,1.0,41397130.68322092,690033053.8816094,8788687.897541165,0.003122587405458046,0df375f1d2cd4494f78d45169d7335353e3e902c66e3de1fb6311e38b75f8521
ic_g5,private_investment_off,final_first,46,stress,0.9784653580164804,30,3852073944.3311634,60555132.66744416,7784100715.347655,7745529080.936868,38571634.410788804,0.9950448181721574,3833068588.207118,0.9970851905809639,689952178.0536817,0.0,6894329.59055641,144889957.39127326,0.0030907439292434946,0.9723486257724875,1.0,41397130.68322092,690042153.3357826,8797787.351714373,0.0030907439292434946,0df375f1d2cd4494f78d45169d7335353e3e902c66e3de1fb6311e38b75f8521
ic_g5,private_investment_off,final_first,47,uniform,1.021450627152114,30,3851778696.9656076,63275827.75614738,7784100715.347655,7743932043.8389015,40168671.508755036,0.9948396516209568,3832229201.8238215,0.9969547164957026,689952178.0536817,0.0,6894329.59055641,144889957.39127326,0.003116935977829802,0.9723784420597141,1.0,41397130.68322092,690032751.3727969,9171042.959399939,0.003116935977829802,83fdbfef52f5bae82bf3f29c9841302cb1642f0839b6080e35c2c75d8b0c8b8d
ic_g5,private_investment_off,final_first,47,linkage,1.021450627152114,30,3851779206.2562313,63271130.77170794,7784100715.347655,7743935250.789804,40165464.55785124,0.9948400636082909,3832230650.511333,0.9969549428935572,689952178.0536817,0.0,6894329.59055641,144889957.39127326,0.003122587405458046,0.9723847102904724,1.0,41397130.68322092,690033805.5753301,9172094.02766943,0.003122587405458046,83fdbfef52f5bae82bf3f29c9841302cb1642f0839b6080e35c2c75d8b0c8b8d
ic_g5,private_investment_off,final_first,47,stress,1.021450627152114,30,3851783583.778827,63230751.925520524,7784100715.347655,7743962400.680434,40138314.667221494,0.9948435514730581,3832243103.803167,0.9969568907562681,689952178.0536817,0.0,6894329.590556411,144889957.39127326,0.003089570176220412,0.972347295720012,1.0,41397130.68322092,690043240.6830225,9181529.13536179,0.003089570176220412,83fdbfef52f5bae82bf3f29c9841302cb1642f0839b6080e35c2c75d8b0c8b8d
ic_g5,private_investment_off,final_first,48,uniform,1.0723468389231177,30,3851434715.890682,66445552.11482743,7784100715.347655,7742089380.519824,42011334.82783233,0.9946029302081101,3831251275.8771605,0.9968027767304516,689952178.0536817,0.0,6894329.59055641,144889957.39127326,0.003116935977829802,0.9723784420597141,1.0,41397130.68322092,690033641.406883,9625010.522105217,0.003116935977829802,110202c53ba5b8a76e6870ce1e8dce4d1ed2f9d077b1be91c465b47d1a522c12
ic_g5,private_investment_off,final_first,48,linkage,1.0723468389231177,30,3851435224.9252014,66440857.49019016,7784100715.347655,7742092583.791266,42008131.55638964,0.9946033417227551,3831252723.8366065,0.9968030029884728,689952178.0536817,0.0,6894329.59055641,144889957.39127326,0.003122587405458046,0.9723847102904724,1.0,41397130.68322092,690034695.6096039,9626061.630657911,0.003122587405458046,110202c53ba5b8a76e6870ce1e8dce4d1ed2f9d077b1be91c465b47d1a522c12
ic_g5,private_investment_off,final_first,48,stress,1.0723468389231177,30,3851439782.911738,66398813.80457788,7784100715.347655,7742120813.43146,41979901.916195445,0.9946069682997004,3831265690.560266,0.9968050310102192,689952178.0536817,0.0,6894329.590556411,144889957.39127326,0.0030882008642376,0.9723457440686979,1.0,41397130.68322092,690044522.3334981,9635888.35455215,0.0030882008642376,110202c53ba5b8a76e6870ce1e8dce4d1ed2f9d077b1be91c465b47d1a522c12
ic_g5,private_investment_off,final_first,49,uniform,0.9776384808257907,30,3852074800.51956,60547286.22851021,7784100715.347655,7745529907.524568,38570807.82308869,0.9950449243613924,3833071013.6833014,0.9970855546999303,689952178.0536817,0.0,6894329.59055641,144889957.39127326,0.003116935977829802,0.9723784420597141,1.0,41397130.68322092,690031985.2194377,8780261.5516572,0.003116935977829802,0574785a453370f0255bc643871091001a388116a233b7145d3b7cd96b582102
ic_g5,private_investment_off,final_first,49,linkage,0.9776384808257907,30,3852075310.030642,60542587.212721266,7784100715.347655,7745533117.673582,38567597.67407436,0.9950453367595783,3833072462.9975414,0.997085781218222,689952178.0536817,0.0,6894329.59055641,144889957.39127326,0.003122587405458046,0.9723847102904724,1.0,41397130.68322092,690033039.4218096,8781312.585250497,0.003122587405458046,0574785a453370f0255bc643871091001a388116a233b7145d3b7cd96b582102
ic_g5,private_investment_off,final_first,49,stress,0.9776384808257907,30,3852079529.76978,60503663.87235776,7784100715.347655,7745559320.799465,38541394.54819051,0.995048702996327,3833084467.4047523,0.9970876589895143,689952178.0536817,0.0,6894329.59055641,144889957.39127326,0.0030907666654081453,0.9723486515362573,1.0,41397130.68322092,690042132.374533,8790405.537974,0.0030907666654081453,0574785a453370f0255bc643871091001a388116a233b7145d3b7cd96b582102
ic_g5,private_investment_off,final_first,50,uniform,0.9212846670764326,30,3852455666.686778,57037672.14104919,7784100715.347655,7747601302.412795,36499412.934861414,0.9953110302307759,3834153802.6680117,0.997253909830025,689952178.0536817,0.0,6894329.59055641,144889957.39127326,0.003116935977829802,0.9723784420597141,1.0,41397130.68322092,690030999.7469758,8277615.036587715,0.003116935977829802,009ba0ee06ca3a324d198c2faaf4582e633031ee9ed1e2028b6f55b85a3853ef
ic_g5,private_investment_off,final_first,50,linkage,0.9212846670764326,30,3852456176.4837294,57032970.55248786,7784100715.347655,7747604516.718057,36496198.629599474,0.9953114431629025,3834155252.7826753,0.9972541365013851,689952178.0536817,0.0,6894329.59055641,144889957.39127326,0.003122587405458046,0.9723847102904724,1.0,41397130.68322092,690032053.9491396,8278666.025577903,0.003122587405458046,009ba0ee06ca3a324d198c2faaf4582e633031ee9ed1e2028b6f55b85a3853ef
ic_g5,private_investment_off,final_first,50,stress,0.9212846670764326,30,3852460189.8777604,56995950.63042625,7784100715.347655,7747629477.883943,36471237.46371326,0.9953146498487868,3834166670.1611185,0.9972559225957932,689952178.0536817,0.0,6894329.59055641,144889957.39127326,0.0030923304363355206,0.97235042354374,1.0,41397130.68322092,690040699.7691354,8287311.845573664,0.0030923304363355206,009ba0ee06ca3a324d198c2faaf4582e633031ee9ed1e2028b6f55b85a3853ef
ic_g5,private_investment_off,final_first,51,uniform,1.0526808585011613,30,3851567628.043662,65220790.29048445,7784100715.347655,7742799659.303119,41301056.044537514,0.9946941775864867,3831629140.395009,0.9968614784469916,689952178.0536817,0.0,6894329.59055641,144889957.39127326,0.003116935977829802,0.9723784420597141,1.0,41397130.68322092,690033297.5032347,9449600.27270341,0.003116935977829802,5db5ff9ab0f51e3574ee9b1976fcdc9639b4cfd113cea205b2b3c566afb6fb24
ic_g5,private_investment_off,final_first,51,linkage,1.0526808585011613,30,3851568137.1771383,65216094.754034296,7784100715.347655,7742802863.991768,41297851.355888724,0.994694589283196,3831630588.635775,0.9968617047590338,689952178.0536817,0.0,6894329.59055641,144889957.39127326,0.003122587405458046,0.9723847102904724,1.0,41397130.68322092,690034351.7058831,9450651.365690947,0.003122587405458046,5db5ff9ab0f51e3574ee9b1976fcdc9639b4cfd113cea205b2b3c566afb6fb24
ic_g5,private_investment_off,final_first,51,stress,1.0526808585011613,30,3851572625.788639,65174691.07664454,7784100715.347655,7742830678.946246,41270036.40140953,0.994698162586715,3831643357.9827538,0.9968637019671969,689952178.0536817,0.0,6894329.590556411,144889957.39127326,0.003088727360090052,0.9723463406732626,1.0,41397130.68322092,690044027.8498057,9460327.509613514,0.003088727360090052,5db5ff9ab0f51e3574ee9b1976fcdc9639b4cfd113cea205b2b3c566afb6fb24
