task,training_seed,update,episode,index,scenario_seed
ic_r1,101,0,0,85963,185963
ic_r1,101,0,1,21321,121321
ic_r1,101,0,2,31507,131507
ic_r1,101,0,3,59326,159326
ic_r1,101,0,4,12830,112830
ic_r1,101,0,5,15297,115297
ic_r1,101,0,6,53343,153343
ic_r1,101,0,7,77517,177517
ic_r1,101,0,8,60538,160538
ic_r1,101,0,9,3585,103585
ic_r1,101,1,0,53271,153271
ic_r1,101,1,1,28885,128885
ic_r1,101,1,2,5199,105199
ic_r1,101,1,3,30397,130397
ic_r1,101,1,4,97511,197511
ic_r1,101,1,5,30406,130406
ic_r1,101,1,6,83826,183826
ic_r1,101,1,7,51589,151589
ic_r1,101,1,8,20737,120737
ic_r1,101,1,9,52223,152223
ic_r1,101,2,0,6990,106990
ic_r1,101,2,1,89549,189549
ic_r1,101,2,2,37927,137927
ic_r1,101,2,3,77082,177082
ic_r1,101,2,4,45367,145367
ic_r1,101,2,5,20265,120265
ic_r1,101,2,6,60162,160162
ic_r1,101,2,7,63536,163536
ic_r1,101,2,8,29391,129391
ic_r1,101,2,9,74415,174415
ic_r1,101,3,0,21335,121335
ic_r1,101,3,1,1437,101437
ic_r1,101,3,2,55060,155060
ic_r1,101,3,3,69981,169981
ic_r1,101,3,4,56598,156598
ic_r1,101,3,5,67409,167409
ic_r1,101,3,6,25203,125203
ic_r1,101,3,7,89184,189184
ic_r1,101,3,8,36073,136073
ic_r1,101,3,9,19974,119974
ic_r1,101,4,0,61837,161837
ic_r1,101,4,1,82441,182441
ic_r1,101,4,2,79626,179626
ic_r1,101,4,3,79788,179788
ic_r1,101,4,4,39262,139262
ic_r1,101,4,5,60601,160601
ic_r1,101,4,6,54164,154164
ic_r1,101,4,7,74029,174029
ic_r1,101,4,8,92589,192589
ic_r1,101,4,9,44214,144214
ic_r1,101,5,0,76409,176409
ic_r1,101,5,1,83058,183058
ic_r1,101,5,2,63725,163725
ic_r1,101,5,3,80882,180882
ic_r1,101,5,4,25252,125252
ic_r1,101,5,5,26478,126478
ic_r1,101,5,6,2842,102842
ic_r1,101,5,7,84004,184004
ic_r1,101,5,8,46914,146914
ic_r1,101,5,9,73375,173375
ic_r1,101,6,0,50768,150768
ic_r1,101,6,1,8431,108431
ic_r1,101,6,2,9102,109102
ic_r1,101,6,3,75756,175756
ic_r1,101,6,4,74974,174974
ic_r1,101,6,5,10310,110310
ic_r1,101,6,6,5478,105478
ic_r1,101,6,7,40337,140337
ic_r1,101,6,8,49842,149842
ic_r1,101,6,9,96402,196402
ic_r1,101,7,0,97630,197630
ic_r1,101,7,1,4654,104654
ic_r1,101,7,2,82627,182627
ic_r1,101,7,3,96377,196377
ic_r1,101,7,4,33633,133633
ic_r1,101,7,5,11730,111730
ic_r1,101,7,6,2719,102719
ic_r1,101,7,7,88897,188897
ic_r1,101,7,8,70556,170556
ic_r1,101,7,9,13836,113836
ic_r1,101,8,0,88400,188400
ic_r1,101,8,1,12559,112559
ic_r1,101,8,2,71289,171289
ic_r1,101,8,3,72405,172405
ic_r1,101,8,4,72153,172153
ic_r1,101,8,5,47305,147305
ic_r1,101,8,6,63976,163976
ic_r1,101,8,7,39643,139643
ic_r1,101,8,8,44172,144172
ic_r1,101,8,9,96977,196977
ic_r1,101,9,0,20620,120620
ic_r1,101,9,1,26009,126009
ic_r1,101,9,2,54527,154527
ic_r1,101,9,3,38778,138778
ic_r1,101,9,4,44465,144465
ic_r1,101,9,5,43205,143205
ic_r1,101,9,6,43279,143279
ic_r1,101,9,7,82389,182389
ic_r1,101,9,8,61897,161897
ic_r1,101,9,9,92667,192667
ic_r1,101,10,0,46309,146309
ic_r1,101,10,1,60659,160659
ic_r1,101,10,2,87069,187069
ic_r1,101,10,3,4632,104632
ic_r1,101,10,4,47888,147888
ic_r1,101,10,5,5996,105996
ic_r1,101,10,6,15039,115039
ic_r1,101,10,7,93258,193258
ic_r1,101,10,8,11561,111561
ic_r1,101,10,9,30732,130732
ic_r1,101,11,0,84558,184558
ic_r1,101,11,1,50534,150534
ic_r1,101,11,2,89594,189594
ic_r1,101,11,3,8937,108937
ic_r1,101,11,4,95959,195959
ic_r1,101,11,5,33770,133770
ic_r1,101,11,6,40172,140172
ic_r1,101,11,7,24058,124058
ic_r1,101,11,8,48461,148461
ic_r1,101,11,9,14972,114972
ic_r1,101,12,0,64071,164071
ic_r1,101,12,1,84500,184500
ic_r1,101,12,2,98923,198923
ic_r1,101,12,3,95270,195270
ic_r1,101,12,4,91077,191077
ic_r1,101,12,5,70860,170860
ic_r1,101,12,6,8154,108154
ic_r1,101,12,7,87008,187008
ic_r1,101,12,8,4970,104970
ic_r1,101,12,9,76580,176580
ic_r1,101,13,0,10140,110140
ic_r1,101,13,1,27428,127428
ic_r1,101,13,2,96733,196733
ic_r1,101,13,3,75943,175943
ic_r1,101,13,4,37644,137644
ic_r1,101,13,5,91598,191598
ic_r1,101,13,6,10328,110328
ic_r1,101,13,7,20633,120633
ic_r1,101,13,8,16357,116357
ic_r1,101,13,9,54875,154875
ic_r1,101,14,0,89468,189468
ic_r1,101,14,1,59518,159518
ic_r1,101,14,2,89564,189564
ic_r1,101,14,3,33101,133101
ic_r1,101,14,4,62322,162322
ic_r1,101,14,5,96733,196733
ic_r1,101,14,6,56084,156084
ic_r1,101,14,7,37150,137150
ic_r1,101,14,8,87609,187609
ic_r1,101,14,9,71396,171396
ic_r1,101,15,0,40236,140236
ic_r1,101,15,1,60193,160193
ic_r1,101,15,2,53180,153180
ic_r1,101,15,3,2313,102313
ic_r1,101,15,4,6796,106796
ic_r1,101,15,5,74115,174115
ic_r1,101,15,6,94974,194974
ic_r1,101,15,7,32428,132428
ic_r1,101,15,8,43110,143110
ic_r1,101,15,9,68395,168395
ic_r1,101,16,0,50164,150164
ic_r1,101,16,1,40599,140599
ic_r1,101,16,2,16239,116239
ic_r1,101,16,3,66324,166324
ic_r1,101,16,4,72976,172976
ic_r1,101,16,5,5022,105022
ic_r1,101,16,6,12609,112609
ic_r1,101,16,7,46679,146679
ic_r1,101,16,8,18241,118241
ic_r1,101,16,9,73249,173249
ic_r1,101,17,0,78202,178202
ic_r1,101,17,1,52583,152583
ic_r1,101,17,2,95046,195046
ic_r1,101,17,3,59728,159728
ic_r1,101,17,4,51318,151318
ic_r1,101,17,5,52018,152018
ic_r1,101,17,6,9556,109556
ic_r1,101,17,7,55743,155743
ic_r1,101,17,8,61351,161351
ic_r1,101,17,9,60476,160476
ic_r1,101,18,0,10641,110641
ic_r1,101,18,1,50377,150377
ic_r1,101,18,2,51774,151774
ic_r1,101,18,3,58922,158922
ic_r1,101,18,4,1908,101908
ic_r1,101,18,5,22854,122854
ic_r1,101,18,6,54615,154615
ic_r1,101,18,7,37362,137362
ic_r1,101,18,8,27224,127224
ic_r1,101,18,9,2659,102659
ic_r1,101,19,0,64730,164730
ic_r1,101,19,1,38820,138820
ic_r1,101,19,2,74731,174731
ic_r1,101,19,3,34786,134786
ic_r1,101,19,4,34923,134923
ic_r1,101,19,5,37792,137792
ic_r1,101,19,6,8092,108092
ic_r1,101,19,7,51063,151063
ic_r1,101,19,8,85652,185652
ic_r1,101,19,9,27026,127026
ic_r1,101,20,0,82893,182893
ic_r1,101,20,1,11925,111925
ic_r1,101,20,2,73017,173017
ic_r1,101,20,3,21517,121517
ic_r1,101,20,4,30711,130711
ic_r1,101,20,5,12387,112387
ic_r1,101,20,6,56520,156520
ic_r1,101,20,7,83606,183606
ic_r1,101,20,8,20732,120732
ic_r1,101,20,9,15591,115591
ic_r1,101,21,0,60800,160800
ic_r1,101,21,1,64237,164237
ic_r1,101,21,2,42002,142002
ic_r1,101,21,3,71910,171910
ic_r1,101,21,4,75933,175933
ic_r1,101,21,5,89837,189837
ic_r1,101,21,6,29471,129471
ic_r1,101,21,7,33253,133253
ic_r1,101,21,8,75942,175942
ic_r1,101,21,9,28687,128687
ic_r1,101,22,0,73693,173693
ic_r1,101,22,1,3842,103842
ic_r1,101,22,2,26469,126469
ic_r1,101,22,3,70334,170334
ic_r1,101,22,4,36727,136727
ic_r1,101,22,5,8723,108723
ic_r1,101,22,6,25669,125669
ic_r1,101,22,7,33082,133082
ic_r1,101,22,8,97334,197334
ic_r1,101,22,9,61675,161675
ic_r1,101,23,0,9128,109128
ic_r1,101,23,1,54151,154151
ic_r1,101,23,2,11967,111967
ic_r1,101,23,3,56053,156053
ic_r1,101,23,4,63706,163706
ic_r1,101,23,5,19366,119366
ic_r1,101,23,6,29968,129968
ic_r1,101,23,7,39541,139541
ic_r1,101,23,8,91109,191109
ic_r1,101,23,9,24685,124685
ic_r1,101,24,0,20418,120418
ic_r1,101,24,1,51847,151847
ic_r1,101,24,2,34112,134112
ic_r1,101,24,3,16982,116982
ic_r1,101,24,4,58351,158351
ic_r1,101,24,5,48855,148855
ic_r1,101,24,6,25041,125041
ic_r1,101,24,7,59926,159926
ic_r1,101,24,8,2439,102439
ic_r1,101,24,9,90723,190723
ic_r1,101,25,0,3343,103343
ic_r1,101,25,1,86380,186380
ic_r1,101,25,2,18936,118936
ic_r1,101,25,3,17306,117306
ic_r1,101,25,4,53527,153527
ic_r1,101,25,5,25560,125560
ic_r1,101,25,6,62551,162551
ic_r1,101,25,7,35204,135204
ic_r1,101,25,8,84477,184477
ic_r1,101,25,9,35869,135869
ic_r1,101,26,0,83377,183377
ic_r1,101,26,1,26939,126939
ic_r1,101,26,2,44944,144944
ic_r1,101,26,3,74939,174939
ic_r1,101,26,4,86736,186736
ic_r1,101,26,5,51344,151344
ic_r1,101,26,6,91451,191451
ic_r1,101,26,7,92987,192987
ic_r1,101,26,8,73340,173340
ic_r1,101,26,9,64966,164966
ic_r1,101,27,0,10185,110185
ic_r1,101,27,1,48650,148650
ic_r1,101,27,2,76098,176098
ic_r1,101,27,3,15292,115292
ic_r1,101,27,4,83744,183744
ic_r1,101,27,5,65895,165895
ic_r1,101,27,6,49495,149495
ic_r1,101,27,7,79901,179901
ic_r1,101,27,8,54457,154457
ic_r1,101,27,9,42211,142211
ic_r1,101,28,0,57384,157384
ic_r1,101,28,1,99972,199972
ic_r1,101,28,2,32088,132088
ic_r1,101,28,3,27147,127147
ic_r1,101,28,4,25680,125680
ic_r1,101,28,5,20428,120428
ic_r1,101,28,6,55570,155570
ic_r1,101,28,7,3790,103790
ic_r1,101,28,8,70128,170128
ic_r1,101,28,9,19998,119998
ic_r1,101,29,0,84339,184339
ic_r1,101,29,1,40423,140423
ic_r1,101,29,2,62029,162029
ic_r1,101,29,3,94288,194288
ic_r1,101,29,4,86863,186863
ic_r1,101,29,5,25224,125224
ic_r1,101,29,6,94883,194883
ic_r1,101,29,7,95215,195215
ic_r1,101,29,8,19964,119964
ic_r1,101,29,9,9325,109325
ic_r1,101,30,0,83831,183831
ic_r1,101,30,1,74944,174944
ic_r1,101,30,2,31336,131336
ic_r1,101,30,3,93402,193402
ic_r1,101,30,4,53621,153621
ic_r1,101,30,5,57737,157737
ic_r1,101,30,6,80227,180227
ic_r1,101,30,7,95895,195895
ic_r1,101,30,8,13013,113013
ic_r1,101,30,9,44787,144787
ic_r1,101,31,0,79561,179561
ic_r1,101,31,1,38520,138520
ic_r1,101,31,2,69733,169733
ic_r1,101,31,3,51133,151133
ic_r1,101,31,4,34095,134095
ic_r1,101,31,5,40462,140462
ic_r1,101,31,6,66230,166230
ic_r1,101,31,7,32113,132113
ic_r1,101,31,8,2718,102718
ic_r1,101,31,9,20072,120072
ic_r1,101,32,0,91502,191502
ic_r1,101,32,1,80918,180918
ic_r1,101,32,2,8388,108388
ic_r1,101,32,3,68613,168613
ic_r1,101,32,4,19008,119008
ic_r1,101,32,5,41301,141301
ic_r1,101,32,6,75106,175106
ic_r1,101,32,7,93407,193407
ic_r1,101,32,8,56557,156557
ic_r1,101,32,9,14821,114821
ic_r1,101,33,0,76343,176343
ic_r1,101,33,1,55850,155850
ic_r1,101,33,2,81393,181393
ic_r1,101,33,3,50915,150915
ic_r1,101,33,4,98155,198155
ic_r1,101,33,5,80674,180674
ic_r1,101,33,6,8747,108747
ic_r1,101,33,7,225,100225
ic_r1,101,33,8,85242,185242
ic_r1,101,33,9,34658,134658
ic_r1,101,34,0,65388,165388
ic_r1,101,34,1,12234,112234
ic_r1,101,34,2,65425,165425
ic_r1,101,34,3,79309,179309
ic_r1,101,34,4,86426,186426
ic_r1,101,34,5,33130,133130
ic_r1,101,34,6,89986,189986
ic_r1,101,34,7,28646,128646
ic_r1,101,34,8,99729,199729
ic_r1,101,34,9,4651,104651
ic_r1,101,35,0,21500,121500
ic_r1,101,35,1,58341,158341
ic_r1,101,35,2,74467,174467
ic_r1,101,35,3,53913,153913
ic_r1,101,35,4,9845,109845
ic_r1,101,35,5,48760,148760
ic_r1,101,35,6,68290,168290
ic_r1,101,35,7,97870,197870
ic_r1,101,35,8,39128,139128
ic_r1,101,35,9,95586,195586
ic_r1,101,36,0,93905,193905
ic_r1,101,36,1,8201,108201
ic_r1,101,36,2,4358,104358
ic_r1,101,36,3,66874,166874
ic_r1,101,36,4,75647,175647
ic_r1,101,36,5,13960,113960
ic_r1,101,36,6,79630,179630
ic_r1,101,36,7,6330,106330
ic_r1,101,36,8,29225,129225
ic_r1,101,36,9,23870,123870
ic_r1,101,37,0,63514,163514
ic_r1,101,37,1,94157,194157
ic_r1,101,37,2,70311,170311
ic_r1,101,37,3,81913,181913
ic_r1,101,37,4,42939,142939
ic_r1,101,37,5,56604,156604
ic_r1,101,37,6,26434,126434
ic_r1,101,37,7,31172,131172
ic_r1,101,37,8,74067,174067
ic_r1,101,37,9,1543,101543
ic_r1,101,38,0,42950,142950
ic_r1,101,38,1,79434,179434
ic_r1,101,38,2,99612,199612
ic_r1,101,38,3,26710,126710
ic_r1,101,38,4,83946,183946
ic_r1,101,38,5,34112,134112
ic_r1,101,38,6,94580,194580
ic_r1,101,38,7,71374,171374
ic_r1,101,38,8,6543,106543
ic_r1,101,38,9,91839,191839
ic_r1,101,39,0,77520,177520
ic_r1,101,39,1,17817,117817
ic_r1,101,39,2,72357,172357
ic_r1,101,39,3,67390,167390
ic_r1,101,39,4,31399,131399
ic_r1,101,39,5,90804,190804
ic_r1,101,39,6,61093,161093
ic_r1,101,39,7,65983,165983
ic_r1,101,39,8,75145,175145
ic_r1,101,39,9,75530,175530
ic_r1,102,0,0,97475,197475
ic_r1,102,0,1,22982,122982
ic_r1,102,0,2,38258,138258
ic_r1,102,0,3,23766,123766
ic_r1,102,0,4,89520,189520
ic_r1,102,0,5,70779,170779
ic_r1,102,0,6,26513,126513
ic_r1,102,0,7,36061,136061
ic_r1,102,0,8,98289,198289
ic_r1,102,0,9,21022,121022
ic_r1,102,1,0,43255,143255
ic_r1,102,1,1,1324,101324
ic_r1,102,1,2,18031,118031
ic_r1,102,1,3,67544,167544
ic_r1,102,1,4,54684,154684
ic_r1,102,1,5,39219,139219
ic_r1,102,1,6,4819,104819
ic_r1,102,1,7,98427,198427
ic_r1,102,1,8,43273,143273
ic_r1,102,1,9,10587,110587
ic_r1,102,2,0,35292,135292
ic_r1,102,2,1,75005,175005
ic_r1,102,2,2,5203,105203
ic_r1,102,2,3,85339,185339
ic_r1,102,2,4,74571,174571
ic_r1,102,2,5,30258,130258
ic_r1,102,2,6,56639,156639
ic_r1,102,2,7,94289,194289
ic_r1,102,2,8,73539,173539
ic_r1,102,2,9,24210,124210
ic_r1,102,3,0,92402,192402
ic_r1,102,3,1,63709,163709
ic_r1,102,3,2,15183,115183
ic_r1,102,3,3,6154,106154
ic_r1,102,3,4,84607,184607
ic_r1,102,3,5,23518,123518
ic_r1,102,3,6,90503,190503
ic_r1,102,3,7,82649,182649
ic_r1,102,3,8,38536,138536
ic_r1,102,3,9,68350,168350
ic_r1,102,4,0,6239,106239
ic_r1,102,4,1,19483,119483
ic_r1,102,4,2,14960,114960
ic_r1,102,4,3,94786,194786
ic_r1,102,4,4,5366,105366
ic_r1,102,4,5,81160,181160
ic_r1,102,4,6,8995,108995
ic_r1,102,4,7,58836,158836
ic_r1,102,4,8,24672,124672
ic_r1,102,4,9,40325,140325
ic_r1,102,5,0,89137,189137
ic_r1,102,5,1,36622,136622
ic_r1,102,5,2,56081,156081
ic_r1,102,5,3,56118,156118
ic_r1,102,5,4,96838,196838
ic_r1,102,5,5,89497,189497
ic_r1,102,5,6,94574,194574
ic_r1,102,5,7,44668,144668
ic_r1,102,5,8,18007,118007
ic_r1,102,5,9,93576,193576
ic_r1,102,6,0,25768,125768
ic_r1,102,6,1,46151,146151
ic_r1,102,6,2,13745,113745
ic_r1,102,6,3,95961,195961
ic_r1,102,6,4,20349,120349
ic_r1,102,6,5,57918,157918
ic_r1,102,6,6,58861,158861
ic_r1,102,6,7,57295,157295
ic_r1,102,6,8,6944,106944
ic_r1,102,6,9,37267,137267
ic_r1,102,7,0,17097,117097
ic_r1,102,7,1,11847,111847
ic_r1,102,7,2,59863,159863
ic_r1,102,7,3,25432,125432
ic_r1,102,7,4,52266,152266
ic_r1,102,7,5,54254,154254
ic_r1,102,7,6,68688,168688
ic_r1,102,7,7,3687,103687
ic_r1,102,7,8,42774,142774
ic_r1,102,7,9,89025,189025
ic_r1,102,8,0,68562,168562
ic_r1,102,8,1,1276,101276
ic_r1,102,8,2,26136,126136
ic_r1,102,8,3,96879,196879
ic_r1,102,8,4,70303,170303
ic_r1,102,8,5,65473,165473
ic_r1,102,8,6,92825,192825
ic_r1,102,8,7,2414,102414
ic_r1,102,8,8,6883,106883
ic_r1,102,8,9,93390,193390
ic_r1,102,9,0,39327,139327
ic_r1,102,9,1,36056,136056
ic_r1,102,9,2,80924,180924
ic_r1,102,9,3,28631,128631
ic_r1,102,9,4,9464,109464
ic_r1,102,9,5,65734,165734
ic_r1,102,9,6,95244,195244
ic_r1,102,9,7,23620,123620
ic_r1,102,9,8,68733,168733
ic_r1,102,9,9,11222,111222
ic_r1,102,10,0,93683,193683
ic_r1,102,10,1,19967,119967
ic_r1,102,10,2,65874,165874
ic_r1,102,10,3,89645,189645
ic_r1,102,10,4,68678,168678
ic_r1,102,10,5,18976,118976
ic_r1,102,10,6,28735,128735
ic_r1,102,10,7,11831,111831
ic_r1,102,10,8,76342,176342
ic_r1,102,10,9,44881,144881
ic_r1,102,11,0,5114,105114
ic_r1,102,11,1,49402,149402
ic_r1,102,11,2,85398,185398
ic_r1,102,11,3,74983,174983
ic_r1,102,11,4,29899,129899
ic_r1,102,11,5,51251,151251
ic_r1,102,11,6,79808,179808
ic_r1,102,11,7,94474,194474
ic_r1,102,11,8,27883,127883
ic_r1,102,11,9,49152,149152
ic_r1,102,12,0,52980,152980
ic_r1,102,12,1,56309,156309
ic_r1,102,12,2,3533,103533
ic_r1,102,12,3,15774,115774
ic_r1,102,12,4,90458,190458
ic_r1,102,12,5,45724,145724
ic_r1,102,12,6,72427,172427
ic_r1,102,12,7,94765,194765
ic_r1,102,12,8,50956,150956
ic_r1,102,12,9,38738,138738
ic_r1,102,13,0,44596,144596
ic_r1,102,13,1,14658,114658
ic_r1,102,13,2,74037,174037
ic_r1,102,13,3,19633,119633
ic_r1,102,13,4,63966,163966
ic_r1,102,13,5,85136,185136
ic_r1,102,13,6,56504,156504
ic_r1,102,13,7,35945,135945
ic_r1,102,13,8,74239,174239
ic_r1,102,13,9,18290,118290
ic_r1,102,14,0,59955,159955
ic_r1,102,14,1,17273,117273
ic_r1,102,14,2,78029,178029
ic_r1,102,14,3,43769,143769
ic_r1,102,14,4,23780,123780
ic_r1,102,14,5,95537,195537
ic_r1,102,14,6,15146,115146
ic_r1,102,14,7,51948,151948
ic_r1,102,14,8,25376,125376
ic_r1,102,14,9,10291,110291
ic_r1,102,15,0,7419,107419
ic_r1,102,15,1,27866,127866
ic_r1,102,15,2,99439,199439
ic_r1,102,15,3,35632,135632
ic_r1,102,15,4,79354,179354
ic_r1,102,15,5,96859,196859
ic_r1,102,15,6,49521,149521
ic_r1,102,15,7,5772,105772
ic_r1,102,15,8,4670,104670
ic_r1,102,15,9,53660,153660
ic_r1,102,16,0,3448,103448
ic_r1,102,16,1,74835,174835
ic_r1,102,16,2,98396,198396
ic_r1,102,16,3,67705,167705
ic_r1,102,16,4,60467,160467
ic_r1,102,16,5,80388,180388
ic_r1,102,16,6,5256,105256
ic_r1,102,16,7,83378,183378
ic_r1,102,16,8,62888,162888
ic_r1,102,16,9,29074,129074
ic_r1,102,17,0,28303,128303
ic_r1,102,17,1,62568,162568
ic_r1,102,17,2,54461,154461
ic_r1,102,17,3,46772,146772
ic_r1,102,17,4,11662,111662
ic_r1,102,17,5,54048,154048
ic_r1,102,17,6,63517,163517
ic_r1,102,17,7,79662,179662
ic_r1,102,17,8,10805,110805
ic_r1,102,17,9,83943,183943
ic_r1,102,18,0,65309,165309
ic_r1,102,18,1,46782,146782
ic_r1,102,18,2,57423,157423
ic_r1,102,18,3,70255,170255
ic_r1,102,18,4,442,100442
ic_r1,102,18,5,77638,177638
ic_r1,102,18,6,92046,192046
ic_r1,102,18,7,24876,124876
ic_r1,102,18,8,29219,129219
ic_r1,102,18,9,99558,199558
ic_r1,102,19,0,21960,121960
ic_r1,102,19,1,99358,199358
ic_r1,102,19,2,6501,106501
ic_r1,102,19,3,45468,145468
ic_r1,102,19,4,85478,185478
ic_r1,102,19,5,34786,134786
ic_r1,102,19,6,73068,173068
ic_r1,102,19,7,54729,154729
ic_r1,102,19,8,91573,191573
ic_r1,102,19,9,68931,168931
ic_r1,102,20,0,15497,115497
ic_r1,102,20,1,11453,111453
ic_r1,102,20,2,73380,173380
ic_r1,102,20,3,98085,198085
ic_r1,102,20,4,94832,194832
ic_r1,102,20,5,317,100317
ic_r1,102,20,6,73278,173278
ic_r1,102,20,7,38598,138598
ic_r1,102,20,8,69415,169415
ic_r1,102,20,9,82140,182140
ic_r1,102,21,0,60906,160906
ic_r1,102,21,1,42000,142000
ic_r1,102,21,2,68872,168872
ic_r1,102,21,3,27436,127436
ic_r1,102,21,4,74302,174302
ic_r1,102,21,5,35823,135823
ic_r1,102,21,6,14446,114446
ic_r1,102,21,7,72099,172099
ic_r1,102,21,8,61370,161370
ic_r1,102,21,9,90457,190457
ic_r1,102,22,0,54205,154205
ic_r1,102,22,1,48858,148858
ic_r1,102,22,2,56812,156812
ic_r1,102,22,3,36491,136491
ic_r1,102,22,4,82407,182407
ic_r1,102,22,5,32465,132465
ic_r1,102,22,6,17525,117525
ic_r1,102,22,7,31416,131416
ic_r1,102,22,8,9419,109419
ic_r1,102,22,9,63243,163243
ic_r1,102,23,0,77240,177240
ic_r1,102,23,1,15538,115538
ic_r1,102,23,2,37572,137572
ic_r1,102,23,3,83455,183455
ic_r1,102,23,4,89925,189925
ic_r1,102,23,5,50946,150946
ic_r1,102,23,6,37057,137057
ic_r1,102,23,7,13944,113944
ic_r1,102,23,8,86711,186711
ic_r1,102,23,9,34652,134652
ic_r1,102,24,0,89012,189012
ic_r1,102,24,1,30169,130169
ic_r1,102,24,2,25214,125214
ic_r1,102,24,3,94634,194634
ic_r1,102,24,4,26300,126300
ic_r1,102,24,5,61936,161936
ic_r1,102,24,6,37380,137380
ic_r1,102,24,7,81936,181936
ic_r1,102,24,8,97273,197273
ic_r1,102,24,9,33379,133379
ic_r1,102,25,0,73743,173743
ic_r1,102,25,1,88477,188477
ic_r1,102,25,2,91574,191574
ic_r1,102,25,3,73390,173390
ic_r1,102,25,4,51765,151765
ic_r1,102,25,5,94396,194396
ic_r1,102,25,6,42751,142751
ic_r1,102,25,7,82631,182631
ic_r1,102,25,8,21239,121239
ic_r1,102,25,9,8475,108475
ic_r1,102,26,0,13967,113967
ic_r1,102,26,1,55122,155122
ic_r1,102,26,2,81249,181249
ic_r1,102,26,3,25144,125144
ic_r1,102,26,4,79486,179486
ic_r1,102,26,5,82170,182170
ic_r1,102,26,6,93073,193073
ic_r1,102,26,7,21383,121383
ic_r1,102,26,8,20443,120443
ic_r1,102,26,9,63193,163193
ic_r1,102,27,0,81965,181965
ic_r1,102,27,1,77843,177843
ic_r1,102,27,2,3137,103137
ic_r1,102,27,3,99417,199417
ic_r1,102,27,4,4284,104284
ic_r1,102,27,5,78635,178635
ic_r1,102,27,6,58195,158195
ic_r1,102,27,7,66483,166483
ic_r1,102,27,8,5522,105522
ic_r1,102,27,9,22925,122925
ic_r1,102,28,0,44162,144162
ic_r1,102,28,1,30706,130706
ic_r1,102,28,2,60179,160179
ic_r1,102,28,3,35131,135131
ic_r1,102,28,4,49458,149458
ic_r1,102,28,5,14056,114056
ic_r1,102,28,6,99144,199144
ic_r1,102,28,7,62624,162624
ic_r1,102,28,8,62724,162724
ic_r1,102,28,9,412,100412
ic_r1,102,29,0,60484,160484
ic_r1,102,29,1,8065,108065
ic_r1,102,29,2,95518,195518
ic_r1,102,29,3,38044,138044
ic_r1,102,29,4,29440,129440
ic_r1,102,29,5,4846,104846
ic_r1,102,29,6,61392,161392
ic_r1,102,29,7,93115,193115
ic_r1,102,29,8,61813,161813
ic_r1,102,29,9,814,100814
ic_r1,102,30,0,18061,118061
ic_r1,102,30,1,69247,169247
ic_r1,102,30,2,32740,132740
ic_r1,102,30,3,10367,110367
ic_r1,102,30,4,99045,199045
ic_r1,102,30,5,93521,193521
ic_r1,102,30,6,4789,104789
ic_r1,102,30,7,53221,153221
ic_r1,102,30,8,73732,173732
ic_r1,102,30,9,87555,187555
ic_r1,102,31,0,46702,146702
ic_r1,102,31,1,12828,112828
ic_r1,102,31,2,30756,130756
ic_r1,102,31,3,66245,166245
ic_r1,102,31,4,14826,114826
ic_r1,102,31,5,86941,186941
ic_r1,102,31,6,63605,163605
ic_r1,102,31,7,61154,161154
ic_r1,102,31,8,87742,187742
ic_r1,102,31,9,22137,122137
ic_r1,102,32,0,24122,124122
ic_r1,102,32,1,46341,146341
ic_r1,102,32,2,7094,107094
ic_r1,102,32,3,69362,169362
ic_r1,102,32,4,69416,169416
ic_r1,102,32,5,69992,169992
ic_r1,102,32,6,12875,112875
ic_r1,102,32,7,4477,104477
ic_r1,102,32,8,15696,115696
ic_r1,102,32,9,47415,147415
ic_r1,102,33,0,19891,119891
ic_r1,102,33,1,19835,119835
ic_r1,102,33,2,28293,128293
ic_r1,102,33,3,82216,182216
ic_r1,102,33,4,7097,107097
ic_r1,102,33,5,97069,197069
ic_r1,102,33,6,3699,103699
ic_r1,102,33,7,87948,187948
ic_r1,102,33,8,39744,139744
ic_r1,102,33,9,96802,196802
ic_r1,102,34,0,68173,168173
ic_r1,102,34,1,8981,108981
ic_r1,102,34,2,18997,118997
ic_r1,102,34,3,11685,111685
ic_r1,102,34,4,79468,179468
ic_r1,102,34,5,60733,160733
ic_r1,102,34,6,7445,107445
ic_r1,102,34,7,5829,105829
ic_r1,102,34,8,4087,104087
ic_r1,102,34,9,16470,116470
ic_r1,102,35,0,29713,129713
ic_r1,102,35,1,31580,131580
ic_r1,102,35,2,80663,180663
ic_r1,102,35,3,19592,119592
ic_r1,102,35,4,11975,111975
ic_r1,102,35,5,65259,165259
ic_r1,102,35,6,71877,171877
ic_r1,102,35,7,22882,122882
ic_r1,102,35,8,14680,114680
ic_r1,102,35,9,55876,155876
ic_r1,102,36,0,37620,137620
ic_r1,102,36,1,28413,128413
ic_r1,102,36,2,84124,184124
ic_r1,102,36,3,50498,150498
ic_r1,102,36,4,55798,155798
ic_r1,102,36,5,72795,172795
ic_r1,102,36,6,80282,180282
ic_r1,102,36,7,93604,193604
ic_r1,102,36,8,28307,128307
ic_r1,102,36,9,34730,134730
ic_r1,102,37,0,22172,122172
ic_r1,102,37,1,16580,116580
ic_r1,102,37,2,53198,153198
ic_r1,102,37,3,12013,112013
ic_r1,102,37,4,97875,197875
ic_r1,102,37,5,82636,182636
ic_r1,102,37,6,67526,167526
ic_r1,102,37,7,99235,199235
ic_r1,102,37,8,74269,174269
ic_r1,102,37,9,73832,173832
ic_r1,102,38,0,16083,116083
ic_r1,102,38,1,4147,104147
ic_r1,102,38,2,38068,138068
ic_r1,102,38,3,53054,153054
ic_r1,102,38,4,68036,168036
ic_r1,102,38,5,65877,165877
ic_r1,102,38,6,32450,132450
ic_r1,102,38,7,54680,154680
ic_r1,102,38,8,81911,181911
ic_r1,102,38,9,64841,164841
ic_r1,102,39,0,98516,198516
ic_r1,102,39,1,62689,162689
ic_r1,102,39,2,43268,143268
ic_r1,102,39,3,83765,183765
ic_r1,102,39,4,58323,158323
ic_r1,102,39,5,65396,165396
ic_r1,102,39,6,27610,127610
ic_r1,102,39,7,73414,173414
ic_r1,102,39,8,95153,195153
ic_r1,102,39,9,35245,135245
ic_r1,103,0,0,197,100197
ic_r1,103,0,1,26029,126029
ic_r1,103,0,2,74547,174547
ic_r1,103,0,3,13012,113012
ic_r1,103,0,4,28381,128381
ic_r1,103,0,5,25499,125499
ic_r1,103,0,6,95149,195149
ic_r1,103,0,7,36980,136980
ic_r1,103,0,8,82370,182370
ic_r1,103,0,9,10891,110891
ic_r1,103,1,0,20260,120260
ic_r1,103,1,1,33535,133535
ic_r1,103,1,2,77493,177493
ic_r1,103,1,3,59451,159451
ic_r1,103,1,4,94260,194260
ic_r1,103,1,5,88624,188624
ic_r1,103,1,6,92705,192705
ic_r1,103,1,7,87002,187002
ic_r1,103,1,8,73144,173144
ic_r1,103,1,9,39819,139819
ic_r1,103,2,0,61965,161965
ic_r1,103,2,1,95930,195930
ic_r1,103,2,2,18407,118407
ic_r1,103,2,3,70655,170655
ic_r1,103,2,4,6016,106016
ic_r1,103,2,5,76184,176184
ic_r1,103,2,6,39735,139735
ic_r1,103,2,7,3504,103504
ic_r1,103,2,8,34651,134651
ic_r1,103,2,9,87586,187586
ic_r1,103,3,0,46333,146333
ic_r1,103,3,1,1340,101340
ic_r1,103,3,2,38501,138501
ic_r1,103,3,3,57517,157517
ic_r1,103,3,4,50085,150085
ic_r1,103,3,5,23031,123031
ic_r1,103,3,6,34552,134552
ic_r1,103,3,7,75926,175926
ic_r1,103,3,8,2266,102266
ic_r1,103,3,9,29088,129088
ic_r1,103,4,0,12225,112225
ic_r1,103,4,1,17035,117035
ic_r1,103,4,2,33350,133350
ic_r1,103,4,3,75465,175465
ic_r1,103,4,4,36030,136030
ic_r1,103,4,5,69012,169012
ic_r1,103,4,6,57693,157693
ic_r1,103,4,7,45872,145872
ic_r1,103,4,8,67485,167485
ic_r1,103,4,9,59494,159494
ic_r1,103,5,0,17607,117607
ic_r1,103,5,1,59574,159574
ic_r1,103,5,2,69276,169276
ic_r1,103,5,3,53045,153045
ic_r1,103,5,4,23784,123784
ic_r1,103,5,5,73117,173117
ic_r1,103,5,6,83158,183158
ic_r1,103,5,7,39052,139052
ic_r1,103,5,8,46265,146265
ic_r1,103,5,9,6115,106115
ic_r1,103,6,0,72418,172418
ic_r1,103,6,1,66411,166411
ic_r1,103,6,2,36774,136774
ic_r1,103,6,3,91344,191344
ic_r1,103,6,4,56964,156964
ic_r1,103,6,5,43107,143107
ic_r1,103,6,6,42804,142804
ic_r1,103,6,7,51543,151543
ic_r1,103,6,8,38546,138546
ic_r1,103,6,9,56372,156372
ic_r1,103,7,0,92929,192929
ic_r1,103,7,1,4410,104410
ic_r1,103,7,2,5034,105034
ic_r1,103,7,3,78126,178126
ic_r1,103,7,4,84430,184430
ic_r1,103,7,5,467,100467
ic_r1,103,7,6,7267,107267
ic_r1,103,7,7,2446,102446
ic_r1,103,7,8,67033,167033
ic_r1,103,7,9,85927,185927
ic_r1,103,8,0,83919,183919
ic_r1,103,8,1,57080,157080
ic_r1,103,8,2,90211,190211
ic_r1,103,8,3,5132,105132
ic_r1,103,8,4,35631,135631
ic_r1,103,8,5,5354,105354
ic_r1,103,8,6,48145,148145
ic_r1,103,8,7,97443,197443
ic_r1,103,8,8,46370,146370
ic_r1,103,8,9,41543,141543
ic_r1,103,9,0,99627,199627
ic_r1,103,9,1,56534,156534
ic_r1,103,9,2,39955,139955
ic_r1,103,9,3,26084,126084
ic_r1,103,9,4,73590,173590
ic_r1,103,9,5,23511,123511
ic_r1,103,9,6,1973,101973
ic_r1,103,9,7,44819,144819
ic_r1,103,9,8,17395,117395
ic_r1,103,9,9,59117,159117
ic_r1,103,10,0,88845,188845
ic_r1,103,10,1,20443,120443
ic_r1,103,10,2,6947,106947
ic_r1,103,10,3,62930,162930
ic_r1,103,10,4,47271,147271
ic_r1,103,10,5,42370,142370
ic_r1,103,10,6,13,100013
ic_r1,103,10,7,44020,144020
ic_r1,103,10,8,34688,134688
ic_r1,103,10,9,78620,178620
ic_r1,103,11,0,2965,102965
ic_r1,103,11,1,24299,124299
ic_r1,103,11,2,59583,159583
ic_r1,103,11,3,61306,161306
ic_r1,103,11,4,71499,171499
ic_r1,103,11,5,90893,190893
ic_r1,103,11,6,88015,188015
ic_r1,103,11,7,78828,178828
ic_r1,103,11,8,3087,103087
ic_r1,103,11,9,78929,178929
ic_r1,103,12,0,47043,147043
ic_r1,103,12,1,46194,146194
ic_r1,103,12,2,7862,107862
ic_r1,103,12,3,69586,169586
ic_r1,103,12,4,70566,170566
ic_r1,103,12,5,87459,187459
ic_r1,103,12,6,28451,128451
ic_r1,103,12,7,72774,172774
ic_r1,103,12,8,57756,157756
ic_r1,103,12,9,59182,159182
ic_r1,103,13,0,25698,125698
ic_r1,103,13,1,84103,184103
ic_r1,103,13,2,6990,106990
ic_r1,103,13,3,43832,143832
ic_r1,103,13,4,63963,163963
ic_r1,103,13,5,70822,170822
ic_r1,103,13,6,91573,191573
ic_r1,103,13,7,8525,108525
ic_r1,103,13,8,90060,190060
ic_r1,103,13,9,87026,187026
ic_r1,103,14,0,91809,191809
ic_r1,103,14,1,24244,124244
ic_r1,103,14,2,83808,183808
ic_r1,103,14,3,2143,102143
ic_r1,103,14,4,69446,169446
ic_r1,103,14,5,52422,152422
ic_r1,103,14,6,50282,150282
ic_r1,103,14,7,80175,180175
ic_r1,103,14,8,15866,115866
ic_r1,103,14,9,70898,170898
ic_r1,103,15,0,35319,135319
ic_r1,103,15,1,36751,136751
ic_r1,103,15,2,19075,119075
ic_r1,103,15,3,20296,120296
ic_r1,103,15,4,62326,162326
ic_r1,103,15,5,9405,109405
ic_r1,103,15,6,68671,168671
ic_r1,103,15,7,57626,157626
ic_r1,103,15,8,72663,172663
ic_r1,103,15,9,67814,167814
ic_r1,103,16,0,37408,137408
ic_r1,103,16,1,82064,182064
ic_r1,103,16,2,9075,109075
ic_r1,103,16,3,40501,140501
ic_r1,103,16,4,35455,135455
ic_r1,103,16,5,22316,122316
ic_r1,103,16,6,82358,182358
ic_r1,103,16,7,20380,120380
ic_r1,103,16,8,84895,184895
ic_r1,103,16,9,13844,113844
ic_r1,103,17,0,27053,127053
ic_r1,103,17,1,26740,126740
ic_r1,103,17,2,48433,148433
ic_r1,103,17,3,22791,122791
ic_r1,103,17,4,72624,172624
ic_r1,103,17,5,14672,114672
ic_r1,103,17,6,10027,110027
ic_r1,103,17,7,61497,161497
ic_r1,103,17,8,64912,164912
ic_r1,103,17,9,43618,143618
ic_r1,103,18,0,38065,138065
ic_r1,103,18,1,88470,188470
ic_r1,103,18,2,74930,174930
ic_r1,103,18,3,25723,125723
ic_r1,103,18,4,22232,122232
ic_r1,103,18,5,55664,155664
ic_r1,103,18,6,71488,171488
ic_r1,103,18,7,92971,192971
ic_r1,103,18,8,95428,195428
ic_r1,103,18,9,59333,159333
ic_r1,103,19,0,84162,184162
ic_r1,103,19,1,9413,109413
ic_r1,103,19,2,48966,148966
ic_r1,103,19,3,18928,118928
ic_r1,103,19,4,91805,191805
ic_r1,103,19,5,85764,185764
ic_r1,103,19,6,83214,183214
ic_r1,103,19,7,78121,178121
ic_r1,103,19,8,46211,146211
ic_r1,103,19,9,8201,108201
ic_r1,103,20,0,85554,185554
ic_r1,103,20,1,41562,141562
ic_r1,103,20,2,43493,143493
ic_r1,103,20,3,93566,193566
ic_r1,103,20,4,48160,148160
ic_r1,103,20,5,12517,112517
ic_r1,103,20,6,6923,106923
ic_r1,103,20,7,95652,195652
ic_r1,103,20,8,26896,126896
ic_r1,103,20,9,61781,161781
ic_r1,103,21,0,91553,191553
ic_r1,103,21,1,4628,104628
ic_r1,103,21,2,77178,177178
ic_r1,103,21,3,78616,178616
ic_r1,103,21,4,30828,130828
ic_r1,103,21,5,55141,155141
ic_r1,103,21,6,92241,192241
ic_r1,103,21,7,225,100225
ic_r1,103,21,8,41097,141097
ic_r1,103,21,9,49262,149262
ic_r1,103,22,0,41461,141461
ic_r1,103,22,1,90457,190457
ic_r1,103,22,2,60925,160925
ic_r1,103,22,3,71959,171959
ic_r1,103,22,4,28885,128885
ic_r1,103,22,5,20088,120088
ic_r1,103,22,6,81141,181141
ic_r1,103,22,7,71671,171671
ic_r1,103,22,8,34182,134182
ic_r1,103,22,9,78448,178448
ic_r1,103,23,0,28584,128584
ic_r1,103,23,1,81173,181173
ic_r1,103,23,2,61793,161793
ic_r1,103,23,3,3887,103887
ic_r1,103,23,4,88256,188256
ic_r1,103,23,5,14828,114828
ic_r1,103,23,6,60129,160129
ic_r1,103,23,7,18644,118644
ic_r1,103,23,8,85022,185022
ic_r1,103,23,9,69828,169828
ic_r1,103,24,0,49321,149321
ic_r1,103,24,1,77566,177566
ic_r1,103,24,2,43879,143879
ic_r1,103,24,3,19333,119333
ic_r1,103,24,4,3679,103679
ic_r1,103,24,5,89187,189187
ic_r1,103,24,6,31733,131733
ic_r1,103,24,7,10354,110354
ic_r1,103,24,8,61634,161634
ic_r1,103,24,9,73931,173931
ic_r1,103,25,0,11604,111604
ic_r1,103,25,1,64942,164942
ic_r1,103,25,2,6764,106764
ic_r1,103,25,3,22821,122821
ic_r1,103,25,4,48832,148832
ic_r1,103,25,5,40981,140981
ic_r1,103,25,6,52180,152180
ic_r1,103,25,7,94248,194248
ic_r1,103,25,8,53616,153616
ic_r1,103,25,9,90765,190765
ic_r1,103,26,0,40333,140333
ic_r1,103,26,1,7957,107957
ic_r1,103,26,2,81344,181344
ic_r1,103,26,3,86532,186532
ic_r1,103,26,4,39778,139778
ic_r1,103,26,5,87161,187161
ic_r1,103,26,6,27324,127324
ic_r1,103,26,7,32489,132489
ic_r1,103,26,8,80089,180089
ic_r1,103,26,9,33214,133214
ic_r1,103,27,0,37676,137676
ic_r1,103,27,1,10355,110355
ic_r1,103,27,2,7602,107602
ic_r1,103,27,3,97166,197166
ic_r1,103,27,4,75713,175713
ic_r1,103,27,5,89422,189422
ic_r1,103,27,6,37775,137775
ic_r1,103,27,7,75602,175602
ic_r1,103,27,8,81479,181479
ic_r1,103,27,9,45383,145383
ic_r1,103,28,0,97262,197262
ic_r1,103,28,1,147,100147
ic_r1,103,28,2,49266,149266
ic_r1,103,28,3,29668,129668
ic_r1,103,28,4,97605,197605
ic_r1,103,28,5,55898,155898
ic_r1,103,28,6,66891,166891
ic_r1,103,28,7,57670,157670
ic_r1,103,28,8,66395,166395
ic_r1,103,28,9,26507,126507
ic_r1,103,29,0,815,100815
ic_r1,103,29,1,73640,173640
ic_r1,103,29,2,62490,162490
ic_r1,103,29,3,7302,107302
ic_r1,103,29,4,46116,146116
ic_r1,103,29,5,58959,158959
ic_r1,103,29,6,47400,147400
ic_r1,103,29,7,70879,170879
ic_r1,103,29,8,7634,107634
ic_r1,103,29,9,90610,190610
ic_r1,103,30,0,73643,173643
ic_r1,103,30,1,51951,151951
ic_r1,103,30,2,45083,145083
ic_r1,103,30,3,77961,177961
ic_r1,103,30,4,75224,175224
ic_r1,103,30,5,699,100699
ic_r1,103,30,6,14888,114888
ic_r1,103,30,7,76267,176267
ic_r1,103,30,8,61334,161334
ic_r1,103,30,9,92184,192184
ic_r1,103,31,0,80404,180404
ic_r1,103,31,1,39274,139274
ic_r1,103,31,2,50455,150455
ic_r1,103,31,3,22004,122004
ic_r1,103,31,4,75292,175292
ic_r1,103,31,5,65962,165962
ic_r1,103,31,6,25952,125952
ic_r1,103,31,7,47479,147479
ic_r1,103,31,8,20131,120131
ic_r1,103,31,9,11600,111600
ic_r1,103,32,0,45067,145067
ic_r1,103,32,1,98689,198689
ic_r1,103,32,2,12758,112758
ic_r1,103,32,3,30859,130859
ic_r1,103,32,4,98311,198311
ic_r1,103,32,5,18800,118800
ic_r1,103,32,6,65682,165682
ic_r1,103,32,7,22654,122654
ic_r1,103,32,8,6560,106560
ic_r1,103,32,9,29414,129414
ic_r1,103,33,0,95513,195513
ic_r1,103,33,1,36860,136860
ic_r1,103,33,2,50888,150888
ic_r1,103,33,3,54160,154160
ic_r1,103,33,4,94241,194241
ic_r1,103,33,5,7148,107148
ic_r1,103,33,6,81717,181717
ic_r1,103,33,7,22192,122192
ic_r1,103,33,8,52837,152837
ic_r1,103,33,9,91870,191870
ic_r1,103,34,0,64311,164311
ic_r1,103,34,1,18333,118333
ic_r1,103,34,2,28617,128617
ic_r1,103,34,3,88056,188056
ic_r1,103,34,4,55237,155237
ic_r1,103,34,5,95884,195884
ic_r1,103,34,6,99065,199065
ic_r1,103,34,7,33212,133212
ic_r1,103,34,8,23117,123117
ic_r1,103,34,9,2419,102419
ic_r1,103,35,0,63884,163884
ic_r1,103,35,1,98615,198615
ic_r1,103,35,2,79485,179485
ic_r1,103,35,3,48637,148637
ic_r1,103,35,4,79689,179689
ic_r1,103,35,5,73507,173507
ic_r1,103,35,6,41681,141681
ic_r1,103,35,7,61111,161111
ic_r1,103,35,8,75427,175427
ic_r1,103,35,9,54100,154100
ic_r1,103,36,0,76213,176213
ic_r1,103,36,1,97825,197825
ic_r1,103,36,2,63876,163876
ic_r1,103,36,3,85985,185985
ic_r1,103,36,4,18623,118623
ic_r1,103,36,5,8676,108676
ic_r1,103,36,6,81938,181938
ic_r1,103,36,7,41480,141480
ic_r1,103,36,8,67653,167653
ic_r1,103,36,9,23609,123609
ic_r1,103,37,0,73322,173322
ic_r1,103,37,1,89894,189894
ic_r1,103,37,2,91834,191834
ic_r1,103,37,3,61007,161007
ic_r1,103,37,4,83509,183509
ic_r1,103,37,5,34802,134802
ic_r1,103,37,6,42678,142678
ic_r1,103,37,7,69500,169500
ic_r1,103,37,8,6562,106562
ic_r1,103,37,9,63263,163263
ic_r1,103,38,0,74594,174594
ic_r1,103,38,1,31888,131888
ic_r1,103,38,2,3894,103894
ic_r1,103,38,3,53963,153963
ic_r1,103,38,4,18725,118725
ic_r1,103,38,5,42862,142862
ic_r1,103,38,6,34446,134446
ic_r1,103,38,7,3703,103703
ic_r1,103,38,8,1097,101097
ic_r1,103,38,9,51569,151569
ic_r1,103,39,0,2183,102183
ic_r1,103,39,1,82469,182469
ic_r1,103,39,2,86778,186778
ic_r1,103,39,3,57156,157156
ic_r1,103,39,4,60837,160837
ic_r1,103,39,5,52005,152005
ic_r1,103,39,6,60132,160132
ic_r1,103,39,7,15989,115989
ic_r1,103,39,8,8308,108308
ic_r1,103,39,9,45914,145914
ic_r1,104,0,0,76578,176578
ic_r1,104,0,1,78322,178322
ic_r1,104,0,2,43836,143836
ic_r1,104,0,3,35029,135029
ic_r1,104,0,4,28215,128215
ic_r1,104,0,5,45049,145049
ic_r1,104,0,6,31461,131461
ic_r1,104,0,7,2318,102318
ic_r1,104,0,8,11998,111998
ic_r1,104,0,9,61585,161585
ic_r1,104,1,0,29960,129960
ic_r1,104,1,1,70243,170243
ic_r1,104,1,2,75770,175770
ic_r1,104,1,3,73474,173474
ic_r1,104,1,4,80610,180610
ic_r1,104,1,5,47187,147187
ic_r1,104,1,6,93316,193316
ic_r1,104,1,7,9748,109748
ic_r1,104,1,8,5129,105129
ic_r1,104,1,9,87600,187600
ic_r1,104,2,0,39712,139712
ic_r1,104,2,1,18462,118462
ic_r1,104,2,2,47716,147716
ic_r1,104,2,3,41806,141806
ic_r1,104,2,4,22293,122293
ic_r1,104,2,5,70010,170010
ic_r1,104,2,6,9643,109643
ic_r1,104,2,7,38878,138878
ic_r1,104,2,8,19273,119273
ic_r1,104,2,9,86043,186043
ic_r1,104,3,0,32999,132999
ic_r1,104,3,1,89624,189624
ic_r1,104,3,2,29538,129538
ic_r1,104,3,3,54076,154076
ic_r1,104,3,4,36397,136397
ic_r1,104,3,5,95045,195045
ic_r1,104,3,6,85035,185035
ic_r1,104,3,7,89122,189122
ic_r1,104,3,8,64199,164199
ic_r1,104,3,9,28092,128092
ic_r1,104,4,0,81774,181774
ic_r1,104,4,1,83073,183073
ic_r1,104,4,2,36410,136410
ic_r1,104,4,3,76313,176313
ic_r1,104,4,4,49283,149283
ic_r1,104,4,5,47706,147706
ic_r1,104,4,6,91429,191429
ic_r1,104,4,7,19162,119162
ic_r1,104,4,8,31874,131874
ic_r1,104,4,9,6285,106285
ic_r1,104,5,0,41194,141194
ic_r1,104,5,1,85017,185017
ic_r1,104,5,2,64035,164035
ic_r1,104,5,3,10015,110015
ic_r1,104,5,4,94559,194559
ic_r1,104,5,5,22510,122510
ic_r1,104,5,6,28031,128031
ic_r1,104,5,7,66329,166329
ic_r1,104,5,8,89870,189870
ic_r1,104,5,9,77447,177447
ic_r1,104,6,0,62281,162281
ic_r1,104,6,1,87627,187627
ic_r1,104,6,2,11976,111976
ic_r1,104,6,3,33606,133606
ic_r1,104,6,4,83058,183058
ic_r1,104,6,5,65694,165694
ic_r1,104,6,6,74031,174031
ic_r1,104,6,7,923,100923
ic_r1,104,6,8,78760,178760
ic_r1,104,6,9,88386,188386
ic_r1,104,7,0,72848,172848
ic_r1,104,7,1,65970,165970
ic_r1,104,7,2,23819,123819
ic_r1,104,7,3,66067,166067
ic_r1,104,7,4,97664,197664
ic_r1,104,7,5,64410,164410
ic_r1,104,7,6,26837,126837
ic_r1,104,7,7,32991,132991
ic_r1,104,7,8,64956,164956
ic_r1,104,7,9,66928,166928
ic_r1,104,8,0,89288,189288
ic_r1,104,8,1,79552,179552
ic_r1,104,8,2,30745,130745
ic_r1,104,8,3,20913,120913
ic_r1,104,8,4,3186,103186
ic_r1,104,8,5,54375,154375
ic_r1,104,8,6,94636,194636
ic_r1,104,8,7,51519,151519
ic_r1,104,8,8,82435,182435
ic_r1,104,8,9,56487,156487
ic_r1,104,9,0,27514,127514
ic_r1,104,9,1,26591,126591
ic_r1,104,9,2,42262,142262
ic_r1,104,9,3,61965,161965
ic_r1,104,9,4,15862,115862
ic_r1,104,9,5,60152,160152
ic_r1,104,9,6,71927,171927
ic_r1,104,9,7,33419,133419
ic_r1,104,9,8,19066,119066
ic_r1,104,9,9,94724,194724
ic_r1,104,10,0,80185,180185
ic_r1,104,10,1,33178,133178
ic_r1,104,10,2,21508,121508
ic_r1,104,10,3,29448,129448
ic_r1,104,10,4,93729,193729
ic_r1,104,10,5,10111,110111
ic_r1,104,10,6,78563,178563
ic_r1,104,10,7,77248,177248
ic_r1,104,10,8,21236,121236
ic_r1,104,10,9,45704,145704
ic_r1,104,11,0,40032,140032
ic_r1,104,11,1,54766,154766
ic_r1,104,11,2,7116,107116
ic_r1,104,11,3,33556,133556
ic_r1,104,11,4,48037,148037
ic_r1,104,11,5,43469,143469
ic_r1,104,11,6,26591,126591
ic_r1,104,11,7,98085,198085
ic_r1,104,11,8,7123,107123
ic_r1,104,11,9,3724,103724
ic_r1,104,12,0,65985,165985
ic_r1,104,12,1,45177,145177
ic_r1,104,12,2,69710,169710
ic_r1,104,12,3,8163,108163
ic_r1,104,12,4,75449,175449
ic_r1,104,12,5,20204,120204
ic_r1,104,12,6,12091,112091
ic_r1,104,12,7,51383,151383
ic_r1,104,12,8,80698,180698
ic_r1,104,12,9,81984,181984
ic_r1,104,13,0,85967,185967
ic_r1,104,13,1,3584,103584
ic_r1,104,13,2,4633,104633
ic_r1,104,13,3,58421,158421
ic_r1,104,13,4,47560,147560
ic_r1,104,13,5,20819,120819
ic_r1,104,13,6,77443,177443
ic_r1,104,13,7,87733,187733
ic_r1,104,13,8,39920,139920
ic_r1,104,13,9,80054,180054
ic_r1,104,14,0,65147,165147
ic_r1,104,14,1,21743,121743
ic_r1,104,14,2,85602,185602
ic_r1,104,14,3,4590,104590
ic_r1,104,14,4,17380,117380
ic_r1,104,14,5,23829,123829
ic_r1,104,14,6,90590,190590
ic_r1,104,14,7,57890,157890
ic_r1,104,14,8,48213,148213
ic_r1,104,14,9,24724,124724
ic_r1,104,15,0,5595,105595
ic_r1,104,15,1,98575,198575
ic_r1,104,15,2,72185,172185
ic_r1,104,15,3,92064,192064
ic_r1,104,15,4,27887,127887
ic_r1,104,15,5,19349,119349
ic_r1,104,15,6,33396,133396
ic_r1,104,15,7,27937,127937
ic_r1,104,15,8,305,100305
ic_r1,104,15,9,55644,155644
ic_r1,104,16,0,88317,188317
ic_r1,104,16,1,45687,145687
ic_r1,104,16,2,96783,196783
ic_r1,104,16,3,67260,167260
ic_r1,104,16,4,62343,162343
ic_r1,104,16,5,95266,195266
ic_r1,104,16,6,82630,182630
ic_r1,104,16,7,95909,195909
ic_r1,104,16,8,71275,171275
ic_r1,104,16,9,59104,159104
ic_r1,104,17,0,91055,191055
ic_r1,104,17,1,399,100399
ic_r1,104,17,2,72480,172480
ic_r1,104,17,3,7658,107658
ic_r1,104,17,4,85737,185737
ic_r1,104,17,5,48144,148144
ic_r1,104,17,6,68993,168993
ic_r1,104,17,7,47796,147796
ic_r1,104,17,8,7917,107917
ic_r1,104,17,9,31649,131649
ic_r1,104,18,0,33375,133375
ic_r1,104,18,1,56158,156158
ic_r1,104,18,2,50987,150987
ic_r1,104,18,3,2376,102376
ic_r1,104,18,4,92478,192478
ic_r1,104,18,5,77473,177473
ic_r1,104,18,6,74374,174374
ic_r1,104,18,7,46949,146949
ic_r1,104,18,8,37668,137668
ic_r1,104,18,9,61274,161274
ic_r1,104,19,0,25095,125095
ic_r1,104,19,1,45234,145234
ic_r1,104,19,2,80888,180888
ic_r1,104,19,3,59889,159889
ic_r1,104,19,4,16240,116240
ic_r1,104,19,5,26952,126952
ic_r1,104,19,6,92368,192368
ic_r1,104,19,7,91232,191232
ic_r1,104,19,8,40882,140882
ic_r1,104,19,9,67593,167593
ic_r1,104,20,0,28346,128346
ic_r1,104,20,1,40552,140552
ic_r1,104,20,2,84217,184217
ic_r1,104,20,3,38329,138329
ic_r1,104,20,4,74024,174024
ic_r1,104,20,5,52286,152286
ic_r1,104,20,6,77336,177336
ic_r1,104,20,7,4233,104233
ic_r1,104,20,8,75138,175138
ic_r1,104,20,9,31850,131850
ic_r1,104,21,0,31924,131924
ic_r1,104,21,1,58743,158743
ic_r1,104,21,2,85874,185874
ic_r1,104,21,3,92867,192867
ic_r1,104,21,4,65999,165999
ic_r1,104,21,5,93880,193880
ic_r1,104,21,6,24259,124259
ic_r1,104,21,7,94242,194242
ic_r1,104,21,8,42676,142676
ic_r1,104,21,9,16132,116132
ic_r1,104,22,0,43572,143572
ic_r1,104,22,1,11041,111041
ic_r1,104,22,2,92487,192487
ic_r1,104,22,3,89876,189876
ic_r1,104,22,4,96762,196762
ic_r1,104,22,5,50090,150090
ic_r1,104,22,6,70184,170184
ic_r1,104,22,7,90527,190527
ic_r1,104,22,8,82996,182996
ic_r1,104,22,9,71630,171630
ic_r1,104,23,0,92798,192798
ic_r1,104,23,1,43874,143874
ic_r1,104,23,2,76362,176362
ic_r1,104,23,3,44655,144655
ic_r1,104,23,4,97522,197522
ic_r1,104,23,5,71538,171538
ic_r1,104,23,6,34820,134820
ic_r1,104,23,7,56420,156420
ic_r1,104,23,8,43709,143709
ic_r1,104,23,9,474,100474
ic_r1,104,24,0,80781,180781
ic_r1,104,24,1,24486,124486
ic_r1,104,24,2,95097,195097
ic_r1,104,24,3,56024,156024
ic_r1,104,24,4,98864,198864
ic_r1,104,24,5,58574,158574
ic_r1,104,24,6,58627,158627
ic_r1,104,24,7,92502,192502
ic_r1,104,24,8,42120,142120
ic_r1,104,24,9,59877,159877
ic_r1,104,25,0,2960,102960
ic_r1,104,25,1,58586,158586
ic_r1,104,25,2,73974,173974
ic_r1,104,25,3,95406,195406
ic_r1,104,25,4,9429,109429
ic_r1,104,25,5,35175,135175
ic_r1,104,25,6,14503,114503
ic_r1,104,25,7,78914,178914
ic_r1,104,25,8,5896,105896
ic_r1,104,25,9,98454,198454
ic_r1,104,26,0,95514,195514
ic_r1,104,26,1,65968,165968
ic_r1,104,26,2,97533,197533
ic_r1,104,26,3,98466,198466
ic_r1,104,26,4,27846,127846
ic_r1,104,26,5,13445,113445
ic_r1,104,26,6,37611,137611
ic_r1,104,26,7,90360,190360
ic_r1,104,26,8,27981,127981
ic_r1,104,26,9,61964,161964
ic_r1,104,27,0,53842,153842
ic_r1,104,27,1,43495,143495
ic_r1,104,27,2,20392,120392
ic_r1,104,27,3,76384,176384
ic_r1,104,27,4,74662,174662
ic_r1,104,27,5,99872,199872
ic_r1,104,27,6,61881,161881
ic_r1,104,27,7,88969,188969
ic_r1,104,27,8,39481,139481
ic_r1,104,27,9,26188,126188
ic_r1,104,28,0,28871,128871
ic_r1,104,28,1,31864,131864
ic_r1,104,28,2,8912,108912
ic_r1,104,28,3,65396,165396
ic_r1,104,28,4,87324,187324
ic_r1,104,28,5,79623,179623
ic_r1,104,28,6,61034,161034
ic_r1,104,28,7,58705,158705
ic_r1,104,28,8,46073,146073
ic_r1,104,28,9,5531,105531
ic_r1,104,29,0,15270,115270
ic_r1,104,29,1,5967,105967
ic_r1,104,29,2,90435,190435
ic_r1,104,29,3,74800,174800
ic_r1,104,29,4,85915,185915
ic_r1,104,29,5,42916,142916
ic_r1,104,29,6,41706,141706
ic_r1,104,29,7,30966,130966
ic_r1,104,29,8,29374,129374
ic_r1,104,29,9,7871,107871
ic_r1,104,30,0,51914,151914
ic_r1,104,30,1,68745,168745
ic_r1,104,30,2,63183,163183
ic_r1,104,30,3,77207,177207
ic_r1,104,30,4,46677,146677
ic_r1,104,30,5,80358,180358
ic_r1,104,30,6,68326,168326
ic_r1,104,30,7,62413,162413
ic_r1,104,30,8,31611,131611
ic_r1,104,30,9,41680,141680
ic_r1,104,31,0,2559,102559
ic_r1,104,31,1,59236,159236
ic_r1,104,31,2,14416,114416
ic_r1,104,31,3,68322,168322
ic_r1,104,31,4,49781,149781
ic_r1,104,31,5,73391,173391
ic_r1,104,31,6,10826,110826
ic_r1,104,31,7,93988,193988
ic_r1,104,31,8,73268,173268
ic_r1,104,31,9,62407,162407
ic_r1,104,32,0,84643,184643
ic_r1,104,32,1,28165,128165
ic_r1,104,32,2,51166,151166
ic_r1,104,32,3,8173,108173
ic_r1,104,32,4,29731,129731
ic_r1,104,32,5,75831,175831
ic_r1,104,32,6,3795,103795
ic_r1,104,32,7,71819,171819
ic_r1,104,32,8,56427,156427
ic_r1,104,32,9,8467,108467
ic_r1,104,33,0,33191,133191
ic_r1,104,33,1,93436,193436
ic_r1,104,33,2,33950,133950
ic_r1,104,33,3,60826,160826
ic_r1,104,33,4,60692,160692
ic_r1,104,33,5,63508,163508
ic_r1,104,33,6,1155,101155
ic_r1,104,33,7,98874,198874
ic_r1,104,33,8,6394,106394
ic_r1,104,33,9,96484,196484
ic_r1,104,34,0,93932,193932
ic_r1,104,34,1,20212,120212
ic_r1,104,34,2,66096,166096
ic_r1,104,34,3,58014,158014
ic_r1,104,34,4,42915,142915
ic_r1,104,34,5,54972,154972
ic_r1,104,34,6,9725,109725
ic_r1,104,34,7,36241,136241
ic_r1,104,34,8,30146,130146
ic_r1,104,34,9,43090,143090
ic_r1,104,35,0,42958,142958
ic_r1,104,35,1,85830,185830
ic_r1,104,35,2,54744,154744
ic_r1,104,35,3,48522,148522
ic_r1,104,35,4,38841,138841
ic_r1,104,35,5,66375,166375
ic_r1,104,35,6,56881,156881
ic_r1,104,35,7,66881,166881
ic_r1,104,35,8,58754,158754
ic_r1,104,35,9,77325,177325
ic_r1,104,36,0,17337,117337
ic_r1,104,36,1,38760,138760
ic_r1,104,36,2,58061,158061
ic_r1,104,36,3,61685,161685
ic_r1,104,36,4,73418,173418
ic_r1,104,36,5,71519,171519
ic_r1,104,36,6,49892,149892
ic_r1,104,36,7,44928,144928
ic_r1,104,36,8,35177,135177
ic_r1,104,36,9,79620,179620
ic_r1,104,37,0,21529,121529
ic_r1,104,37,1,94332,194332
ic_r1,104,37,2,64864,164864
ic_r1,104,37,3,99963,199963
ic_r1,104,37,4,74631,174631
ic_r1,104,37,5,17208,117208
ic_r1,104,37,6,88484,188484
ic_r1,104,37,7,36152,136152
ic_r1,104,37,8,72530,172530
ic_r1,104,37,9,34655,134655
ic_r1,104,38,0,84454,184454
ic_r1,104,38,1,79314,179314
ic_r1,104,38,2,74489,174489
ic_r1,104,38,3,84933,184933
ic_r1,104,38,4,74130,174130
ic_r1,104,38,5,41327,141327
ic_r1,104,38,6,73174,173174
ic_r1,104,38,7,28886,128886
ic_r1,104,38,8,81575,181575
ic_r1,104,38,9,13190,113190
ic_r1,104,39,0,89137,189137
ic_r1,104,39,1,10728,110728
ic_r1,104,39,2,84737,184737
ic_r1,104,39,3,61589,161589
ic_r1,104,39,4,54945,154945
ic_r1,104,39,5,48989,148989
ic_r1,104,39,6,83492,183492
ic_r1,104,39,7,36742,136742
ic_r1,104,39,8,85800,185800
ic_r1,104,39,9,45217,145217
ic_r1,105,0,0,46264,146264
ic_r1,105,0,1,43180,143180
ic_r1,105,0,2,28007,128007
ic_r1,105,0,3,69521,169521
ic_r1,105,0,4,89802,189802
ic_r1,105,0,5,32980,132980
ic_r1,105,0,6,84879,184879
ic_r1,105,0,7,3406,103406
ic_r1,105,0,8,3528,103528
ic_r1,105,0,9,37114,137114
ic_r1,105,1,0,3516,103516
ic_r1,105,1,1,66508,166508
ic_r1,105,1,2,97958,197958
ic_r1,105,1,3,10975,110975
ic_r1,105,1,4,76496,176496
ic_r1,105,1,5,84028,184028
ic_r1,105,1,6,37802,137802
ic_r1,105,1,7,85311,185311
ic_r1,105,1,8,80505,180505
ic_r1,105,1,9,95849,195849
ic_r1,105,2,0,22723,122723
ic_r1,105,2,1,34556,134556
ic_r1,105,2,2,23326,123326
ic_r1,105,2,3,81837,181837
ic_r1,105,2,4,2664,102664
ic_r1,105,2,5,51898,151898
ic_r1,105,2,6,64593,164593
ic_r1,105,2,7,94908,194908
ic_r1,105,2,8,11012,111012
ic_r1,105,2,9,89483,189483
ic_r1,105,3,0,53324,153324
ic_r1,105,3,1,85646,185646
ic_r1,105,3,2,62004,162004
ic_r1,105,3,3,68454,168454
ic_r1,105,3,4,66878,166878
ic_r1,105,3,5,27022,127022
ic_r1,105,3,6,92332,192332
ic_r1,105,3,7,40878,140878
ic_r1,105,3,8,25382,125382
ic_r1,105,3,9,16216,116216
ic_r1,105,4,0,34573,134573
ic_r1,105,4,1,36269,136269
ic_r1,105,4,2,16908,116908
ic_r1,105,4,3,2723,102723
ic_r1,105,4,4,30873,130873
ic_r1,105,4,5,1466,101466
ic_r1,105,4,6,97012,197012
ic_r1,105,4,7,69136,169136
ic_r1,105,4,8,67855,167855
ic_r1,105,4,9,11569,111569
ic_r1,105,5,0,21364,121364
ic_r1,105,5,1,28236,128236
ic_r1,105,5,2,8135,108135
ic_r1,105,5,3,80743,180743
ic_r1,105,5,4,98178,198178
ic_r1,105,5,5,3342,103342
ic_r1,105,5,6,47787,147787
ic_r1,105,5,7,27027,127027
ic_r1,105,5,8,91559,191559
ic_r1,105,5,9,83937,183937
ic_r1,105,6,0,8835,108835
ic_r1,105,6,1,79965,179965
ic_r1,105,6,2,6605,106605
ic_r1,105,6,3,95462,195462
ic_r1,105,6,4,62555,162555
ic_r1,105,6,5,72295,172295
ic_r1,105,6,6,69792,169792
ic_r1,105,6,7,78723,178723
ic_r1,105,6,8,83403,183403
ic_r1,105,6,9,36185,136185
ic_r1,105,7,0,40275,140275
ic_r1,105,7,1,47591,147591
ic_r1,105,7,2,61437,161437
ic_r1,105,7,3,65473,165473
ic_r1,105,7,4,43016,143016
ic_r1,105,7,5,63141,163141
ic_r1,105,7,6,65833,165833
ic_r1,105,7,7,9573,109573
ic_r1,105,7,8,41264,141264
ic_r1,105,7,9,99188,199188
ic_r1,105,8,0,52965,152965
ic_r1,105,8,1,17725,117725
ic_r1,105,8,2,22650,122650
ic_r1,105,8,3,60199,160199
ic_r1,105,8,4,37770,137770
ic_r1,105,8,5,6070,106070
ic_r1,105,8,6,50983,150983
ic_r1,105,8,7,21798,121798
ic_r1,105,8,8,67907,167907
ic_r1,105,8,9,51911,151911
ic_r1,105,9,0,32898,132898
ic_r1,105,9,1,5448,105448
ic_r1,105,9,2,6966,106966
ic_r1,105,9,3,39071,139071
ic_r1,105,9,4,90935,190935
ic_r1,105,9,5,70221,170221
ic_r1,105,9,6,12669,112669
ic_r1,105,9,7,85308,185308
ic_r1,105,9,8,46800,146800
ic_r1,105,9,9,89986,189986
ic_r1,105,10,0,31842,131842
ic_r1,105,10,1,75271,175271
ic_r1,105,10,2,31117,131117
ic_r1,105,10,3,23471,123471
ic_r1,105,10,4,14850,114850
ic_r1,105,10,5,69678,169678
ic_r1,105,10,6,39499,139499
ic_r1,105,10,7,15601,115601
ic_r1,105,10,8,5256,105256
ic_r1,105,10,9,97771,197771
ic_r1,105,11,0,97080,197080
ic_r1,105,11,1,46917,146917
ic_r1,105,11,2,66620,166620
ic_r1,105,11,3,3228,103228
ic_r1,105,11,4,68809,168809
ic_r1,105,11,5,33391,133391
ic_r1,105,11,6,87460,187460
ic_r1,105,11,7,31005,131005
ic_r1,105,11,8,34142,134142
ic_r1,105,11,9,11355,111355
ic_r1,105,12,0,21943,121943
ic_r1,105,12,1,40983,140983
ic_r1,105,12,2,91792,191792
ic_r1,105,12,3,91703,191703
ic_r1,105,12,4,9141,109141
ic_r1,105,12,5,4247,104247
ic_r1,105,12,6,94580,194580
ic_r1,105,12,7,26897,126897
ic_r1,105,12,8,33449,133449
ic_r1,105,12,9,34967,134967
ic_r1,105,13,0,60741,160741
ic_r1,105,13,1,24153,124153
ic_r1,105,13,2,27061,127061
ic_r1,105,13,3,62979,162979
ic_r1,105,13,4,43047,143047
ic_r1,105,13,5,68514,168514
ic_r1,105,13,6,82403,182403
ic_r1,105,13,7,63382,163382
ic_r1,105,13,8,11943,111943
ic_r1,105,13,9,70108,170108
ic_r1,105,14,0,37147,137147
ic_r1,105,14,1,81241,181241
ic_r1,105,14,2,15609,115609
ic_r1,105,14,3,8486,108486
ic_r1,105,14,4,39121,139121
ic_r1,105,14,5,33680,133680
ic_r1,105,14,6,36033,136033
ic_r1,105,14,7,12824,112824
ic_r1,105,14,8,52930,152930
ic_r1,105,14,9,16710,116710
ic_r1,105,15,0,19009,119009
ic_r1,105,15,1,61499,161499
ic_r1,105,15,2,64862,164862
ic_r1,105,15,3,27726,127726
ic_r1,105,15,4,10158,110158
ic_r1,105,15,5,62191,162191
ic_r1,105,15,6,87797,187797
ic_r1,105,15,7,96395,196395
ic_r1,105,15,8,40617,140617
ic_r1,105,15,9,15856,115856
ic_r1,105,16,0,41094,141094
ic_r1,105,16,1,32258,132258
ic_r1,105,16,2,46881,146881
ic_r1,105,16,3,12372,112372
ic_r1,105,16,4,51395,151395
ic_r1,105,16,5,33956,133956
ic_r1,105,16,6,44897,144897
ic_r1,105,16,7,77991,177991
ic_r1,105,16,8,19878,119878
ic_r1,105,16,9,18716,118716
ic_r1,105,17,0,80335,180335
ic_r1,105,17,1,79311,179311
ic_r1,105,17,2,74400,174400
ic_r1,105,17,3,80971,180971
ic_r1,105,17,4,36893,136893
ic_r1,105,17,5,73781,173781
ic_r1,105,17,6,52326,152326
ic_r1,105,17,7,52845,152845
ic_r1,105,17,8,60122,160122
ic_r1,105,17,9,52284,152284
ic_r1,105,18,0,83940,183940
ic_r1,105,18,1,98820,198820
ic_r1,105,18,2,30482,130482
ic_r1,105,18,3,61874,161874
ic_r1,105,18,4,15183,115183
ic_r1,105,18,5,80003,180003
ic_r1,105,18,6,61266,161266
ic_r1,105,18,7,3347,103347
ic_r1,105,18,8,71994,171994
ic_r1,105,18,9,10873,110873
ic_r1,105,19,0,46433,146433
ic_r1,105,19,1,81269,181269
ic_r1,105,19,2,37310,137310
ic_r1,105,19,3,98932,198932
ic_r1,105,19,4,31681,131681
ic_r1,105,19,5,36218,136218
ic_r1,105,19,6,88048,188048
ic_r1,105,19,7,16793,116793
ic_r1,105,19,8,50381,150381
ic_r1,105,19,9,85896,185896
ic_r1,105,20,0,47397,147397
ic_r1,105,20,1,33742,133742
ic_r1,105,20,2,59598,159598
ic_r1,105,20,3,97646,197646
ic_r1,105,20,4,16428,116428
ic_r1,105,20,5,38383,138383
ic_r1,105,20,6,12783,112783
ic_r1,105,20,7,55000,155000
ic_r1,105,20,8,46186,146186
ic_r1,105,20,9,34390,134390
ic_r1,105,21,0,86245,186245
ic_r1,105,21,1,31440,131440
ic_r1,105,21,2,50590,150590
ic_r1,105,21,3,44754,144754
ic_r1,105,21,4,9211,109211
ic_r1,105,21,5,53321,153321
ic_r1,105,21,6,27280,127280
ic_r1,105,21,7,17958,117958
ic_r1,105,21,8,73911,173911
ic_r1,105,21,9,20057,120057
ic_r1,105,22,0,9514,109514
ic_r1,105,22,1,53373,153373
ic_r1,105,22,2,74334,174334
ic_r1,105,22,3,82381,182381
ic_r1,105,22,4,35289,135289
ic_r1,105,22,5,73988,173988
ic_r1,105,22,6,39020,139020
ic_r1,105,22,7,59662,159662
ic_r1,105,22,8,76568,176568
ic_r1,105,22,9,18456,118456
ic_r1,105,23,0,27225,127225
ic_r1,105,23,1,78536,178536
ic_r1,105,23,2,61114,161114
ic_r1,105,23,3,54726,154726
ic_r1,105,23,4,86355,186355
ic_r1,105,23,5,13532,113532
ic_r1,105,23,6,71517,171517
ic_r1,105,23,7,28241,128241
ic_r1,105,23,8,23149,123149
ic_r1,105,23,9,3852,103852
ic_r1,105,24,0,93858,193858
ic_r1,105,24,1,2303,102303
ic_r1,105,24,2,50083,150083
ic_r1,105,24,3,21644,121644
ic_r1,105,24,4,45468,145468
ic_r1,105,24,5,50640,150640
ic_r1,105,24,6,59935,159935
ic_r1,105,24,7,33072,133072
ic_r1,105,24,8,57656,157656
ic_r1,105,24,9,71413,171413
ic_r1,105,25,0,70854,170854
ic_r1,105,25,1,1000,101000
ic_r1,105,25,2,84344,184344
ic_r1,105,25,3,85830,185830
ic_r1,105,25,4,96400,196400
ic_r1,105,25,5,60005,160005
ic_r1,105,25,6,49786,149786
ic_r1,105,25,7,67198,167198
ic_r1,105,25,8,36130,136130
ic_r1,105,25,9,77869,177869
ic_r1,105,26,0,28969,128969
ic_r1,105,26,1,32292,132292
ic_r1,105,26,2,47635,147635
ic_r1,105,26,3,34031,134031
ic_r1,105,26,4,95915,195915
ic_r1,105,26,5,48291,148291
ic_r1,105,26,6,24482,124482
ic_r1,105,26,7,1549,101549
ic_r1,105,26,8,79279,179279
ic_r1,105,26,9,75185,175185
ic_r1,105,27,0,68197,168197
ic_r1,105,27,1,4264,104264
ic_r1,105,27,2,8193,108193
ic_r1,105,27,3,95290,195290
ic_r1,105,27,4,80420,180420
ic_r1,105,27,5,31139,131139
ic_r1,105,27,6,74021,174021
ic_r1,105,27,7,3732,103732
ic_r1,105,27,8,93017,193017
ic_r1,105,27,9,91828,191828
ic_r1,105,28,0,60990,160990
ic_r1,105,28,1,78382,178382
ic_r1,105,28,2,24170,124170
ic_r1,105,28,3,96079,196079
ic_r1,105,28,4,29198,129198
ic_r1,105,28,5,153,100153
ic_r1,105,28,6,29536,129536
ic_r1,105,28,7,20162,120162
ic_r1,105,28,8,59157,159157
ic_r1,105,28,9,61599,161599
ic_r1,105,29,0,7776,107776
ic_r1,105,29,1,90232,190232
ic_r1,105,29,2,73984,173984
ic_r1,105,29,3,61462,161462
ic_r1,105,29,4,30756,130756
ic_r1,105,29,5,50133,150133
ic_r1,105,29,6,44209,144209
ic_r1,105,29,7,18687,118687
ic_r1,105,29,8,25608,125608
ic_r1,105,29,9,60386,160386
ic_r1,105,30,0,74338,174338
ic_r1,105,30,1,75074,175074
ic_r1,105,30,2,5042,105042
ic_r1,105,30,3,99446,199446
ic_r1,105,30,4,3201,103201
ic_r1,105,30,5,51977,151977
ic_r1,105,30,6,59208,159208
ic_r1,105,30,7,70497,170497
ic_r1,105,30,8,37513,137513
ic_r1,105,30,9,23340,123340
ic_r1,105,31,0,19434,119434
ic_r1,105,31,1,98445,198445
ic_r1,105,31,2,85531,185531
ic_r1,105,31,3,86277,186277
ic_r1,105,31,4,43657,143657
ic_r1,105,31,5,42396,142396
ic_r1,105,31,6,77071,177071
ic_r1,105,31,7,34687,134687
ic_r1,105,31,8,50341,150341
ic_r1,105,31,9,69451,169451
ic_r1,105,32,0,7936,107936
ic_r1,105,32,1,68076,168076
ic_r1,105,32,2,80597,180597
ic_r1,105,32,3,37111,137111
ic_r1,105,32,4,44063,144063
ic_r1,105,32,5,12950,112950
ic_r1,105,32,6,43315,143315
ic_r1,105,32,7,91211,191211
ic_r1,105,32,8,34493,134493
ic_r1,105,32,9,71926,171926
ic_r1,105,33,0,15265,115265
ic_r1,105,33,1,38098,138098
ic_r1,105,33,2,4868,104868
ic_r1,105,33,3,33059,133059
ic_r1,105,33,4,6557,106557
ic_r1,105,33,5,20882,120882
ic_r1,105,33,6,49033,149033
ic_r1,105,33,7,51668,151668
ic_r1,105,33,8,91798,191798
ic_r1,105,33,9,1325,101325
ic_r1,105,34,0,59759,159759
ic_r1,105,34,1,67449,167449
ic_r1,105,34,2,10626,110626
ic_r1,105,34,3,80279,180279
ic_r1,105,34,4,21546,121546
ic_r1,105,34,5,34515,134515
ic_r1,105,34,6,99660,199660
ic_r1,105,34,7,47556,147556
ic_r1,105,34,8,79886,179886
ic_r1,105,34,9,92706,192706
ic_r1,105,35,0,96501,196501
ic_r1,105,35,1,87721,187721
ic_r1,105,35,2,16214,116214
ic_r1,105,35,3,3084,103084
ic_r1,105,35,4,17000,117000
ic_r1,105,35,5,5403,105403
ic_r1,105,35,6,90610,190610
ic_r1,105,35,7,43496,143496
ic_r1,105,35,8,72103,172103
ic_r1,105,35,9,85055,185055
ic_r1,105,36,0,98106,198106
ic_r1,105,36,1,58925,158925
ic_r1,105,36,2,55007,155007
ic_r1,105,36,3,28210,128210
ic_r1,105,36,4,3605,103605
ic_r1,105,36,5,33634,133634
ic_r1,105,36,6,48083,148083
ic_r1,105,36,7,27643,127643
ic_r1,105,36,8,59243,159243
ic_r1,105,36,9,62182,162182
ic_r1,105,37,0,28490,128490
ic_r1,105,37,1,70038,170038
ic_r1,105,37,2,68505,168505
ic_r1,105,37,3,419,100419
ic_r1,105,37,4,42747,142747
ic_r1,105,37,5,33854,133854
ic_r1,105,37,6,39229,139229
ic_r1,105,37,7,48265,148265
ic_r1,105,37,8,71779,171779
ic_r1,105,37,9,72554,172554
ic_r1,105,38,0,20488,120488
ic_r1,105,38,1,78956,178956
ic_r1,105,38,2,63628,163628
ic_r1,105,38,3,66195,166195
ic_r1,105,38,4,55318,155318
ic_r1,105,38,5,16310,116310
ic_r1,105,38,6,47813,147813
ic_r1,105,38,7,63408,163408
ic_r1,105,38,8,59121,159121
ic_r1,105,38,9,91340,191340
ic_r1,105,39,0,5088,105088
ic_r1,105,39,1,25800,125800
ic_r1,105,39,2,23263,123263
ic_r1,105,39,3,51214,151214
ic_r1,105,39,4,18157,118157
ic_r1,105,39,5,6409,106409
ic_r1,105,39,6,28463,128463
ic_r1,105,39,7,42171,142171
ic_r1,105,39,8,15349,115349
ic_r1,105,39,9,67857,167857
ic_r1,106,0,0,93469,193469
ic_r1,106,0,1,48826,148826
ic_r1,106,0,2,66305,166305
ic_r1,106,0,3,82228,182228
ic_r1,106,0,4,739,100739
ic_r1,106,0,5,7667,107667
ic_r1,106,0,6,76963,176963
ic_r1,106,0,7,84999,184999
ic_r1,106,0,8,94287,194287
ic_r1,106,0,9,18677,118677
ic_r1,106,1,0,26782,126782
ic_r1,106,1,1,6827,106827
ic_r1,106,1,2,88962,188962
ic_r1,106,1,3,50852,150852
ic_r1,106,1,4,32635,132635
ic_r1,106,1,5,41961,141961
ic_r1,106,1,6,34678,134678
ic_r1,106,1,7,52875,152875
ic_r1,106,1,8,87016,187016
ic_r1,106,1,9,29199,129199
ic_r1,106,2,0,70498,170498
ic_r1,106,2,1,45847,145847
ic_r1,106,2,2,97050,197050
ic_r1,106,2,3,46023,146023
ic_r1,106,2,4,90445,190445
ic_r1,106,2,5,40354,140354
ic_r1,106,2,6,71502,171502
ic_r1,106,2,7,97149,197149
ic_r1,106,2,8,61003,161003
ic_r1,106,2,9,97434,197434
ic_r1,106,3,0,65642,165642
ic_r1,106,3,1,94202,194202
ic_r1,106,3,2,76637,176637
ic_r1,106,3,3,97150,197150
ic_r1,106,3,4,88773,188773
ic_r1,106,3,5,54439,154439
ic_r1,106,3,6,67256,167256
ic_r1,106,3,7,8161,108161
ic_r1,106,3,8,17954,117954
ic_r1,106,3,9,90731,190731
ic_r1,106,4,0,36182,136182
ic_r1,106,4,1,96516,196516
ic_r1,106,4,2,17814,117814
ic_r1,106,4,3,17217,117217
ic_r1,106,4,4,81714,181714
ic_r1,106,4,5,19556,119556
ic_r1,106,4,6,50755,150755
ic_r1,106,4,7,78715,178715
ic_r1,106,4,8,9902,109902
ic_r1,106,4,9,79916,179916
ic_r1,106,5,0,78095,178095
ic_r1,106,5,1,37024,137024
ic_r1,106,5,2,40845,140845
ic_r1,106,5,3,90922,190922
ic_r1,106,5,4,94290,194290
ic_r1,106,5,5,78651,178651
ic_r1,106,5,6,12725,112725
ic_r1,106,5,7,78677,178677
ic_r1,106,5,8,16985,116985
ic_r1,106,5,9,53513,153513
ic_r1,106,6,0,56525,156525
ic_r1,106,6,1,21826,121826
ic_r1,106,6,2,4933,104933
ic_r1,106,6,3,4090,104090
ic_r1,106,6,4,58421,158421
ic_r1,106,6,5,42942,142942
ic_r1,106,6,6,76297,176297
ic_r1,106,6,7,96570,196570
ic_r1,106,6,8,2864,102864
ic_r1,106,6,9,99353,199353
ic_r1,106,7,0,53081,153081
ic_r1,106,7,1,98499,198499
ic_r1,106,7,2,66847,166847
ic_r1,106,7,3,26949,126949
ic_r1,106,7,4,27189,127189
ic_r1,106,7,5,30416,130416
ic_r1,106,7,6,50704,150704
ic_r1,106,7,7,56155,156155
ic_r1,106,7,8,63739,163739
ic_r1,106,7,9,92608,192608
ic_r1,106,8,0,42658,142658
ic_r1,106,8,1,71884,171884
ic_r1,106,8,2,91692,191692
ic_r1,106,8,3,14409,114409
ic_r1,106,8,4,58824,158824
ic_r1,106,8,5,92424,192424
ic_r1,106,8,6,28718,128718
ic_r1,106,8,7,76593,176593
ic_r1,106,8,8,47890,147890
ic_r1,106,8,9,68285,168285
ic_r1,106,9,0,67099,167099
ic_r1,106,9,1,30953,130953
ic_r1,106,9,2,22217,122217
ic_r1,106,9,3,9798,109798
ic_r1,106,9,4,3504,103504
ic_r1,106,9,5,39478,139478
ic_r1,106,9,6,77444,177444
ic_r1,106,9,7,82102,182102
ic_r1,106,9,8,22995,122995
ic_r1,106,9,9,96307,196307
ic_r1,106,10,0,11506,111506
ic_r1,106,10,1,83384,183384
ic_r1,106,10,2,67476,167476
ic_r1,106,10,3,52337,152337
ic_r1,106,10,4,31617,131617
ic_r1,106,10,5,86414,186414
ic_r1,106,10,6,35669,135669
ic_r1,106,10,7,70749,170749
ic_r1,106,10,8,34425,134425
ic_r1,106,10,9,35098,135098
ic_r1,106,11,0,40540,140540
ic_r1,106,11,1,62777,162777
ic_r1,106,11,2,71766,171766
ic_r1,106,11,3,6693,106693
ic_r1,106,11,4,61680,161680
ic_r1,106,11,5,35364,135364
ic_r1,106,11,6,70056,170056
ic_r1,106,11,7,44946,144946
ic_r1,106,11,8,8128,108128
ic_r1,106,11,9,29482,129482
ic_r1,106,12,0,66365,166365
ic_r1,106,12,1,25074,125074
ic_r1,106,12,2,37488,137488
ic_r1,106,12,3,35445,135445
ic_r1,106,12,4,20776,120776
ic_r1,106,12,5,24914,124914
ic_r1,106,12,6,50794,150794
ic_r1,106,12,7,74365,174365
ic_r1,106,12,8,94247,194247
ic_r1,106,12,9,78887,178887
ic_r1,106,13,0,87200,187200
ic_r1,106,13,1,32048,132048
ic_r1,106,13,2,11736,111736
ic_r1,106,13,3,4587,104587
ic_r1,106,13,4,85858,185858
ic_r1,106,13,5,77493,177493
ic_r1,106,13,6,19006,119006
ic_r1,106,13,7,32470,132470
ic_r1,106,13,8,32242,132242
ic_r1,106,13,9,63229,163229
ic_r1,106,14,0,24795,124795
ic_r1,106,14,1,20582,120582
ic_r1,106,14,2,10894,110894
ic_r1,106,14,3,74172,174172
ic_r1,106,14,4,78235,178235
ic_r1,106,14,5,16661,116661
ic_r1,106,14,6,87361,187361
ic_r1,106,14,7,87456,187456
ic_r1,106,14,8,961,100961
ic_r1,106,14,9,55284,155284
ic_r1,106,15,0,95677,195677
ic_r1,106,15,1,11742,111742
ic_r1,106,15,2,53051,153051
ic_r1,106,15,3,36947,136947
ic_r1,106,15,4,59330,159330
ic_r1,106,15,5,17552,117552
ic_r1,106,15,6,38710,138710
ic_r1,106,15,7,22360,122360
ic_r1,106,15,8,11663,111663
ic_r1,106,15,9,75036,175036
ic_r1,106,16,0,13461,113461
ic_r1,106,16,1,18484,118484
ic_r1,106,16,2,11453,111453
ic_r1,106,16,3,22611,122611
ic_r1,106,16,4,81000,181000
ic_r1,106,16,5,79893,179893
ic_r1,106,16,6,77783,177783
ic_r1,106,16,7,61554,161554
ic_r1,106,16,8,79643,179643
ic_r1,106,16,9,19979,119979
ic_r1,106,17,0,57028,157028
ic_r1,106,17,1,34193,134193
ic_r1,106,17,2,1156,101156
ic_r1,106,17,3,44767,144767
ic_r1,106,17,4,87857,187857
ic_r1,106,17,5,58762,158762
ic_r1,106,17,6,27788,127788
ic_r1,106,17,7,26204,126204
ic_r1,106,17,8,370,100370
ic_r1,106,17,9,4151,104151
ic_r1,106,18,0,2561,102561
ic_r1,106,18,1,22853,122853
ic_r1,106,18,2,94389,194389
ic_r1,106,18,3,99141,199141
ic_r1,106,18,4,74448,174448
ic_r1,106,18,5,10452,110452
ic_r1,106,18,6,55565,155565
ic_r1,106,18,7,89236,189236
ic_r1,106,18,8,68643,168643
ic_r1,106,18,9,84360,184360
ic_r1,106,19,0,76241,176241
ic_r1,106,19,1,58586,158586
ic_r1,106,19,2,45401,145401
ic_r1,106,19,3,42656,142656
ic_r1,106,19,4,49118,149118
ic_r1,106,19,5,2819,102819
ic_r1,106,19,6,72231,172231
ic_r1,106,19,7,20666,120666
ic_r1,106,19,8,32925,132925
ic_r1,106,19,9,9138,109138
ic_r1,106,20,0,30922,130922
ic_r1,106,20,1,63007,163007
ic_r1,106,20,2,33656,133656
ic_r1,106,20,3,12268,112268
ic_r1,106,20,4,53051,153051
ic_r1,106,20,5,50079,150079
ic_r1,106,20,6,15381,115381
ic_r1,106,20,7,53121,153121
ic_r1,106,20,8,43511,143511
ic_r1,106,20,9,21818,121818
ic_r1,106,21,0,34978,134978
ic_r1,106,21,1,16396,116396
ic_r1,106,21,2,91048,191048
ic_r1,106,21,3,98557,198557
ic_r1,106,21,4,86903,186903
ic_r1,106,21,5,81590,181590
ic_r1,106,21,6,61744,161744
ic_r1,106,21,7,31555,131555
ic_r1,106,21,8,71539,171539
ic_r1,106,21,9,54660,154660
ic_r1,106,22,0,10529,110529
ic_r1,106,22,1,72305,172305
ic_r1,106,22,2,66953,166953
ic_r1,106,22,3,5059,105059
ic_r1,106,22,4,46571,146571
ic_r1,106,22,5,63489,163489
ic_r1,106,22,6,10184,110184
ic_r1,106,22,7,51937,151937
ic_r1,106,22,8,44233,144233
ic_r1,106,22,9,24326,124326
ic_r1,106,23,0,70894,170894
ic_r1,106,23,1,49218,149218
ic_r1,106,23,2,99833,199833
ic_r1,106,23,3,13704,113704
ic_r1,106,23,4,19153,119153
ic_r1,106,23,5,12429,112429
ic_r1,106,23,6,28505,128505
ic_r1,106,23,7,68752,168752
ic_r1,106,23,8,63775,163775
ic_r1,106,23,9,44209,144209
ic_r1,106,24,0,95939,195939
ic_r1,106,24,1,79657,179657
ic_r1,106,24,2,41346,141346
ic_r1,106,24,3,6023,106023
ic_r1,106,24,4,95914,195914
ic_r1,106,24,5,60589,160589
ic_r1,106,24,6,35120,135120
ic_r1,106,24,7,50949,150949
ic_r1,106,24,8,39476,139476
ic_r1,106,24,9,48647,148647
ic_r1,106,25,0,93120,193120
ic_r1,106,25,1,67935,167935
ic_r1,106,25,2,93417,193417
ic_r1,106,25,3,78139,178139
ic_r1,106,25,4,88531,188531
ic_r1,106,25,5,43824,143824
ic_r1,106,25,6,34921,134921
ic_r1,106,25,7,27208,127208
ic_r1,106,25,8,29569,129569
ic_r1,106,25,9,70491,170491
ic_r1,106,26,0,63110,163110
ic_r1,106,26,1,60862,160862
ic_r1,106,26,2,38792,138792
ic_r1,106,26,3,57554,157554
ic_r1,106,26,4,8367,108367
ic_r1,106,26,5,47464,147464
ic_r1,106,26,6,94730,194730
ic_r1,106,26,7,74205,174205
ic_r1,106,26,8,73334,173334
ic_r1,106,26,9,99360,199360
ic_r1,106,27,0,97723,197723
ic_r1,106,27,1,43829,143829
ic_r1,106,27,2,24016,124016
ic_r1,106,27,3,17259,117259
ic_r1,106,27,4,24279,124279
ic_r1,106,27,5,95782,195782
ic_r1,106,27,6,63226,163226
ic_r1,106,27,7,53121,153121
ic_r1,106,27,8,28388,128388
ic_r1,106,27,9,95262,195262
ic_r1,106,28,0,28233,128233
ic_r1,106,28,1,91608,191608
ic_r1,106,28,2,49313,149313
ic_r1,106,28,3,1126,101126
ic_r1,106,28,4,97532,197532
ic_r1,106,28,5,79177,179177
ic_r1,106,28,6,41603,141603
ic_r1,106,28,7,65341,165341
ic_r1,106,28,8,57246,157246
ic_r1,106,28,9,47383,147383
ic_r1,106,29,0,1729,101729
ic_r1,106,29,1,24864,124864
ic_r1,106,29,2,75696,175696
ic_r1,106,29,3,97321,197321
ic_r1,106,29,4,16441,116441
ic_r1,106,29,5,78191,178191
ic_r1,106,29,6,62032,162032
ic_r1,106,29,7,95174,195174
ic_r1,106,29,8,9144,109144
ic_r1,106,29,9,95416,195416
ic_r1,106,30,0,32120,132120
ic_r1,106,30,1,94195,194195
ic_r1,106,30,2,52492,152492
ic_r1,106,30,3,42305,142305
ic_r1,106,30,4,52193,152193
ic_r1,106,30,5,68570,168570
ic_r1,106,30,6,95894,195894
ic_r1,106,30,7,24332,124332
ic_r1,106,30,8,5807,105807
ic_r1,106,30,9,83169,183169
ic_r1,106,31,0,65867,165867
ic_r1,106,31,1,8786,108786
ic_r1,106,31,2,66799,166799
ic_r1,106,31,3,91940,191940
ic_r1,106,31,4,42170,142170
ic_r1,106,31,5,7532,107532
ic_r1,106,31,6,22935,122935
ic_r1,106,31,7,14510,114510
ic_r1,106,31,8,49214,149214
ic_r1,106,31,9,34116,134116
ic_r1,106,32,0,86149,186149
ic_r1,106,32,1,82642,182642
ic_r1,106,32,2,76506,176506
ic_r1,106,32,3,19302,119302
ic_r1,106,32,4,75681,175681
ic_r1,106,32,5,10266,110266
ic_r1,106,32,6,35627,135627
ic_r1,106,32,7,95914,195914
ic_r1,106,32,8,22610,122610
ic_r1,106,32,9,3232,103232
ic_r1,106,33,0,41440,141440
ic_r1,106,33,1,90715,190715
ic_r1,106,33,2,37247,137247
ic_r1,106,33,3,20926,120926
ic_r1,106,33,4,66973,166973
ic_r1,106,33,5,23516,123516
ic_r1,106,33,6,72238,172238
ic_r1,106,33,7,24073,124073
ic_r1,106,33,8,50884,150884
ic_r1,106,33,9,82606,182606
ic_r1,106,34,0,40372,140372
ic_r1,106,34,1,84295,184295
ic_r1,106,34,2,59999,159999
ic_r1,106,34,3,38733,138733
ic_r1,106,34,4,4976,104976
ic_r1,106,34,5,44740,144740
ic_r1,106,34,6,22563,122563
ic_r1,106,34,7,11864,111864
ic_r1,106,34,8,72624,172624
ic_r1,106,34,9,43538,143538
ic_r1,106,35,0,37779,137779
ic_r1,106,35,1,99562,199562
ic_r1,106,35,2,85735,185735
ic_r1,106,35,3,98041,198041
ic_r1,106,35,4,43476,143476
ic_r1,106,35,5,29479,129479
ic_r1,106,35,6,58290,158290
ic_r1,106,35,7,82675,182675
ic_r1,106,35,8,21433,121433
ic_r1,106,35,9,40665,140665
ic_r1,106,36,0,59040,159040
ic_r1,106,36,1,45231,145231
ic_r1,106,36,2,65334,165334
ic_r1,106,36,3,10549,110549
ic_r1,106,36,4,27132,127132
ic_r1,106,36,5,17970,117970
ic_r1,106,36,6,51760,151760
ic_r1,106,36,7,20140,120140
ic_r1,106,36,8,94074,194074
ic_r1,106,36,9,80506,180506
ic_r1,106,37,0,70670,170670
ic_r1,106,37,1,57060,157060
ic_r1,106,37,2,57414,157414
ic_r1,106,37,3,63516,163516
ic_r1,106,37,4,53233,153233
ic_r1,106,37,5,57966,157966
ic_r1,106,37,6,89565,189565
ic_r1,106,37,7,14978,114978
ic_r1,106,37,8,11932,111932
ic_r1,106,37,9,30480,130480
ic_r1,106,38,0,76922,176922
ic_r1,106,38,1,24087,124087
ic_r1,106,38,2,44194,144194
ic_r1,106,38,3,8192,108192
ic_r1,106,38,4,7613,107613
ic_r1,106,38,5,37360,137360
ic_r1,106,38,6,51119,151119
ic_r1,106,38,7,25696,125696
ic_r1,106,38,8,68114,168114
ic_r1,106,38,9,44626,144626
ic_r1,106,39,0,66648,166648
ic_r1,106,39,1,6090,106090
ic_r1,106,39,2,94912,194912
ic_r1,106,39,3,32785,132785
ic_r1,106,39,4,54495,154495
ic_r1,106,39,5,93827,193827
ic_r1,106,39,6,52366,152366
ic_r1,106,39,7,32465,132465
ic_r1,106,39,8,55170,155170
ic_r1,106,39,9,12453,112453
ic_r1,107,0,0,48254,148254
ic_r1,107,0,1,94535,194535
ic_r1,107,0,2,31135,131135
ic_r1,107,0,3,99822,199822
ic_r1,107,0,4,19775,119775
ic_r1,107,0,5,47639,147639
ic_r1,107,0,6,34911,134911
ic_r1,107,0,7,31102,131102
ic_r1,107,0,8,89802,189802
ic_r1,107,0,9,34793,134793
ic_r1,107,1,0,67618,167618
ic_r1,107,1,1,83696,183696
ic_r1,107,1,2,2130,102130
ic_r1,107,1,3,40979,140979
ic_r1,107,1,4,66161,166161
ic_r1,107,1,5,69461,169461
ic_r1,107,1,6,86641,186641
ic_r1,107,1,7,179,100179
ic_r1,107,1,8,30940,130940
ic_r1,107,1,9,65527,165527
ic_r1,107,2,0,10411,110411
ic_r1,107,2,1,38877,138877
ic_r1,107,2,2,77139,177139
ic_r1,107,2,3,98987,198987
ic_r1,107,2,4,5370,105370
ic_r1,107,2,5,1559,101559
ic_r1,107,2,6,99741,199741
ic_r1,107,2,7,89080,189080
ic_r1,107,2,8,87033,187033
ic_r1,107,2,9,58311,158311
ic_r1,107,3,0,91902,191902
ic_r1,107,3,1,35549,135549
ic_r1,107,3,2,63454,163454
ic_r1,107,3,3,52448,152448
ic_r1,107,3,4,83980,183980
ic_r1,107,3,5,66240,166240
ic_r1,107,3,6,16233,116233
ic_r1,107,3,7,35584,135584
ic_r1,107,3,8,64248,164248
ic_r1,107,3,9,56281,156281
ic_r1,107,4,0,71647,171647
ic_r1,107,4,1,67244,167244
ic_r1,107,4,2,37718,137718
ic_r1,107,4,3,57592,157592
ic_r1,107,4,4,58858,158858
ic_r1,107,4,5,29113,129113
ic_r1,107,4,6,51181,151181
ic_r1,107,4,7,2468,102468
ic_r1,107,4,8,7306,107306
ic_r1,107,4,9,26050,126050
ic_r1,107,5,0,17226,117226
ic_r1,107,5,1,48109,148109
ic_r1,107,5,2,86904,186904
ic_r1,107,5,3,98348,198348
ic_r1,107,5,4,8962,108962
ic_r1,107,5,5,30013,130013
ic_r1,107,5,6,25089,125089
ic_r1,107,5,7,65083,165083
ic_r1,107,5,8,18500,118500
ic_r1,107,5,9,81494,181494
ic_r1,107,6,0,92608,192608
ic_r1,107,6,1,18587,118587
ic_r1,107,6,2,95879,195879
ic_r1,107,6,3,74423,174423
ic_r1,107,6,4,43283,143283
ic_r1,107,6,5,84926,184926
ic_r1,107,6,6,85783,185783
ic_r1,107,6,7,27655,127655
ic_r1,107,6,8,40172,140172
ic_r1,107,6,9,56037,156037
ic_r1,107,7,0,85232,185232
ic_r1,107,7,1,23124,123124
ic_r1,107,7,2,71353,171353
ic_r1,107,7,3,81520,181520
ic_r1,107,7,4,21143,121143
ic_r1,107,7,5,85677,185677
ic_r1,107,7,6,28902,128902
ic_r1,107,7,7,25018,125018
ic_r1,107,7,8,96068,196068
ic_r1,107,7,9,10012,110012
ic_r1,107,8,0,37754,137754
ic_r1,107,8,1,21396,121396
ic_r1,107,8,2,74510,174510
ic_r1,107,8,3,88083,188083
ic_r1,107,8,4,62828,162828
ic_r1,107,8,5,5848,105848
ic_r1,107,8,6,16835,116835
ic_r1,107,8,7,22714,122714
ic_r1,107,8,8,58930,158930
ic_r1,107,8,9,68724,168724
ic_r1,107,9,0,68703,168703
ic_r1,107,9,1,25192,125192
ic_r1,107,9,2,4050,104050
ic_r1,107,9,3,88854,188854
ic_r1,107,9,4,26512,126512
ic_r1,107,9,5,14745,114745
ic_r1,107,9,6,38749,138749
ic_r1,107,9,7,82358,182358
ic_r1,107,9,8,75233,175233
ic_r1,107,9,9,50008,150008
ic_r1,107,10,0,92314,192314
ic_r1,107,10,1,52303,152303
ic_r1,107,10,2,90340,190340
ic_r1,107,10,3,34588,134588
ic_r1,107,10,4,3659,103659
ic_r1,107,10,5,32322,132322
ic_r1,107,10,6,56535,156535
ic_r1,107,10,7,54870,154870
ic_r1,107,10,8,42288,142288
ic_r1,107,10,9,81621,181621
ic_r1,107,11,0,61645,161645
ic_r1,107,11,1,93686,193686
ic_r1,107,11,2,27274,127274
ic_r1,107,11,3,87125,187125
ic_r1,107,11,4,55583,155583
ic_r1,107,11,5,901,100901
ic_r1,107,11,6,98924,198924
ic_r1,107,11,7,29089,129089
ic_r1,107,11,8,60804,160804
ic_r1,107,11,9,89565,189565
ic_r1,107,12,0,73655,173655
ic_r1,107,12,1,4646,104646
ic_r1,107,12,2,73098,173098
ic_r1,107,12,3,57603,157603
ic_r1,107,12,4,64940,164940
ic_r1,107,12,5,5474,105474
ic_r1,107,12,6,73859,173859
ic_r1,107,12,7,51287,151287
ic_r1,107,12,8,75193,175193
ic_r1,107,12,9,27493,127493
ic_r1,107,13,0,82343,182343
ic_r1,107,13,1,66672,166672
ic_r1,107,13,2,62311,162311
ic_r1,107,13,3,15584,115584
ic_r1,107,13,4,97958,197958
ic_r1,107,13,5,7332,107332
ic_r1,107,13,6,28515,128515
ic_r1,107,13,7,36311,136311
ic_r1,107,13,8,32064,132064
ic_r1,107,13,9,80570,180570
ic_r1,107,14,0,63659,163659
ic_r1,107,14,1,62583,162583
ic_r1,107,14,2,56425,156425
ic_r1,107,14,3,35439,135439
ic_r1,107,14,4,17962,117962
ic_r1,107,14,5,60448,160448
ic_r1,107,14,6,69375,169375
ic_r1,107,14,7,53838,153838
ic_r1,107,14,8,29447,129447
ic_r1,107,14,9,64152,164152
ic_r1,107,15,0,91430,191430
ic_r1,107,15,1,28342,128342
ic_r1,107,15,2,40192,140192
ic_r1,107,15,3,97486,197486
ic_r1,107,15,4,82841,182841
ic_r1,107,15,5,48610,148610
ic_r1,107,15,6,24877,124877
ic_r1,107,15,7,92193,192193
ic_r1,107,15,8,14963,114963
ic_r1,107,15,9,77197,177197
ic_r1,107,16,0,34464,134464
ic_r1,107,16,1,13885,113885
ic_r1,107,16,2,25810,125810
ic_r1,107,16,3,16719,116719
ic_r1,107,16,4,27966,127966
ic_r1,107,16,5,96598,196598
ic_r1,107,16,6,5383,105383
ic_r1,107,16,7,2108,102108
ic_r1,107,16,8,58502,158502
ic_r1,107,16,9,62471,162471
ic_r1,107,17,0,23254,123254
ic_r1,107,17,1,71256,171256
ic_r1,107,17,2,83306,183306
ic_r1,107,17,3,27023,127023
ic_r1,107,17,4,39137,139137
ic_r1,107,17,5,38314,138314
ic_r1,107,17,6,70504,170504
ic_r1,107,17,7,98913,198913
ic_r1,107,17,8,34029,134029
ic_r1,107,17,9,56696,156696
ic_r1,107,18,0,87358,187358
ic_r1,107,18,1,64083,164083
ic_r1,107,18,2,33865,133865
ic_r1,107,18,3,37549,137549
ic_r1,107,18,4,55177,155177
ic_r1,107,18,5,81790,181790
ic_r1,107,18,6,58582,158582
ic_r1,107,18,7,36659,136659
ic_r1,107,18,8,33149,133149
ic_r1,107,18,9,27295,127295
ic_r1,107,19,0,77758,177758
ic_r1,107,19,1,3953,103953
ic_r1,107,19,2,12318,112318
ic_r1,107,19,3,37785,137785
ic_r1,107,19,4,72195,172195
ic_r1,107,19,5,57731,157731
ic_r1,107,19,6,53766,153766
ic_r1,107,19,7,48983,148983
ic_r1,107,19,8,48378,148378
ic_r1,107,19,9,32355,132355
ic_r1,107,20,0,8587,108587
ic_r1,107,20,1,68320,168320
ic_r1,107,20,2,80582,180582
ic_r1,107,20,3,2175,102175
ic_r1,107,20,4,83307,183307
ic_r1,107,20,5,2507,102507
ic_r1,107,20,6,61625,161625
ic_r1,107,20,7,99897,199897
ic_r1,107,20,8,58832,158832
ic_r1,107,20,9,70892,170892
ic_r1,107,21,0,15661,115661
ic_r1,107,21,1,97056,197056
ic_r1,107,21,2,32546,132546
ic_r1,107,21,3,48462,148462
ic_r1,107,21,4,95725,195725
ic_r1,107,21,5,50193,150193
ic_r1,107,21,6,98542,198542
ic_r1,107,21,7,42832,142832
ic_r1,107,21,8,97457,197457
ic_r1,107,21,9,51936,151936
ic_r1,107,22,0,29805,129805
ic_r1,107,22,1,71194,171194
ic_r1,107,22,2,63247,163247
ic_r1,107,22,3,63671,163671
ic_r1,107,22,4,26239,126239
ic_r1,107,22,5,51196,151196
ic_r1,107,22,6,75162,175162
ic_r1,107,22,7,60347,160347
ic_r1,107,22,8,33818,133818
ic_r1,107,22,9,63864,163864
ic_r1,107,23,0,4702,104702
ic_r1,107,23,1,97599,197599
ic_r1,107,23,2,87819,187819
ic_r1,107,23,3,45683,145683
ic_r1,107,23,4,52810,152810
ic_r1,107,23,5,90082,190082
ic_r1,107,23,6,96440,196440
ic_r1,107,23,7,53693,153693
ic_r1,107,23,8,95702,195702
ic_r1,107,23,9,66406,166406
ic_r1,107,24,0,98113,198113
ic_r1,107,24,1,58952,158952
ic_r1,107,24,2,78291,178291
ic_r1,107,24,3,37045,137045
ic_r1,107,24,4,87728,187728
ic_r1,107,24,5,93256,193256
ic_r1,107,24,6,46179,146179
ic_r1,107,24,7,78771,178771
ic_r1,107,24,8,4685,104685
ic_r1,107,24,9,6666,106666
ic_r1,107,25,0,2189,102189
ic_r1,107,25,1,3213,103213
ic_r1,107,25,2,24590,124590
ic_r1,107,25,3,10190,110190
ic_r1,107,25,4,75572,175572
ic_r1,107,25,5,71163,171163
ic_r1,107,25,6,94890,194890
ic_r1,107,25,7,77648,177648
ic_r1,107,25,8,63695,163695
ic_r1,107,25,9,65786,165786
ic_r1,107,26,0,77849,177849
ic_r1,107,26,1,25912,125912
ic_r1,107,26,2,71480,171480
ic_r1,107,26,3,48358,148358
ic_r1,107,26,4,99723,199723
ic_r1,107,26,5,20125,120125
ic_r1,107,26,6,42818,142818
ic_r1,107,26,7,60904,160904
ic_r1,107,26,8,73790,173790
ic_r1,107,26,9,30011,130011
ic_r1,107,27,0,63626,163626
ic_r1,107,27,1,89415,189415
ic_r1,107,27,2,41944,141944
ic_r1,107,27,3,86453,186453
ic_r1,107,27,4,89459,189459
ic_r1,107,27,5,50261,150261
ic_r1,107,27,6,61322,161322
ic_r1,107,27,7,35456,135456
ic_r1,107,27,8,17304,117304
ic_r1,107,27,9,73953,173953
ic_r1,107,28,0,47697,147697
ic_r1,107,28,1,28785,128785
ic_r1,107,28,2,68351,168351
ic_r1,107,28,3,55116,155116
ic_r1,107,28,4,66041,166041
ic_r1,107,28,5,81319,181319
ic_r1,107,28,6,65077,165077
ic_r1,107,28,7,51557,151557
ic_r1,107,28,8,28869,128869
ic_r1,107,28,9,5567,105567
ic_r1,107,29,0,53261,153261
ic_r1,107,29,1,43563,143563
ic_r1,107,29,2,60480,160480
ic_r1,107,29,3,48671,148671
ic_r1,107,29,4,89550,189550
ic_r1,107,29,5,54533,154533
ic_r1,107,29,6,23806,123806
ic_r1,107,29,7,63144,163144
ic_r1,107,29,8,85136,185136
ic_r1,107,29,9,81891,181891
ic_r1,107,30,0,29825,129825
ic_r1,107,30,1,42711,142711
ic_r1,107,30,2,96236,196236
ic_r1,107,30,3,41656,141656
ic_r1,107,30,4,96846,196846
ic_r1,107,30,5,57319,157319
ic_r1,107,30,6,53434,153434
ic_r1,107,30,7,48937,148937
ic_r1,107,30,8,84950,184950
ic_r1,107,30,9,83643,183643
ic_r1,107,31,0,61120,161120
ic_r1,107,31,1,30162,130162
ic_r1,107,31,2,64294,164294
ic_r1,107,31,3,60188,160188
ic_r1,107,31,4,85550,185550
ic_r1,107,31,5,70857,170857
ic_r1,107,31,6,95204,195204
ic_r1,107,31,7,44500,144500
ic_r1,107,31,8,41460,141460
ic_r1,107,31,9,59755,159755
ic_r1,107,32,0,66019,166019
ic_r1,107,32,1,32429,132429
ic_r1,107,32,2,39680,139680
ic_r1,107,32,3,36672,136672
ic_r1,107,32,4,82052,182052
ic_r1,107,32,5,23945,123945
ic_r1,107,32,6,16400,116400
ic_r1,107,32,7,83656,183656
ic_r1,107,32,8,82150,182150
ic_r1,107,32,9,77006,177006
ic_r1,107,33,0,21989,121989
ic_r1,107,33,1,49075,149075
ic_r1,107,33,2,67261,167261
ic_r1,107,33,3,80433,180433
ic_r1,107,33,4,27295,127295
ic_r1,107,33,5,43058,143058
ic_r1,107,33,6,46535,146535
ic_r1,107,33,7,22378,122378
ic_r1,107,33,8,54023,154023
ic_r1,107,33,9,34499,134499
ic_r1,107,34,0,98546,198546
ic_r1,107,34,1,80731,180731
ic_r1,107,34,2,81815,181815
ic_r1,107,34,3,18571,118571
ic_r1,107,34,4,41104,141104
ic_r1,107,34,5,21313,121313
ic_r1,107,34,6,22138,122138
ic_r1,107,34,7,37432,137432
ic_r1,107,34,8,47232,147232
ic_r1,107,34,9,52932,152932
ic_r1,107,35,0,22179,122179
ic_r1,107,35,1,91520,191520
ic_r1,107,35,2,57903,157903
ic_r1,107,35,3,13253,113253
ic_r1,107,35,4,12805,112805
ic_r1,107,35,5,36961,136961
ic_r1,107,35,6,24320,124320
ic_r1,107,35,7,43375,143375
ic_r1,107,35,8,51358,151358
ic_r1,107,35,9,53874,153874
ic_r1,107,36,0,10727,110727
ic_r1,107,36,1,54138,154138
ic_r1,107,36,2,65587,165587
ic_r1,107,36,3,10347,110347
ic_r1,107,36,4,72566,172566
ic_r1,107,36,5,46783,146783
ic_r1,107,36,6,80640,180640
ic_r1,107,36,7,13526,113526
ic_r1,107,36,8,37957,137957
ic_r1,107,36,9,66432,166432
ic_r1,107,37,0,55998,155998
ic_r1,107,37,1,80454,180454
ic_r1,107,37,2,41894,141894
ic_r1,107,37,3,42255,142255
ic_r1,107,37,4,63271,163271
ic_r1,107,37,5,90151,190151
ic_r1,107,37,6,77777,177777
ic_r1,107,37,7,21116,121116
ic_r1,107,37,8,80893,180893
ic_r1,107,37,9,63124,163124
ic_r1,107,38,0,58001,158001
ic_r1,107,38,1,62721,162721
ic_r1,107,38,2,9482,109482
ic_r1,107,38,3,87810,187810
ic_r1,107,38,4,56906,156906
ic_r1,107,38,5,70668,170668
ic_r1,107,38,6,3589,103589
ic_r1,107,38,7,22920,122920
ic_r1,107,38,8,66699,166699
ic_r1,107,38,9,59572,159572
ic_r1,107,39,0,19320,119320
ic_r1,107,39,1,63510,163510
ic_r1,107,39,2,10755,110755
ic_r1,107,39,3,41655,141655
ic_r1,107,39,4,97064,197064
ic_r1,107,39,5,51752,151752
ic_r1,107,39,6,58781,158781
ic_r1,107,39,7,8528,108528
ic_r1,107,39,8,24428,124428
ic_r1,107,39,9,2174,102174
ic_r1,108,0,0,41412,141412
ic_r1,108,0,1,10286,110286
ic_r1,108,0,2,66543,166543
ic_r1,108,0,3,2621,102621
ic_r1,108,0,4,43361,143361
ic_r1,108,0,5,65054,165054
ic_r1,108,0,6,25878,125878
ic_r1,108,0,7,77761,177761
ic_r1,108,0,8,68269,168269
ic_r1,108,0,9,47211,147211
ic_r1,108,1,0,31650,131650
ic_r1,108,1,1,34669,134669
ic_r1,108,1,2,85205,185205
ic_r1,108,1,3,76146,176146
ic_r1,108,1,4,8646,108646
ic_r1,108,1,5,63190,163190
ic_r1,108,1,6,11084,111084
ic_r1,108,1,7,84335,184335
ic_r1,108,1,8,26246,126246
ic_r1,108,1,9,13716,113716
ic_r1,108,2,0,65871,165871
ic_r1,108,2,1,4927,104927
ic_r1,108,2,2,40883,140883
ic_r1,108,2,3,33103,133103
ic_r1,108,2,4,99814,199814
ic_r1,108,2,5,36588,136588
ic_r1,108,2,6,9455,109455
ic_r1,108,2,7,18946,118946
ic_r1,108,2,8,58366,158366
ic_r1,108,2,9,78510,178510
ic_r1,108,3,0,2742,102742
ic_r1,108,3,1,61779,161779
ic_r1,108,3,2,13961,113961
ic_r1,108,3,3,41650,141650
ic_r1,108,3,4,22257,122257
ic_r1,108,3,5,18378,118378
ic_r1,108,3,6,22344,122344
ic_r1,108,3,7,54195,154195
ic_r1,108,3,8,37185,137185
ic_r1,108,3,9,87150,187150
ic_r1,108,4,0,26558,126558
ic_r1,108,4,1,38736,138736
ic_r1,108,4,2,72130,172130
ic_r1,108,4,3,10173,110173
ic_r1,108,4,4,43042,143042
ic_r1,108,4,5,59274,159274
ic_r1,108,4,6,61325,161325
ic_r1,108,4,7,99805,199805
ic_r1,108,4,8,67542,167542
ic_r1,108,4,9,88326,188326
ic_r1,108,5,0,98819,198819
ic_r1,108,5,1,98447,198447
ic_r1,108,5,2,12458,112458
ic_r1,108,5,3,45586,145586
ic_r1,108,5,4,31689,131689
ic_r1,108,5,5,61641,161641
ic_r1,108,5,6,70564,170564
ic_r1,108,5,7,67688,167688
ic_r1,108,5,8,94263,194263
ic_r1,108,5,9,50196,150196
ic_r1,108,6,0,5153,105153
ic_r1,108,6,1,45636,145636
ic_r1,108,6,2,68288,168288
ic_r1,108,6,3,25390,125390
ic_r1,108,6,4,97734,197734
ic_r1,108,6,5,35487,135487
ic_r1,108,6,6,61066,161066
ic_r1,108,6,7,93196,193196
ic_r1,108,6,8,75489,175489
ic_r1,108,6,9,85326,185326
ic_r1,108,7,0,84043,184043
ic_r1,108,7,1,37799,137799
ic_r1,108,7,2,11610,111610
ic_r1,108,7,3,34480,134480
ic_r1,108,7,4,92766,192766
ic_r1,108,7,5,80281,180281
ic_r1,108,7,6,87358,187358
ic_r1,108,7,7,13983,113983
ic_r1,108,7,8,1101,101101
ic_r1,108,7,9,57539,157539
ic_r1,108,8,0,45511,145511
ic_r1,108,8,1,74727,174727
ic_r1,108,8,2,20795,120795
ic_r1,108,8,3,10206,110206
ic_r1,108,8,4,77441,177441
ic_r1,108,8,5,21859,121859
ic_r1,108,8,6,85950,185950
ic_r1,108,8,7,45134,145134
ic_r1,108,8,8,86148,186148
ic_r1,108,8,9,9623,109623
ic_r1,108,9,0,22919,122919
ic_r1,108,9,1,98670,198670
ic_r1,108,9,2,45544,145544
ic_r1,108,9,3,20866,120866
ic_r1,108,9,4,35008,135008
ic_r1,108,9,5,70446,170446
ic_r1,108,9,6,88060,188060
ic_r1,108,9,7,19163,119163
ic_r1,108,9,8,29705,129705
ic_r1,108,9,9,18792,118792
ic_r1,108,10,0,51667,151667
ic_r1,108,10,1,175,100175
ic_r1,108,10,2,8358,108358
ic_r1,108,10,3,43648,143648
ic_r1,108,10,4,33131,133131
ic_r1,108,10,5,41603,141603
ic_r1,108,10,6,42484,142484
ic_r1,108,10,7,83760,183760
ic_r1,108,10,8,85890,185890
ic_r1,108,10,9,2548,102548
ic_r1,108,11,0,44706,144706
ic_r1,108,11,1,15513,115513
ic_r1,108,11,2,72309,172309
ic_r1,108,11,3,99940,199940
ic_r1,108,11,4,8318,108318
ic_r1,108,11,5,82787,182787
ic_r1,108,11,6,27531,127531
ic_r1,108,11,7,27905,127905
ic_r1,108,11,8,91460,191460
ic_r1,108,11,9,8444,108444
ic_r1,108,12,0,69232,169232
ic_r1,108,12,1,42305,142305
ic_r1,108,12,2,64027,164027
ic_r1,108,12,3,42789,142789
ic_r1,108,12,4,6641,106641
ic_r1,108,12,5,33508,133508
ic_r1,108,12,6,35266,135266
ic_r1,108,12,7,82000,182000
ic_r1,108,12,8,48732,148732
ic_r1,108,12,9,49410,149410
ic_r1,108,13,0,46159,146159
ic_r1,108,13,1,98778,198778
ic_r1,108,13,2,45690,145690
ic_r1,108,13,3,63882,163882
ic_r1,108,13,4,91860,191860
ic_r1,108,13,5,62425,162425
ic_r1,108,13,6,38702,138702
ic_r1,108,13,7,96697,196697
ic_r1,108,13,8,28607,128607
ic_r1,108,13,9,24953,124953
ic_r1,108,14,0,53129,153129
ic_r1,108,14,1,23029,123029
ic_r1,108,14,2,35266,135266
ic_r1,108,14,3,1471,101471
ic_r1,108,14,4,46253,146253
ic_r1,108,14,5,33288,133288
ic_r1,108,14,6,56857,156857
ic_r1,108,14,7,4064,104064
ic_r1,108,14,8,30644,130644
ic_r1,108,14,9,73323,173323
ic_r1,108,15,0,65097,165097
ic_r1,108,15,1,56647,156647
ic_r1,108,15,2,42561,142561
ic_r1,108,15,3,58896,158896
ic_r1,108,15,4,62833,162833
ic_r1,108,15,5,50485,150485
ic_r1,108,15,6,52048,152048
ic_r1,108,15,7,11941,111941
ic_r1,108,15,8,85680,185680
ic_r1,108,15,9,67170,167170
ic_r1,108,16,0,66671,166671
ic_r1,108,16,1,14526,114526
ic_r1,108,16,2,123,100123
ic_r1,108,16,3,37724,137724
ic_r1,108,16,4,14668,114668
ic_r1,108,16,5,90784,190784
ic_r1,108,16,6,9449,109449
ic_r1,108,16,7,80039,180039
ic_r1,108,16,8,38338,138338
ic_r1,108,16,9,31850,131850
ic_r1,108,17,0,99353,199353
ic_r1,108,17,1,11790,111790
ic_r1,108,17,2,31470,131470
ic_r1,108,17,3,71917,171917
ic_r1,108,17,4,98784,198784
ic_r1,108,17,5,94585,194585
ic_r1,108,17,6,97917,197917
ic_r1,108,17,7,91926,191926
ic_r1,108,17,8,68549,168549
ic_r1,108,17,9,90331,190331
ic_r1,108,18,0,1810,101810
ic_r1,108,18,1,71607,171607
ic_r1,108,18,2,12838,112838
ic_r1,108,18,3,82362,182362
ic_r1,108,18,4,29422,129422
ic_r1,108,18,5,53934,153934
ic_r1,108,18,6,90086,190086
ic_r1,108,18,7,49923,149923
ic_r1,108,18,8,84188,184188
ic_r1,108,18,9,512,100512
ic_r1,108,19,0,9534,109534
ic_r1,108,19,1,91306,191306
ic_r1,108,19,2,12763,112763
ic_r1,108,19,3,22958,122958
ic_r1,108,19,4,74094,174094
ic_r1,108,19,5,93070,193070
ic_r1,108,19,6,3305,103305
ic_r1,108,19,7,62464,162464
ic_r1,108,19,8,52205,152205
ic_r1,108,19,9,57324,157324
ic_r1,108,20,0,809,100809
ic_r1,108,20,1,17494,117494
ic_r1,108,20,2,93224,193224
ic_r1,108,20,3,41928,141928
ic_r1,108,20,4,52497,152497
ic_r1,108,20,5,33706,133706
ic_r1,108,20,6,42241,142241
ic_r1,108,20,7,68434,168434
ic_r1,108,20,8,11707,111707
ic_r1,108,20,9,44055,144055
ic_r1,108,21,0,22327,122327
ic_r1,108,21,1,6742,106742
ic_r1,108,21,2,57288,157288
ic_r1,108,21,3,64915,164915
ic_r1,108,21,4,10216,110216
ic_r1,108,21,5,1321,101321
ic_r1,108,21,6,72094,172094
ic_r1,108,21,7,74632,174632
ic_r1,108,21,8,85508,185508
ic_r1,108,21,9,72869,172869
ic_r1,108,22,0,67174,167174
ic_r1,108,22,1,575,100575
ic_r1,108,22,2,33751,133751
ic_r1,108,22,3,67922,167922
ic_r1,108,22,4,61153,161153
ic_r1,108,22,5,42831,142831
ic_r1,108,22,6,42686,142686
ic_r1,108,22,7,52211,152211
ic_r1,108,22,8,49763,149763
ic_r1,108,22,9,26478,126478
ic_r1,108,23,0,61642,161642
ic_r1,108,23,1,18254,118254
ic_r1,108,23,2,92082,192082
ic_r1,108,23,3,45956,145956
ic_r1,108,23,4,11630,111630
ic_r1,108,23,5,34235,134235
ic_r1,108,23,6,97091,197091
ic_r1,108,23,7,79035,179035
ic_r1,108,23,8,15322,115322
ic_r1,108,23,9,57779,157779
ic_r1,108,24,0,73894,173894
ic_r1,108,24,1,11205,111205
ic_r1,108,24,2,98996,198996
ic_r1,108,24,3,79296,179296
ic_r1,108,24,4,93904,193904
ic_r1,108,24,5,60644,160644
ic_r1,108,24,6,73641,173641
ic_r1,108,24,7,40819,140819
ic_r1,108,24,8,47828,147828
ic_r1,108,24,9,73571,173571
ic_r1,108,25,0,73405,173405
ic_r1,108,25,1,75157,175157
ic_r1,108,25,2,42484,142484
ic_r1,108,25,3,71854,171854
ic_r1,108,25,4,54159,154159
ic_r1,108,25,5,15836,115836
ic_r1,108,25,6,2317,102317
ic_r1,108,25,7,93202,193202
ic_r1,108,25,8,45537,145537
ic_r1,108,25,9,26664,126664
ic_r1,108,26,0,42998,142998
ic_r1,108,26,1,29003,129003
ic_r1,108,26,2,48252,148252
ic_r1,108,26,3,90775,190775
ic_r1,108,26,4,78277,178277
ic_r1,108,26,5,17694,117694
ic_r1,108,26,6,87504,187504
ic_r1,108,26,7,42849,142849
ic_r1,108,26,8,56695,156695
ic_r1,108,26,9,88006,188006
ic_r1,108,27,0,44930,144930
ic_r1,108,27,1,92899,192899
ic_r1,108,27,2,49801,149801
ic_r1,108,27,3,66605,166605
ic_r1,108,27,4,30036,130036
ic_r1,108,27,5,11721,111721
ic_r1,108,27,6,12441,112441
ic_r1,108,27,7,8833,108833
ic_r1,108,27,8,31079,131079
ic_r1,108,27,9,6230,106230
ic_r1,108,28,0,3350,103350
ic_r1,108,28,1,61909,161909
ic_r1,108,28,2,51330,151330
ic_r1,108,28,3,2664,102664
ic_r1,108,28,4,59891,159891
ic_r1,108,28,5,32317,132317
ic_r1,108,28,6,95243,195243
ic_r1,108,28,7,15454,115454
ic_r1,108,28,8,3859,103859
ic_r1,108,28,9,78892,178892
ic_r1,108,29,0,95624,195624
ic_r1,108,29,1,48726,148726
ic_r1,108,29,2,35811,135811
ic_r1,108,29,3,92441,192441
ic_r1,108,29,4,43875,143875
ic_r1,108,29,5,25739,125739
ic_r1,108,29,6,76967,176967
ic_r1,108,29,7,96509,196509
ic_r1,108,29,8,49807,149807
ic_r1,108,29,9,47814,147814
ic_r1,108,30,0,26136,126136
ic_r1,108,30,1,66407,166407
ic_r1,108,30,2,6920,106920
ic_r1,108,30,3,18979,118979
ic_r1,108,30,4,26009,126009
ic_r1,108,30,5,24997,124997
ic_r1,108,30,6,27912,127912
ic_r1,108,30,7,12567,112567
ic_r1,108,30,8,81853,181853
ic_r1,108,30,9,84642,184642
ic_r1,108,31,0,53080,153080
ic_r1,108,31,1,31403,131403
ic_r1,108,31,2,32060,132060
ic_r1,108,31,3,78338,178338
ic_r1,108,31,4,1135,101135
ic_r1,108,31,5,88982,188982
ic_r1,108,31,6,19825,119825
ic_r1,108,31,7,2644,102644
ic_r1,108,31,8,76911,176911
ic_r1,108,31,9,56155,156155
ic_r1,108,32,0,2595,102595
ic_r1,108,32,1,67226,167226
ic_r1,108,32,2,83137,183137
ic_r1,108,32,3,51917,151917
ic_r1,108,32,4,89124,189124
ic_r1,108,32,5,17703,117703
ic_r1,108,32,6,3801,103801
ic_r1,108,32,7,26968,126968
ic_r1,108,32,8,15990,115990
ic_r1,108,32,9,88527,188527
ic_r1,108,33,0,49622,149622
ic_r1,108,33,1,67069,167069
ic_r1,108,33,2,15276,115276
ic_r1,108,33,3,10572,110572
ic_r1,108,33,4,91860,191860
ic_r1,108,33,5,78919,178919
ic_r1,108,33,6,78029,178029
ic_r1,108,33,7,27708,127708
ic_r1,108,33,8,87588,187588
ic_r1,108,33,9,66361,166361
ic_r1,108,34,0,73482,173482
ic_r1,108,34,1,36293,136293
ic_r1,108,34,2,73609,173609
ic_r1,108,34,3,7096,107096
ic_r1,108,34,4,89221,189221
ic_r1,108,34,5,1054,101054
ic_r1,108,34,6,97119,197119
ic_r1,108,34,7,66940,166940
ic_r1,108,34,8,42682,142682
ic_r1,108,34,9,23711,123711
ic_r1,108,35,0,67367,167367
ic_r1,108,35,1,83819,183819
ic_r1,108,35,2,64505,164505
ic_r1,108,35,3,72417,172417
ic_r1,108,35,4,32010,132010
ic_r1,108,35,5,90508,190508
ic_r1,108,35,6,98418,198418
ic_r1,108,35,7,50912,150912
ic_r1,108,35,8,83546,183546
ic_r1,108,35,9,96305,196305
ic_r1,108,36,0,77561,177561
ic_r1,108,36,1,93848,193848
ic_r1,108,36,2,90972,190972
ic_r1,108,36,3,86911,186911
ic_r1,108,36,4,74414,174414
ic_r1,108,36,5,56798,156798
ic_r1,108,36,6,32387,132387
ic_r1,108,36,7,83719,183719
ic_r1,108,36,8,26525,126525
ic_r1,108,36,9,21029,121029
ic_r1,108,37,0,74755,174755
ic_r1,108,37,1,29973,129973
ic_r1,108,37,2,27958,127958
ic_r1,108,37,3,40996,140996
ic_r1,108,37,4,35750,135750
ic_r1,108,37,5,33349,133349
ic_r1,108,37,6,75767,175767
ic_r1,108,37,7,44167,144167
ic_r1,108,37,8,79813,179813
ic_r1,108,37,9,15235,115235
ic_r1,108,38,0,25805,125805
ic_r1,108,38,1,2432,102432
ic_r1,108,38,2,17056,117056
ic_r1,108,38,3,50736,150736
ic_r1,108,38,4,61940,161940
ic_r1,108,38,5,76822,176822
ic_r1,108,38,6,80440,180440
ic_r1,108,38,7,77312,177312
ic_r1,108,38,8,59015,159015
ic_r1,108,38,9,13360,113360
ic_r1,108,39,0,53341,153341
ic_r1,108,39,1,28747,128747
ic_r1,108,39,2,64080,164080
ic_r1,108,39,3,64102,164102
ic_r1,108,39,4,62123,162123
ic_r1,108,39,5,71323,171323
ic_r1,108,39,6,80574,180574
ic_r1,108,39,7,85057,185057
ic_r1,108,39,8,742,100742
ic_r1,108,39,9,19844,119844
ic_r1,109,0,0,42478,142478
ic_r1,109,0,1,8064,108064
ic_r1,109,0,2,94905,194905
ic_r1,109,0,3,48946,148946
ic_r1,109,0,4,56257,156257
ic_r1,109,0,5,11943,111943
ic_r1,109,0,6,53899,153899
ic_r1,109,0,7,37435,137435
ic_r1,109,0,8,81878,181878
ic_r1,109,0,9,87237,187237
ic_r1,109,1,0,14953,114953
ic_r1,109,1,1,33302,133302
ic_r1,109,1,2,53093,153093
ic_r1,109,1,3,13045,113045
ic_r1,109,1,4,98605,198605
ic_r1,109,1,5,67890,167890
ic_r1,109,1,6,96214,196214
ic_r1,109,1,7,53634,153634
ic_r1,109,1,8,1100,101100
ic_r1,109,1,9,62308,162308
ic_r1,109,2,0,90781,190781
ic_r1,109,2,1,33382,133382
ic_r1,109,2,2,19123,119123
ic_r1,109,2,3,80531,180531
ic_r1,109,2,4,74604,174604
ic_r1,109,2,5,88136,188136
ic_r1,109,2,6,68274,168274
ic_r1,109,2,7,91573,191573
ic_r1,109,2,8,19462,119462
ic_r1,109,2,9,34647,134647
ic_r1,109,3,0,62130,162130
ic_r1,109,3,1,41516,141516
ic_r1,109,3,2,2164,102164
ic_r1,109,3,3,67881,167881
ic_r1,109,3,4,22626,122626
ic_r1,109,3,5,69077,169077
ic_r1,109,3,6,94838,194838
ic_r1,109,3,7,8450,108450
ic_r1,109,3,8,37460,137460
ic_r1,109,3,9,81085,181085
ic_r1,109,4,0,80562,180562
ic_r1,109,4,1,68933,168933
ic_r1,109,4,2,9838,109838
ic_r1,109,4,3,30666,130666
ic_r1,109,4,4,63852,163852
ic_r1,109,4,5,98698,198698
ic_r1,109,4,6,24676,124676
ic_r1,109,4,7,68915,168915
ic_r1,109,4,8,83037,183037
ic_r1,109,4,9,45087,145087
ic_r1,109,5,0,45402,145402
ic_r1,109,5,1,26370,126370
ic_r1,109,5,2,65121,165121
ic_r1,109,5,3,41670,141670
ic_r1,109,5,4,47165,147165
ic_r1,109,5,5,92350,192350
ic_r1,109,5,6,85022,185022
ic_r1,109,5,7,70337,170337
ic_r1,109,5,8,20017,120017
ic_r1,109,5,9,89838,189838
ic_r1,109,6,0,85634,185634
ic_r1,109,6,1,49587,149587
ic_r1,109,6,2,46158,146158
ic_r1,109,6,3,38720,138720
ic_r1,109,6,4,94451,194451
ic_r1,109,6,5,48263,148263
ic_r1,109,6,6,13710,113710
ic_r1,109,6,7,24995,124995
ic_r1,109,6,8,37484,137484
ic_r1,109,6,9,92625,192625
ic_r1,109,7,0,27679,127679
ic_r1,109,7,1,69644,169644
ic_r1,109,7,2,47434,147434
ic_r1,109,7,3,83691,183691
ic_r1,109,7,4,40660,140660
ic_r1,109,7,5,87011,187011
ic_r1,109,7,6,50393,150393
ic_r1,109,7,7,57326,157326
ic_r1,109,7,8,2472,102472
ic_r1,109,7,9,75877,175877
ic_r1,109,8,0,82968,182968
ic_r1,109,8,1,86076,186076
ic_r1,109,8,2,14802,114802
ic_r1,109,8,3,10421,110421
ic_r1,109,8,4,7281,107281
ic_r1,109,8,5,17166,117166
ic_r1,109,8,6,62298,162298
ic_r1,109,8,7,33526,133526
ic_r1,109,8,8,30713,130713
ic_r1,109,8,9,51141,151141
ic_r1,109,9,0,94753,194753
ic_r1,109,9,1,27810,127810
ic_r1,109,9,2,5047,105047
ic_r1,109,9,3,44168,144168
ic_r1,109,9,4,18896,118896
ic_r1,109,9,5,48069,148069
ic_r1,109,9,6,71357,171357
ic_r1,109,9,7,24115,124115
ic_r1,109,9,8,25795,125795
ic_r1,109,9,9,71538,171538
ic_r1,109,10,0,44666,144666
ic_r1,109,10,1,65290,165290
ic_r1,109,10,2,72657,172657
ic_r1,109,10,3,5883,105883
ic_r1,109,10,4,78586,178586
ic_r1,109,10,5,48912,148912
ic_r1,109,10,6,79740,179740
ic_r1,109,10,7,39822,139822
ic_r1,109,10,8,31648,131648
ic_r1,109,10,9,50623,150623
ic_r1,109,11,0,90416,190416
ic_r1,109,11,1,30206,130206
ic_r1,109,11,2,45754,145754
ic_r1,109,11,3,54465,154465
ic_r1,109,11,4,67724,167724
ic_r1,109,11,5,12249,112249
ic_r1,109,11,6,51873,151873
ic_r1,109,11,7,30695,130695
ic_r1,109,11,8,97585,197585
ic_r1,109,11,9,76632,176632
ic_r1,109,12,0,5437,105437
ic_r1,109,12,1,548,100548
ic_r1,109,12,2,28505,128505
ic_r1,109,12,3,76501,176501
ic_r1,109,12,4,34417,134417
ic_r1,109,12,5,96608,196608
ic_r1,109,12,6,11594,111594
ic_r1,109,12,7,94931,194931
ic_r1,109,12,8,58052,158052
ic_r1,109,12,9,66950,166950
ic_r1,109,13,0,93173,193173
ic_r1,109,13,1,49730,149730
ic_r1,109,13,2,29344,129344
ic_r1,109,13,3,30497,130497
ic_r1,109,13,4,56438,156438
ic_r1,109,13,5,93808,193808
ic_r1,109,13,6,78421,178421
ic_r1,109,13,7,82315,182315
ic_r1,109,13,8,52697,152697
ic_r1,109,13,9,75660,175660
ic_r1,109,14,0,82844,182844
ic_r1,109,14,1,57573,157573
ic_r1,109,14,2,45884,145884
ic_r1,109,14,3,99106,199106
ic_r1,109,14,4,52507,152507
ic_r1,109,14,5,48583,148583
ic_r1,109,14,6,28709,128709
ic_r1,109,14,7,28957,128957
ic_r1,109,14,8,90912,190912
ic_r1,109,14,9,81929,181929
ic_r1,109,15,0,252,100252
ic_r1,109,15,1,69329,169329
ic_r1,109,15,2,11614,111614
ic_r1,109,15,3,95282,195282
ic_r1,109,15,4,44245,144245
ic_r1,109,15,5,643,100643
ic_r1,109,15,6,88731,188731
ic_r1,109,15,7,94194,194194
ic_r1,109,15,8,21124,121124
ic_r1,109,15,9,47831,147831
ic_r1,109,16,0,86229,186229
ic_r1,109,16,1,49564,149564
ic_r1,109,16,2,84912,184912
ic_r1,109,16,3,42670,142670
ic_r1,109,16,4,38843,138843
ic_r1,109,16,5,72340,172340
ic_r1,109,16,6,51127,151127
ic_r1,109,16,7,10237,110237
ic_r1,109,16,8,78232,178232
ic_r1,109,16,9,66982,166982
ic_r1,109,17,0,98204,198204
ic_r1,109,17,1,42822,142822
ic_r1,109,17,2,30471,130471
ic_r1,109,17,3,85789,185789
ic_r1,109,17,4,80522,180522
ic_r1,109,17,5,31367,131367
ic_r1,109,17,6,72010,172010
ic_r1,109,17,7,39626,139626
ic_r1,109,17,8,78922,178922
ic_r1,109,17,9,53109,153109
ic_r1,109,18,0,32538,132538
ic_r1,109,18,1,85932,185932
ic_r1,109,18,2,38891,138891
ic_r1,109,18,3,34948,134948
ic_r1,109,18,4,32571,132571
ic_r1,109,18,5,22214,122214
ic_r1,109,18,6,94661,194661
ic_r1,109,18,7,12961,112961
ic_r1,109,18,8,62146,162146
ic_r1,109,18,9,59744,159744
ic_r1,109,19,0,26461,126461
ic_r1,109,19,1,90935,190935
ic_r1,109,19,2,72442,172442
ic_r1,109,19,3,69373,169373
ic_r1,109,19,4,11522,111522
ic_r1,109,19,5,24690,124690
ic_r1,109,19,6,35944,135944
ic_r1,109,19,7,87895,187895
ic_r1,109,19,8,12175,112175
ic_r1,109,19,9,85606,185606
ic_r1,109,20,0,83558,183558
ic_r1,109,20,1,13226,113226
ic_r1,109,20,2,46849,146849
ic_r1,109,20,3,31346,131346
ic_r1,109,20,4,18956,118956
ic_r1,109,20,5,6743,106743
ic_r1,109,20,6,90359,190359
ic_r1,109,20,7,53392,153392
ic_r1,109,20,8,9993,109993
ic_r1,109,20,9,91478,191478
ic_r1,109,21,0,17805,117805
ic_r1,109,21,1,42894,142894
ic_r1,109,21,2,90330,190330
ic_r1,109,21,3,34663,134663
ic_r1,109,21,4,97660,197660
ic_r1,109,21,5,59902,159902
ic_r1,109,21,6,29202,129202
ic_r1,109,21,7,10710,110710
ic_r1,109,21,8,66122,166122
ic_r1,109,21,9,65520,165520
ic_r1,109,22,0,16636,116636
ic_r1,109,22,1,70456,170456
ic_r1,109,22,2,33267,133267
ic_r1,109,22,3,31504,131504
ic_r1,109,22,4,82261,182261
ic_r1,109,22,5,62437,162437
ic_r1,109,22,6,33843,133843
ic_r1,109,22,7,68358,168358
ic_r1,109,22,8,5278,105278
ic_r1,109,22,9,76370,176370
ic_r1,109,23,0,11625,111625
ic_r1,109,23,1,56929,156929
ic_r1,109,23,2,81794,181794
ic_r1,109,23,3,60347,160347
ic_r1,109,23,4,22762,122762
ic_r1,109,23,5,7232,107232
ic_r1,109,23,6,56772,156772
ic_r1,109,23,7,75399,175399
ic_r1,109,23,8,5560,105560
ic_r1,109,23,9,66139,166139
ic_r1,109,24,0,85841,185841
ic_r1,109,24,1,85043,185043
ic_r1,109,24,2,94442,194442
ic_r1,109,24,3,67269,167269
ic_r1,109,24,4,97932,197932
ic_r1,109,24,5,58470,158470
ic_r1,109,24,6,76043,176043
ic_r1,109,24,7,32678,132678
ic_r1,109,24,8,45402,145402
ic_r1,109,24,9,97053,197053
ic_r1,109,25,0,68552,168552
ic_r1,109,25,1,32203,132203
ic_r1,109,25,2,70184,170184
ic_r1,109,25,3,8369,108369
ic_r1,109,25,4,19375,119375
ic_r1,109,25,5,86744,186744
ic_r1,109,25,6,64722,164722
ic_r1,109,25,7,68923,168923
ic_r1,109,25,8,48179,148179
ic_r1,109,25,9,89188,189188
ic_r1,109,26,0,22889,122889
ic_r1,109,26,1,60411,160411
ic_r1,109,26,2,11632,111632
ic_r1,109,26,3,20283,120283
ic_r1,109,26,4,79093,179093
ic_r1,109,26,5,56840,156840
ic_r1,109,26,6,16946,116946
ic_r1,109,26,7,99544,199544
ic_r1,109,26,8,17011,117011
ic_r1,109,26,9,52434,152434
ic_r1,109,27,0,61233,161233
ic_r1,109,27,1,22407,122407
ic_r1,109,27,2,89598,189598
ic_r1,109,27,3,38620,138620
ic_r1,109,27,4,77446,177446
ic_r1,109,27,5,29564,129564
ic_r1,109,27,6,79741,179741
ic_r1,109,27,7,52287,152287
ic_r1,109,27,8,99923,199923
ic_r1,109,27,9,72451,172451
ic_r1,109,28,0,12472,112472
ic_r1,109,28,1,25211,125211
ic_r1,109,28,2,76425,176425
ic_r1,109,28,3,98289,198289
ic_r1,109,28,4,49282,149282
ic_r1,109,28,5,10925,110925
ic_r1,109,28,6,54216,154216
ic_r1,109,28,7,68769,168769
ic_r1,109,28,8,37459,137459
ic_r1,109,28,9,89335,189335
ic_r1,109,29,0,15839,115839
ic_r1,109,29,1,490,100490
ic_r1,109,29,2,61150,161150
ic_r1,109,29,3,35646,135646
ic_r1,109,29,4,48711,148711
ic_r1,109,29,5,64803,164803
ic_r1,109,29,6,71874,171874
ic_r1,109,29,7,19843,119843
ic_r1,109,29,8,5972,105972
ic_r1,109,29,9,25485,125485
ic_r1,109,30,0,56048,156048
ic_r1,109,30,1,29398,129398
ic_r1,109,30,2,5731,105731
ic_r1,109,30,3,85983,185983
ic_r1,109,30,4,95812,195812
ic_r1,109,30,5,70034,170034
ic_r1,109,30,6,73535,173535
ic_r1,109,30,7,33576,133576
ic_r1,109,30,8,3650,103650
ic_r1,109,30,9,8578,108578
ic_r1,109,31,0,22578,122578
ic_r1,109,31,1,43946,143946
ic_r1,109,31,2,29536,129536
ic_r1,109,31,3,34375,134375
ic_r1,109,31,4,31572,131572
ic_r1,109,31,5,77007,177007
ic_r1,109,31,6,56079,156079
ic_r1,109,31,7,76346,176346
ic_r1,109,31,8,64932,164932
ic_r1,109,31,9,17700,117700
ic_r1,109,32,0,61161,161161
ic_r1,109,32,1,93158,193158
ic_r1,109,32,2,50452,150452
ic_r1,109,32,3,51794,151794
ic_r1,109,32,4,19671,119671
ic_r1,109,32,5,22446,122446
ic_r1,109,32,6,56179,156179
ic_r1,109,32,7,45467,145467
ic_r1,109,32,8,22632,122632
ic_r1,109,32,9,86300,186300
ic_r1,109,33,0,33898,133898
ic_r1,109,33,1,13287,113287
ic_r1,109,33,2,11957,111957
ic_r1,109,33,3,34033,134033
ic_r1,109,33,4,68224,168224
ic_r1,109,33,5,23384,123384
ic_r1,109,33,6,37433,137433
ic_r1,109,33,7,40194,140194
ic_r1,109,33,8,92249,192249
ic_r1,109,33,9,90521,190521
ic_r1,109,34,0,18752,118752
ic_r1,109,34,1,5519,105519
ic_r1,109,34,2,30853,130853
ic_r1,109,34,3,80024,180024
ic_r1,109,34,4,98222,198222
ic_r1,109,34,5,61113,161113
ic_r1,109,34,6,70345,170345
ic_r1,109,34,7,27398,127398
ic_r1,109,34,8,55132,155132
ic_r1,109,34,9,49029,149029
ic_r1,109,35,0,34890,134890
ic_r1,109,35,1,12657,112657
ic_r1,109,35,2,88585,188585
ic_r1,109,35,3,51498,151498
ic_r1,109,35,4,69354,169354
ic_r1,109,35,5,35840,135840
ic_r1,109,35,6,70841,170841
ic_r1,109,35,7,57596,157596
ic_r1,109,35,8,11910,111910
ic_r1,109,35,9,28009,128009
ic_r1,109,36,0,69677,169677
ic_r1,109,36,1,95274,195274
ic_r1,109,36,2,52968,152968
ic_r1,109,36,3,96929,196929
ic_r1,109,36,4,9605,109605
ic_r1,109,36,5,77707,177707
ic_r1,109,36,6,1539,101539
ic_r1,109,36,7,9548,109548
ic_r1,109,36,8,46524,146524
ic_r1,109,36,9,67550,167550
ic_r1,109,37,0,61431,161431
ic_r1,109,37,1,2653,102653
ic_r1,109,37,2,61476,161476
ic_r1,109,37,3,46153,146153
ic_r1,109,37,4,48333,148333
ic_r1,109,37,5,42116,142116
ic_r1,109,37,6,6351,106351
ic_r1,109,37,7,37013,137013
ic_r1,109,37,8,81931,181931
ic_r1,109,37,9,29115,129115
ic_r1,109,38,0,11820,111820
ic_r1,109,38,1,14156,114156
ic_r1,109,38,2,70334,170334
ic_r1,109,38,3,84289,184289
ic_r1,109,38,4,4046,104046
ic_r1,109,38,5,58576,158576
ic_r1,109,38,6,40217,140217
ic_r1,109,38,7,43982,143982
ic_r1,109,38,8,90535,190535
ic_r1,109,38,9,64854,164854
ic_r1,109,39,0,18176,118176
ic_r1,109,39,1,73110,173110
ic_r1,109,39,2,85185,185185
ic_r1,109,39,3,18956,118956
ic_r1,109,39,4,45507,145507
ic_r1,109,39,5,84622,184622
ic_r1,109,39,6,32592,132592
ic_r1,109,39,7,33995,133995
ic_r1,109,39,8,57666,157666
ic_r1,109,39,9,51765,151765
ic_r1,110,0,0,89146,189146
ic_r1,110,0,1,78904,178904
ic_r1,110,0,2,76524,176524
ic_r1,110,0,3,72809,172809
ic_r1,110,0,4,70678,170678
ic_r1,110,0,5,51818,151818
ic_r1,110,0,6,48457,148457
ic_r1,110,0,7,58529,158529
ic_r1,110,0,8,57803,157803
ic_r1,110,0,9,19647,119647
ic_r1,110,1,0,14809,114809
ic_r1,110,1,1,96168,196168
ic_r1,110,1,2,72214,172214
ic_r1,110,1,3,34847,134847
ic_r1,110,1,4,67857,167857
ic_r1,110,1,5,7078,107078
ic_r1,110,1,6,96696,196696
ic_r1,110,1,7,65285,165285
ic_r1,110,1,8,33529,133529
ic_r1,110,1,9,76775,176775
ic_r1,110,2,0,37818,137818
ic_r1,110,2,1,65525,165525
ic_r1,110,2,2,43165,143165
ic_r1,110,2,3,25753,125753
ic_r1,110,2,4,46893,146893
ic_r1,110,2,5,1874,101874
ic_r1,110,2,6,45600,145600
ic_r1,110,2,7,60121,160121
ic_r1,110,2,8,88494,188494
ic_r1,110,2,9,28277,128277
ic_r1,110,3,0,24112,124112
ic_r1,110,3,1,60240,160240
ic_r1,110,3,2,97797,197797
ic_r1,110,3,3,52509,152509
ic_r1,110,3,4,28276,128276
ic_r1,110,3,5,23382,123382
ic_r1,110,3,6,18225,118225
ic_r1,110,3,7,17460,117460
ic_r1,110,3,8,19156,119156
ic_r1,110,3,9,12555,112555
ic_r1,110,4,0,27614,127614
ic_r1,110,4,1,49463,149463
ic_r1,110,4,2,33435,133435
ic_r1,110,4,3,16329,116329
ic_r1,110,4,4,64798,164798
ic_r1,110,4,5,84372,184372
ic_r1,110,4,6,54178,154178
ic_r1,110,4,7,74402,174402
ic_r1,110,4,8,31894,131894
ic_r1,110,4,9,49195,149195
ic_r1,110,5,0,26677,126677
ic_r1,110,5,1,50145,150145
ic_r1,110,5,2,23398,123398
ic_r1,110,5,3,58893,158893
ic_r1,110,5,4,27653,127653
ic_r1,110,5,5,70253,170253
ic_r1,110,5,6,18663,118663
ic_r1,110,5,7,12135,112135
ic_r1,110,5,8,28415,128415
ic_r1,110,5,9,81244,181244
ic_r1,110,6,0,40317,140317
ic_r1,110,6,1,60427,160427
ic_r1,110,6,2,93085,193085
ic_r1,110,6,3,41668,141668
ic_r1,110,6,4,92485,192485
ic_r1,110,6,5,59787,159787
ic_r1,110,6,6,91715,191715
ic_r1,110,6,7,87601,187601
ic_r1,110,6,8,9678,109678
ic_r1,110,6,9,64616,164616
ic_r1,110,7,0,55659,155659
ic_r1,110,7,1,89566,189566
ic_r1,110,7,2,87779,187779
ic_r1,110,7,3,53524,153524
ic_r1,110,7,4,21191,121191
ic_r1,110,7,5,17235,117235
ic_r1,110,7,6,63033,163033
ic_r1,110,7,7,20787,120787
ic_r1,110,7,8,2336,102336
ic_r1,110,7,9,91301,191301
ic_r1,110,8,0,37726,137726
ic_r1,110,8,1,76368,176368
ic_r1,110,8,2,26356,126356
ic_r1,110,8,3,52871,152871
ic_r1,110,8,4,759,100759
ic_r1,110,8,5,77778,177778
ic_r1,110,8,6,95463,195463
ic_r1,110,8,7,2400,102400
ic_r1,110,8,8,76314,176314
ic_r1,110,8,9,37574,137574
ic_r1,110,9,0,48814,148814
ic_r1,110,9,1,55411,155411
ic_r1,110,9,2,67338,167338
ic_r1,110,9,3,49352,149352
ic_r1,110,9,4,69791,169791
ic_r1,110,9,5,76303,176303
ic_r1,110,9,6,38166,138166
ic_r1,110,9,7,44624,144624
ic_r1,110,9,8,46433,146433
ic_r1,110,9,9,10179,110179
ic_r1,110,10,0,52625,152625
ic_r1,110,10,1,84682,184682
ic_r1,110,10,2,29366,129366
ic_r1,110,10,3,62115,162115
ic_r1,110,10,4,58122,158122
ic_r1,110,10,5,19961,119961
ic_r1,110,10,6,42031,142031
ic_r1,110,10,7,73904,173904
ic_r1,110,10,8,80370,180370
ic_r1,110,10,9,40278,140278
ic_r1,110,11,0,13804,113804
ic_r1,110,11,1,38383,138383
ic_r1,110,11,2,24900,124900
ic_r1,110,11,3,44951,144951
ic_r1,110,11,4,21852,121852
ic_r1,110,11,5,32163,132163
ic_r1,110,11,6,98204,198204
ic_r1,110,11,7,17196,117196
ic_r1,110,11,8,50860,150860
ic_r1,110,11,9,38297,138297
ic_r1,110,12,0,83180,183180
ic_r1,110,12,1,41668,141668
ic_r1,110,12,2,31372,131372
ic_r1,110,12,3,44979,144979
ic_r1,110,12,4,62865,162865
ic_r1,110,12,5,38963,138963
ic_r1,110,12,6,13151,113151
ic_r1,110,12,7,8436,108436
ic_r1,110,12,8,68073,168073
ic_r1,110,12,9,16549,116549
ic_r1,110,13,0,6037,106037
ic_r1,110,13,1,44544,144544
ic_r1,110,13,2,56,100056
ic_r1,110,13,3,65451,165451
ic_r1,110,13,4,75180,175180
ic_r1,110,13,5,30834,130834
ic_r1,110,13,6,93039,193039
ic_r1,110,13,7,50952,150952
ic_r1,110,13,8,24392,124392
ic_r1,110,13,9,72301,172301
ic_r1,110,14,0,92979,192979
ic_r1,110,14,1,30343,130343
ic_r1,110,14,2,30267,130267
ic_r1,110,14,3,90173,190173
ic_r1,110,14,4,30487,130487
ic_r1,110,14,5,14983,114983
ic_r1,110,14,6,70356,170356
ic_r1,110,14,7,21362,121362
ic_r1,110,14,8,63596,163596
ic_r1,110,14,9,19345,119345
ic_r1,110,15,0,79925,179925
ic_r1,110,15,1,98092,198092
ic_r1,110,15,2,3518,103518
ic_r1,110,15,3,3054,103054
ic_r1,110,15,4,55837,155837
ic_r1,110,15,5,50960,150960
ic_r1,110,15,6,21290,121290
ic_r1,110,15,7,8782,108782
ic_r1,110,15,8,48071,148071
ic_r1,110,15,9,86027,186027
ic_r1,110,16,0,6,100006
ic_r1,110,16,1,3883,103883
ic_r1,110,16,2,92166,192166
ic_r1,110,16,3,61310,161310
ic_r1,110,16,4,77046,177046
ic_r1,110,16,5,11922,111922
ic_r1,110,16,6,44247,144247
ic_r1,110,16,7,67231,167231
ic_r1,110,16,8,4755,104755
ic_r1,110,16,9,35188,135188
ic_r1,110,17,0,82614,182614
ic_r1,110,17,1,54750,154750
ic_r1,110,17,2,6258,106258
ic_r1,110,17,3,63881,163881
ic_r1,110,17,4,1090,101090
ic_r1,110,17,5,25243,125243
ic_r1,110,17,6,80828,180828
ic_r1,110,17,7,98248,198248
ic_r1,110,17,8,54870,154870
ic_r1,110,17,9,66946,166946
ic_r1,110,18,0,36925,136925
ic_r1,110,18,1,89173,189173
ic_r1,110,18,2,36001,136001
ic_r1,110,18,3,94743,194743
ic_r1,110,18,4,62155,162155
ic_r1,110,18,5,41911,141911
ic_r1,110,18,6,73363,173363
ic_r1,110,18,7,751,100751
ic_r1,110,18,8,96354,196354
ic_r1,110,18,9,77280,177280
ic_r1,110,19,0,53302,153302
ic_r1,110,19,1,72582,172582
ic_r1,110,19,2,38565,138565
ic_r1,110,19,3,74406,174406
ic_r1,110,19,4,73999,173999
ic_r1,110,19,5,92785,192785
ic_r1,110,19,6,67067,167067
ic_r1,110,19,7,14242,114242
ic_r1,110,19,8,37546,137546
ic_r1,110,19,9,57596,157596
ic_r1,110,20,0,30421,130421
ic_r1,110,20,1,38461,138461
ic_r1,110,20,2,48459,148459
ic_r1,110,20,3,60412,160412
ic_r1,110,20,4,2952,102952
ic_r1,110,20,5,2096,102096
ic_r1,110,20,6,78194,178194
ic_r1,110,20,7,91306,191306
ic_r1,110,20,8,37595,137595
ic_r1,110,20,9,48242,148242
ic_r1,110,21,0,60522,160522
ic_r1,110,21,1,14179,114179
ic_r1,110,21,2,62699,162699
ic_r1,110,21,3,36295,136295
ic_r1,110,21,4,66524,166524
ic_r1,110,21,5,31359,131359
ic_r1,110,21,6,73025,173025
ic_r1,110,21,7,94568,194568
ic_r1,110,21,8,83541,183541
ic_r1,110,21,9,41879,141879
ic_r1,110,22,0,26140,126140
ic_r1,110,22,1,81884,181884
ic_r1,110,22,2,19585,119585
ic_r1,110,22,3,8816,108816
ic_r1,110,22,4,66463,166463
ic_r1,110,22,5,45639,145639
ic_r1,110,22,6,41655,141655
ic_r1,110,22,7,18901,118901
ic_r1,110,22,8,62310,162310
ic_r1,110,22,9,88805,188805
ic_r1,110,23,0,29263,129263
ic_r1,110,23,1,26198,126198
ic_r1,110,23,2,35663,135663
ic_r1,110,23,3,37271,137271
ic_r1,110,23,4,25895,125895
ic_r1,110,23,5,16425,116425
ic_r1,110,23,6,34379,134379
ic_r1,110,23,7,81071,181071
ic_r1,110,23,8,42963,142963
ic_r1,110,23,9,22904,122904
ic_r1,110,24,0,68972,168972
ic_r1,110,24,1,89732,189732
ic_r1,110,24,2,62552,162552
ic_r1,110,24,3,52900,152900
ic_r1,110,24,4,10138,110138
ic_r1,110,24,5,85128,185128
ic_r1,110,24,6,70716,170716
ic_r1,110,24,7,8148,108148
ic_r1,110,24,8,54894,154894
ic_r1,110,24,9,53610,153610
ic_r1,110,25,0,95995,195995
ic_r1,110,25,1,14653,114653
ic_r1,110,25,2,23318,123318
ic_r1,110,25,3,29178,129178
ic_r1,110,25,4,21230,121230
ic_r1,110,25,5,17592,117592
ic_r1,110,25,6,44531,144531
ic_r1,110,25,7,84215,184215
ic_r1,110,25,8,34393,134393
ic_r1,110,25,9,82348,182348
ic_r1,110,26,0,92549,192549
ic_r1,110,26,1,57115,157115
ic_r1,110,26,2,75413,175413
ic_r1,110,26,3,71767,171767
ic_r1,110,26,4,10499,110499
ic_r1,110,26,5,27691,127691
ic_r1,110,26,6,64170,164170
ic_r1,110,26,7,88223,188223
ic_r1,110,26,8,42274,142274
ic_r1,110,26,9,95307,195307
ic_r1,110,27,0,92522,192522
ic_r1,110,27,1,60607,160607
ic_r1,110,27,2,55290,155290
ic_r1,110,27,3,6668,106668
ic_r1,110,27,4,57622,157622
ic_r1,110,27,5,52298,152298
ic_r1,110,27,6,61743,161743
ic_r1,110,27,7,60497,160497
ic_r1,110,27,8,24048,124048
ic_r1,110,27,9,74354,174354
ic_r1,110,28,0,85464,185464
ic_r1,110,28,1,38524,138524
ic_r1,110,28,2,28432,128432
ic_r1,110,28,3,44438,144438
ic_r1,110,28,4,10000,110000
ic_r1,110,28,5,78050,178050
ic_r1,110,28,6,8284,108284
ic_r1,110,28,7,94386,194386
ic_r1,110,28,8,8134,108134
ic_r1,110,28,9,2620,102620
ic_r1,110,29,0,28094,128094
ic_r1,110,29,1,29277,129277
ic_r1,110,29,2,96681,196681
ic_r1,110,29,3,45936,145936
ic_r1,110,29,4,80380,180380
ic_r1,110,29,5,78464,178464
ic_r1,110,29,6,76049,176049
ic_r1,110,29,7,73193,173193
ic_r1,110,29,8,27761,127761
ic_r1,110,29,9,53718,153718
ic_r1,110,30,0,10567,110567
ic_r1,110,30,1,67829,167829
ic_r1,110,30,2,49654,149654
ic_r1,110,30,3,74922,174922
ic_r1,110,30,4,56612,156612
ic_r1,110,30,5,94574,194574
ic_r1,110,30,6,69878,169878
ic_r1,110,30,7,31767,131767
ic_r1,110,30,8,62532,162532
ic_r1,110,30,9,31915,131915
ic_r1,110,31,0,22635,122635
ic_r1,110,31,1,97064,197064
ic_r1,110,31,2,48814,148814
ic_r1,110,31,3,17869,117869
ic_r1,110,31,4,48566,148566
ic_r1,110,31,5,33783,133783
ic_r1,110,31,6,31237,131237
ic_r1,110,31,7,53913,153913
ic_r1,110,31,8,84650,184650
ic_r1,110,31,9,54676,154676
ic_r1,110,32,0,5257,105257
ic_r1,110,32,1,21253,121253
ic_r1,110,32,2,14144,114144
ic_r1,110,32,3,19431,119431
ic_r1,110,32,4,31073,131073
ic_r1,110,32,5,30872,130872
ic_r1,110,32,6,9687,109687
ic_r1,110,32,7,45928,145928
ic_r1,110,32,8,43402,143402
ic_r1,110,32,9,59882,159882
ic_r1,110,33,0,17402,117402
ic_r1,110,33,1,47870,147870
ic_r1,110,33,2,82961,182961
ic_r1,110,33,3,10116,110116
ic_r1,110,33,4,11531,111531
ic_r1,110,33,5,75508,175508
ic_r1,110,33,6,76563,176563
ic_r1,110,33,7,48278,148278
ic_r1,110,33,8,57377,157377
ic_r1,110,33,9,5148,105148
ic_r1,110,34,0,47621,147621
ic_r1,110,34,1,18119,118119
ic_r1,110,34,2,28960,128960
ic_r1,110,34,3,68672,168672
ic_r1,110,34,4,41631,141631
ic_r1,110,34,5,81650,181650
ic_r1,110,34,6,53860,153860
ic_r1,110,34,7,32713,132713
ic_r1,110,34,8,44561,144561
ic_r1,110,34,9,3538,103538
ic_r1,110,35,0,51665,151665
ic_r1,110,35,1,89450,189450
ic_r1,110,35,2,83617,183617
ic_r1,110,35,3,23586,123586
ic_r1,110,35,4,78048,178048
ic_r1,110,35,5,32161,132161
ic_r1,110,35,6,12675,112675
ic_r1,110,35,7,80540,180540
ic_r1,110,35,8,83643,183643
ic_r1,110,35,9,94472,194472
ic_r1,110,36,0,48366,148366
ic_r1,110,36,1,61614,161614
ic_r1,110,36,2,87725,187725
ic_r1,110,36,3,31457,131457
ic_r1,110,36,4,64769,164769
ic_r1,110,36,5,66097,166097
ic_r1,110,36,6,8687,108687
ic_r1,110,36,7,87347,187347
ic_r1,110,36,8,66351,166351
ic_r1,110,36,9,30668,130668
ic_r1,110,37,0,57097,157097
ic_r1,110,37,1,61201,161201
ic_r1,110,37,2,40304,140304
ic_r1,110,37,3,14430,114430
ic_r1,110,37,4,4516,104516
ic_r1,110,37,5,2060,102060
ic_r1,110,37,6,9330,109330
ic_r1,110,37,7,66690,166690
ic_r1,110,37,8,46856,146856
ic_r1,110,37,9,60924,160924
ic_r1,110,38,0,23626,123626
ic_r1,110,38,1,79019,179019
ic_r1,110,38,2,31482,131482
ic_r1,110,38,3,27124,127124
ic_r1,110,38,4,5631,105631
ic_r1,110,38,5,98940,198940
ic_r1,110,38,6,51585,151585
ic_r1,110,38,7,74582,174582
ic_r1,110,38,8,63082,163082
ic_r1,110,38,9,95924,195924
ic_r1,110,39,0,4917,104917
ic_r1,110,39,1,0,100000
ic_r1,110,39,2,9159,109159
ic_r1,110,39,3,83312,183312
ic_r1,110,39,4,16172,116172
ic_r1,110,39,5,60872,160872
ic_r1,110,39,6,29768,129768
ic_r1,110,39,7,52565,152565
ic_r1,110,39,8,66031,166031
ic_r1,110,39,9,56301,156301
ic_g5,101,0,0,85963,185963
ic_g5,101,0,1,21321,121321
ic_g5,101,0,2,31507,131507
ic_g5,101,0,3,59326,159326
ic_g5,101,0,4,12830,112830
ic_g5,101,0,5,15297,115297
ic_g5,101,0,6,53343,153343
ic_g5,101,0,7,77517,177517
ic_g5,101,0,8,60538,160538
ic_g5,101,0,9,3585,103585
ic_g5,101,1,0,53271,153271
ic_g5,101,1,1,28885,128885
ic_g5,101,1,2,5199,105199
ic_g5,101,1,3,30397,130397
ic_g5,101,1,4,97511,197511
ic_g5,101,1,5,30406,130406
ic_g5,101,1,6,83826,183826
ic_g5,101,1,7,51589,151589
ic_g5,101,1,8,20737,120737
ic_g5,101,1,9,52223,152223
ic_g5,101,2,0,6990,106990
ic_g5,101,2,1,89549,189549
ic_g5,101,2,2,37927,137927
ic_g5,101,2,3,77082,177082
ic_g5,101,2,4,45367,145367
ic_g5,101,2,5,20265,120265
ic_g5,101,2,6,60162,160162
ic_g5,101,2,7,63536,163536
ic_g5,101,2,8,29391,129391
ic_g5,101,2,9,74415,174415
ic_g5,101,3,0,21335,121335
ic_g5,101,3,1,1437,101437
ic_g5,101,3,2,55060,155060
ic_g5,101,3,3,69981,169981
ic_g5,101,3,4,56598,156598
ic_g5,101,3,5,67409,167409
ic_g5,101,3,6,25203,125203
ic_g5,101,3,7,89184,189184
ic_g5,101,3,8,36073,136073
ic_g5,101,3,9,19974,119974
ic_g5,101,4,0,61837,161837
ic_g5,101,4,1,82441,182441
ic_g5,101,4,2,79626,179626
ic_g5,101,4,3,79788,179788
ic_g5,101,4,4,39262,139262
ic_g5,101,4,5,60601,160601
ic_g5,101,4,6,54164,154164
ic_g5,101,4,7,74029,174029
ic_g5,101,4,8,92589,192589
ic_g5,101,4,9,44214,144214
ic_g5,101,5,0,76409,176409
ic_g5,101,5,1,83058,183058
ic_g5,101,5,2,63725,163725
ic_g5,101,5,3,80882,180882
ic_g5,101,5,4,25252,125252
ic_g5,101,5,5,26478,126478
ic_g5,101,5,6,2842,102842
ic_g5,101,5,7,84004,184004
ic_g5,101,5,8,46914,146914
ic_g5,101,5,9,73375,173375
ic_g5,101,6,0,50768,150768
ic_g5,101,6,1,8431,108431
ic_g5,101,6,2,9102,109102
ic_g5,101,6,3,75756,175756
ic_g5,101,6,4,74974,174974
ic_g5,101,6,5,10310,110310
ic_g5,101,6,6,5478,105478
ic_g5,101,6,7,40337,140337
ic_g5,101,6,8,49842,149842
ic_g5,101,6,9,96402,196402
ic_g5,101,7,0,97630,197630
ic_g5,101,7,1,4654,104654
ic_g5,101,7,2,82627,182627
ic_g5,101,7,3,96377,196377
ic_g5,101,7,4,33633,133633
ic_g5,101,7,5,11730,111730
ic_g5,101,7,6,2719,102719
ic_g5,101,7,7,88897,188897
ic_g5,101,7,8,70556,170556
ic_g5,101,7,9,13836,113836
ic_g5,101,8,0,88400,188400
ic_g5,101,8,1,12559,112559
ic_g5,101,8,2,71289,171289
ic_g5,101,8,3,72405,172405
ic_g5,101,8,4,72153,172153
ic_g5,101,8,5,47305,147305
ic_g5,101,8,6,63976,163976
ic_g5,101,8,7,39643,139643
ic_g5,101,8,8,44172,144172
ic_g5,101,8,9,96977,196977
ic_g5,101,9,0,20620,120620
ic_g5,101,9,1,26009,126009
ic_g5,101,9,2,54527,154527
ic_g5,101,9,3,38778,138778
ic_g5,101,9,4,44465,144465
ic_g5,101,9,5,43205,143205
ic_g5,101,9,6,43279,143279
ic_g5,101,9,7,82389,182389
ic_g5,101,9,8,61897,161897
ic_g5,101,9,9,92667,192667
ic_g5,101,10,0,46309,146309
ic_g5,101,10,1,60659,160659
ic_g5,101,10,2,87069,187069
ic_g5,101,10,3,4632,104632
ic_g5,101,10,4,47888,147888
ic_g5,101,10,5,5996,105996
ic_g5,101,10,6,15039,115039
ic_g5,101,10,7,93258,193258
ic_g5,101,10,8,11561,111561
ic_g5,101,10,9,30732,130732
ic_g5,101,11,0,84558,184558
ic_g5,101,11,1,50534,150534
ic_g5,101,11,2,89594,189594
ic_g5,101,11,3,8937,108937
ic_g5,101,11,4,95959,195959
ic_g5,101,11,5,33770,133770
ic_g5,101,11,6,40172,140172
ic_g5,101,11,7,24058,124058
ic_g5,101,11,8,48461,148461
ic_g5,101,11,9,14972,114972
ic_g5,101,12,0,64071,164071
ic_g5,101,12,1,84500,184500
ic_g5,101,12,2,98923,198923
ic_g5,101,12,3,95270,195270
ic_g5,101,12,4,91077,191077
ic_g5,101,12,5,70860,170860
ic_g5,101,12,6,8154,108154
ic_g5,101,12,7,87008,187008
ic_g5,101,12,8,4970,104970
ic_g5,101,12,9,76580,176580
ic_g5,101,13,0,10140,110140
ic_g5,101,13,1,27428,127428
ic_g5,101,13,2,96733,196733
ic_g5,101,13,3,75943,175943
ic_g5,101,13,4,37644,137644
ic_g5,101,13,5,91598,191598
ic_g5,101,13,6,10328,110328
ic_g5,101,13,7,20633,120633
ic_g5,101,13,8,16357,116357
ic_g5,101,13,9,54875,154875
ic_g5,101,14,0,89468,189468
ic_g5,101,14,1,59518,159518
ic_g5,101,14,2,89564,189564
ic_g5,101,14,3,33101,133101
ic_g5,101,14,4,62322,162322
ic_g5,101,14,5,96733,196733
ic_g5,101,14,6,56084,156084
ic_g5,101,14,7,37150,137150
ic_g5,101,14,8,87609,187609
ic_g5,101,14,9,71396,171396
ic_g5,101,15,0,40236,140236
ic_g5,101,15,1,60193,160193
ic_g5,101,15,2,53180,153180
ic_g5,101,15,3,2313,102313
ic_g5,101,15,4,6796,106796
ic_g5,101,15,5,74115,174115
ic_g5,101,15,6,94974,194974
ic_g5,101,15,7,32428,132428
ic_g5,101,15,8,43110,143110
ic_g5,101,15,9,68395,168395
ic_g5,101,16,0,50164,150164
ic_g5,101,16,1,40599,140599
ic_g5,101,16,2,16239,116239
ic_g5,101,16,3,66324,166324
ic_g5,101,16,4,72976,172976
ic_g5,101,16,5,5022,105022
ic_g5,101,16,6,12609,112609
ic_g5,101,16,7,46679,146679
ic_g5,101,16,8,18241,118241
ic_g5,101,16,9,73249,173249
ic_g5,101,17,0,78202,178202
ic_g5,101,17,1,52583,152583
ic_g5,101,17,2,95046,195046
ic_g5,101,17,3,59728,159728
ic_g5,101,17,4,51318,151318
ic_g5,101,17,5,52018,152018
ic_g5,101,17,6,9556,109556
ic_g5,101,17,7,55743,155743
ic_g5,101,17,8,61351,161351
ic_g5,101,17,9,60476,160476
ic_g5,101,18,0,10641,110641
ic_g5,101,18,1,50377,150377
ic_g5,101,18,2,51774,151774
ic_g5,101,18,3,58922,158922
ic_g5,101,18,4,1908,101908
ic_g5,101,18,5,22854,122854
ic_g5,101,18,6,54615,154615
ic_g5,101,18,7,37362,137362
ic_g5,101,18,8,27224,127224
ic_g5,101,18,9,2659,102659
ic_g5,101,19,0,64730,164730
ic_g5,101,19,1,38820,138820
ic_g5,101,19,2,74731,174731
ic_g5,101,19,3,34786,134786
ic_g5,101,19,4,34923,134923
ic_g5,101,19,5,37792,137792
ic_g5,101,19,6,8092,108092
ic_g5,101,19,7,51063,151063
ic_g5,101,19,8,85652,185652
ic_g5,101,19,9,27026,127026
ic_g5,101,20,0,82893,182893
ic_g5,101,20,1,11925,111925
ic_g5,101,20,2,73017,173017
ic_g5,101,20,3,21517,121517
ic_g5,101,20,4,30711,130711
ic_g5,101,20,5,12387,112387
ic_g5,101,20,6,56520,156520
ic_g5,101,20,7,83606,183606
ic_g5,101,20,8,20732,120732
ic_g5,101,20,9,15591,115591
ic_g5,101,21,0,60800,160800
ic_g5,101,21,1,64237,164237
ic_g5,101,21,2,42002,142002
ic_g5,101,21,3,71910,171910
ic_g5,101,21,4,75933,175933
ic_g5,101,21,5,89837,189837
ic_g5,101,21,6,29471,129471
ic_g5,101,21,7,33253,133253
ic_g5,101,21,8,75942,175942
ic_g5,101,21,9,28687,128687
ic_g5,101,22,0,73693,173693
ic_g5,101,22,1,3842,103842
ic_g5,101,22,2,26469,126469
ic_g5,101,22,3,70334,170334
ic_g5,101,22,4,36727,136727
ic_g5,101,22,5,8723,108723
ic_g5,101,22,6,25669,125669
ic_g5,101,22,7,33082,133082
ic_g5,101,22,8,97334,197334
ic_g5,101,22,9,61675,161675
ic_g5,101,23,0,9128,109128
ic_g5,101,23,1,54151,154151
ic_g5,101,23,2,11967,111967
ic_g5,101,23,3,56053,156053
ic_g5,101,23,4,63706,163706
ic_g5,101,23,5,19366,119366
ic_g5,101,23,6,29968,129968
ic_g5,101,23,7,39541,139541
ic_g5,101,23,8,91109,191109
ic_g5,101,23,9,24685,124685
ic_g5,101,24,0,20418,120418
ic_g5,101,24,1,51847,151847
ic_g5,101,24,2,34112,134112
ic_g5,101,24,3,16982,116982
ic_g5,101,24,4,58351,158351
ic_g5,101,24,5,48855,148855
ic_g5,101,24,6,25041,125041
ic_g5,101,24,7,59926,159926
ic_g5,101,24,8,2439,102439
ic_g5,101,24,9,90723,190723
ic_g5,101,25,0,3343,103343
ic_g5,101,25,1,86380,186380
ic_g5,101,25,2,18936,118936
ic_g5,101,25,3,17306,117306
ic_g5,101,25,4,53527,153527
ic_g5,101,25,5,25560,125560
ic_g5,101,25,6,62551,162551
ic_g5,101,25,7,35204,135204
ic_g5,101,25,8,84477,184477
ic_g5,101,25,9,35869,135869
ic_g5,101,26,0,83377,183377
ic_g5,101,26,1,26939,126939
ic_g5,101,26,2,44944,144944
ic_g5,101,26,3,74939,174939
ic_g5,101,26,4,86736,186736
ic_g5,101,26,5,51344,151344
ic_g5,101,26,6,91451,191451
ic_g5,101,26,7,92987,192987
ic_g5,101,26,8,73340,173340
ic_g5,101,26,9,64966,164966
ic_g5,101,27,0,10185,110185
ic_g5,101,27,1,48650,148650
ic_g5,101,27,2,76098,176098
ic_g5,101,27,3,15292,115292
ic_g5,101,27,4,83744,183744
ic_g5,101,27,5,65895,165895
ic_g5,101,27,6,49495,149495
ic_g5,101,27,7,79901,179901
ic_g5,101,27,8,54457,154457
ic_g5,101,27,9,42211,142211
ic_g5,101,28,0,57384,157384
ic_g5,101,28,1,99972,199972
ic_g5,101,28,2,32088,132088
ic_g5,101,28,3,27147,127147
ic_g5,101,28,4,25680,125680
ic_g5,101,28,5,20428,120428
ic_g5,101,28,6,55570,155570
ic_g5,101,28,7,3790,103790
ic_g5,101,28,8,70128,170128
ic_g5,101,28,9,19998,119998
ic_g5,101,29,0,84339,184339
ic_g5,101,29,1,40423,140423
ic_g5,101,29,2,62029,162029
ic_g5,101,29,3,94288,194288
ic_g5,101,29,4,86863,186863
ic_g5,101,29,5,25224,125224
ic_g5,101,29,6,94883,194883
ic_g5,101,29,7,95215,195215
ic_g5,101,29,8,19964,119964
ic_g5,101,29,9,9325,109325
ic_g5,101,30,0,83831,183831
ic_g5,101,30,1,74944,174944
ic_g5,101,30,2,31336,131336
ic_g5,101,30,3,93402,193402
ic_g5,101,30,4,53621,153621
ic_g5,101,30,5,57737,157737
ic_g5,101,30,6,80227,180227
ic_g5,101,30,7,95895,195895
ic_g5,101,30,8,13013,113013
ic_g5,101,30,9,44787,144787
ic_g5,101,31,0,79561,179561
ic_g5,101,31,1,38520,138520
ic_g5,101,31,2,69733,169733
ic_g5,101,31,3,51133,151133
ic_g5,101,31,4,34095,134095
ic_g5,101,31,5,40462,140462
ic_g5,101,31,6,66230,166230
ic_g5,101,31,7,32113,132113
ic_g5,101,31,8,2718,102718
ic_g5,101,31,9,20072,120072
ic_g5,101,32,0,91502,191502
ic_g5,101,32,1,80918,180918
ic_g5,101,32,2,8388,108388
ic_g5,101,32,3,68613,168613
ic_g5,101,32,4,19008,119008
ic_g5,101,32,5,41301,141301
ic_g5,101,32,6,75106,175106
ic_g5,101,32,7,93407,193407
ic_g5,101,32,8,56557,156557
ic_g5,101,32,9,14821,114821
ic_g5,101,33,0,76343,176343
ic_g5,101,33,1,55850,155850
ic_g5,101,33,2,81393,181393
ic_g5,101,33,3,50915,150915
ic_g5,101,33,4,98155,198155
ic_g5,101,33,5,80674,180674
ic_g5,101,33,6,8747,108747
ic_g5,101,33,7,225,100225
ic_g5,101,33,8,85242,185242
ic_g5,101,33,9,34658,134658
ic_g5,101,34,0,65388,165388
ic_g5,101,34,1,12234,112234
ic_g5,101,34,2,65425,165425
ic_g5,101,34,3,79309,179309
ic_g5,101,34,4,86426,186426
ic_g5,101,34,5,33130,133130
ic_g5,101,34,6,89986,189986
ic_g5,101,34,7,28646,128646
ic_g5,101,34,8,99729,199729
ic_g5,101,34,9,4651,104651
ic_g5,101,35,0,21500,121500
ic_g5,101,35,1,58341,158341
ic_g5,101,35,2,74467,174467
ic_g5,101,35,3,53913,153913
ic_g5,101,35,4,9845,109845
ic_g5,101,35,5,48760,148760
ic_g5,101,35,6,68290,168290
ic_g5,101,35,7,97870,197870
ic_g5,101,35,8,39128,139128
ic_g5,101,35,9,95586,195586
ic_g5,101,36,0,93905,193905
ic_g5,101,36,1,8201,108201
ic_g5,101,36,2,4358,104358
ic_g5,101,36,3,66874,166874
ic_g5,101,36,4,75647,175647
ic_g5,101,36,5,13960,113960
ic_g5,101,36,6,79630,179630
ic_g5,101,36,7,6330,106330
ic_g5,101,36,8,29225,129225
ic_g5,101,36,9,23870,123870
ic_g5,101,37,0,63514,163514
ic_g5,101,37,1,94157,194157
ic_g5,101,37,2,70311,170311
ic_g5,101,37,3,81913,181913
ic_g5,101,37,4,42939,142939
ic_g5,101,37,5,56604,156604
ic_g5,101,37,6,26434,126434
ic_g5,101,37,7,31172,131172
ic_g5,101,37,8,74067,174067
ic_g5,101,37,9,1543,101543
ic_g5,101,38,0,42950,142950
ic_g5,101,38,1,79434,179434
ic_g5,101,38,2,99612,199612
ic_g5,101,38,3,26710,126710
ic_g5,101,38,4,83946,183946
ic_g5,101,38,5,34112,134112
ic_g5,101,38,6,94580,194580
ic_g5,101,38,7,71374,171374
ic_g5,101,38,8,6543,106543
ic_g5,101,38,9,91839,191839
ic_g5,101,39,0,77520,177520
ic_g5,101,39,1,17817,117817
ic_g5,101,39,2,72357,172357
ic_g5,101,39,3,67390,167390
ic_g5,101,39,4,31399,131399
ic_g5,101,39,5,90804,190804
ic_g5,101,39,6,61093,161093
ic_g5,101,39,7,65983,165983
ic_g5,101,39,8,75145,175145
ic_g5,101,39,9,75530,175530
ic_g5,102,0,0,97475,197475
ic_g5,102,0,1,22982,122982
ic_g5,102,0,2,38258,138258
ic_g5,102,0,3,23766,123766
ic_g5,102,0,4,89520,189520
ic_g5,102,0,5,70779,170779
ic_g5,102,0,6,26513,126513
ic_g5,102,0,7,36061,136061
ic_g5,102,0,8,98289,198289
ic_g5,102,0,9,21022,121022
ic_g5,102,1,0,43255,143255
ic_g5,102,1,1,1324,101324
ic_g5,102,1,2,18031,118031
ic_g5,102,1,3,67544,167544
ic_g5,102,1,4,54684,154684
ic_g5,102,1,5,39219,139219
ic_g5,102,1,6,4819,104819
ic_g5,102,1,7,98427,198427
ic_g5,102,1,8,43273,143273
ic_g5,102,1,9,10587,110587
ic_g5,102,2,0,35292,135292
ic_g5,102,2,1,75005,175005
ic_g5,102,2,2,5203,105203
ic_g5,102,2,3,85339,185339
ic_g5,102,2,4,74571,174571
ic_g5,102,2,5,30258,130258
ic_g5,102,2,6,56639,156639
ic_g5,102,2,7,94289,194289
ic_g5,102,2,8,73539,173539
ic_g5,102,2,9,24210,124210
ic_g5,102,3,0,92402,192402
ic_g5,102,3,1,63709,163709
ic_g5,102,3,2,15183,115183
ic_g5,102,3,3,6154,106154
ic_g5,102,3,4,84607,184607
ic_g5,102,3,5,23518,123518
ic_g5,102,3,6,90503,190503
ic_g5,102,3,7,82649,182649
ic_g5,102,3,8,38536,138536
ic_g5,102,3,9,68350,168350
ic_g5,102,4,0,6239,106239
ic_g5,102,4,1,19483,119483
ic_g5,102,4,2,14960,114960
ic_g5,102,4,3,94786,194786
ic_g5,102,4,4,5366,105366
ic_g5,102,4,5,81160,181160
ic_g5,102,4,6,8995,108995
ic_g5,102,4,7,58836,158836
ic_g5,102,4,8,24672,124672
ic_g5,102,4,9,40325,140325
ic_g5,102,5,0,89137,189137
ic_g5,102,5,1,36622,136622
ic_g5,102,5,2,56081,156081
ic_g5,102,5,3,56118,156118
ic_g5,102,5,4,96838,196838
ic_g5,102,5,5,89497,189497
ic_g5,102,5,6,94574,194574
ic_g5,102,5,7,44668,144668
ic_g5,102,5,8,18007,118007
ic_g5,102,5,9,93576,193576
ic_g5,102,6,0,25768,125768
ic_g5,102,6,1,46151,146151
ic_g5,102,6,2,13745,113745
ic_g5,102,6,3,95961,195961
ic_g5,102,6,4,20349,120349
ic_g5,102,6,5,57918,157918
ic_g5,102,6,6,58861,158861
ic_g5,102,6,7,57295,157295
ic_g5,102,6,8,6944,106944
ic_g5,102,6,9,37267,137267
ic_g5,102,7,0,17097,117097
ic_g5,102,7,1,11847,111847
ic_g5,102,7,2,59863,159863
ic_g5,102,7,3,25432,125432
ic_g5,102,7,4,52266,152266
ic_g5,102,7,5,54254,154254
ic_g5,102,7,6,68688,168688
ic_g5,102,7,7,3687,103687
ic_g5,102,7,8,42774,142774
ic_g5,102,7,9,89025,189025
ic_g5,102,8,0,68562,168562
ic_g5,102,8,1,1276,101276
ic_g5,102,8,2,26136,126136
ic_g5,102,8,3,96879,196879
ic_g5,102,8,4,70303,170303
ic_g5,102,8,5,65473,165473
ic_g5,102,8,6,92825,192825
ic_g5,102,8,7,2414,102414
ic_g5,102,8,8,6883,106883
ic_g5,102,8,9,93390,193390
ic_g5,102,9,0,39327,139327
ic_g5,102,9,1,36056,136056
ic_g5,102,9,2,80924,180924
ic_g5,102,9,3,28631,128631
ic_g5,102,9,4,9464,109464
ic_g5,102,9,5,65734,165734
ic_g5,102,9,6,95244,195244
ic_g5,102,9,7,23620,123620
ic_g5,102,9,8,68733,168733
ic_g5,102,9,9,11222,111222
ic_g5,102,10,0,93683,193683
ic_g5,102,10,1,19967,119967
ic_g5,102,10,2,65874,165874
ic_g5,102,10,3,89645,189645
ic_g5,102,10,4,68678,168678
ic_g5,102,10,5,18976,118976
ic_g5,102,10,6,28735,128735
ic_g5,102,10,7,11831,111831
ic_g5,102,10,8,76342,176342
ic_g5,102,10,9,44881,144881
ic_g5,102,11,0,5114,105114
ic_g5,102,11,1,49402,149402
ic_g5,102,11,2,85398,185398
ic_g5,102,11,3,74983,174983
ic_g5,102,11,4,29899,129899
ic_g5,102,11,5,51251,151251
ic_g5,102,11,6,79808,179808
ic_g5,102,11,7,94474,194474
ic_g5,102,11,8,27883,127883
ic_g5,102,11,9,49152,149152
ic_g5,102,12,0,52980,152980
ic_g5,102,12,1,56309,156309
ic_g5,102,12,2,3533,103533
ic_g5,102,12,3,15774,115774
ic_g5,102,12,4,90458,190458
ic_g5,102,12,5,45724,145724
ic_g5,102,12,6,72427,172427
ic_g5,102,12,7,94765,194765
ic_g5,102,12,8,50956,150956
ic_g5,102,12,9,38738,138738
ic_g5,102,13,0,44596,144596
ic_g5,102,13,1,14658,114658
ic_g5,102,13,2,74037,174037
ic_g5,102,13,3,19633,119633
ic_g5,102,13,4,63966,163966
ic_g5,102,13,5,85136,185136
ic_g5,102,13,6,56504,156504
ic_g5,102,13,7,35945,135945
ic_g5,102,13,8,74239,174239
ic_g5,102,13,9,18290,118290
ic_g5,102,14,0,59955,159955
ic_g5,102,14,1,17273,117273
ic_g5,102,14,2,78029,178029
ic_g5,102,14,3,43769,143769
ic_g5,102,14,4,23780,123780
ic_g5,102,14,5,95537,195537
ic_g5,102,14,6,15146,115146
ic_g5,102,14,7,51948,151948
ic_g5,102,14,8,25376,125376
ic_g5,102,14,9,10291,110291
ic_g5,102,15,0,7419,107419
ic_g5,102,15,1,27866,127866
ic_g5,102,15,2,99439,199439
ic_g5,102,15,3,35632,135632
ic_g5,102,15,4,79354,179354
ic_g5,102,15,5,96859,196859
ic_g5,102,15,6,49521,149521
ic_g5,102,15,7,5772,105772
ic_g5,102,15,8,4670,104670
ic_g5,102,15,9,53660,153660
ic_g5,102,16,0,3448,103448
ic_g5,102,16,1,74835,174835
ic_g5,102,16,2,98396,198396
ic_g5,102,16,3,67705,167705
ic_g5,102,16,4,60467,160467
ic_g5,102,16,5,80388,180388
ic_g5,102,16,6,5256,105256
ic_g5,102,16,7,83378,183378
ic_g5,102,16,8,62888,162888
ic_g5,102,16,9,29074,129074
ic_g5,102,17,0,28303,128303
ic_g5,102,17,1,62568,162568
ic_g5,102,17,2,54461,154461
ic_g5,102,17,3,46772,146772
ic_g5,102,17,4,11662,111662
ic_g5,102,17,5,54048,154048
ic_g5,102,17,6,63517,163517
ic_g5,102,17,7,79662,179662
ic_g5,102,17,8,10805,110805
ic_g5,102,17,9,83943,183943
ic_g5,102,18,0,65309,165309
ic_g5,102,18,1,46782,146782
ic_g5,102,18,2,57423,157423
ic_g5,102,18,3,70255,170255
ic_g5,102,18,4,442,100442
ic_g5,102,18,5,77638,177638
ic_g5,102,18,6,92046,192046
ic_g5,102,18,7,24876,124876
ic_g5,102,18,8,29219,129219
ic_g5,102,18,9,99558,199558
ic_g5,102,19,0,21960,121960
ic_g5,102,19,1,99358,199358
ic_g5,102,19,2,6501,106501
ic_g5,102,19,3,45468,145468
ic_g5,102,19,4,85478,185478
ic_g5,102,19,5,34786,134786
ic_g5,102,19,6,73068,173068
ic_g5,102,19,7,54729,154729
ic_g5,102,19,8,91573,191573
ic_g5,102,19,9,68931,168931
ic_g5,102,20,0,15497,115497
ic_g5,102,20,1,11453,111453
ic_g5,102,20,2,73380,173380
ic_g5,102,20,3,98085,198085
ic_g5,102,20,4,94832,194832
ic_g5,102,20,5,317,100317
ic_g5,102,20,6,73278,173278
ic_g5,102,20,7,38598,138598
ic_g5,102,20,8,69415,169415
ic_g5,102,20,9,82140,182140
ic_g5,102,21,0,60906,160906
ic_g5,102,21,1,42000,142000
ic_g5,102,21,2,68872,168872
ic_g5,102,21,3,27436,127436
ic_g5,102,21,4,74302,174302
ic_g5,102,21,5,35823,135823
ic_g5,102,21,6,14446,114446
ic_g5,102,21,7,72099,172099
ic_g5,102,21,8,61370,161370
ic_g5,102,21,9,90457,190457
ic_g5,102,22,0,54205,154205
ic_g5,102,22,1,48858,148858
ic_g5,102,22,2,56812,156812
ic_g5,102,22,3,36491,136491
ic_g5,102,22,4,82407,182407
ic_g5,102,22,5,32465,132465
ic_g5,102,22,6,17525,117525
ic_g5,102,22,7,31416,131416
ic_g5,102,22,8,9419,109419
ic_g5,102,22,9,63243,163243
ic_g5,102,23,0,77240,177240
ic_g5,102,23,1,15538,115538
ic_g5,102,23,2,37572,137572
ic_g5,102,23,3,83455,183455
ic_g5,102,23,4,89925,189925
ic_g5,102,23,5,50946,150946
ic_g5,102,23,6,37057,137057
ic_g5,102,23,7,13944,113944
ic_g5,102,23,8,86711,186711
ic_g5,102,23,9,34652,134652
ic_g5,102,24,0,89012,189012
ic_g5,102,24,1,30169,130169
ic_g5,102,24,2,25214,125214
ic_g5,102,24,3,94634,194634
ic_g5,102,24,4,26300,126300
ic_g5,102,24,5,61936,161936
ic_g5,102,24,6,37380,137380
ic_g5,102,24,7,81936,181936
ic_g5,102,24,8,97273,197273
ic_g5,102,24,9,33379,133379
ic_g5,102,25,0,73743,173743
ic_g5,102,25,1,88477,188477
ic_g5,102,25,2,91574,191574
ic_g5,102,25,3,73390,173390
ic_g5,102,25,4,51765,151765
ic_g5,102,25,5,94396,194396
ic_g5,102,25,6,42751,142751
ic_g5,102,25,7,82631,182631
ic_g5,102,25,8,21239,121239
ic_g5,102,25,9,8475,108475
ic_g5,102,26,0,13967,113967
ic_g5,102,26,1,55122,155122
ic_g5,102,26,2,81249,181249
ic_g5,102,26,3,25144,125144
ic_g5,102,26,4,79486,179486
ic_g5,102,26,5,82170,182170
ic_g5,102,26,6,93073,193073
ic_g5,102,26,7,21383,121383
ic_g5,102,26,8,20443,120443
ic_g5,102,26,9,63193,163193
ic_g5,102,27,0,81965,181965
ic_g5,102,27,1,77843,177843
ic_g5,102,27,2,3137,103137
ic_g5,102,27,3,99417,199417
ic_g5,102,27,4,4284,104284
ic_g5,102,27,5,78635,178635
ic_g5,102,27,6,58195,158195
ic_g5,102,27,7,66483,166483
ic_g5,102,27,8,5522,105522
ic_g5,102,27,9,22925,122925
ic_g5,102,28,0,44162,144162
ic_g5,102,28,1,30706,130706
ic_g5,102,28,2,60179,160179
ic_g5,102,28,3,35131,135131
ic_g5,102,28,4,49458,149458
ic_g5,102,28,5,14056,114056
ic_g5,102,28,6,99144,199144
ic_g5,102,28,7,62624,162624
ic_g5,102,28,8,62724,162724
ic_g5,102,28,9,412,100412
ic_g5,102,29,0,60484,160484
ic_g5,102,29,1,8065,108065
ic_g5,102,29,2,95518,195518
ic_g5,102,29,3,38044,138044
ic_g5,102,29,4,29440,129440
ic_g5,102,29,5,4846,104846
ic_g5,102,29,6,61392,161392
ic_g5,102,29,7,93115,193115
ic_g5,102,29,8,61813,161813
ic_g5,102,29,9,814,100814
ic_g5,102,30,0,18061,118061
ic_g5,102,30,1,69247,169247
ic_g5,102,30,2,32740,132740
ic_g5,102,30,3,10367,110367
ic_g5,102,30,4,99045,199045
ic_g5,102,30,5,93521,193521
ic_g5,102,30,6,4789,104789
ic_g5,102,30,7,53221,153221
ic_g5,102,30,8,73732,173732
ic_g5,102,30,9,87555,187555
ic_g5,102,31,0,46702,146702
ic_g5,102,31,1,12828,112828
ic_g5,102,31,2,30756,130756
ic_g5,102,31,3,66245,166245
ic_g5,102,31,4,14826,114826
ic_g5,102,31,5,86941,186941
ic_g5,102,31,6,63605,163605
ic_g5,102,31,7,61154,161154
ic_g5,102,31,8,87742,187742
ic_g5,102,31,9,22137,122137
ic_g5,102,32,0,24122,124122
ic_g5,102,32,1,46341,146341
ic_g5,102,32,2,7094,107094
ic_g5,102,32,3,69362,169362
ic_g5,102,32,4,69416,169416
ic_g5,102,32,5,69992,169992
ic_g5,102,32,6,12875,112875
ic_g5,102,32,7,4477,104477
ic_g5,102,32,8,15696,115696
ic_g5,102,32,9,47415,147415
ic_g5,102,33,0,19891,119891
ic_g5,102,33,1,19835,119835
ic_g5,102,33,2,28293,128293
ic_g5,102,33,3,82216,182216
ic_g5,102,33,4,7097,107097
ic_g5,102,33,5,97069,197069
ic_g5,102,33,6,3699,103699
ic_g5,102,33,7,87948,187948
ic_g5,102,33,8,39744,139744
ic_g5,102,33,9,96802,196802
ic_g5,102,34,0,68173,168173
ic_g5,102,34,1,8981,108981
ic_g5,102,34,2,18997,118997
ic_g5,102,34,3,11685,111685
ic_g5,102,34,4,79468,179468
ic_g5,102,34,5,60733,160733
ic_g5,102,34,6,7445,107445
ic_g5,102,34,7,5829,105829
ic_g5,102,34,8,4087,104087
ic_g5,102,34,9,16470,116470
ic_g5,102,35,0,29713,129713
ic_g5,102,35,1,31580,131580
ic_g5,102,35,2,80663,180663
ic_g5,102,35,3,19592,119592
ic_g5,102,35,4,11975,111975
ic_g5,102,35,5,65259,165259
ic_g5,102,35,6,71877,171877
ic_g5,102,35,7,22882,122882
ic_g5,102,35,8,14680,114680
ic_g5,102,35,9,55876,155876
ic_g5,102,36,0,37620,137620
ic_g5,102,36,1,28413,128413
ic_g5,102,36,2,84124,184124
ic_g5,102,36,3,50498,150498
ic_g5,102,36,4,55798,155798
ic_g5,102,36,5,72795,172795
ic_g5,102,36,6,80282,180282
ic_g5,102,36,7,93604,193604
ic_g5,102,36,8,28307,128307
ic_g5,102,36,9,34730,134730
ic_g5,102,37,0,22172,122172
ic_g5,102,37,1,16580,116580
ic_g5,102,37,2,53198,153198
ic_g5,102,37,3,12013,112013
ic_g5,102,37,4,97875,197875
ic_g5,102,37,5,82636,182636
ic_g5,102,37,6,67526,167526
ic_g5,102,37,7,99235,199235
ic_g5,102,37,8,74269,174269
ic_g5,102,37,9,73832,173832
ic_g5,102,38,0,16083,116083
ic_g5,102,38,1,4147,104147
ic_g5,102,38,2,38068,138068
ic_g5,102,38,3,53054,153054
ic_g5,102,38,4,68036,168036
ic_g5,102,38,5,65877,165877
ic_g5,102,38,6,32450,132450
ic_g5,102,38,7,54680,154680
ic_g5,102,38,8,81911,181911
ic_g5,102,38,9,64841,164841
ic_g5,102,39,0,98516,198516
ic_g5,102,39,1,62689,162689
ic_g5,102,39,2,43268,143268
ic_g5,102,39,3,83765,183765
ic_g5,102,39,4,58323,158323
ic_g5,102,39,5,65396,165396
ic_g5,102,39,6,27610,127610
ic_g5,102,39,7,73414,173414
ic_g5,102,39,8,95153,195153
ic_g5,102,39,9,35245,135245
ic_g5,103,0,0,197,100197
ic_g5,103,0,1,26029,126029
ic_g5,103,0,2,74547,174547
ic_g5,103,0,3,13012,113012
ic_g5,103,0,4,28381,128381
ic_g5,103,0,5,25499,125499
ic_g5,103,0,6,95149,195149
ic_g5,103,0,7,36980,136980
ic_g5,103,0,8,82370,182370
ic_g5,103,0,9,10891,110891
ic_g5,103,1,0,20260,120260
ic_g5,103,1,1,33535,133535
ic_g5,103,1,2,77493,177493
ic_g5,103,1,3,59451,159451
ic_g5,103,1,4,94260,194260
ic_g5,103,1,5,88624,188624
ic_g5,103,1,6,92705,192705
ic_g5,103,1,7,87002,187002
ic_g5,103,1,8,73144,173144
ic_g5,103,1,9,39819,139819
ic_g5,103,2,0,61965,161965
ic_g5,103,2,1,95930,195930
ic_g5,103,2,2,18407,118407
ic_g5,103,2,3,70655,170655
ic_g5,103,2,4,6016,106016
ic_g5,103,2,5,76184,176184
ic_g5,103,2,6,39735,139735
ic_g5,103,2,7,3504,103504
ic_g5,103,2,8,34651,134651
ic_g5,103,2,9,87586,187586
ic_g5,103,3,0,46333,146333
ic_g5,103,3,1,1340,101340
ic_g5,103,3,2,38501,138501
ic_g5,103,3,3,57517,157517
ic_g5,103,3,4,50085,150085
ic_g5,103,3,5,23031,123031
ic_g5,103,3,6,34552,134552
ic_g5,103,3,7,75926,175926
ic_g5,103,3,8,2266,102266
ic_g5,103,3,9,29088,129088
ic_g5,103,4,0,12225,112225
ic_g5,103,4,1,17035,117035
ic_g5,103,4,2,33350,133350
ic_g5,103,4,3,75465,175465
ic_g5,103,4,4,36030,136030
ic_g5,103,4,5,69012,169012
ic_g5,103,4,6,57693,157693
ic_g5,103,4,7,45872,145872
ic_g5,103,4,8,67485,167485
ic_g5,103,4,9,59494,159494
ic_g5,103,5,0,17607,117607
ic_g5,103,5,1,59574,159574
ic_g5,103,5,2,69276,169276
ic_g5,103,5,3,53045,153045
ic_g5,103,5,4,23784,123784
ic_g5,103,5,5,73117,173117
ic_g5,103,5,6,83158,183158
ic_g5,103,5,7,39052,139052
ic_g5,103,5,8,46265,146265
ic_g5,103,5,9,6115,106115
ic_g5,103,6,0,72418,172418
ic_g5,103,6,1,66411,166411
ic_g5,103,6,2,36774,136774
ic_g5,103,6,3,91344,191344
ic_g5,103,6,4,56964,156964
ic_g5,103,6,5,43107,143107
ic_g5,103,6,6,42804,142804
ic_g5,103,6,7,51543,151543
ic_g5,103,6,8,38546,138546
ic_g5,103,6,9,56372,156372
ic_g5,103,7,0,92929,192929
ic_g5,103,7,1,4410,104410
ic_g5,103,7,2,5034,105034
ic_g5,103,7,3,78126,178126
ic_g5,103,7,4,84430,184430
ic_g5,103,7,5,467,100467
ic_g5,103,7,6,7267,107267
ic_g5,103,7,7,2446,102446
ic_g5,103,7,8,67033,167033
ic_g5,103,7,9,85927,185927
ic_g5,103,8,0,83919,183919
ic_g5,103,8,1,57080,157080
ic_g5,103,8,2,90211,190211
ic_g5,103,8,3,5132,105132
ic_g5,103,8,4,35631,135631
ic_g5,103,8,5,5354,105354
ic_g5,103,8,6,48145,148145
ic_g5,103,8,7,97443,197443
ic_g5,103,8,8,46370,146370
ic_g5,103,8,9,41543,141543
ic_g5,103,9,0,99627,199627
ic_g5,103,9,1,56534,156534
ic_g5,103,9,2,39955,139955
ic_g5,103,9,3,26084,126084
ic_g5,103,9,4,73590,173590
ic_g5,103,9,5,23511,123511
ic_g5,103,9,6,1973,101973
ic_g5,103,9,7,44819,144819
ic_g5,103,9,8,17395,117395
ic_g5,103,9,9,59117,159117
ic_g5,103,10,0,88845,188845
ic_g5,103,10,1,20443,120443
ic_g5,103,10,2,6947,106947
ic_g5,103,10,3,62930,162930
ic_g5,103,10,4,47271,147271
ic_g5,103,10,5,42370,142370
ic_g5,103,10,6,13,100013
ic_g5,103,10,7,44020,144020
ic_g5,103,10,8,34688,134688
ic_g5,103,10,9,78620,178620
ic_g5,103,11,0,2965,102965
ic_g5,103,11,1,24299,124299
ic_g5,103,11,2,59583,159583
ic_g5,103,11,3,61306,161306
ic_g5,103,11,4,71499,171499
ic_g5,103,11,5,90893,190893
ic_g5,103,11,6,88015,188015
ic_g5,103,11,7,78828,178828
ic_g5,103,11,8,3087,103087
ic_g5,103,11,9,78929,178929
ic_g5,103,12,0,47043,147043
ic_g5,103,12,1,46194,146194
ic_g5,103,12,2,7862,107862
ic_g5,103,12,3,69586,169586
ic_g5,103,12,4,70566,170566
ic_g5,103,12,5,87459,187459
ic_g5,103,12,6,28451,128451
ic_g5,103,12,7,72774,172774
ic_g5,103,12,8,57756,157756
ic_g5,103,12,9,59182,159182
ic_g5,103,13,0,25698,125698
ic_g5,103,13,1,84103,184103
ic_g5,103,13,2,6990,106990
ic_g5,103,13,3,43832,143832
ic_g5,103,13,4,63963,163963
ic_g5,103,13,5,70822,170822
ic_g5,103,13,6,91573,191573
ic_g5,103,13,7,8525,108525
ic_g5,103,13,8,90060,190060
ic_g5,103,13,9,87026,187026
ic_g5,103,14,0,91809,191809
ic_g5,103,14,1,24244,124244
ic_g5,103,14,2,83808,183808
ic_g5,103,14,3,2143,102143
ic_g5,103,14,4,69446,169446
ic_g5,103,14,5,52422,152422
ic_g5,103,14,6,50282,150282
ic_g5,103,14,7,80175,180175
ic_g5,103,14,8,15866,115866
ic_g5,103,14,9,70898,170898
ic_g5,103,15,0,35319,135319
ic_g5,103,15,1,36751,136751
ic_g5,103,15,2,19075,119075
ic_g5,103,15,3,20296,120296
ic_g5,103,15,4,62326,162326
ic_g5,103,15,5,9405,109405
ic_g5,103,15,6,68671,168671
ic_g5,103,15,7,57626,157626
ic_g5,103,15,8,72663,172663
ic_g5,103,15,9,67814,167814
ic_g5,103,16,0,37408,137408
ic_g5,103,16,1,82064,182064
ic_g5,103,16,2,9075,109075
ic_g5,103,16,3,40501,140501
ic_g5,103,16,4,35455,135455
ic_g5,103,16,5,22316,122316
ic_g5,103,16,6,82358,182358
ic_g5,103,16,7,20380,120380
ic_g5,103,16,8,84895,184895
ic_g5,103,16,9,13844,113844
ic_g5,103,17,0,27053,127053
ic_g5,103,17,1,26740,126740
ic_g5,103,17,2,48433,148433
ic_g5,103,17,3,22791,122791
ic_g5,103,17,4,72624,172624
ic_g5,103,17,5,14672,114672
ic_g5,103,17,6,10027,110027
ic_g5,103,17,7,61497,161497
ic_g5,103,17,8,64912,164912
ic_g5,103,17,9,43618,143618
ic_g5,103,18,0,38065,138065
ic_g5,103,18,1,88470,188470
ic_g5,103,18,2,74930,174930
ic_g5,103,18,3,25723,125723
ic_g5,103,18,4,22232,122232
ic_g5,103,18,5,55664,155664
ic_g5,103,18,6,71488,171488
ic_g5,103,18,7,92971,192971
ic_g5,103,18,8,95428,195428
ic_g5,103,18,9,59333,159333
ic_g5,103,19,0,84162,184162
ic_g5,103,19,1,9413,109413
ic_g5,103,19,2,48966,148966
ic_g5,103,19,3,18928,118928
ic_g5,103,19,4,91805,191805
ic_g5,103,19,5,85764,185764
ic_g5,103,19,6,83214,183214
ic_g5,103,19,7,78121,178121
ic_g5,103,19,8,46211,146211
ic_g5,103,19,9,8201,108201
ic_g5,103,20,0,85554,185554
ic_g5,103,20,1,41562,141562
ic_g5,103,20,2,43493,143493
ic_g5,103,20,3,93566,193566
ic_g5,103,20,4,48160,148160
ic_g5,103,20,5,12517,112517
ic_g5,103,20,6,6923,106923
ic_g5,103,20,7,95652,195652
ic_g5,103,20,8,26896,126896
ic_g5,103,20,9,61781,161781
ic_g5,103,21,0,91553,191553
ic_g5,103,21,1,4628,104628
ic_g5,103,21,2,77178,177178
ic_g5,103,21,3,78616,178616
ic_g5,103,21,4,30828,130828
ic_g5,103,21,5,55141,155141
ic_g5,103,21,6,92241,192241
ic_g5,103,21,7,225,100225
ic_g5,103,21,8,41097,141097
ic_g5,103,21,9,49262,149262
ic_g5,103,22,0,41461,141461
ic_g5,103,22,1,90457,190457
ic_g5,103,22,2,60925,160925
ic_g5,103,22,3,71959,171959
ic_g5,103,22,4,28885,128885
ic_g5,103,22,5,20088,120088
ic_g5,103,22,6,81141,181141
ic_g5,103,22,7,71671,171671
ic_g5,103,22,8,34182,134182
ic_g5,103,22,9,78448,178448
ic_g5,103,23,0,28584,128584
ic_g5,103,23,1,81173,181173
ic_g5,103,23,2,61793,161793
ic_g5,103,23,3,3887,103887
ic_g5,103,23,4,88256,188256
ic_g5,103,23,5,14828,114828
ic_g5,103,23,6,60129,160129
ic_g5,103,23,7,18644,118644
ic_g5,103,23,8,85022,185022
ic_g5,103,23,9,69828,169828
ic_g5,103,24,0,49321,149321
ic_g5,103,24,1,77566,177566
ic_g5,103,24,2,43879,143879
ic_g5,103,24,3,19333,119333
ic_g5,103,24,4,3679,103679
ic_g5,103,24,5,89187,189187
ic_g5,103,24,6,31733,131733
ic_g5,103,24,7,10354,110354
ic_g5,103,24,8,61634,161634
ic_g5,103,24,9,73931,173931
ic_g5,103,25,0,11604,111604
ic_g5,103,25,1,64942,164942
ic_g5,103,25,2,6764,106764
ic_g5,103,25,3,22821,122821
ic_g5,103,25,4,48832,148832
ic_g5,103,25,5,40981,140981
ic_g5,103,25,6,52180,152180
ic_g5,103,25,7,94248,194248
ic_g5,103,25,8,53616,153616
ic_g5,103,25,9,90765,190765
ic_g5,103,26,0,40333,140333
ic_g5,103,26,1,7957,107957
ic_g5,103,26,2,81344,181344
ic_g5,103,26,3,86532,186532
ic_g5,103,26,4,39778,139778
ic_g5,103,26,5,87161,187161
ic_g5,103,26,6,27324,127324
ic_g5,103,26,7,32489,132489
ic_g5,103,26,8,80089,180089
ic_g5,103,26,9,33214,133214
ic_g5,103,27,0,37676,137676
ic_g5,103,27,1,10355,110355
ic_g5,103,27,2,7602,107602
ic_g5,103,27,3,97166,197166
ic_g5,103,27,4,75713,175713
ic_g5,103,27,5,89422,189422
ic_g5,103,27,6,37775,137775
ic_g5,103,27,7,75602,175602
ic_g5,103,27,8,81479,181479
ic_g5,103,27,9,45383,145383
ic_g5,103,28,0,97262,197262
ic_g5,103,28,1,147,100147
ic_g5,103,28,2,49266,149266
ic_g5,103,28,3,29668,129668
ic_g5,103,28,4,97605,197605
ic_g5,103,28,5,55898,155898
ic_g5,103,28,6,66891,166891
ic_g5,103,28,7,57670,157670
ic_g5,103,28,8,66395,166395
ic_g5,103,28,9,26507,126507
ic_g5,103,29,0,815,100815
ic_g5,103,29,1,73640,173640
ic_g5,103,29,2,62490,162490
ic_g5,103,29,3,7302,107302
ic_g5,103,29,4,46116,146116
ic_g5,103,29,5,58959,158959
ic_g5,103,29,6,47400,147400
ic_g5,103,29,7,70879,170879
ic_g5,103,29,8,7634,107634
ic_g5,103,29,9,90610,190610
ic_g5,103,30,0,73643,173643
ic_g5,103,30,1,51951,151951
ic_g5,103,30,2,45083,145083
ic_g5,103,30,3,77961,177961
ic_g5,103,30,4,75224,175224
ic_g5,103,30,5,699,100699
ic_g5,103,30,6,14888,114888
ic_g5,103,30,7,76267,176267
ic_g5,103,30,8,61334,161334
ic_g5,103,30,9,92184,192184
ic_g5,103,31,0,80404,180404
ic_g5,103,31,1,39274,139274
ic_g5,103,31,2,50455,150455
ic_g5,103,31,3,22004,122004
ic_g5,103,31,4,75292,175292
ic_g5,103,31,5,65962,165962
ic_g5,103,31,6,25952,125952
ic_g5,103,31,7,47479,147479
ic_g5,103,31,8,20131,120131
ic_g5,103,31,9,11600,111600
ic_g5,103,32,0,45067,145067
ic_g5,103,32,1,98689,198689
ic_g5,103,32,2,12758,112758
ic_g5,103,32,3,30859,130859
ic_g5,103,32,4,98311,198311
ic_g5,103,32,5,18800,118800
ic_g5,103,32,6,65682,165682
ic_g5,103,32,7,22654,122654
ic_g5,103,32,8,6560,106560
ic_g5,103,32,9,29414,129414
ic_g5,103,33,0,95513,195513
ic_g5,103,33,1,36860,136860
ic_g5,103,33,2,50888,150888
ic_g5,103,33,3,54160,154160
ic_g5,103,33,4,94241,194241
ic_g5,103,33,5,7148,107148
ic_g5,103,33,6,81717,181717
ic_g5,103,33,7,22192,122192
ic_g5,103,33,8,52837,152837
ic_g5,103,33,9,91870,191870
ic_g5,103,34,0,64311,164311
ic_g5,103,34,1,18333,118333
ic_g5,103,34,2,28617,128617
ic_g5,103,34,3,88056,188056
ic_g5,103,34,4,55237,155237
ic_g5,103,34,5,95884,195884
ic_g5,103,34,6,99065,199065
ic_g5,103,34,7,33212,133212
ic_g5,103,34,8,23117,123117
ic_g5,103,34,9,2419,102419
ic_g5,103,35,0,63884,163884
ic_g5,103,35,1,98615,198615
ic_g5,103,35,2,79485,179485
ic_g5,103,35,3,48637,148637
ic_g5,103,35,4,79689,179689
ic_g5,103,35,5,73507,173507
ic_g5,103,35,6,41681,141681
ic_g5,103,35,7,61111,161111
ic_g5,103,35,8,75427,175427
ic_g5,103,35,9,54100,154100
ic_g5,103,36,0,76213,176213
ic_g5,103,36,1,97825,197825
ic_g5,103,36,2,63876,163876
ic_g5,103,36,3,85985,185985
ic_g5,103,36,4,18623,118623
ic_g5,103,36,5,8676,108676
ic_g5,103,36,6,81938,181938
ic_g5,103,36,7,41480,141480
ic_g5,103,36,8,67653,167653
ic_g5,103,36,9,23609,123609
ic_g5,103,37,0,73322,173322
ic_g5,103,37,1,89894,189894
ic_g5,103,37,2,91834,191834
ic_g5,103,37,3,61007,161007
ic_g5,103,37,4,83509,183509
ic_g5,103,37,5,34802,134802
ic_g5,103,37,6,42678,142678
ic_g5,103,37,7,69500,169500
ic_g5,103,37,8,6562,106562
ic_g5,103,37,9,63263,163263
ic_g5,103,38,0,74594,174594
ic_g5,103,38,1,31888,131888
ic_g5,103,38,2,3894,103894
ic_g5,103,38,3,53963,153963
ic_g5,103,38,4,18725,118725
ic_g5,103,38,5,42862,142862
ic_g5,103,38,6,34446,134446
ic_g5,103,38,7,3703,103703
ic_g5,103,38,8,1097,101097
ic_g5,103,38,9,51569,151569
ic_g5,103,39,0,2183,102183
ic_g5,103,39,1,82469,182469
ic_g5,103,39,2,86778,186778
ic_g5,103,39,3,57156,157156
ic_g5,103,39,4,60837,160837
ic_g5,103,39,5,52005,152005
ic_g5,103,39,6,60132,160132
ic_g5,103,39,7,15989,115989
ic_g5,103,39,8,8308,108308
ic_g5,103,39,9,45914,145914
ic_g5,104,0,0,76578,176578
ic_g5,104,0,1,78322,178322
ic_g5,104,0,2,43836,143836
ic_g5,104,0,3,35029,135029
ic_g5,104,0,4,28215,128215
ic_g5,104,0,5,45049,145049
ic_g5,104,0,6,31461,131461
ic_g5,104,0,7,2318,102318
ic_g5,104,0,8,11998,111998
ic_g5,104,0,9,61585,161585
ic_g5,104,1,0,29960,129960
ic_g5,104,1,1,70243,170243
ic_g5,104,1,2,75770,175770
ic_g5,104,1,3,73474,173474
ic_g5,104,1,4,80610,180610
ic_g5,104,1,5,47187,147187
ic_g5,104,1,6,93316,193316
ic_g5,104,1,7,9748,109748
ic_g5,104,1,8,5129,105129
ic_g5,104,1,9,87600,187600
ic_g5,104,2,0,39712,139712
ic_g5,104,2,1,18462,118462
ic_g5,104,2,2,47716,147716
ic_g5,104,2,3,41806,141806
ic_g5,104,2,4,22293,122293
ic_g5,104,2,5,70010,170010
ic_g5,104,2,6,9643,109643
ic_g5,104,2,7,38878,138878
ic_g5,104,2,8,19273,119273
ic_g5,104,2,9,86043,186043
ic_g5,104,3,0,32999,132999
ic_g5,104,3,1,89624,189624
ic_g5,104,3,2,29538,129538
ic_g5,104,3,3,54076,154076
ic_g5,104,3,4,36397,136397
ic_g5,104,3,5,95045,195045
ic_g5,104,3,6,85035,185035
ic_g5,104,3,7,89122,189122
ic_g5,104,3,8,64199,164199
ic_g5,104,3,9,28092,128092
ic_g5,104,4,0,81774,181774
ic_g5,104,4,1,83073,183073
ic_g5,104,4,2,36410,136410
ic_g5,104,4,3,76313,176313
ic_g5,104,4,4,49283,149283
ic_g5,104,4,5,47706,147706
ic_g5,104,4,6,91429,191429
ic_g5,104,4,7,19162,119162
ic_g5,104,4,8,31874,131874
ic_g5,104,4,9,6285,106285
ic_g5,104,5,0,41194,141194
ic_g5,104,5,1,85017,185017
ic_g5,104,5,2,64035,164035
ic_g5,104,5,3,10015,110015
ic_g5,104,5,4,94559,194559
ic_g5,104,5,5,22510,122510
ic_g5,104,5,6,28031,128031
ic_g5,104,5,7,66329,166329
ic_g5,104,5,8,89870,189870
ic_g5,104,5,9,77447,177447
ic_g5,104,6,0,62281,162281
ic_g5,104,6,1,87627,187627
ic_g5,104,6,2,11976,111976
ic_g5,104,6,3,33606,133606
ic_g5,104,6,4,83058,183058
ic_g5,104,6,5,65694,165694
ic_g5,104,6,6,74031,174031
ic_g5,104,6,7,923,100923
ic_g5,104,6,8,78760,178760
ic_g5,104,6,9,88386,188386
ic_g5,104,7,0,72848,172848
ic_g5,104,7,1,65970,165970
ic_g5,104,7,2,23819,123819
ic_g5,104,7,3,66067,166067
ic_g5,104,7,4,97664,197664
ic_g5,104,7,5,64410,164410
ic_g5,104,7,6,26837,126837
ic_g5,104,7,7,32991,132991
ic_g5,104,7,8,64956,164956
ic_g5,104,7,9,66928,166928
ic_g5,104,8,0,89288,189288
ic_g5,104,8,1,79552,179552
ic_g5,104,8,2,30745,130745
ic_g5,104,8,3,20913,120913
ic_g5,104,8,4,3186,103186
ic_g5,104,8,5,54375,154375
ic_g5,104,8,6,94636,194636
ic_g5,104,8,7,51519,151519
ic_g5,104,8,8,82435,182435
ic_g5,104,8,9,56487,156487
ic_g5,104,9,0,27514,127514
ic_g5,104,9,1,26591,126591
ic_g5,104,9,2,42262,142262
ic_g5,104,9,3,61965,161965
ic_g5,104,9,4,15862,115862
ic_g5,104,9,5,60152,160152
ic_g5,104,9,6,71927,171927
ic_g5,104,9,7,33419,133419
ic_g5,104,9,8,19066,119066
ic_g5,104,9,9,94724,194724
ic_g5,104,10,0,80185,180185
ic_g5,104,10,1,33178,133178
ic_g5,104,10,2,21508,121508
ic_g5,104,10,3,29448,129448
ic_g5,104,10,4,93729,193729
ic_g5,104,10,5,10111,110111
ic_g5,104,10,6,78563,178563
ic_g5,104,10,7,77248,177248
ic_g5,104,10,8,21236,121236
ic_g5,104,10,9,45704,145704
ic_g5,104,11,0,40032,140032
ic_g5,104,11,1,54766,154766
ic_g5,104,11,2,7116,107116
ic_g5,104,11,3,33556,133556
ic_g5,104,11,4,48037,148037
ic_g5,104,11,5,43469,143469
ic_g5,104,11,6,26591,126591
ic_g5,104,11,7,98085,198085
ic_g5,104,11,8,7123,107123
ic_g5,104,11,9,3724,103724
ic_g5,104,12,0,65985,165985
ic_g5,104,12,1,45177,145177
ic_g5,104,12,2,69710,169710
ic_g5,104,12,3,8163,108163
ic_g5,104,12,4,75449,175449
ic_g5,104,12,5,20204,120204
ic_g5,104,12,6,12091,112091
ic_g5,104,12,7,51383,151383
ic_g5,104,12,8,80698,180698
ic_g5,104,12,9,81984,181984
ic_g5,104,13,0,85967,185967
ic_g5,104,13,1,3584,103584
ic_g5,104,13,2,4633,104633
ic_g5,104,13,3,58421,158421
ic_g5,104,13,4,47560,147560
ic_g5,104,13,5,20819,120819
ic_g5,104,13,6,77443,177443
ic_g5,104,13,7,87733,187733
ic_g5,104,13,8,39920,139920
ic_g5,104,13,9,80054,180054
ic_g5,104,14,0,65147,165147
ic_g5,104,14,1,21743,121743
ic_g5,104,14,2,85602,185602
ic_g5,104,14,3,4590,104590
ic_g5,104,14,4,17380,117380
ic_g5,104,14,5,23829,123829
ic_g5,104,14,6,90590,190590
ic_g5,104,14,7,57890,157890
ic_g5,104,14,8,48213,148213
ic_g5,104,14,9,24724,124724
ic_g5,104,15,0,5595,105595
ic_g5,104,15,1,98575,198575
ic_g5,104,15,2,72185,172185
ic_g5,104,15,3,92064,192064
ic_g5,104,15,4,27887,127887
ic_g5,104,15,5,19349,119349
ic_g5,104,15,6,33396,133396
ic_g5,104,15,7,27937,127937
ic_g5,104,15,8,305,100305
ic_g5,104,15,9,55644,155644
ic_g5,104,16,0,88317,188317
ic_g5,104,16,1,45687,145687
ic_g5,104,16,2,96783,196783
ic_g5,104,16,3,67260,167260
ic_g5,104,16,4,62343,162343
ic_g5,104,16,5,95266,195266
ic_g5,104,16,6,82630,182630
ic_g5,104,16,7,95909,195909
ic_g5,104,16,8,71275,171275
ic_g5,104,16,9,59104,159104
ic_g5,104,17,0,91055,191055
ic_g5,104,17,1,399,100399
ic_g5,104,17,2,72480,172480
ic_g5,104,17,3,7658,107658
ic_g5,104,17,4,85737,185737
ic_g5,104,17,5,48144,148144
ic_g5,104,17,6,68993,168993
ic_g5,104,17,7,47796,147796
ic_g5,104,17,8,7917,107917
ic_g5,104,17,9,31649,131649
ic_g5,104,18,0,33375,133375
ic_g5,104,18,1,56158,156158
ic_g5,104,18,2,50987,150987
ic_g5,104,18,3,2376,102376
ic_g5,104,18,4,92478,192478
ic_g5,104,18,5,77473,177473
ic_g5,104,18,6,74374,174374
ic_g5,104,18,7,46949,146949
ic_g5,104,18,8,37668,137668
ic_g5,104,18,9,61274,161274
ic_g5,104,19,0,25095,125095
ic_g5,104,19,1,45234,145234
ic_g5,104,19,2,80888,180888
ic_g5,104,19,3,59889,159889
ic_g5,104,19,4,16240,116240
ic_g5,104,19,5,26952,126952
ic_g5,104,19,6,92368,192368
ic_g5,104,19,7,91232,191232
ic_g5,104,19,8,40882,140882
ic_g5,104,19,9,67593,167593
ic_g5,104,20,0,28346,128346
ic_g5,104,20,1,40552,140552
ic_g5,104,20,2,84217,184217
ic_g5,104,20,3,38329,138329
ic_g5,104,20,4,74024,174024
ic_g5,104,20,5,52286,152286
ic_g5,104,20,6,77336,177336
ic_g5,104,20,7,4233,104233
ic_g5,104,20,8,75138,175138
ic_g5,104,20,9,31850,131850
ic_g5,104,21,0,31924,131924
ic_g5,104,21,1,58743,158743
ic_g5,104,21,2,85874,185874
ic_g5,104,21,3,92867,192867
ic_g5,104,21,4,65999,165999
ic_g5,104,21,5,93880,193880
ic_g5,104,21,6,24259,124259
ic_g5,104,21,7,94242,194242
ic_g5,104,21,8,42676,142676
ic_g5,104,21,9,16132,116132
ic_g5,104,22,0,43572,143572
ic_g5,104,22,1,11041,111041
ic_g5,104,22,2,92487,192487
ic_g5,104,22,3,89876,189876
ic_g5,104,22,4,96762,196762
ic_g5,104,22,5,50090,150090
ic_g5,104,22,6,70184,170184
ic_g5,104,22,7,90527,190527
ic_g5,104,22,8,82996,182996
ic_g5,104,22,9,71630,171630
ic_g5,104,23,0,92798,192798
ic_g5,104,23,1,43874,143874
ic_g5,104,23,2,76362,176362
ic_g5,104,23,3,44655,144655
ic_g5,104,23,4,97522,197522
ic_g5,104,23,5,71538,171538
ic_g5,104,23,6,34820,134820
ic_g5,104,23,7,56420,156420
ic_g5,104,23,8,43709,143709
ic_g5,104,23,9,474,100474
ic_g5,104,24,0,80781,180781
ic_g5,104,24,1,24486,124486
ic_g5,104,24,2,95097,195097
ic_g5,104,24,3,56024,156024
ic_g5,104,24,4,98864,198864
ic_g5,104,24,5,58574,158574
ic_g5,104,24,6,58627,158627
ic_g5,104,24,7,92502,192502
ic_g5,104,24,8,42120,142120
ic_g5,104,24,9,59877,159877
ic_g5,104,25,0,2960,102960
ic_g5,104,25,1,58586,158586
ic_g5,104,25,2,73974,173974
ic_g5,104,25,3,95406,195406
ic_g5,104,25,4,9429,109429
ic_g5,104,25,5,35175,135175
ic_g5,104,25,6,14503,114503
ic_g5,104,25,7,78914,178914
ic_g5,104,25,8,5896,105896
ic_g5,104,25,9,98454,198454
ic_g5,104,26,0,95514,195514
ic_g5,104,26,1,65968,165968
ic_g5,104,26,2,97533,197533
ic_g5,104,26,3,98466,198466
ic_g5,104,26,4,27846,127846
ic_g5,104,26,5,13445,113445
ic_g5,104,26,6,37611,137611
ic_g5,104,26,7,90360,190360
ic_g5,104,26,8,27981,127981
ic_g5,104,26,9,61964,161964
ic_g5,104,27,0,53842,153842
ic_g5,104,27,1,43495,143495
ic_g5,104,27,2,20392,120392
ic_g5,104,27,3,76384,176384
ic_g5,104,27,4,74662,174662
ic_g5,104,27,5,99872,199872
ic_g5,104,27,6,61881,161881
ic_g5,104,27,7,88969,188969
ic_g5,104,27,8,39481,139481
ic_g5,104,27,9,26188,126188
ic_g5,104,28,0,28871,128871
ic_g5,104,28,1,31864,131864
ic_g5,104,28,2,8912,108912
ic_g5,104,28,3,65396,165396
ic_g5,104,28,4,87324,187324
ic_g5,104,28,5,79623,179623
ic_g5,104,28,6,61034,161034
ic_g5,104,28,7,58705,158705
ic_g5,104,28,8,46073,146073
ic_g5,104,28,9,5531,105531
ic_g5,104,29,0,15270,115270
ic_g5,104,29,1,5967,105967
ic_g5,104,29,2,90435,190435
ic_g5,104,29,3,74800,174800
ic_g5,104,29,4,85915,185915
ic_g5,104,29,5,42916,142916
ic_g5,104,29,6,41706,141706
ic_g5,104,29,7,30966,130966
ic_g5,104,29,8,29374,129374
ic_g5,104,29,9,7871,107871
ic_g5,104,30,0,51914,151914
ic_g5,104,30,1,68745,168745
ic_g5,104,30,2,63183,163183
ic_g5,104,30,3,77207,177207
ic_g5,104,30,4,46677,146677
ic_g5,104,30,5,80358,180358
ic_g5,104,30,6,68326,168326
ic_g5,104,30,7,62413,162413
ic_g5,104,30,8,31611,131611
ic_g5,104,30,9,41680,141680
ic_g5,104,31,0,2559,102559
ic_g5,104,31,1,59236,159236
ic_g5,104,31,2,14416,114416
ic_g5,104,31,3,68322,168322
ic_g5,104,31,4,49781,149781
ic_g5,104,31,5,73391,173391
ic_g5,104,31,6,10826,110826
ic_g5,104,31,7,93988,193988
ic_g5,104,31,8,73268,173268
ic_g5,104,31,9,62407,162407
ic_g5,104,32,0,84643,184643
ic_g5,104,32,1,28165,128165
ic_g5,104,32,2,51166,151166
ic_g5,104,32,3,8173,108173
ic_g5,104,32,4,29731,129731
ic_g5,104,32,5,75831,175831
ic_g5,104,32,6,3795,103795
ic_g5,104,32,7,71819,171819
ic_g5,104,32,8,56427,156427
ic_g5,104,32,9,8467,108467
ic_g5,104,33,0,33191,133191
ic_g5,104,33,1,93436,193436
ic_g5,104,33,2,33950,133950
ic_g5,104,33,3,60826,160826
ic_g5,104,33,4,60692,160692
ic_g5,104,33,5,63508,163508
ic_g5,104,33,6,1155,101155
ic_g5,104,33,7,98874,198874
ic_g5,104,33,8,6394,106394
ic_g5,104,33,9,96484,196484
ic_g5,104,34,0,93932,193932
ic_g5,104,34,1,20212,120212
ic_g5,104,34,2,66096,166096
ic_g5,104,34,3,58014,158014
ic_g5,104,34,4,42915,142915
ic_g5,104,34,5,54972,154972
ic_g5,104,34,6,9725,109725
ic_g5,104,34,7,36241,136241
ic_g5,104,34,8,30146,130146
ic_g5,104,34,9,43090,143090
ic_g5,104,35,0,42958,142958
ic_g5,104,35,1,85830,185830
ic_g5,104,35,2,54744,154744
ic_g5,104,35,3,48522,148522
ic_g5,104,35,4,38841,138841
ic_g5,104,35,5,66375,166375
ic_g5,104,35,6,56881,156881
ic_g5,104,35,7,66881,166881
ic_g5,104,35,8,58754,158754
ic_g5,104,35,9,77325,177325
ic_g5,104,36,0,17337,117337
ic_g5,104,36,1,38760,138760
ic_g5,104,36,2,58061,158061
ic_g5,104,36,3,61685,161685
ic_g5,104,36,4,73418,173418
ic_g5,104,36,5,71519,171519
ic_g5,104,36,6,49892,149892
ic_g5,104,36,7,44928,144928
ic_g5,104,36,8,35177,135177
ic_g5,104,36,9,79620,179620
ic_g5,104,37,0,21529,121529
ic_g5,104,37,1,94332,194332
ic_g5,104,37,2,64864,164864
ic_g5,104,37,3,99963,199963
ic_g5,104,37,4,74631,174631
ic_g5,104,37,5,17208,117208
ic_g5,104,37,6,88484,188484
ic_g5,104,37,7,36152,136152
ic_g5,104,37,8,72530,172530
ic_g5,104,37,9,34655,134655
ic_g5,104,38,0,84454,184454
ic_g5,104,38,1,79314,179314
ic_g5,104,38,2,74489,174489
ic_g5,104,38,3,84933,184933
ic_g5,104,38,4,74130,174130
ic_g5,104,38,5,41327,141327
ic_g5,104,38,6,73174,173174
ic_g5,104,38,7,28886,128886
ic_g5,104,38,8,81575,181575
ic_g5,104,38,9,13190,113190
ic_g5,104,39,0,89137,189137
ic_g5,104,39,1,10728,110728
ic_g5,104,39,2,84737,184737
ic_g5,104,39,3,61589,161589
ic_g5,104,39,4,54945,154945
ic_g5,104,39,5,48989,148989
ic_g5,104,39,6,83492,183492
ic_g5,104,39,7,36742,136742
ic_g5,104,39,8,85800,185800
ic_g5,104,39,9,45217,145217
ic_g5,105,0,0,46264,146264
ic_g5,105,0,1,43180,143180
ic_g5,105,0,2,28007,128007
ic_g5,105,0,3,69521,169521
ic_g5,105,0,4,89802,189802
ic_g5,105,0,5,32980,132980
ic_g5,105,0,6,84879,184879
ic_g5,105,0,7,3406,103406
ic_g5,105,0,8,3528,103528
ic_g5,105,0,9,37114,137114
ic_g5,105,1,0,3516,103516
ic_g5,105,1,1,66508,166508
ic_g5,105,1,2,97958,197958
ic_g5,105,1,3,10975,110975
ic_g5,105,1,4,76496,176496
ic_g5,105,1,5,84028,184028
ic_g5,105,1,6,37802,137802
ic_g5,105,1,7,85311,185311
ic_g5,105,1,8,80505,180505
ic_g5,105,1,9,95849,195849
ic_g5,105,2,0,22723,122723
ic_g5,105,2,1,34556,134556
ic_g5,105,2,2,23326,123326
ic_g5,105,2,3,81837,181837
ic_g5,105,2,4,2664,102664
ic_g5,105,2,5,51898,151898
ic_g5,105,2,6,64593,164593
ic_g5,105,2,7,94908,194908
ic_g5,105,2,8,11012,111012
ic_g5,105,2,9,89483,189483
ic_g5,105,3,0,53324,153324
ic_g5,105,3,1,85646,185646
ic_g5,105,3,2,62004,162004
ic_g5,105,3,3,68454,168454
ic_g5,105,3,4,66878,166878
ic_g5,105,3,5,27022,127022
ic_g5,105,3,6,92332,192332
ic_g5,105,3,7,40878,140878
ic_g5,105,3,8,25382,125382
ic_g5,105,3,9,16216,116216
ic_g5,105,4,0,34573,134573
ic_g5,105,4,1,36269,136269
ic_g5,105,4,2,16908,116908
ic_g5,105,4,3,2723,102723
ic_g5,105,4,4,30873,130873
ic_g5,105,4,5,1466,101466
ic_g5,105,4,6,97012,197012
ic_g5,105,4,7,69136,169136
ic_g5,105,4,8,67855,167855
ic_g5,105,4,9,11569,111569
ic_g5,105,5,0,21364,121364
ic_g5,105,5,1,28236,128236
ic_g5,105,5,2,8135,108135
ic_g5,105,5,3,80743,180743
ic_g5,105,5,4,98178,198178
ic_g5,105,5,5,3342,103342
ic_g5,105,5,6,47787,147787
ic_g5,105,5,7,27027,127027
ic_g5,105,5,8,91559,191559
ic_g5,105,5,9,83937,183937
ic_g5,105,6,0,8835,108835
ic_g5,105,6,1,79965,179965
ic_g5,105,6,2,6605,106605
ic_g5,105,6,3,95462,195462
ic_g5,105,6,4,62555,162555
ic_g5,105,6,5,72295,172295
ic_g5,105,6,6,69792,169792
ic_g5,105,6,7,78723,178723
ic_g5,105,6,8,83403,183403
ic_g5,105,6,9,36185,136185
ic_g5,105,7,0,40275,140275
ic_g5,105,7,1,47591,147591
ic_g5,105,7,2,61437,161437
ic_g5,105,7,3,65473,165473
ic_g5,105,7,4,43016,143016
ic_g5,105,7,5,63141,163141
ic_g5,105,7,6,65833,165833
ic_g5,105,7,7,9573,109573
ic_g5,105,7,8,41264,141264
ic_g5,105,7,9,99188,199188
ic_g5,105,8,0,52965,152965
ic_g5,105,8,1,17725,117725
ic_g5,105,8,2,22650,122650
ic_g5,105,8,3,60199,160199
ic_g5,105,8,4,37770,137770
ic_g5,105,8,5,6070,106070
ic_g5,105,8,6,50983,150983
ic_g5,105,8,7,21798,121798
ic_g5,105,8,8,67907,167907
ic_g5,105,8,9,51911,151911
ic_g5,105,9,0,32898,132898
ic_g5,105,9,1,5448,105448
ic_g5,105,9,2,6966,106966
ic_g5,105,9,3,39071,139071
ic_g5,105,9,4,90935,190935
ic_g5,105,9,5,70221,170221
ic_g5,105,9,6,12669,112669
ic_g5,105,9,7,85308,185308
ic_g5,105,9,8,46800,146800
ic_g5,105,9,9,89986,189986
ic_g5,105,10,0,31842,131842
ic_g5,105,10,1,75271,175271
ic_g5,105,10,2,31117,131117
ic_g5,105,10,3,23471,123471
ic_g5,105,10,4,14850,114850
ic_g5,105,10,5,69678,169678
ic_g5,105,10,6,39499,139499
ic_g5,105,10,7,15601,115601
ic_g5,105,10,8,5256,105256
ic_g5,105,10,9,97771,197771
ic_g5,105,11,0,97080,197080
ic_g5,105,11,1,46917,146917
ic_g5,105,11,2,66620,166620
ic_g5,105,11,3,3228,103228
ic_g5,105,11,4,68809,168809
ic_g5,105,11,5,33391,133391
ic_g5,105,11,6,87460,187460
ic_g5,105,11,7,31005,131005
ic_g5,105,11,8,34142,134142
ic_g5,105,11,9,11355,111355
ic_g5,105,12,0,21943,121943
ic_g5,105,12,1,40983,140983
ic_g5,105,12,2,91792,191792
ic_g5,105,12,3,91703,191703
ic_g5,105,12,4,9141,109141
ic_g5,105,12,5,4247,104247
ic_g5,105,12,6,94580,194580
ic_g5,105,12,7,26897,126897
ic_g5,105,12,8,33449,133449
ic_g5,105,12,9,34967,134967
ic_g5,105,13,0,60741,160741
ic_g5,105,13,1,24153,124153
ic_g5,105,13,2,27061,127061
ic_g5,105,13,3,62979,162979
ic_g5,105,13,4,43047,143047
ic_g5,105,13,5,68514,168514
ic_g5,105,13,6,82403,182403
ic_g5,105,13,7,63382,163382
ic_g5,105,13,8,11943,111943
ic_g5,105,13,9,70108,170108
ic_g5,105,14,0,37147,137147
ic_g5,105,14,1,81241,181241
ic_g5,105,14,2,15609,115609
ic_g5,105,14,3,8486,108486
ic_g5,105,14,4,39121,139121
ic_g5,105,14,5,33680,133680
ic_g5,105,14,6,36033,136033
ic_g5,105,14,7,12824,112824
ic_g5,105,14,8,52930,152930
ic_g5,105,14,9,16710,116710
ic_g5,105,15,0,19009,119009
ic_g5,105,15,1,61499,161499
ic_g5,105,15,2,64862,164862
ic_g5,105,15,3,27726,127726
ic_g5,105,15,4,10158,110158
ic_g5,105,15,5,62191,162191
ic_g5,105,15,6,87797,187797
ic_g5,105,15,7,96395,196395
ic_g5,105,15,8,40617,140617
ic_g5,105,15,9,15856,115856
ic_g5,105,16,0,41094,141094
ic_g5,105,16,1,32258,132258
ic_g5,105,16,2,46881,146881
ic_g5,105,16,3,12372,112372
ic_g5,105,16,4,51395,151395
ic_g5,105,16,5,33956,133956
ic_g5,105,16,6,44897,144897
ic_g5,105,16,7,77991,177991
ic_g5,105,16,8,19878,119878
ic_g5,105,16,9,18716,118716
ic_g5,105,17,0,80335,180335
ic_g5,105,17,1,79311,179311
ic_g5,105,17,2,74400,174400
ic_g5,105,17,3,80971,180971
ic_g5,105,17,4,36893,136893
ic_g5,105,17,5,73781,173781
ic_g5,105,17,6,52326,152326
ic_g5,105,17,7,52845,152845
ic_g5,105,17,8,60122,160122
ic_g5,105,17,9,52284,152284
ic_g5,105,18,0,83940,183940
ic_g5,105,18,1,98820,198820
ic_g5,105,18,2,30482,130482
ic_g5,105,18,3,61874,161874
ic_g5,105,18,4,15183,115183
ic_g5,105,18,5,80003,180003
ic_g5,105,18,6,61266,161266
ic_g5,105,18,7,3347,103347
ic_g5,105,18,8,71994,171994
ic_g5,105,18,9,10873,110873
ic_g5,105,19,0,46433,146433
ic_g5,105,19,1,81269,181269
ic_g5,105,19,2,37310,137310
ic_g5,105,19,3,98932,198932
ic_g5,105,19,4,31681,131681
ic_g5,105,19,5,36218,136218
ic_g5,105,19,6,88048,188048
ic_g5,105,19,7,16793,116793
ic_g5,105,19,8,50381,150381
ic_g5,105,19,9,85896,185896
ic_g5,105,20,0,47397,147397
ic_g5,105,20,1,33742,133742
ic_g5,105,20,2,59598,159598
ic_g5,105,20,3,97646,197646
ic_g5,105,20,4,16428,116428
ic_g5,105,20,5,38383,138383
ic_g5,105,20,6,12783,112783
ic_g5,105,20,7,55000,155000
ic_g5,105,20,8,46186,146186
ic_g5,105,20,9,34390,134390
ic_g5,105,21,0,86245,186245
ic_g5,105,21,1,31440,131440
ic_g5,105,21,2,50590,150590
ic_g5,105,21,3,44754,144754
ic_g5,105,21,4,9211,109211
ic_g5,105,21,5,53321,153321
ic_g5,105,21,6,27280,127280
ic_g5,105,21,7,17958,117958
ic_g5,105,21,8,73911,173911
ic_g5,105,21,9,20057,120057
ic_g5,105,22,0,9514,109514
ic_g5,105,22,1,53373,153373
ic_g5,105,22,2,74334,174334
ic_g5,105,22,3,82381,182381
ic_g5,105,22,4,35289,135289
ic_g5,105,22,5,73988,173988
ic_g5,105,22,6,39020,139020
ic_g5,105,22,7,59662,159662
ic_g5,105,22,8,76568,176568
ic_g5,105,22,9,18456,118456
ic_g5,105,23,0,27225,127225
ic_g5,105,23,1,78536,178536
ic_g5,105,23,2,61114,161114
ic_g5,105,23,3,54726,154726
ic_g5,105,23,4,86355,186355
ic_g5,105,23,5,13532,113532
ic_g5,105,23,6,71517,171517
ic_g5,105,23,7,28241,128241
ic_g5,105,23,8,23149,123149
ic_g5,105,23,9,3852,103852
ic_g5,105,24,0,93858,193858
ic_g5,105,24,1,2303,102303
ic_g5,105,24,2,50083,150083
ic_g5,105,24,3,21644,121644
ic_g5,105,24,4,45468,145468
ic_g5,105,24,5,50640,150640
ic_g5,105,24,6,59935,159935
ic_g5,105,24,7,33072,133072
ic_g5,105,24,8,57656,157656
ic_g5,105,24,9,71413,171413
ic_g5,105,25,0,70854,170854
ic_g5,105,25,1,1000,101000
ic_g5,105,25,2,84344,184344
ic_g5,105,25,3,85830,185830
ic_g5,105,25,4,96400,196400
ic_g5,105,25,5,60005,160005
ic_g5,105,25,6,49786,149786
ic_g5,105,25,7,67198,167198
ic_g5,105,25,8,36130,136130
ic_g5,105,25,9,77869,177869
ic_g5,105,26,0,28969,128969
ic_g5,105,26,1,32292,132292
ic_g5,105,26,2,47635,147635
ic_g5,105,26,3,34031,134031
ic_g5,105,26,4,95915,195915
ic_g5,105,26,5,48291,148291
ic_g5,105,26,6,24482,124482
ic_g5,105,26,7,1549,101549
ic_g5,105,26,8,79279,179279
ic_g5,105,26,9,75185,175185
ic_g5,105,27,0,68197,168197
ic_g5,105,27,1,4264,104264
ic_g5,105,27,2,8193,108193
ic_g5,105,27,3,95290,195290
ic_g5,105,27,4,80420,180420
ic_g5,105,27,5,31139,131139
ic_g5,105,27,6,74021,174021
ic_g5,105,27,7,3732,103732
ic_g5,105,27,8,93017,193017
ic_g5,105,27,9,91828,191828
ic_g5,105,28,0,60990,160990
ic_g5,105,28,1,78382,178382
ic_g5,105,28,2,24170,124170
ic_g5,105,28,3,96079,196079
ic_g5,105,28,4,29198,129198
ic_g5,105,28,5,153,100153
ic_g5,105,28,6,29536,129536
ic_g5,105,28,7,20162,120162
ic_g5,105,28,8,59157,159157
ic_g5,105,28,9,61599,161599
ic_g5,105,29,0,7776,107776
ic_g5,105,29,1,90232,190232
ic_g5,105,29,2,73984,173984
ic_g5,105,29,3,61462,161462
ic_g5,105,29,4,30756,130756
ic_g5,105,29,5,50133,150133
ic_g5,105,29,6,44209,144209
ic_g5,105,29,7,18687,118687
ic_g5,105,29,8,25608,125608
ic_g5,105,29,9,60386,160386
ic_g5,105,30,0,74338,174338
ic_g5,105,30,1,75074,175074
ic_g5,105,30,2,5042,105042
ic_g5,105,30,3,99446,199446
ic_g5,105,30,4,3201,103201
ic_g5,105,30,5,51977,151977
ic_g5,105,30,6,59208,159208
ic_g5,105,30,7,70497,170497
ic_g5,105,30,8,37513,137513
ic_g5,105,30,9,23340,123340
ic_g5,105,31,0,19434,119434
ic_g5,105,31,1,98445,198445
ic_g5,105,31,2,85531,185531
ic_g5,105,31,3,86277,186277
ic_g5,105,31,4,43657,143657
ic_g5,105,31,5,42396,142396
ic_g5,105,31,6,77071,177071
ic_g5,105,31,7,34687,134687
ic_g5,105,31,8,50341,150341
ic_g5,105,31,9,69451,169451
ic_g5,105,32,0,7936,107936
ic_g5,105,32,1,68076,168076
ic_g5,105,32,2,80597,180597
ic_g5,105,32,3,37111,137111
ic_g5,105,32,4,44063,144063
ic_g5,105,32,5,12950,112950
ic_g5,105,32,6,43315,143315
ic_g5,105,32,7,91211,191211
ic_g5,105,32,8,34493,134493
ic_g5,105,32,9,71926,171926
ic_g5,105,33,0,15265,115265
ic_g5,105,33,1,38098,138098
ic_g5,105,33,2,4868,104868
ic_g5,105,33,3,33059,133059
ic_g5,105,33,4,6557,106557
ic_g5,105,33,5,20882,120882
ic_g5,105,33,6,49033,149033
ic_g5,105,33,7,51668,151668
ic_g5,105,33,8,91798,191798
ic_g5,105,33,9,1325,101325
ic_g5,105,34,0,59759,159759
ic_g5,105,34,1,67449,167449
ic_g5,105,34,2,10626,110626
ic_g5,105,34,3,80279,180279
ic_g5,105,34,4,21546,121546
ic_g5,105,34,5,34515,134515
ic_g5,105,34,6,99660,199660
ic_g5,105,34,7,47556,147556
ic_g5,105,34,8,79886,179886
ic_g5,105,34,9,92706,192706
ic_g5,105,35,0,96501,196501
ic_g5,105,35,1,87721,187721
ic_g5,105,35,2,16214,116214
ic_g5,105,35,3,3084,103084
ic_g5,105,35,4,17000,117000
ic_g5,105,35,5,5403,105403
ic_g5,105,35,6,90610,190610
ic_g5,105,35,7,43496,143496
ic_g5,105,35,8,72103,172103
ic_g5,105,35,9,85055,185055
ic_g5,105,36,0,98106,198106
ic_g5,105,36,1,58925,158925
ic_g5,105,36,2,55007,155007
ic_g5,105,36,3,28210,128210
ic_g5,105,36,4,3605,103605
ic_g5,105,36,5,33634,133634
ic_g5,105,36,6,48083,148083
ic_g5,105,36,7,27643,127643
ic_g5,105,36,8,59243,159243
ic_g5,105,36,9,62182,162182
ic_g5,105,37,0,28490,128490
ic_g5,105,37,1,70038,170038
ic_g5,105,37,2,68505,168505
ic_g5,105,37,3,419,100419
ic_g5,105,37,4,42747,142747
ic_g5,105,37,5,33854,133854
ic_g5,105,37,6,39229,139229
ic_g5,105,37,7,48265,148265
ic_g5,105,37,8,71779,171779
ic_g5,105,37,9,72554,172554
ic_g5,105,38,0,20488,120488
ic_g5,105,38,1,78956,178956
ic_g5,105,38,2,63628,163628
ic_g5,105,38,3,66195,166195
ic_g5,105,38,4,55318,155318
ic_g5,105,38,5,16310,116310
ic_g5,105,38,6,47813,147813
ic_g5,105,38,7,63408,163408
ic_g5,105,38,8,59121,159121
ic_g5,105,38,9,91340,191340
ic_g5,105,39,0,5088,105088
ic_g5,105,39,1,25800,125800
ic_g5,105,39,2,23263,123263
ic_g5,105,39,3,51214,151214
ic_g5,105,39,4,18157,118157
ic_g5,105,39,5,6409,106409
ic_g5,105,39,6,28463,128463
ic_g5,105,39,7,42171,142171
ic_g5,105,39,8,15349,115349
ic_g5,105,39,9,67857,167857
ic_g5,106,0,0,93469,193469
ic_g5,106,0,1,48826,148826
ic_g5,106,0,2,66305,166305
ic_g5,106,0,3,82228,182228
ic_g5,106,0,4,739,100739
ic_g5,106,0,5,7667,107667
ic_g5,106,0,6,76963,176963
ic_g5,106,0,7,84999,184999
ic_g5,106,0,8,94287,194287
ic_g5,106,0,9,18677,118677
ic_g5,106,1,0,26782,126782
ic_g5,106,1,1,6827,106827
ic_g5,106,1,2,88962,188962
ic_g5,106,1,3,50852,150852
ic_g5,106,1,4,32635,132635
ic_g5,106,1,5,41961,141961
ic_g5,106,1,6,34678,134678
ic_g5,106,1,7,52875,152875
ic_g5,106,1,8,87016,187016
ic_g5,106,1,9,29199,129199
ic_g5,106,2,0,70498,170498
ic_g5,106,2,1,45847,145847
ic_g5,106,2,2,97050,197050
ic_g5,106,2,3,46023,146023
ic_g5,106,2,4,90445,190445
ic_g5,106,2,5,40354,140354
ic_g5,106,2,6,71502,171502
ic_g5,106,2,7,97149,197149
ic_g5,106,2,8,61003,161003
ic_g5,106,2,9,97434,197434
ic_g5,106,3,0,65642,165642
ic_g5,106,3,1,94202,194202
ic_g5,106,3,2,76637,176637
ic_g5,106,3,3,97150,197150
ic_g5,106,3,4,88773,188773
ic_g5,106,3,5,54439,154439
ic_g5,106,3,6,67256,167256
ic_g5,106,3,7,8161,108161
ic_g5,106,3,8,17954,117954
ic_g5,106,3,9,90731,190731
ic_g5,106,4,0,36182,136182
ic_g5,106,4,1,96516,196516
ic_g5,106,4,2,17814,117814
ic_g5,106,4,3,17217,117217
ic_g5,106,4,4,81714,181714
ic_g5,106,4,5,19556,119556
ic_g5,106,4,6,50755,150755
ic_g5,106,4,7,78715,178715
ic_g5,106,4,8,9902,109902
ic_g5,106,4,9,79916,179916
ic_g5,106,5,0,78095,178095
ic_g5,106,5,1,37024,137024
ic_g5,106,5,2,40845,140845
ic_g5,106,5,3,90922,190922
ic_g5,106,5,4,94290,194290
ic_g5,106,5,5,78651,178651
ic_g5,106,5,6,12725,112725
ic_g5,106,5,7,78677,178677
ic_g5,106,5,8,16985,116985
ic_g5,106,5,9,53513,153513
ic_g5,106,6,0,56525,156525
ic_g5,106,6,1,21826,121826
ic_g5,106,6,2,4933,104933
ic_g5,106,6,3,4090,104090
ic_g5,106,6,4,58421,158421
ic_g5,106,6,5,42942,142942
ic_g5,106,6,6,76297,176297
ic_g5,106,6,7,96570,196570
ic_g5,106,6,8,2864,102864
ic_g5,106,6,9,99353,199353
ic_g5,106,7,0,53081,153081
ic_g5,106,7,1,98499,198499
ic_g5,106,7,2,66847,166847
ic_g5,106,7,3,26949,126949
ic_g5,106,7,4,27189,127189
ic_g5,106,7,5,30416,130416
ic_g5,106,7,6,50704,150704
ic_g5,106,7,7,56155,156155
ic_g5,106,7,8,63739,163739
ic_g5,106,7,9,92608,192608
ic_g5,106,8,0,42658,142658
ic_g5,106,8,1,71884,171884
ic_g5,106,8,2,91692,191692
ic_g5,106,8,3,14409,114409
ic_g5,106,8,4,58824,158824
ic_g5,106,8,5,92424,192424
ic_g5,106,8,6,28718,128718
ic_g5,106,8,7,76593,176593
ic_g5,106,8,8,47890,147890
ic_g5,106,8,9,68285,168285
ic_g5,106,9,0,67099,167099
ic_g5,106,9,1,30953,130953
ic_g5,106,9,2,22217,122217
ic_g5,106,9,3,9798,109798
ic_g5,106,9,4,3504,103504
ic_g5,106,9,5,39478,139478
ic_g5,106,9,6,77444,177444
ic_g5,106,9,7,82102,182102
ic_g5,106,9,8,22995,122995
ic_g5,106,9,9,96307,196307
ic_g5,106,10,0,11506,111506
ic_g5,106,10,1,83384,183384
ic_g5,106,10,2,67476,167476
ic_g5,106,10,3,52337,152337
ic_g5,106,10,4,31617,131617
ic_g5,106,10,5,86414,186414
ic_g5,106,10,6,35669,135669
ic_g5,106,10,7,70749,170749
ic_g5,106,10,8,34425,134425
ic_g5,106,10,9,35098,135098
ic_g5,106,11,0,40540,140540
ic_g5,106,11,1,62777,162777
ic_g5,106,11,2,71766,171766
ic_g5,106,11,3,6693,106693
ic_g5,106,11,4,61680,161680
ic_g5,106,11,5,35364,135364
ic_g5,106,11,6,70056,170056
ic_g5,106,11,7,44946,144946
ic_g5,106,11,8,8128,108128
ic_g5,106,11,9,29482,129482
ic_g5,106,12,0,66365,166365
ic_g5,106,12,1,25074,125074
ic_g5,106,12,2,37488,137488
ic_g5,106,12,3,35445,135445
ic_g5,106,12,4,20776,120776
ic_g5,106,12,5,24914,124914
ic_g5,106,12,6,50794,150794
ic_g5,106,12,7,74365,174365
ic_g5,106,12,8,94247,194247
ic_g5,106,12,9,78887,178887
ic_g5,106,13,0,87200,187200
ic_g5,106,13,1,32048,132048
ic_g5,106,13,2,11736,111736
ic_g5,106,13,3,4587,104587
ic_g5,106,13,4,85858,185858
ic_g5,106,13,5,77493,177493
ic_g5,106,13,6,19006,119006
ic_g5,106,13,7,32470,132470
ic_g5,106,13,8,32242,132242
ic_g5,106,13,9,63229,163229
ic_g5,106,14,0,24795,124795
ic_g5,106,14,1,20582,120582
ic_g5,106,14,2,10894,110894
ic_g5,106,14,3,74172,174172
ic_g5,106,14,4,78235,178235
ic_g5,106,14,5,16661,116661
ic_g5,106,14,6,87361,187361
ic_g5,106,14,7,87456,187456
ic_g5,106,14,8,961,100961
ic_g5,106,14,9,55284,155284
ic_g5,106,15,0,95677,195677
ic_g5,106,15,1,11742,111742
ic_g5,106,15,2,53051,153051
ic_g5,106,15,3,36947,136947
ic_g5,106,15,4,59330,159330
ic_g5,106,15,5,17552,117552
ic_g5,106,15,6,38710,138710
ic_g5,106,15,7,22360,122360
ic_g5,106,15,8,11663,111663
ic_g5,106,15,9,75036,175036
ic_g5,106,16,0,13461,113461
ic_g5,106,16,1,18484,118484
ic_g5,106,16,2,11453,111453
ic_g5,106,16,3,22611,122611
ic_g5,106,16,4,81000,181000
ic_g5,106,16,5,79893,179893
ic_g5,106,16,6,77783,177783
ic_g5,106,16,7,61554,161554
ic_g5,106,16,8,79643,179643
ic_g5,106,16,9,19979,119979
ic_g5,106,17,0,57028,157028
ic_g5,106,17,1,34193,134193
ic_g5,106,17,2,1156,101156
ic_g5,106,17,3,44767,144767
ic_g5,106,17,4,87857,187857
ic_g5,106,17,5,58762,158762
ic_g5,106,17,6,27788,127788
ic_g5,106,17,7,26204,126204
ic_g5,106,17,8,370,100370
ic_g5,106,17,9,4151,104151
ic_g5,106,18,0,2561,102561
ic_g5,106,18,1,22853,122853
ic_g5,106,18,2,94389,194389
ic_g5,106,18,3,99141,199141
ic_g5,106,18,4,74448,174448
ic_g5,106,18,5,10452,110452
ic_g5,106,18,6,55565,155565
ic_g5,106,18,7,89236,189236
ic_g5,106,18,8,68643,168643
ic_g5,106,18,9,84360,184360
ic_g5,106,19,0,76241,176241
ic_g5,106,19,1,58586,158586
ic_g5,106,19,2,45401,145401
ic_g5,106,19,3,42656,142656
ic_g5,106,19,4,49118,149118
ic_g5,106,19,5,2819,102819
ic_g5,106,19,6,72231,172231
ic_g5,106,19,7,20666,120666
ic_g5,106,19,8,32925,132925
ic_g5,106,19,9,9138,109138
ic_g5,106,20,0,30922,130922
ic_g5,106,20,1,63007,163007
ic_g5,106,20,2,33656,133656
ic_g5,106,20,3,12268,112268
ic_g5,106,20,4,53051,153051
ic_g5,106,20,5,50079,150079
ic_g5,106,20,6,15381,115381
ic_g5,106,20,7,53121,153121
ic_g5,106,20,8,43511,143511
ic_g5,106,20,9,21818,121818
ic_g5,106,21,0,34978,134978
ic_g5,106,21,1,16396,116396
ic_g5,106,21,2,91048,191048
ic_g5,106,21,3,98557,198557
ic_g5,106,21,4,86903,186903
ic_g5,106,21,5,81590,181590
ic_g5,106,21,6,61744,161744
ic_g5,106,21,7,31555,131555
ic_g5,106,21,8,71539,171539
ic_g5,106,21,9,54660,154660
ic_g5,106,22,0,10529,110529
ic_g5,106,22,1,72305,172305
ic_g5,106,22,2,66953,166953
ic_g5,106,22,3,5059,105059
ic_g5,106,22,4,46571,146571
ic_g5,106,22,5,63489,163489
ic_g5,106,22,6,10184,110184
ic_g5,106,22,7,51937,151937
ic_g5,106,22,8,44233,144233
ic_g5,106,22,9,24326,124326
ic_g5,106,23,0,70894,170894
ic_g5,106,23,1,49218,149218
ic_g5,106,23,2,99833,199833
ic_g5,106,23,3,13704,113704
ic_g5,106,23,4,19153,119153
ic_g5,106,23,5,12429,112429
ic_g5,106,23,6,28505,128505
ic_g5,106,23,7,68752,168752
ic_g5,106,23,8,63775,163775
ic_g5,106,23,9,44209,144209
ic_g5,106,24,0,95939,195939
ic_g5,106,24,1,79657,179657
ic_g5,106,24,2,41346,141346
ic_g5,106,24,3,6023,106023
ic_g5,106,24,4,95914,195914
ic_g5,106,24,5,60589,160589
ic_g5,106,24,6,35120,135120
ic_g5,106,24,7,50949,150949
ic_g5,106,24,8,39476,139476
ic_g5,106,24,9,48647,148647
ic_g5,106,25,0,93120,193120
ic_g5,106,25,1,67935,167935
ic_g5,106,25,2,93417,193417
ic_g5,106,25,3,78139,178139
ic_g5,106,25,4,88531,188531
ic_g5,106,25,5,43824,143824
ic_g5,106,25,6,34921,134921
ic_g5,106,25,7,27208,127208
ic_g5,106,25,8,29569,129569
ic_g5,106,25,9,70491,170491
ic_g5,106,26,0,63110,163110
ic_g5,106,26,1,60862,160862
ic_g5,106,26,2,38792,138792
ic_g5,106,26,3,57554,157554
ic_g5,106,26,4,8367,108367
ic_g5,106,26,5,47464,147464
ic_g5,106,26,6,94730,194730
ic_g5,106,26,7,74205,174205
ic_g5,106,26,8,73334,173334
ic_g5,106,26,9,99360,199360
ic_g5,106,27,0,97723,197723
ic_g5,106,27,1,43829,143829
ic_g5,106,27,2,24016,124016
ic_g5,106,27,3,17259,117259
ic_g5,106,27,4,24279,124279
ic_g5,106,27,5,95782,195782
ic_g5,106,27,6,63226,163226
ic_g5,106,27,7,53121,153121
ic_g5,106,27,8,28388,128388
ic_g5,106,27,9,95262,195262
ic_g5,106,28,0,28233,128233
ic_g5,106,28,1,91608,191608
ic_g5,106,28,2,49313,149313
ic_g5,106,28,3,1126,101126
ic_g5,106,28,4,97532,197532
ic_g5,106,28,5,79177,179177
ic_g5,106,28,6,41603,141603
ic_g5,106,28,7,65341,165341
ic_g5,106,28,8,57246,157246
ic_g5,106,28,9,47383,147383
ic_g5,106,29,0,1729,101729
ic_g5,106,29,1,24864,124864
ic_g5,106,29,2,75696,175696
ic_g5,106,29,3,97321,197321
ic_g5,106,29,4,16441,116441
ic_g5,106,29,5,78191,178191
ic_g5,106,29,6,62032,162032
ic_g5,106,29,7,95174,195174
ic_g5,106,29,8,9144,109144
ic_g5,106,29,9,95416,195416
ic_g5,106,30,0,32120,132120
ic_g5,106,30,1,94195,194195
ic_g5,106,30,2,52492,152492
ic_g5,106,30,3,42305,142305
ic_g5,106,30,4,52193,152193
ic_g5,106,30,5,68570,168570
ic_g5,106,30,6,95894,195894
ic_g5,106,30,7,24332,124332
ic_g5,106,30,8,5807,105807
ic_g5,106,30,9,83169,183169
ic_g5,106,31,0,65867,165867
ic_g5,106,31,1,8786,108786
ic_g5,106,31,2,66799,166799
ic_g5,106,31,3,91940,191940
ic_g5,106,31,4,42170,142170
ic_g5,106,31,5,7532,107532
ic_g5,106,31,6,22935,122935
ic_g5,106,31,7,14510,114510
ic_g5,106,31,8,49214,149214
ic_g5,106,31,9,34116,134116
ic_g5,106,32,0,86149,186149
ic_g5,106,32,1,82642,182642
ic_g5,106,32,2,76506,176506
ic_g5,106,32,3,19302,119302
ic_g5,106,32,4,75681,175681
ic_g5,106,32,5,10266,110266
ic_g5,106,32,6,35627,135627
ic_g5,106,32,7,95914,195914
ic_g5,106,32,8,22610,122610
ic_g5,106,32,9,3232,103232
ic_g5,106,33,0,41440,141440
ic_g5,106,33,1,90715,190715
ic_g5,106,33,2,37247,137247
ic_g5,106,33,3,20926,120926
ic_g5,106,33,4,66973,166973
ic_g5,106,33,5,23516,123516
ic_g5,106,33,6,72238,172238
ic_g5,106,33,7,24073,124073
ic_g5,106,33,8,50884,150884
ic_g5,106,33,9,82606,182606
ic_g5,106,34,0,40372,140372
ic_g5,106,34,1,84295,184295
ic_g5,106,34,2,59999,159999
ic_g5,106,34,3,38733,138733
ic_g5,106,34,4,4976,104976
ic_g5,106,34,5,44740,144740
ic_g5,106,34,6,22563,122563
ic_g5,106,34,7,11864,111864
ic_g5,106,34,8,72624,172624
ic_g5,106,34,9,43538,143538
ic_g5,106,35,0,37779,137779
ic_g5,106,35,1,99562,199562
ic_g5,106,35,2,85735,185735
ic_g5,106,35,3,98041,198041
ic_g5,106,35,4,43476,143476
ic_g5,106,35,5,29479,129479
ic_g5,106,35,6,58290,158290
ic_g5,106,35,7,82675,182675
ic_g5,106,35,8,21433,121433
ic_g5,106,35,9,40665,140665
ic_g5,106,36,0,59040,159040
ic_g5,106,36,1,45231,145231
ic_g5,106,36,2,65334,165334
ic_g5,106,36,3,10549,110549
ic_g5,106,36,4,27132,127132
ic_g5,106,36,5,17970,117970
ic_g5,106,36,6,51760,151760
ic_g5,106,36,7,20140,120140
ic_g5,106,36,8,94074,194074
ic_g5,106,36,9,80506,180506
ic_g5,106,37,0,70670,170670
ic_g5,106,37,1,57060,157060
ic_g5,106,37,2,57414,157414
ic_g5,106,37,3,63516,163516
ic_g5,106,37,4,53233,153233
ic_g5,106,37,5,57966,157966
ic_g5,106,37,6,89565,189565
ic_g5,106,37,7,14978,114978
ic_g5,106,37,8,11932,111932
ic_g5,106,37,9,30480,130480
ic_g5,106,38,0,76922,176922
ic_g5,106,38,1,24087,124087
ic_g5,106,38,2,44194,144194
ic_g5,106,38,3,8192,108192
ic_g5,106,38,4,7613,107613
ic_g5,106,38,5,37360,137360
ic_g5,106,38,6,51119,151119
ic_g5,106,38,7,25696,125696
ic_g5,106,38,8,68114,168114
ic_g5,106,38,9,44626,144626
ic_g5,106,39,0,66648,166648
ic_g5,106,39,1,6090,106090
ic_g5,106,39,2,94912,194912
ic_g5,106,39,3,32785,132785
ic_g5,106,39,4,54495,154495
ic_g5,106,39,5,93827,193827
ic_g5,106,39,6,52366,152366
ic_g5,106,39,7,32465,132465
ic_g5,106,39,8,55170,155170
ic_g5,106,39,9,12453,112453
ic_g5,107,0,0,48254,148254
ic_g5,107,0,1,94535,194535
ic_g5,107,0,2,31135,131135
ic_g5,107,0,3,99822,199822
ic_g5,107,0,4,19775,119775
ic_g5,107,0,5,47639,147639
ic_g5,107,0,6,34911,134911
ic_g5,107,0,7,31102,131102
ic_g5,107,0,8,89802,189802
ic_g5,107,0,9,34793,134793
ic_g5,107,1,0,67618,167618
ic_g5,107,1,1,83696,183696
ic_g5,107,1,2,2130,102130
ic_g5,107,1,3,40979,140979
ic_g5,107,1,4,66161,166161
ic_g5,107,1,5,69461,169461
ic_g5,107,1,6,86641,186641
ic_g5,107,1,7,179,100179
ic_g5,107,1,8,30940,130940
ic_g5,107,1,9,65527,165527
ic_g5,107,2,0,10411,110411
ic_g5,107,2,1,38877,138877
ic_g5,107,2,2,77139,177139
ic_g5,107,2,3,98987,198987
ic_g5,107,2,4,5370,105370
ic_g5,107,2,5,1559,101559
ic_g5,107,2,6,99741,199741
ic_g5,107,2,7,89080,189080
ic_g5,107,2,8,87033,187033
ic_g5,107,2,9,58311,158311
ic_g5,107,3,0,91902,191902
ic_g5,107,3,1,35549,135549
ic_g5,107,3,2,63454,163454
ic_g5,107,3,3,52448,152448
ic_g5,107,3,4,83980,183980
ic_g5,107,3,5,66240,166240
ic_g5,107,3,6,16233,116233
ic_g5,107,3,7,35584,135584
ic_g5,107,3,8,64248,164248
ic_g5,107,3,9,56281,156281
ic_g5,107,4,0,71647,171647
ic_g5,107,4,1,67244,167244
ic_g5,107,4,2,37718,137718
ic_g5,107,4,3,57592,157592
ic_g5,107,4,4,58858,158858
ic_g5,107,4,5,29113,129113
ic_g5,107,4,6,51181,151181
ic_g5,107,4,7,2468,102468
ic_g5,107,4,8,7306,107306
ic_g5,107,4,9,26050,126050
ic_g5,107,5,0,17226,117226
ic_g5,107,5,1,48109,148109
ic_g5,107,5,2,86904,186904
ic_g5,107,5,3,98348,198348
ic_g5,107,5,4,8962,108962
ic_g5,107,5,5,30013,130013
ic_g5,107,5,6,25089,125089
ic_g5,107,5,7,65083,165083
ic_g5,107,5,8,18500,118500
ic_g5,107,5,9,81494,181494
ic_g5,107,6,0,92608,192608
ic_g5,107,6,1,18587,118587
ic_g5,107,6,2,95879,195879
ic_g5,107,6,3,74423,174423
ic_g5,107,6,4,43283,143283
ic_g5,107,6,5,84926,184926
ic_g5,107,6,6,85783,185783
ic_g5,107,6,7,27655,127655
ic_g5,107,6,8,40172,140172
ic_g5,107,6,9,56037,156037
ic_g5,107,7,0,85232,185232
ic_g5,107,7,1,23124,123124
ic_g5,107,7,2,71353,171353
ic_g5,107,7,3,81520,181520
ic_g5,107,7,4,21143,121143
ic_g5,107,7,5,85677,185677
ic_g5,107,7,6,28902,128902
ic_g5,107,7,7,25018,125018
ic_g5,107,7,8,96068,196068
ic_g5,107,7,9,10012,110012
ic_g5,107,8,0,37754,137754
ic_g5,107,8,1,21396,121396
ic_g5,107,8,2,74510,174510
ic_g5,107,8,3,88083,188083
ic_g5,107,8,4,62828,162828
ic_g5,107,8,5,5848,105848
ic_g5,107,8,6,16835,116835
ic_g5,107,8,7,22714,122714
ic_g5,107,8,8,58930,158930
ic_g5,107,8,9,68724,168724
ic_g5,107,9,0,68703,168703
ic_g5,107,9,1,25192,125192
ic_g5,107,9,2,4050,104050
ic_g5,107,9,3,88854,188854
ic_g5,107,9,4,26512,126512
ic_g5,107,9,5,14745,114745
ic_g5,107,9,6,38749,138749
ic_g5,107,9,7,82358,182358
ic_g5,107,9,8,75233,175233
ic_g5,107,9,9,50008,150008
ic_g5,107,10,0,92314,192314
ic_g5,107,10,1,52303,152303
ic_g5,107,10,2,90340,190340
ic_g5,107,10,3,34588,134588
ic_g5,107,10,4,3659,103659
ic_g5,107,10,5,32322,132322
ic_g5,107,10,6,56535,156535
ic_g5,107,10,7,54870,154870
ic_g5,107,10,8,42288,142288
ic_g5,107,10,9,81621,181621
ic_g5,107,11,0,61645,161645
ic_g5,107,11,1,93686,193686
ic_g5,107,11,2,27274,127274
ic_g5,107,11,3,87125,187125
ic_g5,107,11,4,55583,155583
ic_g5,107,11,5,901,100901
ic_g5,107,11,6,98924,198924
ic_g5,107,11,7,29089,129089
ic_g5,107,11,8,60804,160804
ic_g5,107,11,9,89565,189565
ic_g5,107,12,0,73655,173655
ic_g5,107,12,1,4646,104646
ic_g5,107,12,2,73098,173098
ic_g5,107,12,3,57603,157603
ic_g5,107,12,4,64940,164940
ic_g5,107,12,5,5474,105474
ic_g5,107,12,6,73859,173859
ic_g5,107,12,7,51287,151287
ic_g5,107,12,8,75193,175193
ic_g5,107,12,9,27493,127493
ic_g5,107,13,0,82343,182343
ic_g5,107,13,1,66672,166672
ic_g5,107,13,2,62311,162311
ic_g5,107,13,3,15584,115584
ic_g5,107,13,4,97958,197958
ic_g5,107,13,5,7332,107332
ic_g5,107,13,6,28515,128515
ic_g5,107,13,7,36311,136311
ic_g5,107,13,8,32064,132064
ic_g5,107,13,9,80570,180570
ic_g5,107,14,0,63659,163659
ic_g5,107,14,1,62583,162583
ic_g5,107,14,2,56425,156425
ic_g5,107,14,3,35439,135439
ic_g5,107,14,4,17962,117962
ic_g5,107,14,5,60448,160448
ic_g5,107,14,6,69375,169375
ic_g5,107,14,7,53838,153838
ic_g5,107,14,8,29447,129447
ic_g5,107,14,9,64152,164152
ic_g5,107,15,0,91430,191430
ic_g5,107,15,1,28342,128342
ic_g5,107,15,2,40192,140192
ic_g5,107,15,3,97486,197486
ic_g5,107,15,4,82841,182841
ic_g5,107,15,5,48610,148610
ic_g5,107,15,6,24877,124877
ic_g5,107,15,7,92193,192193
ic_g5,107,15,8,14963,114963
ic_g5,107,15,9,77197,177197
ic_g5,107,16,0,34464,134464
ic_g5,107,16,1,13885,113885
ic_g5,107,16,2,25810,125810
ic_g5,107,16,3,16719,116719
ic_g5,107,16,4,27966,127966
ic_g5,107,16,5,96598,196598
ic_g5,107,16,6,5383,105383
ic_g5,107,16,7,2108,102108
ic_g5,107,16,8,58502,158502
ic_g5,107,16,9,62471,162471
ic_g5,107,17,0,23254,123254
ic_g5,107,17,1,71256,171256
ic_g5,107,17,2,83306,183306
ic_g5,107,17,3,27023,127023
ic_g5,107,17,4,39137,139137
ic_g5,107,17,5,38314,138314
ic_g5,107,17,6,70504,170504
ic_g5,107,17,7,98913,198913
ic_g5,107,17,8,34029,134029
ic_g5,107,17,9,56696,156696
ic_g5,107,18,0,87358,187358
ic_g5,107,18,1,64083,164083
ic_g5,107,18,2,33865,133865
ic_g5,107,18,3,37549,137549
ic_g5,107,18,4,55177,155177
ic_g5,107,18,5,81790,181790
ic_g5,107,18,6,58582,158582
ic_g5,107,18,7,36659,136659
ic_g5,107,18,8,33149,133149
ic_g5,107,18,9,27295,127295
ic_g5,107,19,0,77758,177758
ic_g5,107,19,1,3953,103953
ic_g5,107,19,2,12318,112318
ic_g5,107,19,3,37785,137785
ic_g5,107,19,4,72195,172195
ic_g5,107,19,5,57731,157731
ic_g5,107,19,6,53766,153766
ic_g5,107,19,7,48983,148983
ic_g5,107,19,8,48378,148378
ic_g5,107,19,9,32355,132355
ic_g5,107,20,0,8587,108587
ic_g5,107,20,1,68320,168320
ic_g5,107,20,2,80582,180582
ic_g5,107,20,3,2175,102175
ic_g5,107,20,4,83307,183307
ic_g5,107,20,5,2507,102507
ic_g5,107,20,6,61625,161625
ic_g5,107,20,7,99897,199897
ic_g5,107,20,8,58832,158832
ic_g5,107,20,9,70892,170892
ic_g5,107,21,0,15661,115661
ic_g5,107,21,1,97056,197056
ic_g5,107,21,2,32546,132546
ic_g5,107,21,3,48462,148462
ic_g5,107,21,4,95725,195725
ic_g5,107,21,5,50193,150193
ic_g5,107,21,6,98542,198542
ic_g5,107,21,7,42832,142832
ic_g5,107,21,8,97457,197457
ic_g5,107,21,9,51936,151936
ic_g5,107,22,0,29805,129805
ic_g5,107,22,1,71194,171194
ic_g5,107,22,2,63247,163247
ic_g5,107,22,3,63671,163671
ic_g5,107,22,4,26239,126239
ic_g5,107,22,5,51196,151196
ic_g5,107,22,6,75162,175162
ic_g5,107,22,7,60347,160347
ic_g5,107,22,8,33818,133818
ic_g5,107,22,9,63864,163864
ic_g5,107,23,0,4702,104702
ic_g5,107,23,1,97599,197599
ic_g5,107,23,2,87819,187819
ic_g5,107,23,3,45683,145683
ic_g5,107,23,4,52810,152810
ic_g5,107,23,5,90082,190082
ic_g5,107,23,6,96440,196440
ic_g5,107,23,7,53693,153693
ic_g5,107,23,8,95702,195702
ic_g5,107,23,9,66406,166406
ic_g5,107,24,0,98113,198113
ic_g5,107,24,1,58952,158952
ic_g5,107,24,2,78291,178291
ic_g5,107,24,3,37045,137045
ic_g5,107,24,4,87728,187728
ic_g5,107,24,5,93256,193256
ic_g5,107,24,6,46179,146179
ic_g5,107,24,7,78771,178771
ic_g5,107,24,8,4685,104685
ic_g5,107,24,9,6666,106666
ic_g5,107,25,0,2189,102189
ic_g5,107,25,1,3213,103213
ic_g5,107,25,2,24590,124590
ic_g5,107,25,3,10190,110190
ic_g5,107,25,4,75572,175572
ic_g5,107,25,5,71163,171163
ic_g5,107,25,6,94890,194890
ic_g5,107,25,7,77648,177648
ic_g5,107,25,8,63695,163695
ic_g5,107,25,9,65786,165786
ic_g5,107,26,0,77849,177849
ic_g5,107,26,1,25912,125912
ic_g5,107,26,2,71480,171480
ic_g5,107,26,3,48358,148358
ic_g5,107,26,4,99723,199723
ic_g5,107,26,5,20125,120125
ic_g5,107,26,6,42818,142818
ic_g5,107,26,7,60904,160904
ic_g5,107,26,8,73790,173790
ic_g5,107,26,9,30011,130011
ic_g5,107,27,0,63626,163626
ic_g5,107,27,1,89415,189415
ic_g5,107,27,2,41944,141944
ic_g5,107,27,3,86453,186453
ic_g5,107,27,4,89459,189459
ic_g5,107,27,5,50261,150261
ic_g5,107,27,6,61322,161322
ic_g5,107,27,7,35456,135456
ic_g5,107,27,8,17304,117304
ic_g5,107,27,9,73953,173953
ic_g5,107,28,0,47697,147697
ic_g5,107,28,1,28785,128785
ic_g5,107,28,2,68351,168351
ic_g5,107,28,3,55116,155116
ic_g5,107,28,4,66041,166041
ic_g5,107,28,5,81319,181319
ic_g5,107,28,6,65077,165077
ic_g5,107,28,7,51557,151557
ic_g5,107,28,8,28869,128869
ic_g5,107,28,9,5567,105567
ic_g5,107,29,0,53261,153261
ic_g5,107,29,1,43563,143563
ic_g5,107,29,2,60480,160480
ic_g5,107,29,3,48671,148671
ic_g5,107,29,4,89550,189550
ic_g5,107,29,5,54533,154533
ic_g5,107,29,6,23806,123806
ic_g5,107,29,7,63144,163144
ic_g5,107,29,8,85136,185136
ic_g5,107,29,9,81891,181891
ic_g5,107,30,0,29825,129825
ic_g5,107,30,1,42711,142711
ic_g5,107,30,2,96236,196236
ic_g5,107,30,3,41656,141656
ic_g5,107,30,4,96846,196846
ic_g5,107,30,5,57319,157319
ic_g5,107,30,6,53434,153434
ic_g5,107,30,7,48937,148937
ic_g5,107,30,8,84950,184950
ic_g5,107,30,9,83643,183643
ic_g5,107,31,0,61120,161120
ic_g5,107,31,1,30162,130162
ic_g5,107,31,2,64294,164294
ic_g5,107,31,3,60188,160188
ic_g5,107,31,4,85550,185550
ic_g5,107,31,5,70857,170857
ic_g5,107,31,6,95204,195204
ic_g5,107,31,7,44500,144500
ic_g5,107,31,8,41460,141460
ic_g5,107,31,9,59755,159755
ic_g5,107,32,0,66019,166019
ic_g5,107,32,1,32429,132429
ic_g5,107,32,2,39680,139680
ic_g5,107,32,3,36672,136672
ic_g5,107,32,4,82052,182052
ic_g5,107,32,5,23945,123945
ic_g5,107,32,6,16400,116400
ic_g5,107,32,7,83656,183656
ic_g5,107,32,8,82150,182150
ic_g5,107,32,9,77006,177006
ic_g5,107,33,0,21989,121989
ic_g5,107,33,1,49075,149075
ic_g5,107,33,2,67261,167261
ic_g5,107,33,3,80433,180433
ic_g5,107,33,4,27295,127295
ic_g5,107,33,5,43058,143058
ic_g5,107,33,6,46535,146535
ic_g5,107,33,7,22378,122378
ic_g5,107,33,8,54023,154023
ic_g5,107,33,9,34499,134499
ic_g5,107,34,0,98546,198546
ic_g5,107,34,1,80731,180731
ic_g5,107,34,2,81815,181815
ic_g5,107,34,3,18571,118571
ic_g5,107,34,4,41104,141104
ic_g5,107,34,5,21313,121313
ic_g5,107,34,6,22138,122138
ic_g5,107,34,7,37432,137432
ic_g5,107,34,8,47232,147232
ic_g5,107,34,9,52932,152932
ic_g5,107,35,0,22179,122179
ic_g5,107,35,1,91520,191520
ic_g5,107,35,2,57903,157903
ic_g5,107,35,3,13253,113253
ic_g5,107,35,4,12805,112805
ic_g5,107,35,5,36961,136961
ic_g5,107,35,6,24320,124320
ic_g5,107,35,7,43375,143375
ic_g5,107,35,8,51358,151358
ic_g5,107,35,9,53874,153874
ic_g5,107,36,0,10727,110727
ic_g5,107,36,1,54138,154138
ic_g5,107,36,2,65587,165587
ic_g5,107,36,3,10347,110347
ic_g5,107,36,4,72566,172566
ic_g5,107,36,5,46783,146783
ic_g5,107,36,6,80640,180640
ic_g5,107,36,7,13526,113526
ic_g5,107,36,8,37957,137957
ic_g5,107,36,9,66432,166432
ic_g5,107,37,0,55998,155998
ic_g5,107,37,1,80454,180454
ic_g5,107,37,2,41894,141894
ic_g5,107,37,3,42255,142255
ic_g5,107,37,4,63271,163271
ic_g5,107,37,5,90151,190151
ic_g5,107,37,6,77777,177777
ic_g5,107,37,7,21116,121116
ic_g5,107,37,8,80893,180893
ic_g5,107,37,9,63124,163124
ic_g5,107,38,0,58001,158001
ic_g5,107,38,1,62721,162721
ic_g5,107,38,2,9482,109482
ic_g5,107,38,3,87810,187810
ic_g5,107,38,4,56906,156906
ic_g5,107,38,5,70668,170668
ic_g5,107,38,6,3589,103589
ic_g5,107,38,7,22920,122920
ic_g5,107,38,8,66699,166699
ic_g5,107,38,9,59572,159572
ic_g5,107,39,0,19320,119320
ic_g5,107,39,1,63510,163510
ic_g5,107,39,2,10755,110755
ic_g5,107,39,3,41655,141655
ic_g5,107,39,4,97064,197064
ic_g5,107,39,5,51752,151752
ic_g5,107,39,6,58781,158781
ic_g5,107,39,7,8528,108528
ic_g5,107,39,8,24428,124428
ic_g5,107,39,9,2174,102174
ic_g5,108,0,0,41412,141412
ic_g5,108,0,1,10286,110286
ic_g5,108,0,2,66543,166543
ic_g5,108,0,3,2621,102621
ic_g5,108,0,4,43361,143361
ic_g5,108,0,5,65054,165054
ic_g5,108,0,6,25878,125878
ic_g5,108,0,7,77761,177761
ic_g5,108,0,8,68269,168269
ic_g5,108,0,9,47211,147211
ic_g5,108,1,0,31650,131650
ic_g5,108,1,1,34669,134669
ic_g5,108,1,2,85205,185205
ic_g5,108,1,3,76146,176146
ic_g5,108,1,4,8646,108646
ic_g5,108,1,5,63190,163190
ic_g5,108,1,6,11084,111084
ic_g5,108,1,7,84335,184335
ic_g5,108,1,8,26246,126246
ic_g5,108,1,9,13716,113716
ic_g5,108,2,0,65871,165871
ic_g5,108,2,1,4927,104927
ic_g5,108,2,2,40883,140883
ic_g5,108,2,3,33103,133103
ic_g5,108,2,4,99814,199814
ic_g5,108,2,5,36588,136588
ic_g5,108,2,6,9455,109455
ic_g5,108,2,7,18946,118946
ic_g5,108,2,8,58366,158366
ic_g5,108,2,9,78510,178510
ic_g5,108,3,0,2742,102742
ic_g5,108,3,1,61779,161779
ic_g5,108,3,2,13961,113961
ic_g5,108,3,3,41650,141650
ic_g5,108,3,4,22257,122257
ic_g5,108,3,5,18378,118378
ic_g5,108,3,6,22344,122344
ic_g5,108,3,7,54195,154195
ic_g5,108,3,8,37185,137185
ic_g5,108,3,9,87150,187150
ic_g5,108,4,0,26558,126558
ic_g5,108,4,1,38736,138736
ic_g5,108,4,2,72130,172130
ic_g5,108,4,3,10173,110173
ic_g5,108,4,4,43042,143042
ic_g5,108,4,5,59274,159274
ic_g5,108,4,6,61325,161325
ic_g5,108,4,7,99805,199805
ic_g5,108,4,8,67542,167542
ic_g5,108,4,9,88326,188326
ic_g5,108,5,0,98819,198819
ic_g5,108,5,1,98447,198447
ic_g5,108,5,2,12458,112458
ic_g5,108,5,3,45586,145586
ic_g5,108,5,4,31689,131689
ic_g5,108,5,5,61641,161641
ic_g5,108,5,6,70564,170564
ic_g5,108,5,7,67688,167688
ic_g5,108,5,8,94263,194263
ic_g5,108,5,9,50196,150196
ic_g5,108,6,0,5153,105153
ic_g5,108,6,1,45636,145636
ic_g5,108,6,2,68288,168288
ic_g5,108,6,3,25390,125390
ic_g5,108,6,4,97734,197734
ic_g5,108,6,5,35487,135487
ic_g5,108,6,6,61066,161066
ic_g5,108,6,7,93196,193196
ic_g5,108,6,8,75489,175489
ic_g5,108,6,9,85326,185326
ic_g5,108,7,0,84043,184043
ic_g5,108,7,1,37799,137799
ic_g5,108,7,2,11610,111610
ic_g5,108,7,3,34480,134480
ic_g5,108,7,4,92766,192766
ic_g5,108,7,5,80281,180281
ic_g5,108,7,6,87358,187358
ic_g5,108,7,7,13983,113983
ic_g5,108,7,8,1101,101101
ic_g5,108,7,9,57539,157539
ic_g5,108,8,0,45511,145511
ic_g5,108,8,1,74727,174727
ic_g5,108,8,2,20795,120795
ic_g5,108,8,3,10206,110206
ic_g5,108,8,4,77441,177441
ic_g5,108,8,5,21859,121859
ic_g5,108,8,6,85950,185950
ic_g5,108,8,7,45134,145134
ic_g5,108,8,8,86148,186148
ic_g5,108,8,9,9623,109623
ic_g5,108,9,0,22919,122919
ic_g5,108,9,1,98670,198670
ic_g5,108,9,2,45544,145544
ic_g5,108,9,3,20866,120866
ic_g5,108,9,4,35008,135008
ic_g5,108,9,5,70446,170446
ic_g5,108,9,6,88060,188060
ic_g5,108,9,7,19163,119163
ic_g5,108,9,8,29705,129705
ic_g5,108,9,9,18792,118792
ic_g5,108,10,0,51667,151667
ic_g5,108,10,1,175,100175
ic_g5,108,10,2,8358,108358
ic_g5,108,10,3,43648,143648
ic_g5,108,10,4,33131,133131
ic_g5,108,10,5,41603,141603
ic_g5,108,10,6,42484,142484
ic_g5,108,10,7,83760,183760
ic_g5,108,10,8,85890,185890
ic_g5,108,10,9,2548,102548
ic_g5,108,11,0,44706,144706
ic_g5,108,11,1,15513,115513
ic_g5,108,11,2,72309,172309
ic_g5,108,11,3,99940,199940
ic_g5,108,11,4,8318,108318
ic_g5,108,11,5,82787,182787
ic_g5,108,11,6,27531,127531
ic_g5,108,11,7,27905,127905
ic_g5,108,11,8,91460,191460
ic_g5,108,11,9,8444,108444
ic_g5,108,12,0,69232,169232
ic_g5,108,12,1,42305,142305
ic_g5,108,12,2,64027,164027
ic_g5,108,12,3,42789,142789
ic_g5,108,12,4,6641,106641
ic_g5,108,12,5,33508,133508
ic_g5,108,12,6,35266,135266
ic_g5,108,12,7,82000,182000
ic_g5,108,12,8,48732,148732
ic_g5,108,12,9,49410,149410
ic_g5,108,13,0,46159,146159
ic_g5,108,13,1,98778,198778
ic_g5,108,13,2,45690,145690
ic_g5,108,13,3,63882,163882
ic_g5,108,13,4,91860,191860
ic_g5,108,13,5,62425,162425
ic_g5,108,13,6,38702,138702
ic_g5,108,13,7,96697,196697
ic_g5,108,13,8,28607,128607
ic_g5,108,13,9,24953,124953
ic_g5,108,14,0,53129,153129
ic_g5,108,14,1,23029,123029
ic_g5,108,14,2,35266,135266
ic_g5,108,14,3,1471,101471
ic_g5,108,14,4,46253,146253
ic_g5,108,14,5,33288,133288
ic_g5,108,14,6,56857,156857
ic_g5,108,14,7,4064,104064
ic_g5,108,14,8,30644,130644
ic_g5,108,14,9,73323,173323
ic_g5,108,15,0,65097,165097
ic_g5,108,15,1,56647,156647
ic_g5,108,15,2,42561,142561
ic_g5,108,15,3,58896,158896
ic_g5,108,15,4,62833,162833
ic_g5,108,15,5,50485,150485
ic_g5,108,15,6,52048,152048
ic_g5,108,15,7,11941,111941
ic_g5,108,15,8,85680,185680
ic_g5,108,15,9,67170,167170
ic_g5,108,16,0,66671,166671
ic_g5,108,16,1,14526,114526
ic_g5,108,16,2,123,100123
ic_g5,108,16,3,37724,137724
ic_g5,108,16,4,14668,114668
ic_g5,108,16,5,90784,190784
ic_g5,108,16,6,9449,109449
ic_g5,108,16,7,80039,180039
ic_g5,108,16,8,38338,138338
ic_g5,108,16,9,31850,131850
ic_g5,108,17,0,99353,199353
ic_g5,108,17,1,11790,111790
ic_g5,108,17,2,31470,131470
ic_g5,108,17,3,71917,171917
ic_g5,108,17,4,98784,198784
ic_g5,108,17,5,94585,194585
ic_g5,108,17,6,97917,197917
ic_g5,108,17,7,91926,191926
ic_g5,108,17,8,68549,168549
ic_g5,108,17,9,90331,190331
ic_g5,108,18,0,1810,101810
ic_g5,108,18,1,71607,171607
ic_g5,108,18,2,12838,112838
ic_g5,108,18,3,82362,182362
ic_g5,108,18,4,29422,129422
ic_g5,108,18,5,53934,153934
ic_g5,108,18,6,90086,190086
ic_g5,108,18,7,49923,149923
ic_g5,108,18,8,84188,184188
ic_g5,108,18,9,512,100512
ic_g5,108,19,0,9534,109534
ic_g5,108,19,1,91306,191306
ic_g5,108,19,2,12763,112763
ic_g5,108,19,3,22958,122958
ic_g5,108,19,4,74094,174094
ic_g5,108,19,5,93070,193070
ic_g5,108,19,6,3305,103305
ic_g5,108,19,7,62464,162464
ic_g5,108,19,8,52205,152205
ic_g5,108,19,9,57324,157324
ic_g5,108,20,0,809,100809
ic_g5,108,20,1,17494,117494
ic_g5,108,20,2,93224,193224
ic_g5,108,20,3,41928,141928
ic_g5,108,20,4,52497,152497
ic_g5,108,20,5,33706,133706
ic_g5,108,20,6,42241,142241
ic_g5,108,20,7,68434,168434
ic_g5,108,20,8,11707,111707
ic_g5,108,20,9,44055,144055
ic_g5,108,21,0,22327,122327
ic_g5,108,21,1,6742,106742
ic_g5,108,21,2,57288,157288
ic_g5,108,21,3,64915,164915
ic_g5,108,21,4,10216,110216
ic_g5,108,21,5,1321,101321
ic_g5,108,21,6,72094,172094
ic_g5,108,21,7,74632,174632
ic_g5,108,21,8,85508,185508
ic_g5,108,21,9,72869,172869
ic_g5,108,22,0,67174,167174
ic_g5,108,22,1,575,100575
ic_g5,108,22,2,33751,133751
ic_g5,108,22,3,67922,167922
ic_g5,108,22,4,61153,161153
ic_g5,108,22,5,42831,142831
ic_g5,108,22,6,42686,142686
ic_g5,108,22,7,52211,152211
ic_g5,108,22,8,49763,149763
ic_g5,108,22,9,26478,126478
ic_g5,108,23,0,61642,161642
ic_g5,108,23,1,18254,118254
ic_g5,108,23,2,92082,192082
ic_g5,108,23,3,45956,145956
ic_g5,108,23,4,11630,111630
ic_g5,108,23,5,34235,134235
ic_g5,108,23,6,97091,197091
ic_g5,108,23,7,79035,179035
ic_g5,108,23,8,15322,115322
ic_g5,108,23,9,57779,157779
ic_g5,108,24,0,73894,173894
ic_g5,108,24,1,11205,111205
ic_g5,108,24,2,98996,198996
ic_g5,108,24,3,79296,179296
ic_g5,108,24,4,93904,193904
ic_g5,108,24,5,60644,160644
ic_g5,108,24,6,73641,173641
ic_g5,108,24,7,40819,140819
ic_g5,108,24,8,47828,147828
ic_g5,108,24,9,73571,173571
ic_g5,108,25,0,73405,173405
ic_g5,108,25,1,75157,175157
ic_g5,108,25,2,42484,142484
ic_g5,108,25,3,71854,171854
ic_g5,108,25,4,54159,154159
ic_g5,108,25,5,15836,115836
ic_g5,108,25,6,2317,102317
ic_g5,108,25,7,93202,193202
ic_g5,108,25,8,45537,145537
ic_g5,108,25,9,26664,126664
ic_g5,108,26,0,42998,142998
ic_g5,108,26,1,29003,129003
ic_g5,108,26,2,48252,148252
ic_g5,108,26,3,90775,190775
ic_g5,108,26,4,78277,178277
ic_g5,108,26,5,17694,117694
ic_g5,108,26,6,87504,187504
ic_g5,108,26,7,42849,142849
ic_g5,108,26,8,56695,156695
ic_g5,108,26,9,88006,188006
ic_g5,108,27,0,44930,144930
ic_g5,108,27,1,92899,192899
ic_g5,108,27,2,49801,149801
ic_g5,108,27,3,66605,166605
ic_g5,108,27,4,30036,130036
ic_g5,108,27,5,11721,111721
ic_g5,108,27,6,12441,112441
ic_g5,108,27,7,8833,108833
ic_g5,108,27,8,31079,131079
ic_g5,108,27,9,6230,106230
ic_g5,108,28,0,3350,103350
ic_g5,108,28,1,61909,161909
ic_g5,108,28,2,51330,151330
ic_g5,108,28,3,2664,102664
ic_g5,108,28,4,59891,159891
ic_g5,108,28,5,32317,132317
ic_g5,108,28,6,95243,195243
ic_g5,108,28,7,15454,115454
ic_g5,108,28,8,3859,103859
ic_g5,108,28,9,78892,178892
ic_g5,108,29,0,95624,195624
ic_g5,108,29,1,48726,148726
ic_g5,108,29,2,35811,135811
ic_g5,108,29,3,92441,192441
ic_g5,108,29,4,43875,143875
ic_g5,108,29,5,25739,125739
ic_g5,108,29,6,76967,176967
ic_g5,108,29,7,96509,196509
ic_g5,108,29,8,49807,149807
ic_g5,108,29,9,47814,147814
ic_g5,108,30,0,26136,126136
ic_g5,108,30,1,66407,166407
ic_g5,108,30,2,6920,106920
ic_g5,108,30,3,18979,118979
ic_g5,108,30,4,26009,126009
ic_g5,108,30,5,24997,124997
ic_g5,108,30,6,27912,127912
ic_g5,108,30,7,12567,112567
ic_g5,108,30,8,81853,181853
ic_g5,108,30,9,84642,184642
ic_g5,108,31,0,53080,153080
ic_g5,108,31,1,31403,131403
ic_g5,108,31,2,32060,132060
ic_g5,108,31,3,78338,178338
ic_g5,108,31,4,1135,101135
ic_g5,108,31,5,88982,188982
ic_g5,108,31,6,19825,119825
ic_g5,108,31,7,2644,102644
ic_g5,108,31,8,76911,176911
ic_g5,108,31,9,56155,156155
ic_g5,108,32,0,2595,102595
ic_g5,108,32,1,67226,167226
ic_g5,108,32,2,83137,183137
ic_g5,108,32,3,51917,151917
ic_g5,108,32,4,89124,189124
ic_g5,108,32,5,17703,117703
ic_g5,108,32,6,3801,103801
ic_g5,108,32,7,26968,126968
ic_g5,108,32,8,15990,115990
ic_g5,108,32,9,88527,188527
ic_g5,108,33,0,49622,149622
ic_g5,108,33,1,67069,167069
ic_g5,108,33,2,15276,115276
ic_g5,108,33,3,10572,110572
ic_g5,108,33,4,91860,191860
ic_g5,108,33,5,78919,178919
ic_g5,108,33,6,78029,178029
ic_g5,108,33,7,27708,127708
ic_g5,108,33,8,87588,187588
ic_g5,108,33,9,66361,166361
ic_g5,108,34,0,73482,173482
ic_g5,108,34,1,36293,136293
ic_g5,108,34,2,73609,173609
ic_g5,108,34,3,7096,107096
ic_g5,108,34,4,89221,189221
ic_g5,108,34,5,1054,101054
ic_g5,108,34,6,97119,197119
ic_g5,108,34,7,66940,166940
ic_g5,108,34,8,42682,142682
ic_g5,108,34,9,23711,123711
ic_g5,108,35,0,67367,167367
ic_g5,108,35,1,83819,183819
ic_g5,108,35,2,64505,164505
ic_g5,108,35,3,72417,172417
ic_g5,108,35,4,32010,132010
ic_g5,108,35,5,90508,190508
ic_g5,108,35,6,98418,198418
ic_g5,108,35,7,50912,150912
ic_g5,108,35,8,83546,183546
ic_g5,108,35,9,96305,196305
ic_g5,108,36,0,77561,177561
ic_g5,108,36,1,93848,193848
ic_g5,108,36,2,90972,190972
ic_g5,108,36,3,86911,186911
ic_g5,108,36,4,74414,174414
ic_g5,108,36,5,56798,156798
ic_g5,108,36,6,32387,132387
ic_g5,108,36,7,83719,183719
ic_g5,108,36,8,26525,126525
ic_g5,108,36,9,21029,121029
ic_g5,108,37,0,74755,174755
ic_g5,108,37,1,29973,129973
ic_g5,108,37,2,27958,127958
ic_g5,108,37,3,40996,140996
ic_g5,108,37,4,35750,135750
ic_g5,108,37,5,33349,133349
ic_g5,108,37,6,75767,175767
ic_g5,108,37,7,44167,144167
ic_g5,108,37,8,79813,179813
ic_g5,108,37,9,15235,115235
ic_g5,108,38,0,25805,125805
ic_g5,108,38,1,2432,102432
ic_g5,108,38,2,17056,117056
ic_g5,108,38,3,50736,150736
ic_g5,108,38,4,61940,161940
ic_g5,108,38,5,76822,176822
ic_g5,108,38,6,80440,180440
ic_g5,108,38,7,77312,177312
ic_g5,108,38,8,59015,159015
ic_g5,108,38,9,13360,113360
ic_g5,108,39,0,53341,153341
ic_g5,108,39,1,28747,128747
ic_g5,108,39,2,64080,164080
ic_g5,108,39,3,64102,164102
ic_g5,108,39,4,62123,162123
ic_g5,108,39,5,71323,171323
ic_g5,108,39,6,80574,180574
ic_g5,108,39,7,85057,185057
ic_g5,108,39,8,742,100742
ic_g5,108,39,9,19844,119844
ic_g5,109,0,0,42478,142478
ic_g5,109,0,1,8064,108064
ic_g5,109,0,2,94905,194905
ic_g5,109,0,3,48946,148946
ic_g5,109,0,4,56257,156257
ic_g5,109,0,5,11943,111943
ic_g5,109,0,6,53899,153899
ic_g5,109,0,7,37435,137435
ic_g5,109,0,8,81878,181878
ic_g5,109,0,9,87237,187237
ic_g5,109,1,0,14953,114953
ic_g5,109,1,1,33302,133302
ic_g5,109,1,2,53093,153093
ic_g5,109,1,3,13045,113045
ic_g5,109,1,4,98605,198605
ic_g5,109,1,5,67890,167890
ic_g5,109,1,6,96214,196214
ic_g5,109,1,7,53634,153634
ic_g5,109,1,8,1100,101100
ic_g5,109,1,9,62308,162308
ic_g5,109,2,0,90781,190781
ic_g5,109,2,1,33382,133382
ic_g5,109,2,2,19123,119123
ic_g5,109,2,3,80531,180531
ic_g5,109,2,4,74604,174604
ic_g5,109,2,5,88136,188136
ic_g5,109,2,6,68274,168274
ic_g5,109,2,7,91573,191573
ic_g5,109,2,8,19462,119462
ic_g5,109,2,9,34647,134647
ic_g5,109,3,0,62130,162130
ic_g5,109,3,1,41516,141516
ic_g5,109,3,2,2164,102164
ic_g5,109,3,3,67881,167881
ic_g5,109,3,4,22626,122626
ic_g5,109,3,5,69077,169077
ic_g5,109,3,6,94838,194838
ic_g5,109,3,7,8450,108450
ic_g5,109,3,8,37460,137460
ic_g5,109,3,9,81085,181085
ic_g5,109,4,0,80562,180562
ic_g5,109,4,1,68933,168933
ic_g5,109,4,2,9838,109838
ic_g5,109,4,3,30666,130666
ic_g5,109,4,4,63852,163852
ic_g5,109,4,5,98698,198698
ic_g5,109,4,6,24676,124676
ic_g5,109,4,7,68915,168915
ic_g5,109,4,8,83037,183037
ic_g5,109,4,9,45087,145087
ic_g5,109,5,0,45402,145402
ic_g5,109,5,1,26370,126370
ic_g5,109,5,2,65121,165121
ic_g5,109,5,3,41670,141670
ic_g5,109,5,4,47165,147165
ic_g5,109,5,5,92350,192350
ic_g5,109,5,6,85022,185022
ic_g5,109,5,7,70337,170337
ic_g5,109,5,8,20017,120017
ic_g5,109,5,9,89838,189838
ic_g5,109,6,0,85634,185634
ic_g5,109,6,1,49587,149587
ic_g5,109,6,2,46158,146158
ic_g5,109,6,3,38720,138720
ic_g5,109,6,4,94451,194451
ic_g5,109,6,5,48263,148263
ic_g5,109,6,6,13710,113710
ic_g5,109,6,7,24995,124995
ic_g5,109,6,8,37484,137484
ic_g5,109,6,9,92625,192625
ic_g5,109,7,0,27679,127679
ic_g5,109,7,1,69644,169644
ic_g5,109,7,2,47434,147434
ic_g5,109,7,3,83691,183691
ic_g5,109,7,4,40660,140660
ic_g5,109,7,5,87011,187011
ic_g5,109,7,6,50393,150393
ic_g5,109,7,7,57326,157326
ic_g5,109,7,8,2472,102472
ic_g5,109,7,9,75877,175877
ic_g5,109,8,0,82968,182968
ic_g5,109,8,1,86076,186076
ic_g5,109,8,2,14802,114802
ic_g5,109,8,3,10421,110421
ic_g5,109,8,4,7281,107281
ic_g5,109,8,5,17166,117166
ic_g5,109,8,6,62298,162298
ic_g5,109,8,7,33526,133526
ic_g5,109,8,8,30713,130713
ic_g5,109,8,9,51141,151141
ic_g5,109,9,0,94753,194753
ic_g5,109,9,1,27810,127810
ic_g5,109,9,2,5047,105047
ic_g5,109,9,3,44168,144168
ic_g5,109,9,4,18896,118896
ic_g5,109,9,5,48069,148069
ic_g5,109,9,6,71357,171357
ic_g5,109,9,7,24115,124115
ic_g5,109,9,8,25795,125795
ic_g5,109,9,9,71538,171538
ic_g5,109,10,0,44666,144666
ic_g5,109,10,1,65290,165290
ic_g5,109,10,2,72657,172657
ic_g5,109,10,3,5883,105883
ic_g5,109,10,4,78586,178586
ic_g5,109,10,5,48912,148912
ic_g5,109,10,6,79740,179740
ic_g5,109,10,7,39822,139822
ic_g5,109,10,8,31648,131648
ic_g5,109,10,9,50623,150623
ic_g5,109,11,0,90416,190416
ic_g5,109,11,1,30206,130206
ic_g5,109,11,2,45754,145754
ic_g5,109,11,3,54465,154465
ic_g5,109,11,4,67724,167724
ic_g5,109,11,5,12249,112249
ic_g5,109,11,6,51873,151873
ic_g5,109,11,7,30695,130695
ic_g5,109,11,8,97585,197585
ic_g5,109,11,9,76632,176632
ic_g5,109,12,0,5437,105437
ic_g5,109,12,1,548,100548
ic_g5,109,12,2,28505,128505
ic_g5,109,12,3,76501,176501
ic_g5,109,12,4,34417,134417
ic_g5,109,12,5,96608,196608
ic_g5,109,12,6,11594,111594
ic_g5,109,12,7,94931,194931
ic_g5,109,12,8,58052,158052
ic_g5,109,12,9,66950,166950
ic_g5,109,13,0,93173,193173
ic_g5,109,13,1,49730,149730
ic_g5,109,13,2,29344,129344
ic_g5,109,13,3,30497,130497
ic_g5,109,13,4,56438,156438
ic_g5,109,13,5,93808,193808
ic_g5,109,13,6,78421,178421
ic_g5,109,13,7,82315,182315
ic_g5,109,13,8,52697,152697
ic_g5,109,13,9,75660,175660
ic_g5,109,14,0,82844,182844
ic_g5,109,14,1,57573,157573
ic_g5,109,14,2,45884,145884
ic_g5,109,14,3,99106,199106
ic_g5,109,14,4,52507,152507
ic_g5,109,14,5,48583,148583
ic_g5,109,14,6,28709,128709
ic_g5,109,14,7,28957,128957
ic_g5,109,14,8,90912,190912
ic_g5,109,14,9,81929,181929
ic_g5,109,15,0,252,100252
ic_g5,109,15,1,69329,169329
ic_g5,109,15,2,11614,111614
ic_g5,109,15,3,95282,195282
ic_g5,109,15,4,44245,144245
ic_g5,109,15,5,643,100643
ic_g5,109,15,6,88731,188731
ic_g5,109,15,7,94194,194194
ic_g5,109,15,8,21124,121124
ic_g5,109,15,9,47831,147831
ic_g5,109,16,0,86229,186229
ic_g5,109,16,1,49564,149564
ic_g5,109,16,2,84912,184912
ic_g5,109,16,3,42670,142670
ic_g5,109,16,4,38843,138843
ic_g5,109,16,5,72340,172340
ic_g5,109,16,6,51127,151127
ic_g5,109,16,7,10237,110237
ic_g5,109,16,8,78232,178232
ic_g5,109,16,9,66982,166982
ic_g5,109,17,0,98204,198204
ic_g5,109,17,1,42822,142822
ic_g5,109,17,2,30471,130471
ic_g5,109,17,3,85789,185789
ic_g5,109,17,4,80522,180522
ic_g5,109,17,5,31367,131367
ic_g5,109,17,6,72010,172010
ic_g5,109,17,7,39626,139626
ic_g5,109,17,8,78922,178922
ic_g5,109,17,9,53109,153109
ic_g5,109,18,0,32538,132538
ic_g5,109,18,1,85932,185932
ic_g5,109,18,2,38891,138891
ic_g5,109,18,3,34948,134948
ic_g5,109,18,4,32571,132571
ic_g5,109,18,5,22214,122214
ic_g5,109,18,6,94661,194661
ic_g5,109,18,7,12961,112961
ic_g5,109,18,8,62146,162146
ic_g5,109,18,9,59744,159744
ic_g5,109,19,0,26461,126461
ic_g5,109,19,1,90935,190935
ic_g5,109,19,2,72442,172442
ic_g5,109,19,3,69373,169373
ic_g5,109,19,4,11522,111522
ic_g5,109,19,5,24690,124690
ic_g5,109,19,6,35944,135944
ic_g5,109,19,7,87895,187895
ic_g5,109,19,8,12175,112175
ic_g5,109,19,9,85606,185606
ic_g5,109,20,0,83558,183558
ic_g5,109,20,1,13226,113226
ic_g5,109,20,2,46849,146849
ic_g5,109,20,3,31346,131346
ic_g5,109,20,4,18956,118956
ic_g5,109,20,5,6743,106743
ic_g5,109,20,6,90359,190359
ic_g5,109,20,7,53392,153392
ic_g5,109,20,8,9993,109993
ic_g5,109,20,9,91478,191478
ic_g5,109,21,0,17805,117805
ic_g5,109,21,1,42894,142894
ic_g5,109,21,2,90330,190330
ic_g5,109,21,3,34663,134663
ic_g5,109,21,4,97660,197660
ic_g5,109,21,5,59902,159902
ic_g5,109,21,6,29202,129202
ic_g5,109,21,7,10710,110710
ic_g5,109,21,8,66122,166122
ic_g5,109,21,9,65520,165520
ic_g5,109,22,0,16636,116636
ic_g5,109,22,1,70456,170456
ic_g5,109,22,2,33267,133267
ic_g5,109,22,3,31504,131504
ic_g5,109,22,4,82261,182261
ic_g5,109,22,5,62437,162437
ic_g5,109,22,6,33843,133843
ic_g5,109,22,7,68358,168358
ic_g5,109,22,8,5278,105278
ic_g5,109,22,9,76370,176370
ic_g5,109,23,0,11625,111625
ic_g5,109,23,1,56929,156929
ic_g5,109,23,2,81794,181794
ic_g5,109,23,3,60347,160347
ic_g5,109,23,4,22762,122762
ic_g5,109,23,5,7232,107232
ic_g5,109,23,6,56772,156772
ic_g5,109,23,7,75399,175399
ic_g5,109,23,8,5560,105560
ic_g5,109,23,9,66139,166139
ic_g5,109,24,0,85841,185841
ic_g5,109,24,1,85043,185043
ic_g5,109,24,2,94442,194442
ic_g5,109,24,3,67269,167269
ic_g5,109,24,4,97932,197932
ic_g5,109,24,5,58470,158470
ic_g5,109,24,6,76043,176043
ic_g5,109,24,7,32678,132678
ic_g5,109,24,8,45402,145402
ic_g5,109,24,9,97053,197053
ic_g5,109,25,0,68552,168552
ic_g5,109,25,1,32203,132203
ic_g5,109,25,2,70184,170184
ic_g5,109,25,3,8369,108369
ic_g5,109,25,4,19375,119375
ic_g5,109,25,5,86744,186744
ic_g5,109,25,6,64722,164722
ic_g5,109,25,7,68923,168923
ic_g5,109,25,8,48179,148179
ic_g5,109,25,9,89188,189188
ic_g5,109,26,0,22889,122889
ic_g5,109,26,1,60411,160411
ic_g5,109,26,2,11632,111632
ic_g5,109,26,3,20283,120283
ic_g5,109,26,4,79093,179093
ic_g5,109,26,5,56840,156840
ic_g5,109,26,6,16946,116946
ic_g5,109,26,7,99544,199544
ic_g5,109,26,8,17011,117011
ic_g5,109,26,9,52434,152434
ic_g5,109,27,0,61233,161233
ic_g5,109,27,1,22407,122407
ic_g5,109,27,2,89598,189598
ic_g5,109,27,3,38620,138620
ic_g5,109,27,4,77446,177446
ic_g5,109,27,5,29564,129564
ic_g5,109,27,6,79741,179741
ic_g5,109,27,7,52287,152287
ic_g5,109,27,8,99923,199923
ic_g5,109,27,9,72451,172451
ic_g5,109,28,0,12472,112472
ic_g5,109,28,1,25211,125211
ic_g5,109,28,2,76425,176425
ic_g5,109,28,3,98289,198289
ic_g5,109,28,4,49282,149282
ic_g5,109,28,5,10925,110925
ic_g5,109,28,6,54216,154216
ic_g5,109,28,7,68769,168769
ic_g5,109,28,8,37459,137459
ic_g5,109,28,9,89335,189335
ic_g5,109,29,0,15839,115839
ic_g5,109,29,1,490,100490
ic_g5,109,29,2,61150,161150
ic_g5,109,29,3,35646,135646
ic_g5,109,29,4,48711,148711
ic_g5,109,29,5,64803,164803
ic_g5,109,29,6,71874,171874
ic_g5,109,29,7,19843,119843
ic_g5,109,29,8,5972,105972
ic_g5,109,29,9,25485,125485
ic_g5,109,30,0,56048,156048
ic_g5,109,30,1,29398,129398
ic_g5,109,30,2,5731,105731
ic_g5,109,30,3,85983,185983
ic_g5,109,30,4,95812,195812
ic_g5,109,30,5,70034,170034
ic_g5,109,30,6,73535,173535
ic_g5,109,30,7,33576,133576
ic_g5,109,30,8,3650,103650
ic_g5,109,30,9,8578,108578
ic_g5,109,31,0,22578,122578
ic_g5,109,31,1,43946,143946
ic_g5,109,31,2,29536,129536
ic_g5,109,31,3,34375,134375
ic_g5,109,31,4,31572,131572
ic_g5,109,31,5,77007,177007
ic_g5,109,31,6,56079,156079
ic_g5,109,31,7,76346,176346
ic_g5,109,31,8,64932,164932
ic_g5,109,31,9,17700,117700
ic_g5,109,32,0,61161,161161
ic_g5,109,32,1,93158,193158
ic_g5,109,32,2,50452,150452
ic_g5,109,32,3,51794,151794
ic_g5,109,32,4,19671,119671
ic_g5,109,32,5,22446,122446
ic_g5,109,32,6,56179,156179
ic_g5,109,32,7,45467,145467
ic_g5,109,32,8,22632,122632
ic_g5,109,32,9,86300,186300
ic_g5,109,33,0,33898,133898
ic_g5,109,33,1,13287,113287
ic_g5,109,33,2,11957,111957
ic_g5,109,33,3,34033,134033
ic_g5,109,33,4,68224,168224
ic_g5,109,33,5,23384,123384
ic_g5,109,33,6,37433,137433
ic_g5,109,33,7,40194,140194
ic_g5,109,33,8,92249,192249
ic_g5,109,33,9,90521,190521
ic_g5,109,34,0,18752,118752
ic_g5,109,34,1,5519,105519
ic_g5,109,34,2,30853,130853
ic_g5,109,34,3,80024,180024
ic_g5,109,34,4,98222,198222
ic_g5,109,34,5,61113,161113
ic_g5,109,34,6,70345,170345
ic_g5,109,34,7,27398,127398
ic_g5,109,34,8,55132,155132
ic_g5,109,34,9,49029,149029
ic_g5,109,35,0,34890,134890
ic_g5,109,35,1,12657,112657
ic_g5,109,35,2,88585,188585
ic_g5,109,35,3,51498,151498
ic_g5,109,35,4,69354,169354
ic_g5,109,35,5,35840,135840
ic_g5,109,35,6,70841,170841
ic_g5,109,35,7,57596,157596
ic_g5,109,35,8,11910,111910
ic_g5,109,35,9,28009,128009
ic_g5,109,36,0,69677,169677
ic_g5,109,36,1,95274,195274
ic_g5,109,36,2,52968,152968
ic_g5,109,36,3,96929,196929
ic_g5,109,36,4,9605,109605
ic_g5,109,36,5,77707,177707
ic_g5,109,36,6,1539,101539
ic_g5,109,36,7,9548,109548
ic_g5,109,36,8,46524,146524
ic_g5,109,36,9,67550,167550
ic_g5,109,37,0,61431,161431
ic_g5,109,37,1,2653,102653
ic_g5,109,37,2,61476,161476
ic_g5,109,37,3,46153,146153
ic_g5,109,37,4,48333,148333
ic_g5,109,37,5,42116,142116
ic_g5,109,37,6,6351,106351
ic_g5,109,37,7,37013,137013
ic_g5,109,37,8,81931,181931
ic_g5,109,37,9,29115,129115
ic_g5,109,38,0,11820,111820
ic_g5,109,38,1,14156,114156
ic_g5,109,38,2,70334,170334
ic_g5,109,38,3,84289,184289
ic_g5,109,38,4,4046,104046
ic_g5,109,38,5,58576,158576
ic_g5,109,38,6,40217,140217
ic_g5,109,38,7,43982,143982
ic_g5,109,38,8,90535,190535
ic_g5,109,38,9,64854,164854
ic_g5,109,39,0,18176,118176
ic_g5,109,39,1,73110,173110
ic_g5,109,39,2,85185,185185
ic_g5,109,39,3,18956,118956
ic_g5,109,39,4,45507,145507
ic_g5,109,39,5,84622,184622
ic_g5,109,39,6,32592,132592
ic_g5,109,39,7,33995,133995
ic_g5,109,39,8,57666,157666
ic_g5,109,39,9,51765,151765
ic_g5,110,0,0,89146,189146
ic_g5,110,0,1,78904,178904
ic_g5,110,0,2,76524,176524
ic_g5,110,0,3,72809,172809
ic_g5,110,0,4,70678,170678
ic_g5,110,0,5,51818,151818
ic_g5,110,0,6,48457,148457
ic_g5,110,0,7,58529,158529
ic_g5,110,0,8,57803,157803
ic_g5,110,0,9,19647,119647
ic_g5,110,1,0,14809,114809
ic_g5,110,1,1,96168,196168
ic_g5,110,1,2,72214,172214
ic_g5,110,1,3,34847,134847
ic_g5,110,1,4,67857,167857
ic_g5,110,1,5,7078,107078
ic_g5,110,1,6,96696,196696
ic_g5,110,1,7,65285,165285
ic_g5,110,1,8,33529,133529
ic_g5,110,1,9,76775,176775
ic_g5,110,2,0,37818,137818
ic_g5,110,2,1,65525,165525
ic_g5,110,2,2,43165,143165
ic_g5,110,2,3,25753,125753
ic_g5,110,2,4,46893,146893
ic_g5,110,2,5,1874,101874
ic_g5,110,2,6,45600,145600
ic_g5,110,2,7,60121,160121
ic_g5,110,2,8,88494,188494
ic_g5,110,2,9,28277,128277
ic_g5,110,3,0,24112,124112
ic_g5,110,3,1,60240,160240
ic_g5,110,3,2,97797,197797
ic_g5,110,3,3,52509,152509
ic_g5,110,3,4,28276,128276
ic_g5,110,3,5,23382,123382
ic_g5,110,3,6,18225,118225
ic_g5,110,3,7,17460,117460
ic_g5,110,3,8,19156,119156
ic_g5,110,3,9,12555,112555
ic_g5,110,4,0,27614,127614
ic_g5,110,4,1,49463,149463
ic_g5,110,4,2,33435,133435
ic_g5,110,4,3,16329,116329
ic_g5,110,4,4,64798,164798
ic_g5,110,4,5,84372,184372
ic_g5,110,4,6,54178,154178
ic_g5,110,4,7,74402,174402
ic_g5,110,4,8,31894,131894
ic_g5,110,4,9,49195,149195
ic_g5,110,5,0,26677,126677
ic_g5,110,5,1,50145,150145
ic_g5,110,5,2,23398,123398
ic_g5,110,5,3,58893,158893
ic_g5,110,5,4,27653,127653
ic_g5,110,5,5,70253,170253
ic_g5,110,5,6,18663,118663
ic_g5,110,5,7,12135,112135
ic_g5,110,5,8,28415,128415
ic_g5,110,5,9,81244,181244
ic_g5,110,6,0,40317,140317
ic_g5,110,6,1,60427,160427
ic_g5,110,6,2,93085,193085
ic_g5,110,6,3,41668,141668
ic_g5,110,6,4,92485,192485
ic_g5,110,6,5,59787,159787
ic_g5,110,6,6,91715,191715
ic_g5,110,6,7,87601,187601
ic_g5,110,6,8,9678,109678
ic_g5,110,6,9,64616,164616
ic_g5,110,7,0,55659,155659
ic_g5,110,7,1,89566,189566
ic_g5,110,7,2,87779,187779
ic_g5,110,7,3,53524,153524
ic_g5,110,7,4,21191,121191
ic_g5,110,7,5,17235,117235
ic_g5,110,7,6,63033,163033
ic_g5,110,7,7,20787,120787
ic_g5,110,7,8,2336,102336
ic_g5,110,7,9,91301,191301
ic_g5,110,8,0,37726,137726
ic_g5,110,8,1,76368,176368
ic_g5,110,8,2,26356,126356
ic_g5,110,8,3,52871,152871
ic_g5,110,8,4,759,100759
ic_g5,110,8,5,77778,177778
ic_g5,110,8,6,95463,195463
ic_g5,110,8,7,2400,102400
ic_g5,110,8,8,76314,176314
ic_g5,110,8,9,37574,137574
ic_g5,110,9,0,48814,148814
ic_g5,110,9,1,55411,155411
ic_g5,110,9,2,67338,167338
ic_g5,110,9,3,49352,149352
ic_g5,110,9,4,69791,169791
ic_g5,110,9,5,76303,176303
ic_g5,110,9,6,38166,138166
ic_g5,110,9,7,44624,144624
ic_g5,110,9,8,46433,146433
ic_g5,110,9,9,10179,110179
ic_g5,110,10,0,52625,152625
ic_g5,110,10,1,84682,184682
ic_g5,110,10,2,29366,129366
ic_g5,110,10,3,62115,162115
ic_g5,110,10,4,58122,158122
ic_g5,110,10,5,19961,119961
ic_g5,110,10,6,42031,142031
ic_g5,110,10,7,73904,173904
ic_g5,110,10,8,80370,180370
ic_g5,110,10,9,40278,140278
ic_g5,110,11,0,13804,113804
ic_g5,110,11,1,38383,138383
ic_g5,110,11,2,24900,124900
ic_g5,110,11,3,44951,144951
ic_g5,110,11,4,21852,121852
ic_g5,110,11,5,32163,132163
ic_g5,110,11,6,98204,198204
ic_g5,110,11,7,17196,117196
ic_g5,110,11,8,50860,150860
ic_g5,110,11,9,38297,138297
ic_g5,110,12,0,83180,183180
ic_g5,110,12,1,41668,141668
ic_g5,110,12,2,31372,131372
ic_g5,110,12,3,44979,144979
ic_g5,110,12,4,62865,162865
ic_g5,110,12,5,38963,138963
ic_g5,110,12,6,13151,113151
ic_g5,110,12,7,8436,108436
ic_g5,110,12,8,68073,168073
ic_g5,110,12,9,16549,116549
ic_g5,110,13,0,6037,106037
ic_g5,110,13,1,44544,144544
ic_g5,110,13,2,56,100056
ic_g5,110,13,3,65451,165451
ic_g5,110,13,4,75180,175180
ic_g5,110,13,5,30834,130834
ic_g5,110,13,6,93039,193039
ic_g5,110,13,7,50952,150952
ic_g5,110,13,8,24392,124392
ic_g5,110,13,9,72301,172301
ic_g5,110,14,0,92979,192979
ic_g5,110,14,1,30343,130343
ic_g5,110,14,2,30267,130267
ic_g5,110,14,3,90173,190173
ic_g5,110,14,4,30487,130487
ic_g5,110,14,5,14983,114983
ic_g5,110,14,6,70356,170356
ic_g5,110,14,7,21362,121362
ic_g5,110,14,8,63596,163596
ic_g5,110,14,9,19345,119345
ic_g5,110,15,0,79925,179925
ic_g5,110,15,1,98092,198092
ic_g5,110,15,2,3518,103518
ic_g5,110,15,3,3054,103054
ic_g5,110,15,4,55837,155837
ic_g5,110,15,5,50960,150960
ic_g5,110,15,6,21290,121290
ic_g5,110,15,7,8782,108782
ic_g5,110,15,8,48071,148071
ic_g5,110,15,9,86027,186027
ic_g5,110,16,0,6,100006
ic_g5,110,16,1,3883,103883
ic_g5,110,16,2,92166,192166
ic_g5,110,16,3,61310,161310
ic_g5,110,16,4,77046,177046
ic_g5,110,16,5,11922,111922
ic_g5,110,16,6,44247,144247
ic_g5,110,16,7,67231,167231
ic_g5,110,16,8,4755,104755
ic_g5,110,16,9,35188,135188
ic_g5,110,17,0,82614,182614
ic_g5,110,17,1,54750,154750
ic_g5,110,17,2,6258,106258
ic_g5,110,17,3,63881,163881
ic_g5,110,17,4,1090,101090
ic_g5,110,17,5,25243,125243
ic_g5,110,17,6,80828,180828
ic_g5,110,17,7,98248,198248
ic_g5,110,17,8,54870,154870
ic_g5,110,17,9,66946,166946
ic_g5,110,18,0,36925,136925
ic_g5,110,18,1,89173,189173
ic_g5,110,18,2,36001,136001
ic_g5,110,18,3,94743,194743
ic_g5,110,18,4,62155,162155
ic_g5,110,18,5,41911,141911
ic_g5,110,18,6,73363,173363
ic_g5,110,18,7,751,100751
ic_g5,110,18,8,96354,196354
ic_g5,110,18,9,77280,177280
ic_g5,110,19,0,53302,153302
ic_g5,110,19,1,72582,172582
ic_g5,110,19,2,38565,138565
ic_g5,110,19,3,74406,174406
ic_g5,110,19,4,73999,173999
ic_g5,110,19,5,92785,192785
ic_g5,110,19,6,67067,167067
ic_g5,110,19,7,14242,114242
ic_g5,110,19,8,37546,137546
ic_g5,110,19,9,57596,157596
ic_g5,110,20,0,30421,130421
ic_g5,110,20,1,38461,138461
ic_g5,110,20,2,48459,148459
ic_g5,110,20,3,60412,160412
ic_g5,110,20,4,2952,102952
ic_g5,110,20,5,2096,102096
ic_g5,110,20,6,78194,178194
ic_g5,110,20,7,91306,191306
ic_g5,110,20,8,37595,137595
ic_g5,110,20,9,48242,148242
ic_g5,110,21,0,60522,160522
ic_g5,110,21,1,14179,114179
ic_g5,110,21,2,62699,162699
ic_g5,110,21,3,36295,136295
ic_g5,110,21,4,66524,166524
ic_g5,110,21,5,31359,131359
ic_g5,110,21,6,73025,173025
ic_g5,110,21,7,94568,194568
ic_g5,110,21,8,83541,183541
ic_g5,110,21,9,41879,141879
ic_g5,110,22,0,26140,126140
ic_g5,110,22,1,81884,181884
ic_g5,110,22,2,19585,119585
ic_g5,110,22,3,8816,108816
ic_g5,110,22,4,66463,166463
ic_g5,110,22,5,45639,145639
ic_g5,110,22,6,41655,141655
ic_g5,110,22,7,18901,118901
ic_g5,110,22,8,62310,162310
ic_g5,110,22,9,88805,188805
ic_g5,110,23,0,29263,129263
ic_g5,110,23,1,26198,126198
ic_g5,110,23,2,35663,135663
ic_g5,110,23,3,37271,137271
ic_g5,110,23,4,25895,125895
ic_g5,110,23,5,16425,116425
ic_g5,110,23,6,34379,134379
ic_g5,110,23,7,81071,181071
ic_g5,110,23,8,42963,142963
ic_g5,110,23,9,22904,122904
ic_g5,110,24,0,68972,168972
ic_g5,110,24,1,89732,189732
ic_g5,110,24,2,62552,162552
ic_g5,110,24,3,52900,152900
ic_g5,110,24,4,10138,110138
ic_g5,110,24,5,85128,185128
ic_g5,110,24,6,70716,170716
ic_g5,110,24,7,8148,108148
ic_g5,110,24,8,54894,154894
ic_g5,110,24,9,53610,153610
ic_g5,110,25,0,95995,195995
ic_g5,110,25,1,14653,114653
ic_g5,110,25,2,23318,123318
ic_g5,110,25,3,29178,129178
ic_g5,110,25,4,21230,121230
ic_g5,110,25,5,17592,117592
ic_g5,110,25,6,44531,144531
ic_g5,110,25,7,84215,184215
ic_g5,110,25,8,34393,134393
ic_g5,110,25,9,82348,182348
ic_g5,110,26,0,92549,192549
ic_g5,110,26,1,57115,157115
ic_g5,110,26,2,75413,175413
ic_g5,110,26,3,71767,171767
ic_g5,110,26,4,10499,110499
ic_g5,110,26,5,27691,127691
ic_g5,110,26,6,64170,164170
ic_g5,110,26,7,88223,188223
ic_g5,110,26,8,42274,142274
ic_g5,110,26,9,95307,195307
ic_g5,110,27,0,92522,192522
ic_g5,110,27,1,60607,160607
ic_g5,110,27,2,55290,155290
ic_g5,110,27,3,6668,106668
ic_g5,110,27,4,57622,157622
ic_g5,110,27,5,52298,152298
ic_g5,110,27,6,61743,161743
ic_g5,110,27,7,60497,160497
ic_g5,110,27,8,24048,124048
ic_g5,110,27,9,74354,174354
ic_g5,110,28,0,85464,185464
ic_g5,110,28,1,38524,138524
ic_g5,110,28,2,28432,128432
ic_g5,110,28,3,44438,144438
ic_g5,110,28,4,10000,110000
ic_g5,110,28,5,78050,178050
ic_g5,110,28,6,8284,108284
ic_g5,110,28,7,94386,194386
ic_g5,110,28,8,8134,108134
ic_g5,110,28,9,2620,102620
ic_g5,110,29,0,28094,128094
ic_g5,110,29,1,29277,129277
ic_g5,110,29,2,96681,196681
ic_g5,110,29,3,45936,145936
ic_g5,110,29,4,80380,180380
ic_g5,110,29,5,78464,178464
ic_g5,110,29,6,76049,176049
ic_g5,110,29,7,73193,173193
ic_g5,110,29,8,27761,127761
ic_g5,110,29,9,53718,153718
ic_g5,110,30,0,10567,110567
ic_g5,110,30,1,67829,167829
ic_g5,110,30,2,49654,149654
ic_g5,110,30,3,74922,174922
ic_g5,110,30,4,56612,156612
ic_g5,110,30,5,94574,194574
ic_g5,110,30,6,69878,169878
ic_g5,110,30,7,31767,131767
ic_g5,110,30,8,62532,162532
ic_g5,110,30,9,31915,131915
ic_g5,110,31,0,22635,122635
ic_g5,110,31,1,97064,197064
ic_g5,110,31,2,48814,148814
ic_g5,110,31,3,17869,117869
ic_g5,110,31,4,48566,148566
ic_g5,110,31,5,33783,133783
ic_g5,110,31,6,31237,131237
ic_g5,110,31,7,53913,153913
ic_g5,110,31,8,84650,184650
ic_g5,110,31,9,54676,154676
ic_g5,110,32,0,5257,105257
ic_g5,110,32,1,21253,121253
ic_g5,110,32,2,14144,114144
ic_g5,110,32,3,19431,119431
ic_g5,110,32,4,31073,131073
ic_g5,110,32,5,30872,130872
ic_g5,110,32,6,9687,109687
ic_g5,110,32,7,45928,145928
ic_g5,110,32,8,43402,143402
ic_g5,110,32,9,59882,159882
ic_g5,110,33,0,17402,117402
ic_g5,110,33,1,47870,147870
ic_g5,110,33,2,82961,182961
ic_g5,110,33,3,10116,110116
ic_g5,110,33,4,11531,111531
ic_g5,110,33,5,75508,175508
ic_g5,110,33,6,76563,176563
ic_g5,110,33,7,48278,148278
ic_g5,110,33,8,57377,157377
ic_g5,110,33,9,5148,105148
ic_g5,110,34,0,47621,147621
ic_g5,110,34,1,18119,118119
ic_g5,110,34,2,28960,128960
ic_g5,110,34,3,68672,168672
ic_g5,110,34,4,41631,141631
ic_g5,110,34,5,81650,181650
ic_g5,110,34,6,53860,153860
ic_g5,110,34,7,32713,132713
ic_g5,110,34,8,44561,144561
ic_g5,110,34,9,3538,103538
ic_g5,110,35,0,51665,151665
ic_g5,110,35,1,89450,189450
ic_g5,110,35,2,83617,183617
ic_g5,110,35,3,23586,123586
ic_g5,110,35,4,78048,178048
ic_g5,110,35,5,32161,132161
ic_g5,110,35,6,12675,112675
ic_g5,110,35,7,80540,180540
ic_g5,110,35,8,83643,183643
ic_g5,110,35,9,94472,194472
ic_g5,110,36,0,48366,148366
ic_g5,110,36,1,61614,161614
ic_g5,110,36,2,87725,187725
ic_g5,110,36,3,31457,131457
ic_g5,110,36,4,64769,164769
ic_g5,110,36,5,66097,166097
ic_g5,110,36,6,8687,108687
ic_g5,110,36,7,87347,187347
ic_g5,110,36,8,66351,166351
ic_g5,110,36,9,30668,130668
ic_g5,110,37,0,57097,157097
ic_g5,110,37,1,61201,161201
ic_g5,110,37,2,40304,140304
ic_g5,110,37,3,14430,114430
ic_g5,110,37,4,4516,104516
ic_g5,110,37,5,2060,102060
ic_g5,110,37,6,9330,109330
ic_g5,110,37,7,66690,166690
ic_g5,110,37,8,46856,146856
ic_g5,110,37,9,60924,160924
ic_g5,110,38,0,23626,123626
ic_g5,110,38,1,79019,179019
ic_g5,110,38,2,31482,131482
ic_g5,110,38,3,27124,127124
ic_g5,110,38,4,5631,105631
ic_g5,110,38,5,98940,198940
ic_g5,110,38,6,51585,151585
ic_g5,110,38,7,74582,174582
ic_g5,110,38,8,63082,163082
ic_g5,110,38,9,95924,195924
ic_g5,110,39,0,4917,104917
ic_g5,110,39,1,0,100000
ic_g5,110,39,2,9159,109159
ic_g5,110,39,3,83312,183312
ic_g5,110,39,4,16172,116172
ic_g5,110,39,5,60872,160872
ic_g5,110,39,6,29768,129768
ic_g5,110,39,7,52565,152565
ic_g5,110,39,8,66031,166031
ic_g5,110,39,9,56301,156301
