task,case,seed,policy,shock_multiplier,periods,cumulative_value_added,cumulative_shortage,cumulative_final_demand,cumulative_final_delivered,cumulative_final_shortage,final_fill_rate,cumulative_welfare,mean_service_rate,terminal_output,terminal_backlog,fiscal_spend,private_spend,terminal_ai_effective_mean,terminal_technology_mean,terminal_edge_health_mean
ic_r1,base,42,rule,1.0065049171299387,30,3858834359.0193152,359455184.0503212,9411468190.106182,9137339095.070835,274129095.0353472,0.9708728660079279,3786943322.209251,0.9835976523206921,689952178.0536817,0.0,0.0,7213757.4282943355,0.0,1.0,0.9999999952104476
ic_r1,base,42,demand_tracking,1.0065049171299387,30,3859392510.6285214,586112462.8492085,9411468190.106182,8981879008.906372,429589181.1998121,0.954354711451778,3742170018.0586796,0.973853789220298,689952195.9117464,0.0,0.0,11818693.451837907,0.0,1.0,0.9999999409524221
ic_r1,base,42,buffered_smoothing,1.0065049171299387,30,3858909832.308701,405181308.9242466,9411468190.106182,9105436599.705482,306031590.4007015,0.9674831190820561,3777873570.523852,0.9816058069568402,689952178.0538018,0.0,0.0,8138019.313824661,0.0,1.0,0.9999999884434086
ic_r1,base,43,rule,1.0175058076979606,30,3858836423.5484896,363383954.8655914,9413990451.551601,9136882466.23295,277107985.3186513,0.9705642376901945,3786159632.5753713,0.9834284039066581,689952178.0536817,0.0,0.0,7292602.304958444,0.0,1.0,0.9999999951598219
ic_r1,base,43,demand_tracking,1.0175058076979606,30,3859400675.6393414,592518550.8420459,9413990451.551601,8979820009.926945,434170441.62465554,0.9538802972173084,3740896965.4709325,0.9735899761569168,689952196.1069313,0.0,0.0,11947869.326796774,0.0,1.0,0.9999999403668
ic_r1,base,43,buffered_smoothing,1.0175058076979606,30,3858912721.7453184,409609856.8268184,9413990451.551601,9104646927.644178,309343523.90742195,0.9671400214925396,3776990750.379955,0.981416972817577,689952178.0538028,0.0,0.0,8226966.1817317875,0.0,1.0,0.9999999883230851
ic_r1,base,44,rule,0.9711543472663869,30,3858827724.803443,346830361.87576026,9403363084.534132,9138808547.443777,264554537.0903543,0.9718659659621702,3789461652.4282913,0.9841429053491204,689952178.0536817,0.0,0.0,6960395.093339429,0.0,1.0,0.9999999953733701
ic_r1,base,44,demand_tracking,0.9711543472663869,30,3859366272.954067,565526960.2717038,9403363084.534132,8988509383.576933,414853700.9571987,0.9558824117257031,3746260880.8997264,0.9747044893372511,689952195.2845336,0.0,0.0,11403596.077295061,0.0,1.0,0.9999999428417686
ic_r1,base,44,buffered_smoothing,0.9711543472663869,30,3858900547.3121486,390950489.0596252,9403363084.534132,9107978154.162172,295384930.3719594,0.9685873099106654,3780710449.500223,0.9822142893251832,689952178.0537975,0.0,0.0,7852194.957273445,0.0,1.0,0.9999999888308696
ic_r1,base,45,rule,0.9996109713143555,30,3858833065.2374916,356993134.9139498,9409887560.462616,9137625409.439617,272262151.0230002,0.9710663757379038,3787434438.2547016,0.9837038196352627,689952178.0536817,0.0,0.0,7164347.582409797,0.0,1.0,0.9999999952421914
ic_r1,base,45,demand_tracking,0.9996109713143555,30,3859387393.8480363,582097949.3660127,9409887560.462616,8983170369.165386,426717191.29723054,0.954652253966332,3742967803.974834,0.9740193353997164,689952195.7894295,0.0,0.0,11737742.59816468,0.0,1.0,0.9999999413199767
ic_r1,base,45,buffered_smoothing,0.9996109713143555,30,3858908021.580801,402406063.67539483,9409887560.462616,9105931764.55168,303955795.910937,0.9676982542078332,3778426808.845722,0.9817242700194153,689952178.053801,0.0,0.0,8082278.836812729,0.0,1.0,0.9999999885188728
ic_r1,base,46,rule,0.9784653580164804,30,3858829096.8555417,349441358.27532333,9405039337.963614,9138504377.962759,266534960.00085425,0.9716604098693153,3788940825.2004766,0.9840299653916763,689952178.0536817,0.0,0.0,7012794.1002486255,0.0,1.0,0.999999995339645
ic_r1,base,46,demand_tracking,0.9784653580164804,30,3859371699.2858276,569784340.880308,9405039337.963614,8987136372.37569,417902965.5879234,0.9555660587297015,3745414831.109766,0.9745281812175883,689952195.4142503,0.0,0.0,11489444.237008799,0.0,1.0,0.9999999424500821
ic_r1,base,46,buffered_smoothing,0.9784653580164804,30,3858902467.5841517,393893629.0829538,9405039337.963614,9107452020.196512,297587317.7671021,0.9683587375795565,3780123741.767561,0.9820882359598466,689952178.0537983,0.0,0.0,7911307.581241047,0.0,1.0,0.9999999887506354
ic_r1,base,47,rule,1.021450627152114,30,3858837163.8699026,364792776.40118945,9414894911.60025,9136718798.551004,278176113.0492462,0.9704536146541052,3785878608.589665,0.9833677626689155,689952178.0536817,0.0,0.0,7320875.361707958,0.0,1.0,0.9999999951416767
ic_r1,base,47,demand_tracking,1.021450627152114,30,3859403603.5380716,594815715.8200005,9414894911.60025,8979082168.847765,435812742.75248694,0.9537102913155714,3740440460.3740716,0.9734954811046516,689952196.1769229,0.0,0.0,11994190.622458639,0.0,1.0,0.999999940157069
ic_r1,base,47,buffered_smoothing,1.021450627152114,30,3858913757.871049,411197893.8872445,9414894911.60025,9104363901.181879,310531010.41837245,0.9670170497563642,3776674179.0936003,0.981349318776719,689952178.0538034,0.0,0.0,8258861.720800788,0.0,1.0,0.9999999882799673
ic_r1,base,48,rule,1.0723468389231177,30,3858846715.525145,382969445.8423862,9426564289.808685,9134610679.417233,291953610.3914519,0.9690286300060467,3782252826.356668,0.9825877114329354,689952178.0536817,0.0,0.0,7685655.423371295,0.0,1.0,0.9999999949079731
ic_r1,base,48,demand_tracking,1.0723468389231177,30,3859441379.399693,624453826.3976028,9426564289.808685,8969585816.114067,456978473.6946189,0.9515222662631527,3734550614.1201725,0.9722812896009764,689952197.0799565,0.0,0.0,12591829.754214276,0.0,1.0,0.9999999374636641
ic_r1,base,48,buffered_smoothing,1.0723468389231177,30,3858927126.004934,431686808.89768064,9426564289.808685,9100718971.277382,325845318.5313045,0.9654332895301437,3772589764.2253976,0.9804792803747887,689952178.0538095,0.0,0.0,8670379.188170968,0.0,1.0,0.999999987725027
ic_r1,base,49,rule,0.9776384808257907,30,3858828941.6760974,349146053.9129621,9404849753.270876,9138538772.635801,266310980.63507622,0.9716836538996856,3788999730.893505,0.9840427343787326,689952178.0536817,0.0,0.0,7006867.7591298595,0.0,1.0,0.9999999953434587
ic_r1,base,49,demand_tracking,0.9776384808257907,30,3859371085.5663137,569302830.0417022,9404849753.270876,8987291614.221937,417558139.0489392,0.9556018277800007,3745510519.5579734,0.9745481119849331,689952195.3995793,0.0,0.0,11479734.788130065,0.0,1.0,0.999999942494357
ic_r1,base,49,buffered_smoothing,0.9776384808257907,30,3858902250.4008956,393560759.1915691,9404849753.270876,9107511512.848896,297338240.4219797,0.9683845836751863,3780190098.562582,0.9821024871153088,689952178.0537982,0.0,0.0,7904621.928311319,0.0,1.0,0.9999999887597073
ic_r1,base,50,rule,0.9212846670764326,30,3858818365.79664,329020299.7825446,9391929067.364277,9140887082.830677,251041984.53359973,0.9732704556504863,3793014305.840131,0.9849157169106412,689952178.0536817,0.0,0.0,6602972.322924376,0.0,1.0,0.9999999956038341
ic_r1,base,50,demand_tracking,0.9212846670764326,30,3859329258.9981675,536486624.17380893,9391929067.364277,8997899659.376839,394029407.98743874,0.9580459557178047,3752031934.163406,0.9759123148991875,689952194.3997133,0.0,0.0,10818010.798301145,0.0,1.0,0.999999945526804
ic_r1,base,50,buffered_smoothing,0.9212846670764326,30,3858887448.801702,370874817.3454543,9391929067.364277,9111574109.971416,280354957.39286005,0.9701493744914389,3784712485.332611,0.983077063655459,689952178.0537915,0.0,0.0,7448977.433292171,0.0,1.0,0.999999989379585
ic_r1,base,51,rule,1.0526808585011613,30,3858843024.8248267,375946093.5548871,9422055314.476376,9135424471.551928,286630842.92444855,0.9695787348558591,3783653806.113849,0.9828886035848804,689952178.0536817,0.0,0.0,7544706.670971657,0.0,1.0,0.9999999949981851
ic_r1,base,51,demand_tracking,1.0526808585011613,30,3859426783.041158,613001844.372194,9422055314.476376,8973250048.653183,448805265.82319367,0.95236652186348,3736826414.1667194,0.9727493514316506,689952196.73103,0.0,0.0,12360905.702000286,0.0,1.0,0.9999999385016302
ic_r1,base,51,buffered_smoothing,1.0526808585011613,30,3858921960.640949,423770019.2695004,9422055314.476376,9102125886.083864,319929428.3925115,0.9660446242656886,3774167956.7870483,0.9808148350277898,689952178.0538071,0.0,0.0,8511371.39220755,0.0,1.0,0.9999999879391521
ic_r1,import_intermediate_first,42,rule,1.0065049171299387,30,3858846992.9055777,392658115.5226113,10215646008.238897,9905390038.625978,310255969.61291844,0.9696293343208351,3780315369.8010554,0.9821780805982423,689952178.0536817,0.0,0.0,7879474.868865165,0.0,1.0,0.9999999949792459
ic_r1,import_intermediate_first,42,demand_tracking,1.0065049171299387,30,3859306441.8000503,600166253.9761915,10215646008.238897,9757632141.314692,458013866.924206,0.9551654524290663,3739273191.004812,0.9733326326785241,689952181.0179243,0.0,0.0,12088714.135976288,0.0,1.0,0.9999999460532047
ic_r1,import_intermediate_first,42,buffered_smoothing,1.0065049171299387,30,3858911679.627099,436665650.6964281,10215646008.238897,9873577266.963966,342068741.2749311,0.9665152119602566,3771578549.4878135,0.9802785288351302,689952178.0537071,0.0,0.0,8767957.697499845,0.0,1.0,0.9999999883368317
ic_r1,import_intermediate_first,43,rule,1.0175058076979606,30,3858849195.520516,396949787.51148486,10218446211.46329,9904842328.36308,313603883.1002107,0.9693100226188593,3779459238.0182185,0.981995170207,689952178.0536817,0.0,0.0,7965595.899463843,0.0,1.0,0.9999999949264048
ic_r1,import_intermediate_first,43,demand_tracking,1.0175058076979606,30,3859313666.096377,606725946.9992899,10218446211.46329,9755564053.259659,462882158.2036298,0.9547013167535825,3737968476.696519,0.9730646327802276,689952181.050323,0.0,0.0,12220841.281164203,0.0,1.0,0.9999999455193949
ic_r1,import_intermediate_first,43,buffered_smoothing,1.0175058076979606,30,3858914589.254524,441438315.94263846,10218446211.46329,9872698685.370218,345747526.0930718,0.9661643738257188,3770626926.0659966,0.9800771161269997,689952178.0537075,0.0,0.0,8863789.661649901,0.0,1.0,0.9999999882160404
ic_r1,import_intermediate_first,44,rule,0.9711543472663869,30,3858839914.961045,378867136.55267847,10206647756.769716,9907155069.972528,299492686.797188,0.9706570958522063,3783066487.6505094,0.9827674828879632,689952178.0536817,0.0,0.0,7602731.137066824,0.0,1.0,0.9999999951493286
ic_r1,import_intermediate_first,44,demand_tracking,0.9711543472663869,30,3859283227.043897,579087152.6922843,10206647756.769716,9764294162.994642,442353593.775075,0.9566602468982359,3743465796.50544,0.9741969787877468,689952180.9138141,0.0,0.0,11664133.067020446,0.0,1.0,0.9999999477755018
ic_r1,import_intermediate_first,44,buffered_smoothing,0.9711543472663869,30,3858902329.7488384,421329034.5217404,10206647756.769716,9876407528.415897,330240228.3538188,0.967644594364023,3774636522.8444905,0.980927686600932,689952178.0537063,0.0,0.0,8460008.579844289,0.0,1.0,0.9999999887258834
ic_r1,import_intermediate_first,45,rule,0.9996109713143555,30,3858845612.589326,389968646.52311456,10213891200.372915,9905733647.655018,308157552.7178965,0.969829563809467,3780851883.284703,0.9822928280705057,689952178.0536817,0.0,0.0,7825505.263871972,0.0,1.0,0.9999999950123808
ic_r1,import_intermediate_first,45,demand_tracking,0.9996109713143555,30,3859301914.5386324,596055480.5812118,10213891200.372915,9758929379.510412,454961820.8625019,0.9554565628380796,3740090818.42239,0.9735008170200554,689952180.997621,0.0,0.0,12005913.805033907,0.0,1.0,0.9999999463882482
ic_r1,import_intermediate_first,45,buffered_smoothing,0.9996109713143555,30,3858909856.246193,433674756.87743753,10213891200.372915,9874128373.380629,339762826.9922863,0.9667352216381665,3772174904.8707056,0.980404893679371,689952178.0537069,0.0,0.0,8707902.52613293,0.0,1.0,0.9999999884125955
ic_r1,import_intermediate_first,46,rule,0.9784653580164804,30,3858841378.782668,381719311.0973228,10208508725.7294,9906789404.854244,301719320.8751575,0.9704443294332789,3782497516.563204,0.9826453811501561,689952178.0536817,0.0,0.0,7659965.756084514,0.0,1.0,0.9999999951141174
ic_r1,import_intermediate_first,46,demand_tracking,0.9784653580164804,30,3859288028.1922927,583446616.6750093,10208508725.7294,9762914297.73911,445594427.99029016,0.9563506835364485,3742598704.857291,0.9740178243412723,689952180.9353455,0.0,0.0,11751942.592337955,0.0,1.0,0.9999999474184328
ic_r1,import_intermediate_first,46,buffered_smoothing,0.9784653580164804,30,3858904263.4393206,424500869.2660169,10208508725.7294,9875821306.389896,332687419.3395059,0.9674107719082413,3774004089.5861173,0.9807931889365995,689952178.0537064,0.0,0.0,8523696.925416986,0.0,1.0,0.9999999886453091
ic_r1,import_intermediate_first,47,rule,1.021450627152114,30,3858849985.3582296,398488742.1122848,10219450338.909777,9904646102.65102,314804236.258758,0.9691955804061043,3779152236.935773,0.9819296387723586,689952178.0536817,0.0,0.0,7996478.118936603,0.0,1.0,0.9999999949074667
ic_r1,import_intermediate_first,47,demand_tracking,1.021450627152114,30,3859316256.6634326,609078193.3461461,10219450338.909777,9754823039.345016,464627299.56476134,0.9545350009877022,3737500617.9942036,0.9729686432242551,689952181.0619409,0.0,0.0,12268220.875528518,0.0,1.0,0.9999999453282234
ic_r1,import_intermediate_first,47,buffered_smoothing,1.021450627152114,30,3858915632.6204953,443149750.35742444,10219450338.909777,9872383883.47315,347066455.4366279,0.9660386377029303,3770285682.5490103,0.9800049606574717,689952178.0537076,0.0,0.0,8898154.133705249,0.0,1.0,0.999999988172758
ic_r1,import_intermediate_first,48,rule,1.0723468389231177,30,3858860175.8746834,418344393.34767944,10232405629.704576,9902122717.116568,330282912.58800864,0.9677218706391779,3775191297.2051477,0.9810869111653032,689952178.0536817,0.0,0.0,8394921.69804361,0.0,1.0,0.9999999946636046
ic_r1,import_intermediate_first,48,demand_tracking,1.0723468389231177,30,3859349680.258864,639426965.8561554,10232405629.704576,9745289759.62396,487115870.080615,0.9523947849891209,3731464287.087633,0.9717354912965507,689952181.2118345,0.0,0.0,12879514.217699386,0.0,1.0,0.9999999428733392
ic_r1,import_intermediate_first,48,buffered_smoothing,1.0723468389231177,30,3858929094.168239,465230742.7626503,10232405629.704576,9868333957.872007,364071671.8325692,0.9644197381331646,3765882945.615709,0.9790772741436965,689952178.0537089,0.0,0.0,9341525.869080039,0.0,1.0,0.9999999876158395
ic_r1,import_intermediate_first,49,rule,0.9776384808257907,30,3858841213.224067,381396729.42490476,10208298249.66283,9906830745.071144,301467504.5916849,0.9704683878528291,3782561867.3390865,0.9826591855220946,689952178.0536817,0.0,0.0,7653492.505996221,0.0,1.0,0.9999999951180991
ic_r1,import_intermediate_first,49,demand_tracking,0.9776384808257907,30,3859287485.181178,582953560.1806117,10208298249.66283,9763070306.626036,445227943.03679425,0.9563856842592251,3742696773.145056,0.9740380763950939,689952180.9329103,0.0,0.0,11742011.312506462,0.0,1.0,0.9999999474587943
ic_r1,import_intermediate_first,49,buffered_smoothing,0.9776384808257907,30,3858904044.738431,424142133.9430465,10208298249.66283,9875887585.027351,332410664.63547814,0.96743721073721,3774075617.949822,0.9808083943041225,689952178.0537064,0.0,0.0,8516493.757200317,0.0,1.0,0.9999999886544192
ic_r1,import_intermediate_first,50,rule,0.9212846670764326,30,3858829929.978296,359411956.2432362,10193953762.73316,9909658268.778069,284295493.95509076,0.9721113612468586,3786947538.7296486,0.9836032241617556,689952178.0536817,0.0,0.0,7212323.812584406,0.0,1.0,0.9999999953900045
ic_r1,import_intermediate_first,50,demand_tracking,0.9212846670764326,30,3859250477.572827,549350488.0846816,10193953762.73316,9773735606.295214,420218156.43794686,0.9587777062542533,3749380379.9558907,0.975424559372873,689952180.7669437,0.0,0.0,11065168.970960194,0.0,1.0,0.999999950223434
ic_r1,import_intermediate_first,50,buffered_smoothing,0.9212846670764326,30,3858889139.708608,399693396.2058685,10193953762.73316,9880418743.402847,313535019.3303129,0.9692430408624643,3778950460.4674344,0.9818485104317932,689952178.053705,0.0,0.0,8025579.260273538,0.0,1.0,0.9999999892770722
ic_r1,import_intermediate_first,51,rule,1.0526808585011613,30,3858856238.322357,410672292.91283077,10227399785.727865,9903095918.452484,324303867.2753812,0.9682906824735705,3776721779.739791,0.9814119295852808,689952178.0536817,0.0,0.0,8240965.571382789,0.0,1.0,0.9999999947577264
ic_r1,import_intermediate_first,51,demand_tracking,1.0526808585011613,30,3859336765.5889797,627700388.4696572,10227399785.727865,9748967387.942978,478432397.78488755,0.9532205244922047,3733796687.895048,0.972210808867536,689952181.1539166,0.0,0.0,12643314.26330408,0.0,1.0,0.999999943819348
ic_r1,import_intermediate_first,51,buffered_smoothing,1.0526808585011613,30,3858923892.7097187,456698784.30781823,10227399785.727865,9869896275.724052,357503510.00381255,0.9650445355130537,3767584135.848155,0.9794350094953617,689952178.0537084,0.0,0.0,9170209.781612467,0.0,1.0,0.9999999878306972
ic_r1,import_final_first,42,rule,1.0065049171299387,30,3858807421.4824057,293893856.4932457,7966894223.482797,7761773587.010935,205120636.47186232,0.9742533751901389,3800028650.1837564,0.9864474815958737,689952178.0536821,0.0,0.0,5899003.970764269,0.0,1.0,0.9999999957683653
ic_r1,import_final_first,42,demand_tracking,1.0065049171299387,30,3859567265.0847754,552557540.5285594,7966894223.482797,7601234182.0888195,365660041.3939774,0.9541025610311008,3749055756.9790635,0.9751305034367216,689952566.3256433,0.0,0.0,11170015.4038739,0.0,1.0,0.9999999308891643
ic_r1,import_final_first,42,buffered_smoothing,1.0065049171299387,30,3858899467.0979986,340527731.5292819,7966894223.482797,7732177477.868653,234716745.61414397,0.9705384885213733,3790793920.7921424,0.9843786219805414,689952178.0552047,0.0,0.0,6843576.988258364,0.0,1.0,0.9999999890389974
ic_r1,import_final_first,43,rule,1.0175058076979606,30,3858809191.589873,297106055.55841744,7968892118.719388,7761505749.778337,207386368.94105193,0.9739755080315508,3799387980.4781895,0.9863061515745447,689952178.0536821,0.0,0.0,5963478.864069059,0.0,1.0,0.9999999957233038
ic_r1,import_final_first,43,demand_tracking,1.0175058076979606,30,3859577340.1256576,558596880.160623,7968892118.719388,7599302977.379903,369589141.33948493,0.9536210133311632,3747857964.093533,0.9748773203750406,689952570.5693756,0.0,0.0,11292101.36193512,0.0,1.0,0.999999930200684
ic_r1,import_final_first,43,buffered_smoothing,1.0175058076979606,30,3858902243.2450066,344249629.20327604,7968892118.719388,7731597627.343465,237294491.37592268,0.9702223988177096,3790052317.404351,0.984216561597857,689952178.0552214,0.0,0.0,6918375.869277563,0.0,1.0,0.9999999889237751
ic_r1,import_final_first,44,rule,0.9711543472663869,30,3858801733.3694925,283571686.05014503,7960474130.972607,7762631618.501099,197842512.4715087,0.975146893361321,3802087396.159464,0.9869025844678038,689952178.053682,0.0,0.0,5691818.54280976,0.0,1.0,0.9999999959133354
ic_r1,import_final_first,44,demand_tracking,0.9711543472663869,30,3859534889.666223,533150557.40542907,7960474130.972607,7607448889.047703,353025241.9249049,0.9556527367444919,3752904778.1851373,0.9759466182064946,689952552.6887155,0.0,0.0,10777700.966863913,0.0,1.0,0.9999999331100548
ic_r1,import_final_first,44,buffered_smoothing,0.9711543472663869,30,3858890546.149449,328567681.3009833,7960474130.972607,7734039594.764339,226434536.20826787,0.9715551445199406,3793177009.889252,0.9849005959360915,689952178.0551513,0.0,0.0,6603216.169028687,0.0,1.0,0.9999999894098852
ic_r1,import_final_first,45,rule,0.9996109713143555,30,3858806312.206307,291880862.5299623,7965642199.256112,7761941235.378757,203700963.8773546,0.9744275528850169,3800430139.7003145,0.986536120463484,689952178.0536821,0.0,0.0,5858599.385502707,0.0,1.0,0.9999999957966169
ic_r1,import_final_first,45,demand_tracking,0.9996109713143555,30,3859560951.342674,548772857.8314704,7965642199.256112,7602445083.05154,363197116.20457196,0.9544045405104324,3749806379.77638,0.975289356094806,689952563.6662169,0.0,0.0,11093507.599845357,0.0,1.0,0.9999999313212536
ic_r1,import_final_first,45,buffered_smoothing,0.9996109713143555,30,3858897727.3654804,338195323.91764146,7965642199.256112,7732540765.112589,233101434.14352325,0.9707366426569735,3791258662.581952,0.9844802711772368,689952178.0551941,0.0,0.0,6796702.6529830005,0.0,1.0,0.9999999891112513
ic_r1,import_final_first,46,rule,0.9784653580164804,30,3858802909.753772,285706460.66241,7961801899.252998,7762454499.286662,199347399.96633732,0.9749620246159303,3801661617.62129,0.9868083436397844,689952178.053682,0.0,0.0,5734667.495369363,0.0,1.0,0.9999999958833325
ic_r1,import_final_first,46,demand_tracking,0.9784653580164804,30,3859541585.3725157,537164203.0917004,7961801899.252998,7606162477.5184965,355639421.7345023,0.955331792195449,3752108744.754175,0.9757775164791797,689952555.50903,0.0,0.0,10858837.284537653,0.0,1.0,0.9999999326496724
ic_r1,import_final_first,46,buffered_smoothing,0.9784653580164804,30,3858892391.1310434,331041193.21686625,7961801899.252998,7733654633.392454,228147265.86054444,0.97134476984639,3792684152.48767,0.9847924931315291,689952178.0551623,0.0,0.0,6652926.273846585,0.0,1.0,0.9999999893331014
ic_r1,import_final_first,47,rule,1.021450627152114,30,3858809826.334336,298257920.9719085,7969608545.807534,7761409611.8616085,208198933.9459263,0.973875889543477,3799158242.139954,0.9862555059787954,689952178.0536821,0.0,0.0,5986598.975285558,0.0,1.0,0.999999995707151
ic_r1,import_final_first,47,demand_tracking,1.021450627152114,30,3859580952.9438224,560762532.5069938,7969608545.807534,7598610784.3719015,370997761.43563294,0.9534484335958008,3747428446.442424,0.9747866218940932,689952572.0911394,0.0,0.0,11335880.27778388,0.0,1.0,0.9999999299541055
ic_r1,import_final_first,47,buffered_smoothing,1.021450627152114,30,3858903238.7461123,345584267.90911233,7969608545.807534,7731389656.240717,238218889.5668174,0.9701090852583802,3789786385.16429,0.9841584914438176,689952178.0552273,0.0,0.0,6945198.068732163,0.0,1.0,0.9999999888824801
ic_r1,import_final_first,48,rule,1.0723468389231177,30,3858818015.831719,313119332.67860025,7978851915.553744,7760164864.807395,218687050.74634984,0.9725916644323167,3796194149.295999,0.9856036823288138,689952178.0536822,0.0,0.0,6284895.536210613,0.0,1.0,0.9999999954990325
ic_r1,import_final_first,48,demand_tracking,1.0723468389231177,30,3859627565.662236,588703862.07208,7978851915.553744,7589695117.167537,389156798.3862084,0.9512264668520045,3741886793.24782,0.9736206979743997,689952591.7249949,0.0,0.0,11900717.527761828,0.0,1.0,0.9999999267870177
ic_r1,import_final_first,48,buffered_smoothing,1.0723468389231177,30,3858916082.7395287,362803827.6378766,7978851915.553744,7728704471.73771,250147443.81603476,0.968648692009385,3786355317.211953,0.9834113074379104,689952178.0553043,0.0,0.0,7291259.113976516,0.0,1.0,0.9999999883507525
ic_r1,import_final_first,49,rule,0.9776384808257907,30,3858802776.704408,285465017.1063158,7961651728.31999,7762474540.319725,199177188.00026542,0.9749829313317258,3801709773.2831454,0.986818999186256,689952178.053682,0.0,0.0,5729821.267846574,0.0,1.0,0.9999999958867252
ic_r1,import_final_first,49,demand_tracking,0.9776384808257907,30,3859540828.0864167,536710258.7353148,7961651728.31999,7606307941.622029,355343786.6979611,0.9553680820483537,3752198776.3393536,0.9757966336098669,689952555.1900517,0.0,0.0,10849660.746201962,0.0,1.0,0.9999999327017135
ic_r1,import_final_first,49,buffered_smoothing,0.9776384808257907,30,3858892182.463152,330761438.38486683,7961651728.31999,7733698176.629691,227953551.6902988,0.9713685602599952,3792739894.7861786,0.98480471563062,689952178.055161,0.0,0.0,6647304.048243903,0.0,1.0,0.9999999893417836
ic_r1,import_final_first,50,rule,0.9212846670764326,30,3858793709.047029,269010015.87479836,7951417191.819748,7763835028.02135,187582163.7983984,0.9764089646822482,3804991705.8720694,0.9875470789493571,689952178.053682,0.0,0.0,5399538.359718198,0.0,1.0,0.9999999961182834
ic_r1,import_final_first,50,demand_tracking,0.9212846670764326,30,3859489217.0851173,505772779.74758786,7951417191.819748,7616239429.866969,335177761.95277894,0.957846789588955,3758334661.1356,0.9771045332923208,689952533.4508574,0.0,0.0,10224255.984700803,0.0,1.0,0.9999999362654558
ic_r1,import_final_first,50,buffered_smoothing,0.9212846670764326,30,3858877961.208021,311695424.8637268,7951417191.819748,7736663302.290803,214753889.52894545,0.9729917467102746,3796538876.235276,0.9856400942843837,689952178.0550758,0.0,0.0,6264134.869025744,0.0,1.0,0.9999999899347446
ic_r1,import_final_first,51,rule,1.0526808585011613,30,3858814851.4607453,307376975.4088409,7975280334.838077,7760646780.703681,214633554.13439578,0.9730876476909757,3797339456.378977,0.9858551897585487,689952178.0536821,0.0,0.0,6169635.595972173,0.0,1.0,0.9999999955793859
ic_r1,import_final_first,51,demand_tracking,1.0526808585011613,30,3859609554.7970686,577907505.7015358,7975280334.838077,7593136778.259984,382143556.57809293,0.9520839969839315,3744028053.6567616,0.9740702663306762,689952584.138595,0.0,0.0,11682467.91913404,0.0,1.0,0.9999999280076334
ic_r1,import_final_first,51,buffered_smoothing,1.0526808585011613,30,3858911119.9001684,356150296.60448235,7975280334.838077,7729742429.549911,245537905.2881664,0.9692126301547555,3787681060.579272,0.9836995668018289,689952178.0552746,0.0,0.0,7157543.273371374,0.0,1.0,0.9999999885559752
ic_r1,backlog_retention_minus20,42,rule,1.0065049171299387,30,3858791967.582667,333755455.9509776,9411468190.106182,9153185427.381613,258282762.7245698,0.9725565918613963,3792040876.3924713,0.9847239799748774,689952178.0536817,0.0,0.0,6694235.9361211695,0.0,1.0,0.9999999959050057
ic_r1,backlog_retention_minus20,42,demand_tracking,1.0065049171299387,30,3859211550.893203,521955916.7618314,9411468190.106182,9021003642.99339,390464547.1127938,0.958511834792868,3754820367.5408363,0.9765835947830329,689952184.0388361,0.0,0.0,10512256.082721086,0.0,1.0,0.9999999543153094
ic_r1,backlog_retention_minus20,42,buffered_smoothing,1.0065049171299387,30,3858857729.4550223,372857994.89979607,9411468190.106182,9125348930.912142,286119259.1940418,0.969598870929105,3784286130.4750633,0.98301236472978,689952178.0537169,0.0,0.0,7484784.015652574,0.0,1.0,0.9999999904476209
ic_r1,backlog_retention_minus20,43,rule,1.0175058076979606,30,3858793568.7822065,337403334.05361694,9413990451.551601,9152869481.010748,261120970.54085281,0.9722624564062718,3791312901.971483,0.9845658747474882,689952178.0536817,0.0,0.0,6767402.550328862,0.0,1.0,0.9999999958617022
ic_r1,backlog_retention_minus20,43,demand_tracking,1.0175058076979606,30,3859217738.0515437,527660786.9754819,9413990451.551601,9019297797.182714,394692654.36888766,0.9580738204059008,3753685580.6564474,0.9763460056978392,689952184.1042526,0.0,0.0,10627152.867446972,0.0,1.0,0.9999999538591389
ic_r1,backlog_retention_minus20,43,buffered_smoothing,1.0175058076979606,30,3858860049.4182253,376933255.665537,9413990451.551601,9124737514.662125,289252936.8894762,0.9692741416747663,3783473398.285118,0.9828373469170908,689952178.0537173,0.0,0.0,7566591.15685986,0.0,1.0,0.9999999903480812
ic_r1,backlog_retention_minus20,44,rule,0.9711543472663869,30,3858786822.24322,322033262.28641,9403363084.534132,9154199052.024975,249164032.50915813,0.9735026681125435,3794380169.785938,0.9852332680778304,689952178.0536817,0.0,0.0,6459120.288780122,0.0,1.0,0.999999996044361
ic_r1,backlog_retention_minus20,44,demand_tracking,0.9711543472663869,30,3859191668.9053,503623727.03562695,9403363084.534132,9026490494.88656,376872589.64757186,0.9599215103937208,3758466923.4981747,0.9773495563610346,689952183.828625,0.0,0.0,10143043.536660753,0.0,1.0,0.9999999557866446
ic_r1,backlog_retention_minus20,44,buffered_smoothing,0.9711543472663869,30,3858850274.420289,359762437.8155113,9403363084.534132,9127313120.636986,276049963.8971469,0.9706434855896217,3786897786.857187,0.9835762414547672,689952178.0537157,0.0,0.0,7221902.656847686,0.0,1.0,0.9999999907681465
ic_r1,backlog_retention_minus20,45,rule,0.9996109713143555,30,3858790964.1563716,331469434.3033713,9409887560.462616,9153383299.060694,256504261.40192297,0.9727409855055364,3792497077.2956977,0.9848231523709844,689952178.0536817,0.0,0.0,6648384.496118327,0.0,1.0,0.9999999959321578
ic_r1,backlog_retention_minus20,45,demand_tracking,0.9996109713143555,30,3859207673.576717,518380836.55403626,9409887560.462616,9022073041.602858,387814518.85975885,0.9587864874720466,3755531506.2659097,0.9767326718943468,689952183.9978415,0.0,0.0,10440253.529528918,0.0,1.0,0.9999999546015884
ic_r1,backlog_retention_minus20,45,buffered_smoothing,0.9996109713143555,30,3858856275.5999446,370304144.6701563,9409887560.462616,9125732047.201063,284155513.26155317,0.9698024539150197,3784795446.665913,0.9831221538825852,689952178.0537167,0.0,0.0,7433517.802674315,0.0,1.0,0.9999999905100494
ic_r1,backlog_retention_minus20,46,rule,0.9784653580164804,30,3858787886.374071,324457582.01384705,9405039337.963614,9153989628.008463,251049709.95515072,0.9733068942155527,3793896369.971302,0.9851277859072333,689952178.0536817,0.0,0.0,6507745.615949125,0.0,1.0,0.9999999960155146
ic_r1,backlog_retention_minus20,46,demand_tracking,0.9784653580164804,30,3859195780.7888665,507415089.85321,9405039337.963614,9025355076.570677,379684261.3929368,0.9596296998078111,3757712762.8182244,0.9771908324263546,689952183.8720996,0.0,0.0,10219402.04810018,0.0,1.0,0.9999999554816639
ic_r1,backlog_retention_minus20,46,buffered_smoothing,0.9784653580164804,30,3858851816.229637,362470789.0243095,9405039337.963614,9126906968.347635,278132369.615978,0.9704273039567956,3786357658.424775,0.9834594392829751,689952178.053716,0.0,0.0,7276270.336000812,0.0,1.0,0.999999990701774
ic_r1,backlog_retention_minus20,47,rule,1.021450627152114,30,3858794142.9578204,338711430.01336604,9414894911.60025,9152756127.120508,262138784.47974372,0.9721570142905412,3791051856.9551473,0.984509223726305,689952178.0536817,0.0,0.0,6793639.433728108,0.0,1.0,0.9999999958461813
ic_r1,backlog_retention_minus20,47,demand_tracking,1.021450627152114,30,3859219956.7103367,529706501.6258633,9414894911.60025,9018686284.04931,396208627.5509408,0.9579168295269271,3753278656.3851643,0.9762608975241258,689952184.1277103,0.0,0.0,10668353.811025493,0.0,1.0,0.9999999536957557
ic_r1,backlog_retention_minus20,47,buffered_smoothing,1.021450627152114,30,3858860881.3359613,378394607.16703933,9414894911.60025,9124518247.035627,290376664.564625,0.9691577370442186,3783181959.9025536,0.9827746398400002,689952178.0537174,0.0,0.0,7595926.45477304,0.0,1.0,0.9999999903124109
ic_r1,backlog_retention_minus20,48,rule,1.0723468389231177,30,3858801550.9935927,355588534.2149502,9426564289.808685,9151290917.762995,275273372.04568964,0.9707981228809636,3787683844.150603,0.9837803893863509,689952178.0536817,0.0,0.0,7132148.708795958,0.0,1.0,0.9999999956462754
ic_r1,backlog_retention_minus20,48,demand_tracking,1.0723468389231177,30,3859248581.9311075,556100390.4410225,9426564289.808685,9010805352.762625,415758937.04605985,0.95589496615479,3748028503.842903,0.9751670264480327,689952184.4303633,0.0,0.0,11199929.963979475,0.0,1.0,0.9999999515969439
ic_r1,backlog_retention_minus20,48,buffered_smoothing,1.0723468389231177,30,3858871614.7704725,397249020.24138945,9426564289.808685,9121688367.597315,304875922.2113713,0.9676577899605501,3779421810.7221947,0.9819680769701409,689952178.0537192,0.0,0.0,7974411.592637203,0.0,1.0,0.9999999898533061
ic_r1,backlog_retention_minus20,49,rule,0.9776384808257907,30,3858787766.0205994,324183390.8309753,9404849753.270876,9154013319.410439,250836433.86043823,0.9733290333773594,3793951087.8544044,0.9851397119336521,689952178.0536817,0.0,0.0,6502246.078976713,0.0,1.0,0.9999999960187765
ic_r1,backlog_retention_minus20,49,demand_tracking,0.9776384808257907,30,3859195315.733781,506986285.7462748,9404849753.270876,9025483475.42658,379366277.84429604,0.9596626966090174,3757798058.5845256,0.9772087759668009,689952183.8671826,0.0,0.0,10210765.880874826,0.0,1.0,0.9999999555161392
ic_r1,backlog_retention_minus20,49,buffered_smoothing,0.9776384808257907,30,3858851641.8506045,362164473.8080578,9404849753.270876,9126952906.153364,277896847.1175119,0.9704517504895958,3786418747.0889926,0.9834726448104826,689952178.0537158,0.0,0.0,7270121.337546404,0.0,1.0,0.9999999907092787
ic_r1,backlog_retention_minus20,50,rule,0.9212846670764326,30,3858779563.6209774,305496554.3512029,9391929067.364277,9155624601.304678,236304466.05959934,0.9748396240682091,3797680252.750737,0.985954932521967,689952178.0536817,0.0,0.0,6127438.446427659,0.0,1.0,0.9999999962414821
ic_r1,backlog_retention_minus20,50,demand_tracking,0.9212846670764326,30,3859163621.029917,477762179.6162746,9391929067.364277,9034244600.691984,357684466.6722924,0.9619157614898094,3763611185.1066623,0.9784366079203274,689952183.5320762,0.0,0.0,9622188.80460927,0.0,1.0,0.9999999578766421
ic_r1,backlog_retention_minus20,50,buffered_smoothing,0.9212846670764326,30,3858839757.46966,341288301.57885665,9391929067.364277,9130082525.883144,261846541.48113218,0.9721200469463707,3790582097.153888,0.9843755458955764,689952178.0537139,0.0,0.0,6851051.229498628,0.0,1.0,0.9999999912220435
ic_r1,backlog_retention_minus20,51,rule,1.0526808585011613,30,3858798688.5745363,349067325.87235296,9422055314.476376,9151857656.599104,270197657.8772714,0.9713228537873122,3788985223.400066,0.9840615497940081,689952178.0536817,0.0,0.0,7001350.825328973,0.0,1.0,0.9999999957234422
ic_r1,backlog_retention_minus20,51,demand_tracking,1.0526808585011613,30,3859237521.3234186,545901955.5745218,9422055314.476376,9013848557.667175,408206756.809201,0.9566754022148419,3750057130.208514,0.9755887702181543,689952184.31342,0.0,0.0,10994532.236859683,0.0,1.0,0.9999999524059041
ic_r1,backlog_retention_minus20,51,buffered_smoothing,1.0526808585011613,30,3858867467.4379773,389963792.0193765,9422055314.476376,9122782005.142515,299273309.3338613,0.9682369398878347,3780874709.034102,0.9822791819236656,689952178.0537186,0.0,0.0,7828167.283832301,0.0,1.0,0.9999999900304563
ic_r1,backlog_retention_plus20,42,rule,1.0065049171299387,30,3858873687.7750006,389536969.8759352,9411468190.106182,9119190139.73288,292278050.3733026,0.9689444787498129,3780966293.7998137,0.9822851358690028,689952178.053682,0.0,0.0,7820513.734724042,0.0,1.0,0.9999999942819066
ic_r1,backlog_retention_plus20,42,demand_tracking,1.0065049171299387,30,3859645404.566479,667741021.5576882,9411468190.106182,8933307832.249424,478160357.8567599,0.9491938613404203,3726097200.2549415,0.9704052633015944,689952242.6665528,0.0,0.0,13483795.140677288,0.0,1.0,0.9999999223688337
ic_r1,backlog_retention_plus20,42,buffered_smoothing,1.0065049171299387,30,3858981189.6416197,443522094.5344595,9411468190.106182,9082354031.581251,329114158.52493155,0.9650305189501769,3770276770.734728,0.9799465965443851,689952178.0540961,0.0,0.0,8914092.483085651,0.0,1.0,0.9999999857125321
ic_r1,backlog_retention_plus20,43,rule,1.0175058076979606,30,3858876182.1593404,393794528.38843954,9413990451.551601,9118575385.97063,295415065.5809715,0.9686195702979197,3780117276.4816523,0.982102959839896,689952178.053682,0.0,0.0,7905990.332321539,0.0,1.0,0.9999999942215146
ic_r1,backlog_retention_plus20,43,demand_tracking,1.0175058076979606,30,3859656333.655735,675039292.8139096,9413990451.551601,8930819218.803446,483171232.74815637,0.948675194091734,3724648475.092953,0.9701085491318495,689952243.3727582,0.0,0.0,13631170.232700877,0.0,1.0,0.9999999216054695
ic_r1,backlog_retention_plus20,43,buffered_smoothing,1.0175058076979606,30,3858984858.9991264,448369699.2936958,9413990451.551601,9081361710.22687,332628741.3247324,0.964666552081545,3769310919.1403875,0.9797415543496467,689952178.0541008,0.0,0.0,9011521.670216976,0.0,1.0,0.9999999855639727
ic_r1,backlog_retention_plus20,44,rule,0.9711543472663869,30,3858865672.2505016,375855612.1064152,9403363084.534132,9121172246.866453,282190837.6676794,0.969990434791165,3783694549.8292184,0.9828721206682015,689952178.053682,0.0,0.0,7545840.841980948,0.0,1.0,0.9999999944762646
ic_r1,backlog_retention_plus20,44,demand_tracking,0.9711543472663869,30,3859610284.7249637,644288552.2934096,9403363084.534132,8941330280.634014,462032803.9001185,0.9508651532705324,3730752574.266282,0.9713623059096589,689952240.3972129,0.0,0.0,13010215.892296119,0.0,1.0,0.9999999248323923
ic_r1,backlog_retention_plus20,44,buffered_smoothing,0.9711543472663869,30,3858969398.4254355,427944665.6297127,9403363084.534132,9085552381.683157,317810702.85097533,0.9662024426799297,3773380465.299493,0.9806074179610469,689952178.0540816,0.0,0.0,8601010.804367121,0.0,1.0,0.9999999861909413
ic_r1,backlog_retention_plus20,45,rule,0.9996109713143555,30,3858872124.615148,386868878.8236337,9409887560.462616,9119575885.440216,290311675.02240086,0.9691482312453766,3781498348.8504214,0.9823994188077404,689952178.053682,0.0,0.0,7766947.977597933,0.0,1.0,0.9999999943197744
ic_r1,backlog_retention_plus20,45,demand_tracking,0.9996109713143555,30,3859638555.6165075,663167402.1514486,9409887560.462616,8934869283.057522,475018277.4050951,0.9495192398046315,3727005075.186218,0.9705914739722201,689952242.223994,0.0,0.0,13391439.35432572,0.0,1.0,0.9999999228480028
ic_r1,backlog_retention_plus20,45,buffered_smoothing,0.9996109713143555,30,3858978890.159439,440484238.25010705,9409887560.462616,9082976609.609394,326910950.853223,0.9652587824506216,3770882042.5094175,0.9800752359283831,689952178.0540932,0.0,0.0,8853036.377419781,0.0,1.0,0.9999999858057073
ic_r1,backlog_retention_plus20,46,rule,0.9784653580164804,30,3858867329.9772654,378685115.3963174,9405039337.963614,9120761480.822865,284277857.1407498,0.9697738789891865,3783130306.8980017,0.982750526145919,689952178.053682,0.0,0.0,7602647.181436156,0.0,1.0,0.9999999944360318
ic_r1,backlog_retention_plus20,46,demand_tracking,0.9784653580164804,30,3859617548.017744,649138863.209731,9405039337.963614,8939667912.49276,465371425.47085303,0.9505189283374528,3729789775.3757977,0.9711639270345821,689952240.8665452,0.0,0.0,13108158.95203461,0.0,1.0,0.9999999243215658
ic_r1,backlog_retention_plus20,46,buffered_smoothing,0.9784653580164804,30,3858971837.0200214,431166303.9405235,9405039337.963614,9084889706.336384,320149631.62722933,0.9659597775061993,3772738576.2319164,0.9804705080184756,689952178.0540844,0.0,0.0,8665760.638036095,0.0,1.0,0.999999986091871
ic_r1,backlog_retention_plus20,47,rule,1.021450627152114,30,3858877076.622912,395321250.2064114,9414894911.60025,9118355177.292955,296539734.30729544,0.9685031285965897,3779812826.5816298,0.9820376896761921,689952178.053682,0.0,0.0,7936641.463972423,0.0,1.0,0.9999999941998691
ic_r1,backlog_retention_plus20,47,demand_tracking,1.021450627152114,30,3859660252.7278905,677656386.6078359,9414894911.60025,8929927732.54118,484967179.0590722,0.9484893688551389,3724128975.4063234,0.9700022781102445,689952243.625997,0.0,0.0,13684017.602327676,0.0,1.0,0.9999999213321104
ic_r1,backlog_retention_plus20,47,buffered_smoothing,1.021450627152114,30,3858986174.7974057,450108006.3372964,9414894911.60025,9081006214.636143,333888696.9641085,0.9645361206790829,3768964573.5299463,0.979668097400576,689952178.0541023,0.0,0.0,9046458.891928378,0.0,1.0,0.9999999855107371
ic_r1,backlog_retention_plus20,48,rule,1.0723468389231177,30,3858888617.026191,415019073.60897875,9426564289.808685,9115525079.56824,311039210.2404466,0.9670039687124694,3775884802.3043957,0.9811982358935879,689952178.053682,0.0,0.0,8332103.539145951,0.0,1.0,0.9999999939210945
ic_r1,backlog_retention_plus20,48,demand_tracking,1.0723468389231177,30,3859710816.747029,711422231.0294383,9426564289.808685,8918468212.568703,508096077.2399833,0.9460995478714022,3717426370.541141,0.968637188937498,689952246.8932937,0.0,0.0,14365856.390471574,0.0,1.0,0.9999999178228679
ic_r1,backlog_retention_plus20,48,buffered_smoothing,1.0723468389231177,30,3859003151.277227,472535710.4293082,9426564289.808685,9076435569.744879,350128720.0638057,0.9628572288588388,3764496009.1913652,0.978723620243984,689952178.0541233,0.0,0.0,9497220.26531457,0.0,1.0,0.9999999848256189
ic_r1,backlog_retention_plus20,49,rule,0.9776384808257907,30,3858867142.487943,378365097.84862447,9404849753.270876,9120807916.530191,284041836.7406861,0.9697983652910671,3783194122.918218,0.9827642733416471,689952178.053682,0.0,0.0,7596222.369876212,0.0,1.0,0.9999999944405813
ic_r1,backlog_retention_plus20,49,demand_tracking,0.9776384808257907,30,3859616726.537468,648590291.8012698,9404849753.270876,8939855842.364338,464993910.9065395,0.9505580713030721,3729898668.177214,0.9711863519735667,689952240.8134637,0.0,0.0,13097081.566861438,0.0,1.0,0.9999999243793055
ic_r1,backlog_retention_plus20,49,buffered_smoothing,0.9776384808257907,30,3858971561.2143483,430801935.821406,9404849753.270876,9084964623.252342,319885130.01853365,0.9659872152761099,3772811174.050067,0.9804859862136307,689952178.0540842,0.0,0.0,8658437.415243523,0.0,1.0,0.9999999861030723
ic_r1,backlog_retention_plus20,50,rule,0.9212846670764326,30,3858854364.6069503,356555076.38198906,9391929067.364277,9123986014.960468,267943052.40380925,0.9714709246117631,3787543349.3305526,0.9837043005124689,689952178.053682,0.0,0.0,7158354.887134395,0.0,1.0,0.9999999947512129
ic_r1,backlog_retention_plus20,50,demand_tracking,0.9212846670764326,30,3859560740.537375,611203735.0927638,9391929067.364277,8952714946.047478,439214121.3168001,0.9532349405360172,3737319993.518822,0.9727217706623487,689952237.1958145,0.0,0.0,12342129.189520838,0.0,1.0,0.9999999283355274
ic_r1,backlog_retention_plus20,50,buffered_smoothing,0.9212846670764326,30,3858952764.346199,405969308.4951617,9391929067.364277,9090089734.220032,301839333.14424586,0.9678618385020499,3777758902.6471667,0.9815446971689349,689952178.054061,0.0,0.0,8159340.889248585,0.0,1.0,0.9999999868685174
ic_r1,backlog_retention_plus20,51,rule,1.0526808585011613,30,3858884157.8859715,407407956.8694275,9422055314.476376,9116616199.348242,305439115.1281347,0.9675825385296936,3777402566.512086,0.9815220106194343,689952178.053682,0.0,0.0,8179299.447105071,0.0,1.0,0.9999999940287021
ic_r1,backlog_retention_plus20,51,demand_tracking,1.0526808585011613,30,3859691279.123779,698375318.258921,9422055314.476376,8922886814.568806,499168499.90757054,0.9470212726154739,3720016215.471995,0.9691633296424347,689952245.6308305,0.0,0.0,14102398.113480372,0.0,1.0,0.9999999191749549
ic_r1,backlog_retention_plus20,51,buffered_smoothing,1.0526808585011613,30,3858996591.6707616,463869784.7300165,9422055314.476376,9078198148.375412,343857166.10096467,0.9635050788151658,3766222634.724758,0.9790878431448997,689952178.054115,0.0,0.0,9323048.867571428,0.0,1.0,0.9999999850899655
ic_r1,external_supply_elasticity_minus20,42,rule,1.0065049171299387,30,3858645468.96967,361169400.96904695,9411468190.106182,9136048241.526926,275419948.5792575,0.9707357084977675,3786411588.775861,0.9835154077404019,689952178.053682,0.07712147012352943,0.0,7223388.019873079,0.0,1.0,0.9999999953257159
ic_r1,external_supply_elasticity_minus20,42,demand_tracking,1.0065049171299387,30,3858645468.96967,593972533.6872549,9411468190.106182,8976077875.1153,435390314.9908833,0.9537383215672357,3739850962.2322187,0.9734778086740046,689952178.053682,1615.5519946350832,0.0,11879321.429585516,0.0,1.0,0.9999999409891579
ic_r1,external_supply_elasticity_minus20,42,buffered_smoothing,1.0065049171299387,30,3858645468.96967,407657034.34746546,9411468190.106182,9103582302.450996,307885887.6551862,0.9672860937915243,3777114062.100177,0.981487098827261,689952178.053682,2.4556393680977635,0.0,8153140.49049816,0.0,1.0,0.9999999887953506
ic_r1,external_supply_elasticity_minus20,43,rule,1.0175058076979606,30,3858645468.96967,365116907.8206862,9413990451.551601,9135577731.367104,278412720.1844983,0.9704256423864749,3785622087.405533,0.9833452665634035,689952178.053682,0.07796439900994301,0.0,7302338.156911241,0.0,1.0,0.9999999952763236
ic_r1,external_supply_elasticity_minus20,43,demand_tracking,1.0175058076979606,30,3858645468.96967,600464530.628648,9413990451.551601,8973956462.371962,440033989.1796403,0.9532574425856664,3738552562.8439403,0.9732099264138259,689952178.053682,1633.2096437816508,0.0,12009159.955801442,0.0,1.0,0.9999999404036449
ic_r1,external_supply_elasticity_minus20,43,buffered_smoothing,1.0175058076979606,30,3858645468.96967,412112641.41685694,9413990451.551601,9102772678.179003,311217773.3725995,0.9669409295692132,3776222940.686299,0.9812969768917343,689952178.053682,2.482479009020608,0.0,8242252.629738817,0.0,1.0,0.9999999886787172
ic_r1,external_supply_elasticity_minus20,44,rule,0.9711543472663869,30,3858645468.96967,348484371.8904609,9403363084.534132,9137562331.99597,265800752.53816307,0.971733437266149,3788948594.591578,0.9840635304745101,689952178.053682,0.0744128031656146,0.0,6969687.43828407,0.0,1.0,0.9999999954846717
ic_r1,external_supply_elasticity_minus20,44,demand_tracking,0.9711543472663869,30,3858645468.96967,573110968.8883307,9403363084.534132,8982908949.669888,420454134.8642446,0.955286833967331,3744023275.1920037,0.9743415905673565,689952178.053682,1558.810410270933,0.0,11462094.672933776,0.0,1.0,0.999999942878117
ic_r1,external_supply_elasticity_minus20,44,buffered_smoothing,0.9711543472663869,30,3858645468.96967,393339261.5976482,9403363084.534132,9106188015.529892,297175069.004241,0.9683969377410292,3779977616.6501403,0.9820997208211767,689952178.053682,2.3693921547965147,0.0,7866785.046414922,0.0,1.0,0.9999999891709318
ic_r1,external_supply_elasticity_minus20,45,rule,0.9996109713143555,30,3858645468.96967,358695610.49057937,9409887560.462616,9136343257.291594,273544303.1710235,0.9709301198963982,3786906346.8715544,0.9836221345900921,689952178.053682,0.07659323327243328,0.0,7173912.210300356,0.0,1.0,0.9999999953566865
ic_r1,external_supply_elasticity_minus20,45,demand_tracking,0.9996109713143555,30,3858645468.96967,589904183.5048621,9409887560.462616,8977408358.664455,432479201.79816216,0.9540399182222642,3740664632.2686973,0.9736459053327245,689952178.053682,1604.486447173229,0.0,11797955.311181454,0.0,1.0,0.9999999413566414
ic_r1,external_supply_elasticity_minus20,45,buffered_smoothing,0.9996109713143555,30,3858645468.96967,404864831.88694847,9409887560.462616,9104089974.058374,305797586.40424323,0.9675025249303608,3777672502.5922804,0.98160636901866,689952178.053682,2.4388197291991673,0.0,8097296.442633394,0.0,1.0,0.9999999888685006
ic_r1,external_supply_elasticity_minus20,46,rule,0.9784653580164804,30,3858645468.96967,351107819.95131975,9405039337.963614,9137248926.76379,267790411.19982475,0.9715269227935196,3788423904.979406,0.9839499969105606,689952178.053682,0.07497299648821354,0.0,7022156.3995048255,0.0,1.0,0.9999999954517677
ic_r1,external_supply_elasticity_minus20,46,demand_tracking,0.9784653580164804,30,3858645468.96967,577425443.1697186,9405039337.963614,8981494413.553516,423544924.41009766,0.9549661719435398,3743160380.3357263,0.9741625762318787,689952178.053682,1570.5453931903467,0.0,11548383.2197629,0.0,1.0,0.9999999424865149
ic_r1,external_supply_elasticity_minus20,46,buffered_smoothing,0.9784653580164804,30,3858645468.96967,396300384.89840275,9405039337.963614,9105648607.13648,299390730.82713336,0.9681669879233108,3779385391.9899893,0.981972811141273,689952178.053682,2.3872293290914968,0.0,7926007.506989713,0.0,1.0,0.999999989093157
ic_r1,external_supply_elasticity_minus20,47,rule,1.021450627152114,30,3858645468.96967,366532447.9287766,9414894911.60025,9135409087.09834,279485824.5019136,0.9703145040782609,3785338979.3839145,0.9832843052204514,689952178.053682,0.07826665695756674,0.0,7330648.959074981,0.0,1.0,0.9999999952586203
ic_r1,external_supply_elasticity_minus20,47,demand_tracking,1.021450627152114,30,3858645468.96967,602792501.7753797,9414894911.60025,8973196245.227781,441698666.37247044,0.9530851198531972,3738086968.614594,0.9731139723895212,689952178.053682,1639.5415164179867,0.0,12055718.872186266,0.0,1.0,0.9999999401939518
ic_r1,external_supply_elasticity_minus20,47,buffered_smoothing,1.021450627152114,30,3858645468.96967,413710381.64876896,9414894911.60025,9102482498.59951,312412413.0007423,0.9668172171931722,3775903392.6399164,0.9812288611082483,689952178.053682,2.492103437834885,0.0,8274207.433607109,0.0,1.0,0.9999999886369222
ic_r1,external_supply_elasticity_minus20,48,rule,1.0723468389231177,30,3858645468.96967,384795800.6497388,9426564289.808685,9133236813.117748,293327476.69093823,0.9688828858879092,3781686308.839722,0.9825001254625503,689952178.053682,0.08216647803783417,0.0,7695916.013519107,0.0,1.0,0.9999999950306143
ic_r1,external_supply_elasticity_minus20,48,demand_tracking,1.0723468389231177,30,3858645468.96967,632828074.7231109,9426564289.808685,8963411428.936865,463152860.8718208,0.950867267582045,3732079854.025048,0.9718809668574091,689952178.053682,1721.2355797622004,0.0,12656423.795615822,0.0,1.0,0.9999999375009745
ic_r1,external_supply_elasticity_minus20,48,buffered_smoothing,1.0723468389231177,30,3858645468.96967,434324487.34956616,9426564289.808685,9098745352.704323,327818937.10436296,0.9652239217782903,3771780571.499757,0.9803528676205193,689952178.053682,2.616278458503075,0.0,8686489.537689053,0.0,1.0,0.9999999880990096
ic_r1,external_supply_elasticity_minus20,49,rule,0.9776384808257907,30,3858645468.96967,350811107.30287296,9404849753.270876,9137284365.899307,267565387.37156957,0.9715502751887649,3788483247.509095,0.9839628330317924,689952178.053682,0.0749096442013979,0.0,7016222.146535481,0.0,1.0,0.9999999954554885
ic_r1,external_supply_elasticity_minus20,49,demand_tracking,0.9776384808257907,30,3858645468.96967,576937475.0220791,9404849753.270876,8981654351.426046,423195401.8448303,0.9550024282208605,3743257973.965254,0.9741828130542183,689952178.053682,1569.2181635872694,0.0,11538623.96298848,0.0,1.0,0.9999999425307805
ic_r1,external_supply_elasticity_minus20,49,buffered_smoothing,0.9776384808257907,30,3858645468.96967,395965481.1164246,9404849753.270876,9105709600.982832,299140152.28804433,0.9681929897727491,3779452372.746385,0.9819871591405269,689952178.053682,2.385211942892056,0.0,7919309.43151154,0.0,1.0,0.9999999891019508
ic_r1,external_supply_elasticity_minus20,50,rule,0.9212846670764326,30,3858645468.96967,330589374.84257334,9391929067.364277,9139703921.189245,252225146.17503208,0.9731444792261601,3792527594.0011554,0.98484039265964,689952178.053682,0.07059162575751543,0.0,6611787.497301933,0.0,1.0,0.9999999957095306
ic_r1,external_supply_elasticity_minus20,50,demand_tracking,0.9212846670764326,30,3858645468.96967,543681186.8848146,9391929067.364277,8992582715.38808,399346351.97619635,0.9574798373037258,3749909231.592707,0.975567885666615,689952178.053682,1478.7640439346433,0.0,10873505.436572758,0.0,1.0,0.9999999455625096
ic_r1,external_supply_elasticity_minus20,50,buffered_smoothing,0.9212846670764326,30,3858645468.96967,373140924.1889323,9391929067.364277,9109874594.656578,282054472.7076996,0.9699684196202246,3784017284.1318836,0.9829683385575977,689952178.053682,2.247721657215152,0.0,7462818.307768154,0.0,1.0,0.9999999897028329
ic_r1,external_supply_elasticity_minus20,51,rule,1.0526808585011613,30,3858645468.96967,377738954.4808,9422055314.476376,9134075382.588589,287979931.8877876,0.969435550707782,3783097678.07351,0.982802612522701,689952178.053682,0.08065961766988039,0.0,7554779.0901307175,0.0,1.0,0.9999999951186263
ic_r1,external_supply_elasticity_minus20,51,demand_tracking,1.0526808585011613,30,3858645468.96967,621222515.7041025,9422055314.476376,8967187070.761097,454868243.7152795,0.9517230340373397,3734400965.8288493,0.972356296183186,689952178.053682,1689.6695005845977,0.0,12424315.140521994,0.0,1.0,0.9999999385387887
ic_r1,external_supply_elasticity_minus20,51,buffered_smoothing,1.0526808585011613,30,3858645468.96967,426359324.8154271,9422055314.476376,9100187882.988537,321867431.4878397,0.9658389363313002,3773373604.0065846,0.980690722768365,689952178.053682,2.5682979905977845,0.0,8527186.290844705,0.0,1.0,0.9999999883065633
ic_r1,external_supply_elasticity_plus20,42,rule,1.0065049171299387,30,3858834359.0193152,359455184.0503212,9411468190.106182,9137339095.070835,274129095.0353472,0.9708728660079279,3786943322.209251,0.9835976523206921,689952178.0536817,0.0,0.0,7213757.4282943355,0.0,1.0,0.9999999952104476
ic_r1,external_supply_elasticity_plus20,42,demand_tracking,1.0065049171299387,30,3859392510.6285214,586112462.8492085,9411468190.106182,8981879008.906372,429589181.1998121,0.954354711451778,3742170018.0586796,0.973853789220298,689952195.9117464,0.0,0.0,11818693.451837907,0.0,1.0,0.9999999409524221
ic_r1,external_supply_elasticity_plus20,42,buffered_smoothing,1.0065049171299387,30,3858909832.308701,405181308.9242466,9411468190.106182,9105436599.705482,306031590.4007015,0.9674831190820561,3777873570.523852,0.9816058069568402,689952178.0538018,0.0,0.0,8138019.313824661,0.0,1.0,0.9999999884434086
ic_r1,external_supply_elasticity_plus20,43,rule,1.0175058076979606,30,3858836423.5484896,363383954.8655914,9413990451.551601,9136882466.23295,277107985.3186513,0.9705642376901945,3786159632.5753713,0.9834284039066581,689952178.0536817,0.0,0.0,7292602.304958444,0.0,1.0,0.9999999951598219
ic_r1,external_supply_elasticity_plus20,43,demand_tracking,1.0175058076979606,30,3859400675.6393414,592518550.8420459,9413990451.551601,8979820009.926945,434170441.62465554,0.9538802972173084,3740896965.4709325,0.9735899761569168,689952196.1069313,0.0,0.0,11947869.326796774,0.0,1.0,0.9999999403668
ic_r1,external_supply_elasticity_plus20,43,buffered_smoothing,1.0175058076979606,30,3858912721.7453184,409609856.8268184,9413990451.551601,9104646927.644178,309343523.90742195,0.9671400214925396,3776990750.379955,0.981416972817577,689952178.0538028,0.0,0.0,8226966.1817317875,0.0,1.0,0.9999999883230851
ic_r1,external_supply_elasticity_plus20,44,rule,0.9711543472663869,30,3858827724.803443,346830361.87576026,9403363084.534132,9138808547.443777,264554537.0903543,0.9718659659621702,3789461652.4282913,0.9841429053491204,689952178.0536817,0.0,0.0,6960395.093339429,0.0,1.0,0.9999999953733701
ic_r1,external_supply_elasticity_plus20,44,demand_tracking,0.9711543472663869,30,3859366272.954067,565526960.2717038,9403363084.534132,8988509383.576933,414853700.9571987,0.9558824117257031,3746260880.8997264,0.9747044893372511,689952195.2845336,0.0,0.0,11403596.077295061,0.0,1.0,0.9999999428417686
ic_r1,external_supply_elasticity_plus20,44,buffered_smoothing,0.9711543472663869,30,3858900547.3121486,390950489.0596252,9403363084.534132,9107978154.162172,295384930.3719594,0.9685873099106654,3780710449.500223,0.9822142893251832,689952178.0537975,0.0,0.0,7852194.957273445,0.0,1.0,0.9999999888308696
ic_r1,external_supply_elasticity_plus20,45,rule,0.9996109713143555,30,3858833065.2374916,356993134.9139498,9409887560.462616,9137625409.439617,272262151.0230002,0.9710663757379038,3787434438.2547016,0.9837038196352627,689952178.0536817,0.0,0.0,7164347.582409797,0.0,1.0,0.9999999952421914
ic_r1,external_supply_elasticity_plus20,45,demand_tracking,0.9996109713143555,30,3859387393.8480363,582097949.3660127,9409887560.462616,8983170369.165386,426717191.29723054,0.954652253966332,3742967803.974834,0.9740193353997164,689952195.7894295,0.0,0.0,11737742.59816468,0.0,1.0,0.9999999413199767
ic_r1,external_supply_elasticity_plus20,45,buffered_smoothing,0.9996109713143555,30,3858908021.580801,402406063.67539483,9409887560.462616,9105931764.55168,303955795.910937,0.9676982542078332,3778426808.845722,0.9817242700194153,689952178.053801,0.0,0.0,8082278.836812729,0.0,1.0,0.9999999885188728
ic_r1,external_supply_elasticity_plus20,46,rule,0.9784653580164804,30,3858829096.8555417,349441358.27532333,9405039337.963614,9138504377.962759,266534960.00085425,0.9716604098693153,3788940825.2004766,0.9840299653916763,689952178.0536817,0.0,0.0,7012794.1002486255,0.0,1.0,0.999999995339645
ic_r1,external_supply_elasticity_plus20,46,demand_tracking,0.9784653580164804,30,3859371699.2858276,569784340.880308,9405039337.963614,8987136372.37569,417902965.5879234,0.9555660587297015,3745414831.109766,0.9745281812175883,689952195.4142503,0.0,0.0,11489444.237008799,0.0,1.0,0.9999999424500821
ic_r1,external_supply_elasticity_plus20,46,buffered_smoothing,0.9784653580164804,30,3858902467.5841517,393893629.0829538,9405039337.963614,9107452020.196512,297587317.7671021,0.9683587375795565,3780123741.767561,0.9820882359598466,689952178.0537983,0.0,0.0,7911307.581241047,0.0,1.0,0.9999999887506354
ic_r1,external_supply_elasticity_plus20,47,rule,1.021450627152114,30,3858837163.8699026,364792776.40118945,9414894911.60025,9136718798.551004,278176113.0492462,0.9704536146541052,3785878608.589665,0.9833677626689155,689952178.0536817,0.0,0.0,7320875.361707958,0.0,1.0,0.9999999951416767
ic_r1,external_supply_elasticity_plus20,47,demand_tracking,1.021450627152114,30,3859403603.5380716,594815715.8200005,9414894911.60025,8979082168.847765,435812742.75248694,0.9537102913155714,3740440460.3740716,0.9734954811046516,689952196.1769229,0.0,0.0,11994190.622458639,0.0,1.0,0.999999940157069
ic_r1,external_supply_elasticity_plus20,47,buffered_smoothing,1.021450627152114,30,3858913757.871049,411197893.8872445,9414894911.60025,9104363901.181879,310531010.41837245,0.9670170497563642,3776674179.0936003,0.981349318776719,689952178.0538034,0.0,0.0,8258861.720800788,0.0,1.0,0.9999999882799673
ic_r1,external_supply_elasticity_plus20,48,rule,1.0723468389231177,30,3858846715.525145,382969445.8423862,9426564289.808685,9134610679.417233,291953610.3914519,0.9690286300060467,3782252826.356668,0.9825877114329354,689952178.0536817,0.0,0.0,7685655.423371295,0.0,1.0,0.9999999949079731
ic_r1,external_supply_elasticity_plus20,48,demand_tracking,1.0723468389231177,30,3859441379.399693,624453826.3976028,9426564289.808685,8969585816.114067,456978473.6946189,0.9515222662631527,3734550614.1201725,0.9722812896009764,689952197.0799565,0.0,0.0,12591829.754214276,0.0,1.0,0.9999999374636641
ic_r1,external_supply_elasticity_plus20,48,buffered_smoothing,1.0723468389231177,30,3858927126.004934,431686808.89768064,9426564289.808685,9100718971.277382,325845318.5313045,0.9654332895301437,3772589764.2253976,0.9804792803747887,689952178.0538095,0.0,0.0,8670379.188170968,0.0,1.0,0.999999987725027
ic_r1,external_supply_elasticity_plus20,49,rule,0.9776384808257907,30,3858828941.6760974,349146053.9129621,9404849753.270876,9138538772.635801,266310980.63507622,0.9716836538996856,3788999730.893505,0.9840427343787326,689952178.0536817,0.0,0.0,7006867.7591298595,0.0,1.0,0.9999999953434587
ic_r1,external_supply_elasticity_plus20,49,demand_tracking,0.9776384808257907,30,3859371085.5663137,569302830.0417022,9404849753.270876,8987291614.221937,417558139.0489392,0.9556018277800007,3745510519.5579734,0.9745481119849331,689952195.3995793,0.0,0.0,11479734.788130065,0.0,1.0,0.999999942494357
ic_r1,external_supply_elasticity_plus20,49,buffered_smoothing,0.9776384808257907,30,3858902250.4008956,393560759.1915691,9404849753.270876,9107511512.848896,297338240.4219797,0.9683845836751863,3780190098.562582,0.9821024871153088,689952178.0537982,0.0,0.0,7904621.928311319,0.0,1.0,0.9999999887597073
ic_r1,external_supply_elasticity_plus20,50,rule,0.9212846670764326,30,3858818365.79664,329020299.7825446,9391929067.364277,9140887082.830677,251041984.53359973,0.9732704556504863,3793014305.840131,0.9849157169106412,689952178.0536817,0.0,0.0,6602972.322924376,0.0,1.0,0.9999999956038341
ic_r1,external_supply_elasticity_plus20,50,demand_tracking,0.9212846670764326,30,3859329258.9981675,536486624.17380893,9391929067.364277,8997899659.376839,394029407.98743874,0.9580459557178047,3752031934.163406,0.9759123148991875,689952194.3997133,0.0,0.0,10818010.798301145,0.0,1.0,0.999999945526804
ic_r1,external_supply_elasticity_plus20,50,buffered_smoothing,0.9212846670764326,30,3858887448.801702,370874817.3454543,9391929067.364277,9111574109.971416,280354957.39286005,0.9701493744914389,3784712485.332611,0.983077063655459,689952178.0537915,0.0,0.0,7448977.433292171,0.0,1.0,0.999999989379585
ic_r1,external_supply_elasticity_plus20,51,rule,1.0526808585011613,30,3858843024.8248267,375946093.5548871,9422055314.476376,9135424471.551928,286630842.92444855,0.9695787348558591,3783653806.113849,0.9828886035848804,689952178.0536817,0.0,0.0,7544706.670971657,0.0,1.0,0.9999999949981851
ic_r1,external_supply_elasticity_plus20,51,demand_tracking,1.0526808585011613,30,3859426783.041158,613001844.372194,9422055314.476376,8973250048.653183,448805265.82319367,0.95236652186348,3736826414.1667194,0.9727493514316506,689952196.73103,0.0,0.0,12360905.702000286,0.0,1.0,0.9999999385016302
ic_r1,external_supply_elasticity_plus20,51,buffered_smoothing,1.0526808585011613,30,3858921960.640949,423770019.2695004,9422055314.476376,9102125886.083864,319929428.3925115,0.9660446242656886,3774167956.7870483,0.9808148350277898,689952178.0538071,0.0,0.0,8511371.39220755,0.0,1.0,0.9999999879391521
ic_r1,capital_efficiency_minus20,42,rule,1.0065049171299387,30,3858803703.2104464,359733482.2921282,9411468190.106182,9137130179.594946,274338010.51123726,0.9708506680392721,3786857006.7520204,0.9835843198587205,689952178.0536817,0.0,0.0,7215321.013501441,0.0,1.0,0.9999999952123585
ic_r1,capital_efficiency_minus20,42,demand_tracking,1.0065049171299387,30,3859288443.779091,587207797.8169749,9411468190.106182,8981076074.131172,430392115.9750107,0.9542693969440963,3741846884.215696,0.973801584173762,689952199.3015672,0.0,0.0,11827171.185402105,0.0,1.0,0.9999999409729637
ic_r1,capital_efficiency_minus20,42,buffered_smoothing,1.0065049171299387,30,3858876405.8946643,405494102.3946024,9411468190.106182,9105204452.13742,306263737.9687626,0.9674584526258377,3777777585.415744,0.9815908675409034,689952178.0538174,0.0,0.0,8139929.386843908,0.0,1.0,0.999999988449778
ic_r1,capital_efficiency_minus20,43,rule,1.0175058076979606,30,3858805432.6779704,363665294.8496206,9413990451.551601,9136671311.593014,277319139.9585875,0.9705418078140412,3786072373.708046,0.9834149269335398,689952178.0536817,0.0,0.0,7294182.979828464,0.0,1.0,0.9999999951617534
ic_r1,capital_efficiency_minus20,43,demand_tracking,1.0175058076979606,30,3859295471.3607707,593625857.594461,9413990451.551601,8979008483.996626,434981967.5549764,0.9537940929732638,3740570299.841879,0.9735372081355698,689952199.5338023,0.0,0.0,11956439.720235376,0.0,1.0,0.9999999403874534
ic_r1,capital_efficiency_minus20,43,buffered_smoothing,1.0175058076979606,30,3858878929.9874897,409926069.0651093,9413990451.551601,9104412302.420708,309578149.13089365,0.9671150984564819,3776893716.174468,0.9814018719643308,689952178.0538188,0.0,0.0,8228897.131454078,0.0,1.0,0.9999999883295241
ic_r1,capital_efficiency_minus20,44,rule,0.9711543472663869,30,3858798145.691066,347098885.69791734,9403363084.534132,9138606833.473345,264756251.06078768,0.9718445147038685,3789378368.551482,0.9841300374355197,689952178.0536817,0.0,0.0,6961903.762145079,0.0,1.0,0.9999999953752148
ic_r1,capital_efficiency_minus20,44,demand_tracking,0.9711543472663869,30,3859265861.1512923,566583824.7713752,9403363084.534132,8987734081.454664,415629003.0794678,0.9557999622748737,3745949096.197017,0.9746540944492553,689952198.5552968,0.0,0.0,11411776.055023646,0.0,1.0,0.9999999428619352
ic_r1,capital_efficiency_minus20,44,buffered_smoothing,0.9711543472663869,30,3858868294.904085,391252296.56534344,9403363084.534132,9107753976.600548,295609107.9335851,0.9685634697633044,3780617835.5910163,0.9821998689391539,689952178.0538126,0.0,0.0,7854037.944510435,0.0,1.0,0.9999999888370154
ic_r1,capital_efficiency_minus20,45,rule,0.9996109713143555,30,3858802619.4022465,357269526.98225784,9409887560.462616,9137417897.643784,272469662.81883264,0.9710443232112927,3787348714.005795,0.9836905777472789,689952178.0536817,0.0,0.0,7165900.4580103075,0.0,1.0,0.9999999952440894
ic_r1,capital_efficiency_minus20,45,demand_tracking,0.9996109713143555,30,3859284039.7931576,583185781.9562064,9409887560.462616,8982372820.147306,427514740.3153107,0.9545674974787592,3742646883.401916,0.9739674832347148,689952199.1560321,0.0,0.0,11746162.264416113,0.0,1.0,0.999999941340447
ic_r1,capital_efficiency_minus20,45,buffered_smoothing,0.9996109713143555,30,3858874824.1173472,402716714.7009404,9409887560.462616,9105701170.279259,304186390.18335843,0.9676737486788415,3778331481.177159,0.9817094317914226,689952178.0538164,0.0,0.0,8084175.82699485,0.0,1.0,0.9999999885251983
ic_r1,capital_efficiency_minus20,46,rule,0.9784653580164804,30,3858799295.066708,349711903.589281,9405039337.963614,9138301173.850056,266738164.1135577,0.9716388039934225,3788856914.3488517,0.9840170013811645,689952178.0536817,0.0,0.0,7014314.126562878,0.0,1.0,0.9999999953415035
ic_r1,capital_efficiency_minus20,46,demand_tracking,0.9784653580164804,30,3859270531.566373,570849161.630951,9405039337.963614,8986355352.21115,418683985.75246435,0.9554830159973453,3745100699.240183,0.9744774118273176,689952198.7096363,0.0,0.0,11497685.794964345,0.0,1.0,0.9999999424703278
ic_r1,capital_efficiency_minus20,46,buffered_smoothing,0.9784653580164804,30,3858869972.3746195,394197708.64555496,9405039337.963614,9107226193.288862,297813144.6747514,0.9683347263128796,3780030430.6455083,0.9820737081979944,689952178.0538136,0.0,0.0,7913164.442791162,0.0,1.0,0.9999999887568274
ic_r1,capital_efficiency_minus20,47,rule,1.021450627152114,30,3858806052.849318,365075207.1263564,9414894911.60025,9136506841.18652,278388070.4137317,0.9704311016715944,3785791011.424047,0.9833542338816,689952178.0536817,0.0,0.0,7322462.164775898,0.0,1.0,0.9999999951436155
ic_r1,capital_efficiency_minus20,47,demand_tracking,1.021450627152114,30,3859297991.387741,595927315.5456696,9414894911.60025,8978267563.125727,436627348.4745249,0.9536237682338283,3740112528.278607,0.9734425112444306,689952199.6170795,0.0,0.0,12002794.24288671,0.0,1.0,0.999999940177762
ic_r1,capital_efficiency_minus20,47,buffered_smoothing,1.021450627152114,30,3858879835.1042547,411515332.0646698,9414894911.60025,9104128387.789303,310766523.8109495,0.9669920347779934,3776576768.691321,0.9813341600429598,689952178.0538194,0.0,0.0,8260800.156719191,0.0,1.0,0.9999999882864311
ic_r1,capital_efficiency_minus20,48,rule,1.0723468389231177,30,3858814054.3238177,383265949.3515103,9426564289.808685,9134388375.616278,292175914.19240856,0.9690050473099423,3782160864.4535155,0.9825735144292574,689952178.0536817,0.0,0.0,7687321.292683703,0.0,1.0,0.999999994910007
ic_r1,capital_efficiency_minus20,48,demand_tracking,1.0723468389231177,30,3859330504.872282,625620814.2287158,9426564289.808685,8968731518.134285,457832771.6744,0.9514316396092078,3734206342.026539,0.9722257174399972,689952200.6915272,0.0,0.0,12600862.07053392,0.0,1.0,0.9999999374848427
ic_r1,capital_efficiency_minus20,48,buffered_smoothing,1.0723468389231177,30,3858891512.9554405,432020064.1888001,9426564289.808685,9100472012.63711,326092277.1715753,0.9654070913700633,3772487500.1176805,0.9804633753105014,689952178.0538262,0.0,0.0,8672414.211278599,0.0,1.0,0.999999987731813
ic_r1,capital_efficiency_minus20,49,rule,0.9776384808257907,30,3858799165.072028,349416370.5956792,9404849753.270876,9138335737.038492,266514016.23238555,0.9716620655061827,3788915890.9528923,0.9840297812362413,689952178.0536817,0.0,0.0,7008386.500906979,0.0,1.0,0.9999999953453155
ic_r1,capital_efficiency_minus20,49,demand_tracking,0.9776384808257907,30,3859270003.3412294,570366750.9383193,9404849753.270876,8986511240.685394,418338512.58548343,0.9555188521283937,3745196653.153566,0.9744973849474258,689952198.6921805,0.0,0.0,11487969.381346148,0.0,1.0,0.9999999425145939
ic_r1,capital_efficiency_minus20,49,buffered_smoothing,0.9776384808257907,30,3858869782.6522717,393864581.78395414,9404849753.270876,9107285872.455643,297563880.8152339,0.9683605917562113,3780096866.2954807,0.9820879714968282,689952178.0538135,0.0,0.0,7906477.220673063,0.0,1.0,0.999999988765894
ic_r1,capital_efficiency_minus20,50,rule,0.9212846670764326,30,3858790305.599231,329275034.6563516,9391929067.364277,9140695544.093302,251233523.27097622,0.9732500616785982,3792935298.6679606,0.9849035047915801,689952178.0536817,0.0,0.0,6604403.5201818,0.0,1.0,0.9999999956055853
ic_r1,capital_efficiency_minus20,50,demand_tracking,0.9212846670764326,30,3859234003.434981,537489217.6971413,9391929067.364277,8997163405.856138,394765661.5081393,0.9579675635669037,3751736159.8955526,0.9758644764427281,689952197.5025197,0.0,0.0,10825770.726555184,0.0,1.0,0.9999999455464016
ic_r1,capital_efficiency_minus20,50,buffered_smoothing,0.9212846670764326,30,3858856852.58483,371161126.75467384,9391929067.364277,9111361197.326338,280567870.0379392,0.9701267047455804,3784624627.2338953,0.9830633761575375,689952178.0538058,0.0,0.0,7450725.781418129,0.0,1.0,0.9999999893854155
ic_r1,capital_efficiency_minus20,51,rule,1.0526808585011613,30,3858810962.6037197,376237159.42761004,9422055314.476376,9135206163.277624,286849151.19875085,0.9695555649351765,3783563530.7181973,0.9828746647115835,689952178.0536817,0.0,0.0,7546341.989577798,0.0,1.0,0.9999999950001823
ic_r1,capital_efficiency_minus20,51,demand_tracking,1.0526808585011613,30,3859317941.8635983,614147430.5830425,9422055314.476376,8972411077.998137,449644236.4782385,0.9522774785892638,3736488455.74699,0.9726947843808474,689952200.2763672,0.0,0.0,12369772.372887455,0.0,1.0,0.9999999385226266
ic_r1,capital_efficiency_minus20,51,buffered_smoothing,1.0526808585011613,30,3858887000.7062025,424097162.9260324,9422055314.476376,9101883346.754038,320171967.7223374,0.966018882607236,3774067568.120996,0.9807992182429338,689952178.0538237,0.0,0.0,8513369.09462458,0.0,1.0,0.9999999879458139
ic_r1,capital_efficiency_plus20,42,rule,1.0065049171299387,30,3858860089.8461304,359221466.9982334,9411468190.106182,9137514151.027391,273954039.07879186,0.9708914662893102,3787015796.4464836,0.9836088333982129,689952178.0536817,0.0,0.0,7212444.1299727,0.0,1.0,0.9999999952076016
ic_r1,capital_efficiency_plus20,42,demand_tracking,1.0065049171299387,30,3859485109.3176007,585135378.8003072,9411468190.106182,8982595988.353573,428872201.75260943,0.954430892918125,3742458033.5575395,0.9739003005143627,689952193.4850091,0.0,0.0,11811118.551234592,0.0,1.0,0.9999999409199873
ic_r1,capital_efficiency_plus20,42,buffered_smoothing,1.0065049171299387,30,3858943236.5365343,404868645.40588313,9411468190.106182,9105668765.46428,305799424.64190334,0.967507787471101,3777969507.4553576,0.9816207407590901,689952178.0537858,0.0,0.0,8136109.90959941,0.0,1.0,0.9999999884370294
ic_r1,capital_efficiency_plus20,43,rule,1.0175058076979606,30,3858862435.6079197,363147683.3344642,9413990451.551601,9137059392.538582,276931059.01301897,0.9705830316656656,3786232898.9410267,0.9834397060081055,689952178.0536817,0.0,0.0,7291274.652557786,0.0,1.0,0.9999999951569534
ic_r1,capital_efficiency_plus20,43,demand_tracking,1.0175058076979606,30,3859494286.41294,591530787.4665827,9413990451.551601,8980544646.70355,433445804.8480502,0.9539572716714821,3741188128.9196234,0.9736369884056053,689952193.6536702,0.0,0.0,11940211.63409661,0.0,1.0,0.9999999403340208
ic_r1,capital_efficiency_plus20,43,buffered_smoothing,1.0175058076979606,30,3858946491.074453,409293775.96086746,9413990451.551601,9104881571.725433,309108879.8261679,0.9671649465317631,3777087735.8822794,0.9814320680030496,689952178.0537871,0.0,0.0,8225035.90811329,0.0,1.0,0.9999999883166363
ic_r1,capital_efficiency_plus20,44,rule,0.9711543472663869,30,3858852551.909496,346604853.4581634,9403363084.534132,9138977587.23866,264385497.2954704,0.9718839424875223,3789531581.217863,0.9841536973567,689952178.0536817,0.0,0.0,6959127.920817372,0.0,1.0,0.9999999953705979
ic_r1,capital_efficiency_plus20,44,demand_tracking,0.9711543472663869,30,3859455619.3824053,564584193.4698883,9403363084.534132,8989201731.968216,414161352.5659166,0.9559560394677205,3746538780.688428,0.9747493898009381,689952192.9430283,0.0,0.0,11396287.22313468,0.0,1.0,0.9999999428104417
ic_r1,capital_efficiency_plus20,44,buffered_smoothing,0.9711543472663869,30,3858932778.313235,390648806.9417115,9403363084.534132,9108202347.83784,295160736.6962931,0.9686111517716732,3780803016.9248924,0.9822287042723844,689952178.0537822,0.0,0.0,7850352.615341006,0.0,1.0,0.9999999888247145
ic_r1,capital_efficiency_plus20,45,rule,0.9996109713143555,30,3858858619.8238106,356761018.68135685,9409887560.462616,9137799292.855793,272088267.606824,0.9710848545364078,3787506416.087539,0.9837149248578659,689952178.0536817,0.0,0.0,7163043.27938199,0.0,1.0,0.9999999952393597
ic_r1,capital_efficiency_plus20,45,demand_tracking,0.9996109713143555,30,3859479358.2924795,581127557.7478948,9409887560.462616,8983882548.118896,426005012.343721,0.9547279380750884,3743253846.7429004,0.9740655326808525,689952193.3793138,0.0,0.0,11730219.581018103,0.0,1.0,0.9999999412877579
ic_r1,capital_efficiency_plus20,45,buffered_smoothing,0.9996109713143555,30,3858941197.0100136,402095541.7117499,9409887560.462616,9106162376.601845,303725183.8607708,0.967722761626087,3778522088.6676636,0.9817391026676956,689952178.0537851,0.0,0.0,8080382.510843779,0.0,1.0,0.9999999885125374
ic_r1,capital_efficiency_plus20,46,rule,0.9784653580164804,30,3858854110.86416,349214152.19301426,9405039337.963614,9138674662.730665,266364675.23294902,0.9716785155636976,3789011280.425557,0.98404083788564,689952178.0536817,0.0,0.0,7011517.388241962,0.0,1.0,0.9999999953368577
ic_r1,capital_efficiency_plus20,46,demand_tracking,0.9784653580164804,30,3859461718.328874,568834476.7738851,9405039337.963614,8987833817.933376,417205520.0302376,0.9556402153102986,3745694822.9740973,0.9745734149557457,689952193.0551178,0.0,0.0,11482080.360583944,0.0,1.0,0.9999999424185256
ic_r1,capital_efficiency_plus20,46,buffered_smoothing,0.9784653580164804,30,3858934941.2255516,393589675.85209763,9405039337.963614,9107677863.639326,297361474.3242874,0.9683827506043508,3780217006.0551324,0.9821027582465758,689952178.0537829,0.0,0.0,7909451.36985345,0.0,1.0,0.999999988744434
ic_r1,capital_efficiency_plus20,47,rule,1.021450627152114,30,3858863276.7767944,364555588.8570769,9414894911.60025,9136896395.334085,277998516.2661653,0.9704724780386409,3785952159.005379,0.9833791081623978,689952178.0536817,0.0,0.0,7319542.562064911,0.0,1.0,0.9999999951387999
ic_r1,capital_efficiency_plus20,47,demand_tracking,1.021450627152114,30,3859497577.2359877,593824122.9350133,9414894911.60025,8979809550.58398,435085361.0162709,0.9537875499300376,3740732752.6489854,0.9735426729534443,689952193.7141507,0.0,0.0,11986503.24126438,0.0,1.0,0.9999999401241664
ic_r1,capital_efficiency_plus20,47,buffered_smoothing,1.021450627152114,30,3858947658.1221943,410880587.5914834,9414894911.60025,9104599433.673836,310295477.92641616,0.9670420667633693,3776771540.6038976,0.9813644718233474,689952178.0537876,0.0,0.0,8256923.963607387,0.0,1.0,0.9999999882734935
ic_r1,capital_efficiency_plus20,48,rule,1.0723468389231177,30,3858874129.569854,382720439.86363393,9426564289.808685,9134796916.691824,291767373.11686134,0.9690483866500228,3782330041.597127,0.9825996164864345,689952178.0536817,0.0,0.0,7684256.213809777,0.0,1.0,0.9999999949049939
ic_r1,capital_efficiency_plus20,48,demand_tracking,1.0723468389231177,30,3859540035.5610614,623412825.0340048,9426564289.808685,8970348571.477898,456215718.33078665,0.9516031817844796,3734857470.5542607,0.9723307968774227,689952194.4944708,0.0,0.0,12583759.330931827,0.0,1.0,0.9999999374291716
ic_r1,capital_efficiency_plus20,48,buffered_smoothing,1.0723468389231177,30,3858962715.416882,431353692.0595438,9426564289.808685,9100965952.247583,325598337.56110275,0.9654594900590542,3772691977.004973,0.9804951795039902,689952178.0537928,0.0,0.0,8668344.877607433,0.0,1.0,0.9999999877182306
ic_r1,capital_efficiency_plus20,49,rule,0.9776384808257907,30,3858853934.5459876,348919039.8369676,9404849753.270876,9138708916.616415,266140836.65446118,0.9717017449893975,3789070126.578594,0.9840535977702172,689952178.0536817,0.0,0.0,7005592.12604136,0.0,1.0,0.9999999953406731
ic_r1,capital_efficiency_plus20,49,demand_tracking,0.9776384808257907,30,3859461028.5364647,568353768.6422502,9404849753.270876,8987988483.370176,416861269.9007003,0.9556759245669266,3745790274.8080144,0.9745933080331017,689952193.0424405,0.0,0.0,11472377.134737434,0.0,1.0,0.9999999424628268
ic_r1,capital_efficiency_plus20,49,buffered_smoothing,0.9776384808257907,30,3858934696.599614,393257062.82416934,9404849753.270876,9107737169.729467,297112583.54140913,0.968408577347227,3780283284.03478,0.9821169972627677,689952178.0537829,0.0,0.0,7902767.285562659,0.0,1.0,0.999999988753511
ic_r1,capital_efficiency_plus20,50,rule,0.9212846670764326,30,3858841918.0076747,328806371.4322122,9391929067.364277,9141047620.054266,250881447.3100106,0.9732875487548356,3793080643.7212324,0.9849259596126722,689952178.0536817,0.0,0.0,6601770.220891461,0.0,1.0,0.9999999956011698
ic_r1,capital_efficiency_plus20,50,demand_tracking,0.9212846670764326,30,3859414017.4042,535592269.32528675,9391929067.364277,8998557195.690533,393371871.67374384,0.958115966501423,3752295563.5391426,0.9759549402069535,689952192.1784465,0.0,0.0,10811077.2606088,0.0,1.0,0.9999999454970435
ic_r1,capital_efficiency_plus20,50,buffered_smoothing,0.9212846670764326,30,3858918024.710865,370588626.88525856,9391929067.364277,9111787035.9746,280142031.38967746,0.9701720456595936,3784800299.333813,0.9830907459639654,689952178.0537772,0.0,0.0,7447229.697333774,0.0,1.0,0.9999999893737461
ic_r1,capital_efficiency_plus20,51,rule,1.0526808585011613,30,3858869936.1179566,375701654.145947,9422055314.476376,9135607372.397734,286447942.078642,0.9695981468460991,3783729605.288767,0.9829002924906599,689952178.0536817,0.0,0.0,7543333.121790568,0.0,1.0,0.9999999949952451
ic_r1,capital_efficiency_plus20,51,demand_tracking,1.0526808585011613,30,3859523629.927703,611979934.1381563,9422055314.476376,8973999145.079216,448056169.3971601,0.9524460264302683,3737127643.100072,0.9727979644323912,689952194.1929599,0.0,0.0,12352983.283803973,0.0,1.0,0.9999999384677515
ic_r1,capital_efficiency_plus20,51,buffered_smoothing,1.0526808585011613,30,3858956897.371644,423443011.5268344,9422055314.476376,9102368446.470413,319686868.0059632,0.9660703681589744,3774268295.066277,0.9808304459729741,689952178.0537907,0.0,0.0,8509374.389267128,0.0,1.0,0.9999999879324806
ic_r1,capacity_lag_minus20,42,rule,1.0065049171299387,30,3858897462.9104743,358882012.8968657,9411468190.106182,9137761631.147388,273706558.9587941,0.9709177618804973,3787121060.3311014,0.983624622375959,689952178.0536817,0.0,0.0,7210536.721119,0.0,1.0,0.9999999952228525
ic_r1,capacity_lag_minus20,42,demand_tracking,1.0065049171299387,30,3859541825.146425,584535779.3187962,9411468190.106182,8983012013.714037,428456176.3921454,0.9544750970053153,3742634669.2826653,0.9739275432048102,689952193.5861063,0.0,0.0,11806467.554847872,0.0,1.0,0.999999941009841
ic_r1,capacity_lag_minus20,42,buffered_smoothing,1.0065049171299387,30,3858987027.633751,404458020.69636494,9411468190.106182,9105965396.60533,305502793.5008537,0.9675393055228075,3778095423.4944777,0.9816397940648653,689952178.0537823,0.0,0.0,8133600.861691534,0.0,1.0,0.9999999884681622
ic_r1,capacity_lag_minus20,43,rule,1.0175058076979606,30,3858900217.1521273,362804519.0699779,9413990451.551601,9137309455.958767,276680995.59283453,0.9706095946223068,3786339313.338132,0.9834556611834373,689952178.0536817,0.0,0.0,7289346.396119817,0.0,1.0,0.9999999951723642
ic_r1,capacity_lag_minus20,43,demand_tracking,1.0175058076979606,30,3859551622.1340427,590924634.4867527,9413990451.551601,8980964885.245289,433025566.30631226,0.9540019114598802,3741366695.236692,0.9736645112243274,689952193.7558725,0.0,0.0,11935509.803281328,0.0,1.0,0.9999999404247399
ic_r1,capacity_lag_minus20,43,buffered_smoothing,1.0175058076979606,30,3858990760.7993045,408878663.2082042,9413990451.551601,9105181288.46892,308809163.0826814,0.9671967839066817,3777215028.1576633,0.9814513214018703,689952178.0537834,0.0,0.0,8222499.436830722,0.0,1.0,0.9999999883480889
ic_r1,capacity_lag_minus20,44,rule,0.9711543472663869,30,3858888612.353206,346277321.69887435,9403363084.534132,9139216750.540983,264146333.99314922,0.9719093762924464,3789633148.0134315,0.9841689513871744,689952178.0536817,0.0,0.0,6957287.504174819,0.0,1.0,0.9999999953853342
ic_r1,capacity_lag_minus20,44,demand_tracking,0.9711543472663869,30,3859510343.23202,564005653.1834189,9403363084.534132,8989604175.926525,413758908.6076073,0.9559988373427669,3746709212.5953364,0.9747757299228967,689952193.0405748,0.0,0.0,11391799.579524374,0.0,1.0,0.9999999428974999
ic_r1,capacity_lag_minus20,44,buffered_smoothing,0.9711543472663869,30,3858975031.375003,390252604.23573697,9403363084.534132,9108489043.578701,294874040.95543176,0.9686416404105022,3780924510.5278554,0.9822471134673869,689952178.0537789,0.0,0.0,7847931.690473412,0.0,1.0,0.9999999888548161
ic_r1,capacity_lag_minus20,45,rule,0.9996109713143555,30,3858895736.9054203,356423889.6338882,9409887560.462616,9138045152.926796,271842407.53582114,0.9711109823800641,3787610958.978643,0.9837306096179027,689952178.0536817,0.0,0.0,7161148.935117504,0.0,1.0,0.9999999952545102
ic_r1,capacity_lag_minus20,45,demand_tracking,0.9996109713143555,30,3859535685.6524105,580532065.1577318,9409887560.462616,8984295929.998642,425591630.4639756,0.9547718686616219,3743429272.620864,0.974092599642807,689952193.4797187,0.0,0.0,11725600.441124614,0.0,1.0,0.9999999413770679
ic_r1,capacity_lag_minus20,45,buffered_smoothing,0.9996109713143555,30,3858984688.164879,401687729.5314598,9409887560.462616,9106457072.57992,303430487.882697,0.9677540793199682,3778647142.258587,0.9817580304961895,689952178.0537816,0.0,0.0,8077890.648386297,0.0,1.0,0.999999988543469
ic_r1,capacity_lag_minus20,46,rule,0.9784653580164804,30,3858890442.776862,348884154.72040206,9405039337.963614,9138915548.028563,266123789.93505076,0.9717041279284354,3789113611.832782,0.9840562026617142,689952178.0536817,0.0,0.0,7009663.116638161,0.0,1.0,0.9999999953517004
ic_r1,capacity_lag_minus20,46,demand_tracking,0.9784653580164804,30,3859516854.1486907,568251581.140333,9405039337.963614,8988239076.084122,416800261.8794919,0.9556833047792719,3745866537.9206243,0.9745999420426298,689952193.1533988,0.0,0.0,11477558.933249397,0.0,1.0,0.9999999425061636
ic_r1,capacity_lag_minus20,46,buffered_smoothing,0.9784653580164804,30,3858977512.3753657,393190490.46654135,9405039337.963614,9107966616.684038,297072721.27957475,0.9684134525540541,3780339414.2820573,0.9821213007942444,689952178.0537796,0.0,0.0,7907012.219862543,0.0,1.0,0.9999999887747494
ic_r1,capacity_lag_minus20,47,rule,1.021450627152114,30,3858901204.7981715,364211094.1617903,9414894911.60025,9137147384.545475,277747527.05477554,0.9704991367760719,3786058985.9658136,0.9833951229029786,689952178.0536817,0.0,0.0,7317606.829872559,0.0,1.0,0.9999999951542681
ic_r1,capacity_lag_minus20,47,demand_tracking,1.021450627152114,30,3859555135.244832,593215619.9302031,9414894911.60025,8980231298.409227,434663613.1910233,0.9538323457380851,3740912011.2587914,0.9735702961377067,689952193.8167491,0.0,0.0,11981783.181684691,0.0,1.0,0.9999999402151953
ic_r1,capacity_lag_minus20,47,buffered_smoothing,1.021450627152114,30,3858992099.4785695,410463865.46730584,9414894911.60025,9104900256.16967,309994655.43058044,0.967074018526895,3776899326.385108,0.9813837969333129,689952178.0537839,0.0,0.0,8254377.658551703,0.0,1.0,0.9999999883050605
ic_r1,capacity_lag_minus20,48,rule,1.0723468389231177,30,3858913947.4452844,382358779.8991709,9426564289.808685,9135059824.34493,291504465.46375495,0.969076276732244,3782442191.4654503,0.9826163982449155,689952178.0536817,0.0,0.0,7682224.0291477945,0.0,1.0,0.9999999949211998
ic_r1,capacity_lag_minus20,48,demand_tracking,1.0723468389231177,30,3859600461.534866,622774001.9168233,9426564289.808685,8970789720.517614,455774569.2910715,0.9516499802813819,3735045661.151501,0.9723597109336105,689952194.6021816,0.0,0.0,12578804.083134947,0.0,1.0,0.9999999375241749
ic_r1,capacity_lag_minus20,48,buffered_smoothing,1.0723468389231177,30,3859009371.169749,430916205.7624165,9426564289.808685,9101281007.540699,325283282.2679872,0.9654929121292198,3772826130.017266,0.9805154279283018,689952178.0537889,0.0,0.0,8665671.696834115,0.0,1.0,0.9999999877512722
ic_r1,capacity_lag_minus20,49,rule,0.9776384808257907,30,3858890235.7554774,348589321.23716444,9404849753.270876,9138949607.207537,265900146.06333968,0.9717273371676286,3789172371.5080447,0.9840689500238364,689952178.0536817,0.0,0.0,7003739.421437224,0.0,1.0,0.9999999953555035
ic_r1,capacity_lag_minus20,49,demand_tracking,0.9776384808257907,30,3859516117.762346,567771365.59957,9404849753.270876,8988393423.375763,416456329.8951134,0.9557189810767285,3745961844.6424317,0.9746198139820847,689952193.1406384,0.0,0.0,11467859.52835076,0.0,1.0,0.9999999425503993
ic_r1,capacity_lag_minus20,49,buffered_smoothing,0.9776384808257907,30,3858977231.773588,392858214.78043807,9404849753.270876,9108025690.1587,296824063.1121763,0.9684392551822592,3780405588.817501,0.9821355247319151,689952178.0537795,0.0,0.0,7900330.196837864,0.0,1.0,0.9999999887838023
ic_r1,capacity_lag_minus20,50,rule,0.9212846670764326,30,3858876126.714017,328495658.7338009,9391929067.364277,9141275009.81592,250654057.54835725,0.9733117599429763,3793176994.9672565,0.9849404566804645,689952178.0536817,0.0,0.0,6600024.31135754,0.0,1.0,0.9999999956151774
ic_r1,capacity_lag_minus20,50,demand_tracking,0.9212846670764326,30,3859465931.1331716,535043437.6213351,9391929067.364277,8998940368.174526,392988699.1897503,0.9581567645612513,3752457243.6089044,0.9759800008001542,689952192.2709839,0.0,0.0,10806820.061677331,0.0,1.0,0.9999999455801206
ic_r1,capacity_lag_minus20,50,buffered_smoothing,0.9212846670764326,30,3858958108.03856,370212769.55722845,9391929067.364277,9112059663.080414,279869404.2838635,0.9702010734667521,3784915554.1271143,0.983108243563117,689952178.0537739,0.0,0.0,7444933.089212793,0.0,1.0,0.9999999894023864
ic_r1,capacity_lag_minus20,51,rule,1.0526808585011613,30,3858909023.7655067,375346626.73498493,9422055314.476376,9135865680.569174,286189633.9072012,0.9696255621140867,3783839698.41851,0.9829167782065661,689952178.0536817,0.0,0.0,7541338.205764377,0.0,1.0,0.9999999950111663
ic_r1,capacity_lag_minus20,51,demand_tracking,1.0526808585011613,30,3859582947.7376423,611352826.5242617,9422055314.476376,8974432813.30153,447622501.17484474,0.9524920533541018,3737312382.43279,0.9728263805921648,689952194.2986953,0.0,0.0,12348118.911274899,0.0,1.0,0.9999999385612243
ic_r1,capacity_lag_minus20,51,buffered_smoothing,1.0526808585011613,30,3859002697.495446,423013548.377295,9422055314.476376,9102678009.67483,319377304.80154544,0.9661032233263539,3774399987.8199873,0.9808503380528074,689952178.0537871,0.0,0.0,8506750.232483849,0.0,1.0,0.9999999879649535
ic_r1,capacity_lag_plus20,42,rule,1.0065049171299387,30,3858777770.046774,359969078.38941723,9411468190.106182,9136956668.413937,274511521.6922475,0.9708322318954629,3786783954.368891,0.9835731971269374,689952178.0536817,0.0,0.0,7216644.894833277,0.0,1.0,0.9999999952128107
ic_r1,capacity_lag_plus20,42,demand_tracking,1.0065049171299387,30,3859257959.52188,587530680.4237149,9411468190.106182,8980852719.33171,430615470.77447313,0.9542456647489754,3741751823.4371376,0.9737868424889466,689952198.7792088,0.0,0.0,11829678.23345742,0.0,1.0,0.9999999409712944
ic_r1,capacity_lag_plus20,42,buffered_smoothing,1.0065049171299387,30,3858848026.9117117,405760247.37382853,9411468190.106182,9105010738.68051,306457451.4256741,0.967437869922587,3777695977.436946,0.9815783585071104,689952178.0538206,0.0,0.0,8141555.687997934,0.0,1.0,0.9999999884510257
ic_r1,capacity_lag_plus20,43,rule,1.0175058076979606,30,3858779216.070183,363903465.9635248,9413990451.551601,9136495976.300306,277494475.2512959,0.9705231828437261,3785998522.8774776,0.9834036853778583,689952178.0536817,0.0,0.0,7295521.330909438,0.0,1.0,0.9999999951622107
ic_r1,capacity_lag_plus20,43,demand_tracking,1.0175058076979606,30,3859264653.916934,593952269.2413112,9413990451.551601,8978782885.97229,435207565.57931066,0.9537701288503452,3740474200.068672,0.9735223142305995,689952199.0057344,0.0,0.0,11958974.169807402,0.0,1.0,0.9999999403857659
ic_r1,capacity_lag_plus20,43,buffered_smoothing,1.0175058076979606,30,3858850240.828123,410195122.95391184,9413990451.551601,9104216564.525688,309773887.0259122,0.9670943062221975,3776811216.237341,0.9813892298913804,689952178.053822,0.0,0.0,8230541.207743348,0.0,1.0,0.9999999883307856
ic_r1,capacity_lag_plus20,44,rule,0.9711543472663869,30,3858773123.354652,347326207.16469544,9403363084.534132,9138439193.681723,264923890.85240844,0.9718266870617669,3789307881.921713,0.9841192969214474,689952178.0536817,0.0,0.0,6963181.14597977,0.0,1.0,0.9999999953756513
ic_r1,capacity_lag_plus20,44,demand_tracking,0.9711543472663869,30,3859236447.5653186,566895367.0617863,9403363084.534132,8987517961.27046,415845123.26367277,0.9557769789887599,3745857374.1529613,0.9746398431417788,689952198.0512847,0.0,0.0,11414195.050277712,0.0,1.0,0.9999999428603247
ic_r1,capacity_lag_plus20,44,buffered_smoothing,0.9711543472663869,30,3858840912.6507087,391509093.97306615,9403363084.534132,9107566780.970997,295796303.56313515,0.9685435624569644,3780539093.8560953,0.9821877879329368,689952178.0538157,0.0,0.0,7855607.126547026,0.0,1.0,0.9999999888382192
ic_r1,capacity_lag_plus20,45,rule,0.9996109713143555,30,3858776863.864955,357503509.38973665,9409887560.462616,9137245530.313274,272642030.1493412,0.9710260055290248,3787276161.987007,0.9836795295080626,689952178.0536817,0.0,0.0,7167215.271561144,0.0,1.0,0.9999999952445384
ic_r1,capacity_lag_plus20,45,demand_tracking,0.9996109713143555,30,3859253764.334547,583506453.0136952,9409887560.462616,8982150873.078384,427736687.38423216,0.9545439108984207,3742552473.7318077,0.9739528370343146,689952198.6372515,0.0,0.0,11748652.140718807,0.0,1.0,0.9999999413387893
ic_r1,capacity_lag_plus20,45,buffered_smoothing,0.9996109713143555,30,3858846639.513148,402981036.7491164,9409887560.462616,9105508726.414703,304378834.04791325,0.9676532974393003,3778250432.1633244,0.9816970061682805,689952178.0538197,0.0,0.0,8085790.98897624,0.0,1.0,0.9999999885264378
ic_r1,capacity_lag_plus20,46,rule,0.9784653580164804,30,3858774084.3580017,349940936.3697057,9405039337.963614,9138132318.547825,266907019.41578895,0.9716208502883753,3788785897.0840607,0.9840061817705963,689952178.0536817,0.0,0.0,7015601.126754607,0.0,1.0,0.9999999953419432
ic_r1,capacity_lag_plus20,46,demand_tracking,0.9784653580164804,30,3859240896.550053,571163049.263315,9405039337.963614,8986137732.51662,418901605.4469924,0.9554598773706252,3745008286.69739,0.9744630589486057,689952198.2018299,0.0,0.0,11500123.000815263,0.0,1.0,0.9999999424687052
ic_r1,capacity_lag_plus20,46,buffered_smoothing,0.9784653580164804,30,3858842383.983105,394456439.26668864,9405039337.963614,9107037648.116434,298001689.8471792,0.9683146790631391,3779951096.1297674,0.9820615386048204,689952178.0538167,0.0,0.0,7914745.437889979,0.0,1.0,0.9999999887580402
ic_r1,capacity_lag_plus20,47,rule,1.021450627152114,30,3858779734.601045,365314301.61783385,9414894911.60025,9136330852.132898,278564059.4673527,0.9704124090515203,3785716874.2774787,0.983342949730596,689952178.0536817,0.0,0.0,7323805.704577511,0.0,1.0,0.9999999951440746
ic_r1,capacity_lag_plus20,47,demand_tracking,1.021450627152114,30,3859267054.466206,596254992.6742542,9414894911.60025,8978041161.638546,436853749.9617062,0.9535997210735248,3740016055.931355,0.9734275627987822,689952199.0869645,0.0,0.0,12005338.518393792,0.0,1.0,0.9999999401760681
ic_r1,capacity_lag_plus20,47,buffered_smoothing,1.021450627152114,30,3858851034.718443,411785429.0620298,9414894911.60025,9103931924.394941,310962987.20530945,0.9669711674824786,3776493948.906037,0.9813214702818951,689952178.0538225,0.0,0.0,8262450.607010543,0.0,1.0,0.9999999882876975
ic_r1,capacity_lag_plus20,48,rule,1.0723468389231177,30,3858786424.7061043,383516957.2958243,9426564289.808685,9134203968.149353,292360321.6593331,0.9689854847777986,3782083033.246939,0.9825616813656239,689952178.0536817,0.0,0.0,7688731.77755778,0.0,1.0,0.999999994910489
ic_r1,capacity_lag_plus20,48,demand_tracking,1.0723468389231177,30,3859298026.4449043,625964818.6511374,9426564289.808685,8968494794.429672,458069495.3790121,0.9514065272037401,3734105062.714677,0.9722100673876434,689952200.1349978,0.0,0.0,12603533.120631542,0.0,1.0,0.9999999374830644
ic_r1,capacity_lag_plus20,48,buffered_smoothing,1.0723468389231177,30,3858861277.52177,432303619.4127358,9426564289.808685,9100266209.811346,326298079.9973399,0.9653852591500268,3772400553.6392226,0.9804500711498016,689952178.0538296,0.0,0.0,8674146.899188984,0.0,1.0,0.9999999877331425
ic_r1,capacity_lag_plus20,49,rule,0.9776384808257907,30,3858773975.6682763,349645209.82609135,9404849753.270876,9138167019.178785,266682734.09209204,0.9716441260532267,3788844933.7030582,0.9840189705702417,689952178.0536817,0.0,0.0,7009672.413486258,0.0,1.0,0.9999999953457547
ic_r1,capacity_lag_plus20,49,demand_tracking,0.9776384808257907,30,3859240393.3687387,570680373.3119079,9404849753.270876,8986293790.499659,418555962.7712174,0.9554957310587924,3745104318.706357,0.9744830435524097,689952198.1848031,0.0,0.0,11490404.527573897,0.0,1.0,0.9999999425129728
ic_r1,capacity_lag_plus20,49,buffered_smoothing,0.9776384808257907,30,3858842217.5750337,394123093.75815505,9404849753.270876,9107097479.87592,297752273.39495796,0.96834056032725,3780017598.8234024,0.9820758119211689,689952178.0538166,0.0,0.0,7908056.879711512,0.0,1.0,0.9999999887671059
ic_r1,capacity_lag_plus20,50,rule,0.9212846670764326,30,3858766568.1830955,329490682.9541012,9391929067.364277,9140536212.628426,251392854.73585108,0.9732330969566829,3792868431.5922756,0.9848933044831242,689952178.0536817,0.0,0.0,6605615.309166914,0.0,1.0,0.9999999956059997
ic_r1,capacity_lag_plus20,50,demand_tracking,0.9212846670764326,30,3859206100.2640405,537784762.0007931,9391929067.364277,8996957560.195576,394971507.1687018,0.957945646273972,3751649147.8638816,0.9758509201244409,689952197.0243891,0.0,0.0,10828065.504150083,0.0,1.0,0.9999999455448738
ic_r1,capacity_lag_plus20,50,buffered_smoothing,0.9212846670764326,30,3858830876.435666,371404737.3763487,9391929067.364277,9111183229.04333,280745838.32094854,0.9701077556796609,3784549928.9603963,0.9830519003209977,689952178.0538088,0.0,0.0,7452214.384495718,0.0,1.0,0.9999999893865575
ic_r1,capacity_lag_plus20,51,rule,1.0526808585011613,30,3858783839.691021,376483564.0876701,9422055314.476376,9135025005.027103,287030309.4492733,0.9695363378934669,3783487126.873487,0.9828630436007174,689952178.0536817,0.0,0.0,7547726.607291266,0.0,1.0,0.9999999950006555
ic_r1,capacity_lag_plus20,51,demand_tracking,1.0526808585011613,30,3859286059.0645137,614485126.2404345,9422055314.476376,8972178333.065151,449876981.4112251,0.9522527764488903,3736389033.8164263,0.9726794049683919,689952199.7300442,0.0,0.0,12372394.438069917,0.0,1.0,0.9999999385208809
ic_r1,capacity_lag_plus20,51,buffered_smoothing,1.0526808585011613,30,3858857319.76612,424375517.97472566,9422055314.476376,9101681148.021717,320374166.4546583,0.9659974224559662,3773982216.171175,0.9807861512903677,689952178.0538268,0.0,0.0,8515070.006429242,0.0,1.0,0.9999999879471189
ic_r1,demand_shock_increase_minus20,42,rule,1.0065049171299387,30,3858796581.009386,287564147.240256,9365314316.810139,9145751257.573614,219563059.23652452,0.9765557191345492,3801283751.561335,0.9867311463658167,689952178.0536817,0.0,0.0,5771005.942635444,0.0,1.0,0.9999999961431495
ic_r1,demand_shock_increase_minus20,42,demand_tracking,1.0065049171299387,30,3859243102.296751,468889970.27936506,9365314316.810139,9019929085.069883,345385231.7402547,0.9631208072621427,3765465108.240878,0.97875936666217,689952192.3401334,0.0,0.0,9454954.761470277,0.0,1.0,0.9999999518686564
ic_r1,demand_shock_increase_minus20,42,buffered_smoothing,1.0065049171299387,30,3858856959.640895,324145047.1393962,9365314316.810139,9119993761.39759,245320555.41254878,0.9738054114241298,3794027950.2130156,0.9851054244698563,689952178.0537777,0.0,0.0,6510415.451059697,0.0,1.0,0.9999999906665683
ic_r1,demand_shock_increase_minus20,43,rule,1.0175058076979606,30,3858798232.6327257,290707163.89247185,9367332125.966473,9145381169.820745,221950956.14572844,0.9763058517450797,3800656799.8542314,0.9865926892170402,689952178.0536817,0.0,0.0,5834081.843966723,0.0,1.0,0.9999999961021193
ic_r1,demand_shock_increase_minus20,43,demand_tracking,1.0175058076979606,30,3859249634.305407,474014840.67363465,9367332125.966473,9018250269.252073,349081856.71440077,0.9627341219442048,3764446666.17068,0.9785417474584048,689952192.4962815,0.0,0.0,9558295.461437372,0.0,1.0,0.9999999513832347
ic_r1,demand_shock_increase_minus20,43,buffered_smoothing,1.0175058076979606,30,3858859271.1901884,327687885.4614537,9367332125.966473,9119352934.432762,247979191.53371185,0.9735272339873264,3793321694.097898,0.984950648512651,689952178.0537788,0.0,0.0,6581572.945385407,0.0,1.0,0.9999999905685113
ic_r1,demand_shock_increase_minus20,44,rule,0.9711543472663869,30,3858791273.6366887,277464289.5006073,9358830232.352497,9146941996.863565,211888235.48893288,0.9773595385076592,3803298415.736567,0.987176986402027,689952178.0536817,0.0,0.0,5568316.074671518,0.0,1.0,0.999999996275155
ic_r1,demand_shock_increase_minus20,44,demand_tracking,0.9711543472663869,30,3859222112.1571875,452421568.2173613,9358830232.352497,9025333678.370008,333496553.98248893,0.9643655728651188,3768737798.5137153,0.9794606586951302,689952191.8383632,0.0,0.0,9122876.861836001,0.0,1.0,0.9999999534337569
ic_r1,demand_shock_increase_minus20,44,buffered_smoothing,0.9711543472663869,30,3858849531.643653,312760391.24769926,9358830232.352497,9122055845.577827,236774386.7746697,0.9747004293382558,3796297453.394113,0.9856039011221419,689952178.0537744,0.0,0.0,6281755.965818734,0.0,1.0,0.9999999909822102
ic_r1,demand_shock_increase_minus20,45,rule,0.9996109713143555,30,3858795545.9839272,285594507.9311592,9364049813.095285,9145983292.724312,218066520.37097445,0.976712370745186,3801676644.3976955,0.9868179825513823,689952178.0536817,0.0,0.0,5731478.065927818,0.0,1.0,0.9999999961688737
ic_r1,demand_shock_increase_minus20,45,demand_tracking,0.9996109713143555,30,3859239008.872363,465678359.4928093,9364049813.095285,9020981889.200277,343067923.8950082,0.9633632957168553,3766103336.973801,0.9788958918581784,689952192.2422799,0.0,0.0,9390194.07853171,0.0,1.0,0.999999952173249
ic_r1,demand_shock_increase_minus20,45,buffered_smoothing,0.9996109713143555,30,3858855511.0585747,321924850.9403152,9364049813.095285,9120395561.89222,243654251.20306662,0.97397982111732,3794470540.870512,0.9852025020132749,689952178.0537771,0.0,0.0,6465823.069450155,0.0,1.0,0.9999999907280583
ic_r1,demand_shock_increase_minus20,46,rule,0.9784653580164804,30,3858792371.2783675,279553086.6202572,9360171235.096083,9146695547.41592,213475687.68016356,0.9771931856460347,3802881753.9543157,0.9870846651600925,689952178.0536817,0.0,0.0,5610235.280198867,0.0,1.0,0.9999999962478344
ic_r1,demand_shock_increase_minus20,46,demand_tracking,0.9784653580164804,30,3859226453.2225957,455827472.7042451,9360171235.096083,9024214692.411055,335956542.68502754,0.9641078636013244,3768060958.681747,0.9793153719086732,689952191.9421365,0.0,0.0,9191555.389606997,0.0,1.0,0.9999999531094137
ic_r1,demand_shock_increase_minus20,46,buffered_smoothing,0.9784653580164804,30,3858851067.8612556,315114903.26636195,9360171235.096083,9121629020.270987,238542214.82509655,0.9745151868663814,3795828087.207983,0.9855006691100043,689952178.0537751,0.0,0.0,6329046.064992805,0.0,1.0,0.9999999909168626
ic_r1,demand_shock_increase_minus20,47,rule,1.021450627152114,30,3858798824.8898563,291834221.12095094,9368055694.005394,9145248512.918707,222807181.08668572,0.9762162834675224,3800431980.665666,0.9865430726933619,689952178.0536817,0.0,0.0,5856700.28936634,0.0,1.0,0.999999996087412
ic_r1,demand_shock_increase_minus20,47,demand_tracking,1.021450627152114,30,3859251976.6243916,475852572.6559983,9368055694.005394,9017648612.752407,350407081.2529861,0.9625955382100032,3764081462.0931916,0.9784637824927465,689952192.5522747,0.0,0.0,9595352.497966858,0.0,1.0,0.9999999512093541
ic_r1,demand_shock_increase_minus20,47,buffered_smoothing,1.021450627152114,30,3858860100.090773,328958315.1097945,9368055694.005394,9119123240.9134,248932453.0919918,0.9734275220789641,3793068437.0688143,0.9848951872857306,689952178.0537791,0.0,0.0,6607089.376640599,0.0,1.0,0.9999999905333683
ic_r1,demand_shock_increase_minus20,48,rule,1.0723468389231177,30,3858806466.21405,306375556.6739084,9377391196.57214,9143539464.882639,233851731.68950215,0.9750621759519872,3797531354.879268,0.9859044736746355,689952178.0536817,0.0,0.0,6148524.338697021,0.0,1.0,0.9999999958979263
ic_r1,demand_shock_increase_minus20,48,demand_tracking,1.0723468389231177,30,3859282197.3136883,499563061.11808115,9377391196.57214,9009902515.089935,367488681.4822055,0.960811202841091,3759369585.090072,0.9774612363657028,689952193.2747016,0.0,0.0,10073463.803371385,0.0,1.0,0.9999999489747301
ic_r1,demand_shock_increase_minus20,48,buffered_smoothing,1.0723468389231177,30,3858870794.597881,345349447.11814314,9377391196.57214,9116164474.026772,261226722.54536876,0.9721429215152229,3789800905.1742525,0.9841815129466902,689952178.0537839,0.0,0.0,6936303.350536737,0.0,1.0,0.9999999900808735
ic_r1,demand_shock_increase_minus20,49,rule,0.9776384808257907,30,3858792247.134812,279316843.1303684,9360019567.341892,9146723415.993685,213296151.34820902,0.9772119972812429,3802928878.5087385,0.9870951037030208,689952178.0536817,0.0,0.0,5605494.207303854,0.0,1.0,0.999999996250924
ic_r1,demand_shock_increase_minus20,49,demand_tracking,0.9776384808257907,30,3859225962.246985,455442264.03335917,9360019567.341892,9024341217.510744,335678349.8311486,0.964137003409441,3768137509.4403133,0.9793317973454075,689952191.9303998,0.0,0.0,9183787.830503995,0.0,1.0,0.9999999531460798
ic_r1,demand_shock_increase_minus20,49,buffered_smoothing,0.9776384808257907,30,3858850894.1146507,314848607.35325414,9360019567.341892,9121677284.963509,238342282.3783844,0.9745361341754044,3795881172.6439996,0.9855123410150448,689952178.0537751,0.0,0.0,6323697.54264902,0.0,1.0,0.999999990924252
ic_r1,demand_shock_increase_minus20,50,rule,0.9212846670764326,30,3858783786.431246,263216239.82603496,9349683018.616613,9148625707.91812,201057310.69849473,0.9784958152807791,3806140538.4660387,0.9878083325173238,689952178.0536817,0.0,0.0,5282377.858339482,0.0,1.0,0.9999999964617898
ic_r1,demand_shock_increase_minus20,50,demand_tracking,0.9212846670764326,30,3859192500.992468,429189299.33904636,9349683018.616613,9032983898.196154,316699120.4204608,0.9661272879743769,3773354641.1246586,0.9804551746991155,689952191.130507,0.0,0.0,8654408.63864088,0.0,1.0,0.9999999556554027
ic_r1,demand_shock_increase_minus20,50,buffered_smoothing,0.9212846670764326,30,3858839052.8352957,296699853.87636226,9349683018.616613,9124972313.576836,224710705.03977787,0.9759659547182139,3799499082.0600233,0.9863100179931289,689952178.0537696,0.0,0.0,5959181.946633708,0.0,1.0,0.9999999914289096
ic_r1,demand_shock_increase_minus20,51,rule,1.0526808585011613,30,3858803513.6537952,300756874.84390825,9373784016.306292,9144199283.749102,229584732.5571908,0.9755077850996127,3798652138.685014,0.986150882711959,689952178.0536817,0.0,0.0,6035765.336777295,0.0,1.0,0.9999999959710835
ic_r1,demand_shock_increase_minus20,51,demand_tracking,1.0526808585011613,30,3859270520.2268605,490401475.49775374,9373784016.306292,9012891946.331472,360892069.9748197,0.9614998522104814,3761190225.12731,0.9778478761916916,689952192.9955603,0.0,0.0,9888724.561600184,0.0,1.0,0.9999999498362486
ic_r1,demand_shock_increase_minus20,51,buffered_smoothing,1.0526808585011613,30,3858866662.306693,339016015.41559935,9373784016.306292,9117306683.618101,256477332.6881917,0.9726388689730815,3791063459.223573,0.9844568574779392,689952178.0537821,0.0,0.0,6809097.113766006,0.0,1.0,0.999999990255513
ic_r1,demand_shock_increase_plus20,42,rule,1.0065049171299387,30,3858872137.0292444,431346220.86038697,9457622063.402227,9129030974.703545,328591088.69868314,0.9652564792189975,3772602892.857167,0.9805325964141745,689952178.0536817,0.0,0.0,8656508.91395324,0.0,1.0,0.999999994289628
ic_r1,demand_shock_increase_plus20,42,demand_tracking,1.0065049171299387,30,3859541918.960292,703334955.4190512,9457622063.402227,8944516225.16353,513105838.23869723,0.9457468447355026,3718874927.8764815,0.969094158037857,689952199.4833593,0.0,0.0,14182432.142205525,0.0,1.0,0.9999999304058212
ic_r1,demand_shock_increase_plus20,42,buffered_smoothing,1.0065049171299387,30,3858962704.976507,486217570.70909727,9457622063.402227,9091076802.18317,366545261.21905845,0.9612434014848762,3761719190.8346877,0.9781890439781298,689952178.0538256,0.0,0.0,9765623.17658962,0.0,1.0,0.9999999862602615
ic_r1,demand_shock_increase_plus20,43,rule,1.0175058076979606,30,3858874614.4642534,436060745.8387107,9460648777.136728,9128489548.788687,332159228.3480427,0.9648904386820953,3771662465.296511,0.9803339286059846,689952178.0536817,0.0,0.0,8751122.765950158,0.0,1.0,0.9999999942296488
ic_r1,demand_shock_increase_plus20,43,demand_tracking,1.0175058076979606,30,3859551716.9732757,711022261.0104579,9460648777.136728,8942088532.432255,518560244.7044753,0.9451876655692301,3717347264.771184,0.9687869552390809,689952199.7175813,0.0,0.0,14337443.19215619,0.0,1.0,0.9999999297263692
ic_r1,demand_shock_increase_plus20,43,buffered_smoothing,1.0175058076979606,30,3858966172.300448,491531828.19218266,9460648777.136728,9090141559.223642,370507217.9130875,0.9608370179845932,3760659806.662011,0.9779677968757087,689952178.0538272,0.0,0.0,9872359.418078173,0.0,1.0,0.9999999861184476
ic_r1,demand_shock_increase_plus20,44,rule,0.9711543472663869,30,3858864175.9701977,416196434.2509129,9447895936.715767,9130773583.724916,317122352.99085,0.9664346056397095,3775624889.120015,0.9811729289779575,689952178.0536817,0.0,0.0,8352474.112007346,0.0,1.0,0.9999999944827034
ic_r1,demand_shock_increase_plus20,44,demand_tracking,0.9711543472663869,30,3859510433.7509465,678632352.3260466,9447895936.715767,8952335758.022493,495560178.6932726,0.9475480909175278,3723783963.2857375,0.9700853854428612,689952198.730704,0.0,0.0,13684315.292754117,0.0,1.0,0.9999999325991219
ic_r1,demand_shock_increase_plus20,44,buffered_smoothing,0.9711543472663869,30,3858951562.980644,469140586.87155104,9447895936.715767,9094087387.209707,353808549.5060591,0.9625516038834516,3765123445.6063337,0.978902332081981,689952178.0538206,0.0,0.0,9422633.948728167,0.0,1.0,0.9999999867170851
ic_r1,demand_shock_increase_plus20,45,rule,0.9996109713143555,30,3858870584.4910555,428391761.896741,9455725307.829948,9129370478.92406,326354828.9058873,0.9654860078649234,3773192232.1117077,0.9806572407564204,689952178.0536817,0.0,0.0,8597217.09889179,0.0,1.0,0.9999999943272405
ic_r1,demand_shock_increase_plus20,45,demand_tracking,0.9996109713143555,30,3859535778.8237095,698517539.2392174,9455725307.829948,8946038963.505348,509686344.32459927,0.9460975940256484,3719832270.9758663,0.9692869776423136,689952199.3365791,0.0,0.0,14085291.117797673,0.0,1.0,0.9999999308323586
ic_r1,demand_shock_increase_plus20,45,buffered_smoothing,0.9996109713143555,30,3858960532.1030273,482887276.41047543,9455725307.829948,9091663285.59231,364062022.23763806,0.9614982446733968,3762383076.8209324,0.9783278680428718,689952178.0538247,0.0,0.0,9698734.604175307,0.0,1.0,0.999999986349216
ic_r1,demand_shock_increase_plus20,46,rule,0.9784653580164804,30,3858865822.432716,419329629.93038905,9449907440.831144,9130412837.275248,319494603.55589664,0.9661907160936386,3774999896.446638,0.9810402570769163,689952178.0536817,0.0,0.0,8415352.920298375,0.0,1.0,0.9999999944427304
ic_r1,demand_shock_increase_plus20,46,demand_tracking,0.9784653580164804,30,3859516945.349059,683741209.056372,9449907440.831144,8950716257.827461,499191183.0036827,0.9471750187894139,3722768703.5377846,0.9698798762014375,689952198.886364,0.0,0.0,13787333.084410625,0.0,1.0,0.9999999321442652
ic_r1,demand_shock_increase_plus20,46,buffered_smoothing,0.9784653580164804,30,3858953867.3070483,472672354.89954615,9449907440.831144,9093464093.234724,356443347.5964201,0.9622807577927907,3764419396.327139,0.9787545218400346,689952178.0538216,0.0,0.0,9493569.097489296,0.0,1.0,0.9999999866224675
ic_r1,demand_shock_increase_plus20,47,rule,1.021450627152114,30,3858875502.8499494,437751331.68142766,9461734129.195108,9128295497.39449,333438631.8006198,0.9647592473802702,3771325236.513664,0.9802627572648392,689952178.0536817,0.0,0.0,8785050.434049562,0.0,1.0,0.9999999942081531
ic_r1,demand_shock_increase_plus20,47,demand_tracking,1.021450627152114,30,3859555230.451752,713778858.9840016,9461734129.195108,8941218637.185184,520515492.00992453,0.9449873051913579,3716799458.6549516,0.9686769402416762,689952199.8015711,0.0,0.0,14393028.746950403,0.0,1.0,0.9999999294830784
ic_r1,demand_shock_increase_plus20,47,buffered_smoothing,1.021450627152114,30,3858967415.6513247,493437472.66469467,9461734129.195108,9089806376.77864,371927752.4164679,0.9606913756677173,3760279921.118386,0.9778885430705461,689952178.0538278,0.0,0.0,9910634.06496097,0.0,1.0,0.9999999860676346
ic_r1,demand_shock_increase_plus20,48,rule,1.0723468389231177,30,3858886964.8362403,459563335.0108652,9475737383.04523,9125796475.01584,349940908.0293908,0.9630697966940776,3766974297.834067,0.9793477600685188,689952178.0536817,0.0,0.0,9222786.508045595,0.0,1.0,0.9999999939313813
ic_r1,demand_shock_increase_plus20,48,demand_tracking,1.0723468389231177,30,3859600561.4856977,749344591.6771259,9475737383.04523,8930025796.570711,545711586.4745194,0.9424095915267817,3709731643.1502724,0.9672643500380289,689952200.8852116,0.0,0.0,15110195.7050572,0.0,1.0,0.999999926360733
ic_r1,demand_shock_increase_plus20,48,buffered_smoothing,1.0723468389231177,30,3858983457.4119864,518024170.67721826,9475737383.04523,9085490600.035109,390246783.01012224,0.958816209521764,3755378623.2765427,0.9768699362843354,689952178.053835,0.0,0.0,10404455.0258052,0.0,1.0,0.9999999854139195
ic_r1,demand_shock_increase_plus20,49,rule,0.9776384808257907,30,3858865636.217383,418975264.6955549,9449679939.19986,9130453628.601385,319226310.598475,0.966218293883771,3775070583.278272,0.9810552559654032,689952178.0536817,0.0,0.0,8408241.31095585,0.0,1.0,0.9999999944472503
ic_r1,demand_shock_increase_plus20,49,demand_tracking,0.9776384808257907,30,3859516208.8856425,683163396.050044,9449679939.19986,8950899363.060637,498780576.1392228,0.9472171989582266,3722883529.675634,0.9699031059985566,689952198.8687588,0.0,0.0,13775681.745756121,0.0,1.0,0.999999932195677
ic_r1,demand_shock_increase_plus20,49,buffered_smoothing,0.9776384808257907,30,3858953606.687141,472272911.029884,9449679939.19986,9093534570.557085,356145368.64277416,0.9623113829320943,3764499024.481164,0.9787712315650008,689952178.0538216,0.0,0.0,9485546.313973613,0.0,1.0,0.9999999866331651
ic_r1,demand_shock_increase_plus20,50,rule,0.9212846670764326,30,3858852945.162034,394824359.7390541,9434175116.11194,9133239234.428194,300935881.6837455,0.9681015162449338,3779888073.2142234,0.9820812908422483,689952178.0536817,0.0,0.0,7923566.787509281,0.0,1.0,0.9999999947559561
ic_r1,demand_shock_increase_plus20,50,demand_tracking,0.9212846670764326,30,3859466017.003867,643783949.0085727,9434175116.11194,8963415236.364977,470759879.74696374,0.95010057859293,3730709227.2021523,0.9714943396540661,689952197.6689196,0.0,0.0,12981612.957961418,0.0,1.0,0.9999999357194136
ic_r1,demand_shock_increase_plus20,50,buffered_smoothing,0.9212846670764326,30,3858935844.7681084,445049780.8145461,9434175116.11194,9098348326.44838,335826789.66356164,0.964403163442448,3769925888.6051993,0.9799146581644078,689952178.0538135,0.0,0.0,8938772.919950636,0.0,1.0,0.9999999873644513
ic_r1,demand_shock_increase_plus20,51,rule,1.0526808585011613,30,3858882535.995858,451135312.26586485,9470326612.646458,9126761067.636385,343565545.0100732,0.96372189058915,3768655473.542685,0.9797005940948286,689952178.0536817,0.0,0.0,9053648.005166007,0.0,1.0,0.999999994038199
ic_r1,demand_shock_increase_plus20,51,demand_tracking,1.0526808585011613,30,3859583045.8554564,735602213.2466348,9470326612.646458,8934343952.15945,535982660.4870084,0.943403994137724,3712462603.206129,0.9678086689050638,689952200.4664996,0.0,0.0,14833086.842400393,0.0,1.0,0.9999999275635548
ic_r1,demand_shock_increase_plus20,51,buffered_smoothing,1.0526808585011613,30,3858977258.9752045,508524023.1234011,9470326612.646458,9087156273.675613,383170338.97084504,0.9595399024085223,3757272454.3505244,0.9772626573900545,689952178.0538323,0.0,0.0,10213645.670649072,0.0,1.0,0.9999999856660988
