task,case,seed,policy,reference,metric,paired_difference
ic_g5,base,42,linkage,uniform,cumulative_value_added,-226.10544395446777
ic_g5,base,42,linkage,uniform,cumulative_shortage,2066.009710021317
ic_g5,base,42,linkage,uniform,cumulative_welfare,-639.3073859214783
ic_g5,base,42,linkage,uniform,cumulative_final_shortage,1575.5987094417214
ic_g5,base,42,linkage,uniform,cumulative_final_delivered,-1575.598711013794
ic_g5,base,42,linkage,uniform,final_fill_rate,-1.716207820301463e-07
ic_g5,base,42,linkage,uniform,mean_service_rate,-9.959982916196708e-08
ic_g5,base,42,linkage,uniform,terminal_output,0.0
ic_g5,base,42,linkage,uniform,fiscal_spend,0.0
ic_g5,base,42,linkage,uniform,private_spend,11.62321937084198
ic_g5,base,42,linkage,uniform,terminal_ai_effective_mean,9.238644957075114e-06
ic_g5,base,42,linkage,uniform,terminal_technology_mean,1.07436213140355e-05
ic_g5,base,42,linkage,uniform,terminal_edge_health_mean,0.0
ic_g5,base,42,stress,uniform,cumulative_value_added,3994.0952339172363
ic_g5,base,42,stress,uniform,cumulative_shortage,-36501.059105053544
ic_g5,base,42,stress,uniform,cumulative_welfare,11294.30705499649
ic_g5,base,42,stress,uniform,cumulative_final_shortage,-27453.255890622735
ic_g5,base,42,stress,uniform,cumulative_final_delivered,27453.255889892578
ic_g5,base,42,stress,uniform,final_fill_rate,2.990323113349902e-06
ic_g5,base,42,stress,uniform,mean_service_rate,1.7611117504312546e-06
ic_g5,base,42,stress,uniform,terminal_output,0.0
ic_g5,base,42,stress,uniform,fiscal_spend,0.0
ic_g5,base,42,stress,uniform,private_spend,-205.35862812399864
ic_g5,base,42,stress,uniform,terminal_ai_effective_mean,-2.2218225100434016e-05
ic_g5,base,42,stress,uniform,terminal_technology_mean,-2.494058575941427e-05
ic_g5,base,42,stress,uniform,terminal_edge_health_mean,0.0
ic_g5,base,43,linkage,uniform,cumulative_value_added,-226.08100175857544
ic_g5,base,43,linkage,uniform,cumulative_shortage,2065.7865472510457
ic_g5,base,43,linkage,uniform,cumulative_welfare,-639.2383108139038
ic_g5,base,43,linkage,uniform,cumulative_final_shortage,1575.2320234328508
ic_g5,base,43,linkage,uniform,cumulative_final_delivered,-1575.2320232391357
ic_g5,base,43,linkage,uniform,final_fill_rate,-1.715808407576347e-07
ic_g5,base,43,linkage,uniform,mean_service_rate,-9.958673208299018e-08
ic_g5,base,43,linkage,uniform,terminal_output,0.0
ic_g5,base,43,linkage,uniform,fiscal_spend,0.0
ic_g5,base,43,linkage,uniform,private_spend,11.621964067220688
ic_g5,base,43,linkage,uniform,terminal_ai_effective_mean,9.238644957075114e-06
ic_g5,base,43,linkage,uniform,terminal_technology_mean,1.07436213140355e-05
ic_g5,base,43,linkage,uniform,terminal_edge_health_mean,0.0
ic_g5,base,43,stress,uniform,cumulative_value_added,4032.955111026764
ic_g5,base,43,stress,uniform,cumulative_shortage,-36856.189501196146
ic_g5,base,43,stress,uniform,cumulative_welfare,11404.193011283875
ic_g5,base,43,stress,uniform,cumulative_final_shortage,-27712.921165406704
ic_g5,base,43,stress,uniform,cumulative_final_delivered,27712.92116546631
ic_g5,base,43,stress,uniform,final_fill_rate,3.0186069381876734e-06
ic_g5,base,43,stress,uniform,mean_service_rate,1.7782195128601685e-06
ic_g5,base,43,stress,uniform,terminal_output,0.0
ic_g5,base,43,stress,uniform,fiscal_spend,9.313225746154785e-10
ic_g5,base,43,stress,uniform,private_spend,-207.35662683844566
ic_g5,base,43,stress,uniform,terminal_ai_effective_mean,-2.2509310856795584e-05
ic_g5,base,43,stress,uniform,terminal_technology_mean,-2.5270783352349113e-05
ic_g5,base,43,stress,uniform,terminal_edge_health_mean,0.0
ic_g5,base,44,linkage,uniform,cumulative_value_added,-226.183988571167
ic_g5,base,44,linkage,uniform,cumulative_shortage,2066.7268267795444
ic_g5,base,44,linkage,uniform,cumulative_welfare,-639.529354095459
ic_g5,base,44,linkage,uniform,cumulative_final_shortage,1576.7821903303266
ic_g5,base,44,linkage,uniform,cumulative_final_delivered,-1576.782190322876
ic_g5,base,44,linkage,uniform,final_fill_rate,-1.7174969146882546e-07
ic_g5,base,44,linkage,uniform,mean_service_rate,-9.964192670963712e-08
ic_g5,base,44,linkage,uniform,terminal_output,0.0
ic_g5,base,44,linkage,uniform,fiscal_spend,0.0
ic_g5,base,44,linkage,uniform,private_spend,11.6272531747818
ic_g5,base,44,linkage,uniform,terminal_ai_effective_mean,9.238644957075114e-06
ic_g5,base,44,linkage,uniform,terminal_technology_mean,1.07436213140355e-05
ic_g5,base,44,linkage,uniform,terminal_edge_health_mean,0.0
ic_g5,base,44,stress,uniform,cumulative_value_added,3868.3083696365356
ic_g5,base,44,stress,uniform,cumulative_shortage,-35351.52578108013
ic_g5,base,44,stress,uniform,cumulative_welfare,10938.613525390625
ic_g5,base,44,stress,uniform,cumulative_final_shortage,-26611.690773293376
ic_g5,base,44,stress,uniform,cumulative_final_delivered,26611.690773010254
ic_g5,base,44,stress,uniform,final_fill_rate,2.8986563315180902e-06
ic_g5,base,44,stress,uniform,mean_service_rate,1.7057310750523413e-06
ic_g5,base,44,stress,uniform,terminal_output,0.0
ic_g5,base,44,stress,uniform,fiscal_spend,0.0
ic_g5,base,44,stress,uniform,private_spend,-198.89124044775963
ic_g5,base,44,stress,uniform,terminal_ai_effective_mean,-2.1276235395206126e-05
ic_g5,base,44,stress,uniform,terminal_technology_mean,-2.3872024930371438e-05
ic_g5,base,44,stress,uniform,terminal_edge_health_mean,0.0
ic_g5,base,45,linkage,uniform,cumulative_value_added,-226.1207618713379
ic_g5,base,45,linkage,uniform,cumulative_shortage,2066.149559661746
ic_g5,base,45,linkage,uniform,cumulative_welfare,-639.3506741523743
ic_g5,base,45,linkage,uniform,cumulative_final_shortage,1575.8288885727525
ic_g5,base,45,linkage,uniform,cumulative_final_delivered,-1575.8288898468018
ic_g5,base,45,linkage,uniform,final_fill_rate,-1.716458539746668e-07
ic_g5,base,45,linkage,uniform,mean_service_rate,-9.960803748487734e-08
ic_g5,base,45,linkage,uniform,terminal_output,0.0
ic_g5,base,45,linkage,uniform,fiscal_spend,0.0
ic_g5,base,45,linkage,uniform,private_spend,11.624006003141403
ic_g5,base,45,linkage,uniform,terminal_ai_effective_mean,9.238644957075114e-06
ic_g5,base,45,linkage,uniform,terminal_technology_mean,1.07436213140355e-05
ic_g5,base,45,linkage,uniform,terminal_edge_health_mean,0.0
ic_g5,base,45,stress,uniform,cumulative_value_added,3969.6743717193604
ic_g5,base,45,stress,uniform,cumulative_shortage,-36277.88317339122
ic_g5,base,45,stress,uniform,cumulative_welfare,11225.251006126404
ic_g5,base,45,stress,uniform,cumulative_final_shortage,-27289.99528065324
ic_g5,base,45,stress,uniform,cumulative_final_delivered,27289.995279312134
ic_g5,base,45,stress,uniform,final_fill_rate,2.9725400869651253e-06
ic_g5,base,45,stress,uniform,mean_service_rate,1.7503603558788328e-06
ic_g5,base,45,stress,uniform,terminal_output,0.0
ic_g5,base,45,stress,uniform,fiscal_spend,0.0
ic_g5,base,45,stress,uniform,private_spend,-204.10301831364632
ic_g5,base,45,stress,uniform,terminal_ai_effective_mean,-2.203531472487301e-05
ic_g5,base,45,stress,uniform,terminal_technology_mean,-2.4733098542450982e-05
ic_g5,base,45,stress,uniform,terminal_edge_health_mean,0.0
ic_g5,base,46,linkage,uniform,cumulative_value_added,-226.1677441596985
ic_g5,base,46,linkage,uniform,cumulative_shortage,2066.5785165801644
ic_g5,base,46,linkage,uniform,cumulative_welfare,-639.4834475517273
ic_g5,base,46,linkage,uniform,cumulative_final_shortage,1576.5367807224393
ic_g5,base,46,linkage,uniform,cumulative_final_delivered,-1576.5367794036865
ic_g5,base,46,linkage,uniform,final_fill_rate,-1.7172296029599465e-07
ic_g5,base,46,linkage,uniform,mean_service_rate,-9.963321900841038e-08
ic_g5,base,46,linkage,uniform,terminal_output,0.0
ic_g5,base,46,linkage,uniform,fiscal_spend,0.0
ic_g5,base,46,linkage,uniform,private_spend,11.6264189183712
ic_g5,base,46,linkage,uniform,terminal_ai_effective_mean,9.238644957075114e-06
ic_g5,base,46,linkage,uniform,terminal_technology_mean,1.07436213140355e-05
ic_g5,base,46,linkage,uniform,terminal_edge_health_mean,0.0
ic_g5,base,46,stress,uniform,cumulative_value_added,3894.437868118286
ic_g5,base,46,stress,uniform,cumulative_shortage,-35590.31640274823
ic_g5,base,46,stress,uniform,cumulative_welfare,11012.501148700714
ic_g5,base,46,stress,uniform,cumulative_final_shortage,-26786.638889729977
ic_g5,base,46,stress,uniform,cumulative_final_delivered,26786.638891220093
ic_g5,base,46,stress,uniform,final_fill_rate,2.917712410122064e-06
ic_g5,base,46,stress,uniform,mean_service_rate,1.717235709186582e-06
ic_g5,base,46,stress,uniform,terminal_output,0.0
ic_g5,base,46,stress,uniform,fiscal_spend,9.313225746154785e-10
ic_g5,base,46,stress,uniform,private_spend,-200.234699934721
ic_g5,base,46,stress,uniform,terminal_ai_effective_mean,-2.1471884137215166e-05
ic_g5,base,46,stress,uniform,terminal_technology_mean,-2.409396220137694e-05
ic_g5,base,46,stress,uniform,terminal_edge_health_mean,0.0
ic_g5,base,47,linkage,uniform,cumulative_value_added,-226.07223653793335
ic_g5,base,47,linkage,uniform,cumulative_shortage,2065.706523165107
ic_g5,base,47,linkage,uniform,cumulative_welfare,-639.213541507721
ic_g5,base,47,linkage,uniform,cumulative_final_shortage,1575.100717894733
ic_g5,base,47,linkage,uniform,cumulative_final_delivered,-1575.1007175445557
ic_g5,base,47,linkage,uniform,final_fill_rate,-1.7156653842054226e-07
ic_g5,base,47,linkage,uniform,mean_service_rate,-9.958203617266292e-08
ic_g5,base,47,linkage,uniform,terminal_output,0.0
ic_g5,base,47,linkage,uniform,fiscal_spend,0.0
ic_g5,base,47,linkage,uniform,private_spend,11.621513932943344
ic_g5,base,47,linkage,uniform,terminal_ai_effective_mean,9.238644957075114e-06
ic_g5,base,47,linkage,uniform,terminal_technology_mean,1.07436213140355e-05
ic_g5,base,47,linkage,uniform,terminal_edge_health_mean,0.0
ic_g5,base,47,stress,uniform,cumulative_value_added,4046.85728931427
ic_g5,base,47,stress,uniform,cumulative_shortage,-36983.23793575168
ic_g5,base,47,stress,uniform,cumulative_welfare,11443.50487613678
ic_g5,base,47,stress,uniform,cumulative_final_shortage,-27805.779650986195
ic_g5,base,47,stress,uniform,cumulative_final_delivered,27805.779651641846
ic_g5,base,47,stress,uniform,final_fill_rate,3.028721471620699e-06
ic_g5,base,47,stress,uniform,mean_service_rate,1.7843396984407178e-06
ic_g5,base,47,stress,uniform,terminal_output,0.0
ic_g5,base,47,stress,uniform,fiscal_spend,0.0
ic_g5,base,47,stress,uniform,private_spend,-208.07141390442848
ic_g5,base,47,stress,uniform,terminal_ai_effective_mean,-2.2613455710487028e-05
ic_g5,base,47,stress,uniform,terminal_technology_mean,-2.538892165226958e-05
ic_g5,base,47,stress,uniform,terminal_edge_health_mean,0.0
ic_g5,base,48,linkage,uniform,cumulative_value_added,-225.9591522216797
ic_g5,base,48,linkage,uniform,cumulative_shortage,2064.674049951136
ic_g5,base,48,linkage,uniform,cumulative_welfare,-638.8939619064331
ic_g5,base,48,linkage,uniform,cumulative_final_shortage,1573.4152915105224
ic_g5,base,48,linkage,uniform,cumulative_final_delivered,-1573.4152927398682
ic_g5,base,48,linkage,uniform,final_fill_rate,-1.713829549387924e-07
ic_g5,base,48,linkage,uniform,mean_service_rate,-9.952146606817536e-08
ic_g5,base,48,linkage,uniform,terminal_output,0.0
ic_g5,base,48,linkage,uniform,fiscal_spend,0.0
ic_g5,base,48,linkage,uniform,private_spend,11.615706264972687
ic_g5,base,48,linkage,uniform,terminal_ai_effective_mean,9.238644957075114e-06
ic_g5,base,48,linkage,uniform,terminal_technology_mean,1.07436213140355e-05
ic_g5,base,48,linkage,uniform,terminal_edge_health_mean,0.0
ic_g5,base,48,stress,uniform,cumulative_value_added,4224.69442987442
ic_g5,base,48,stress,uniform,cumulative_shortage,-38608.44653146714
ic_g5,base,48,stress,uniform,cumulative_welfare,11946.383736610413
ic_g5,base,48,stress,uniform,cumulative_final_shortage,-28991.894954763353
ic_g5,base,48,stress,uniform,cumulative_final_delivered,28991.894954681396
ic_g5,base,48,stress,uniform,final_fill_rate,3.157918096574619e-06
ic_g5,base,48,stress,uniform,mean_service_rate,1.862622685422366e-06
ic_g5,base,48,stress,uniform,terminal_output,0.0
ic_g5,base,48,stress,uniform,fiscal_spend,0.0
ic_g5,base,48,stress,uniform,private_spend,-217.21499907970428
ic_g5,base,48,stress,uniform,terminal_ai_effective_mean,-2.394608431176108e-05
ic_g5,base,48,stress,uniform,terminal_technology_mean,-2.690060861076926e-05
ic_g5,base,48,stress,uniform,terminal_edge_health_mean,0.0
ic_g5,base,49,linkage,uniform,cumulative_value_added,-226.1695818901062
ic_g5,base,49,linkage,uniform,cumulative_shortage,2066.5952902957797
ic_g5,base,49,linkage,uniform,cumulative_welfare,-639.488639831543
ic_g5,base,49,linkage,uniform,cumulative_final_shortage,1576.5645195320249
ic_g5,base,49,linkage,uniform,cumulative_final_delivered,-1576.5645198822021
ic_g5,base,49,linkage,uniform,final_fill_rate,-1.7172598187897847e-07
ic_g5,base,49,linkage,uniform,mean_service_rate,-9.963420366521092e-08
ic_g5,base,49,linkage,uniform,terminal_output,0.0
ic_g5,base,49,linkage,uniform,fiscal_spend,0.0
ic_g5,base,49,linkage,uniform,private_spend,11.62651327252388
ic_g5,base,49,linkage,uniform,terminal_ai_effective_mean,9.238644957075114e-06
ic_g5,base,49,linkage,uniform,terminal_technology_mean,1.07436213140355e-05
ic_g5,base,49,linkage,uniform,terminal_edge_health_mean,0.0
ic_g5,base,49,stress,uniform,cumulative_value_added,3891.485634803772
ic_g5,base,49,stress,uniform,cumulative_shortage,-35563.33671537787
ic_g5,base,49,stress,uniform,cumulative_welfare,11004.152977466583
ic_g5,base,49,stress,uniform,cumulative_final_shortage,-26766.87587057054
ic_g5,base,49,stress,uniform,cumulative_final_delivered,26766.875869750977
ic_g5,base,49,stress,uniform,final_fill_rate,2.915559739413709e-06
ic_g5,base,49,stress,uniform,mean_service_rate,1.7159358746132725e-06
ic_g5,base,49,stress,uniform,terminal_output,0.0
ic_g5,base,49,stress,uniform,fiscal_spend,0.0
ic_g5,base,49,stress,uniform,private_spend,-200.0829095542431
ic_g5,base,49,stress,uniform,terminal_ai_effective_mean,-2.1449778062873452e-05
ic_g5,base,49,stress,uniform,terminal_technology_mean,-2.4068885824624076e-05
ic_g5,base,49,stress,uniform,terminal_edge_health_mean,0.0
ic_g5,base,50,linkage,uniform,cumulative_value_added,-226.29479265213013
ic_g5,base,50,linkage,uniform,cumulative_shortage,2067.7384762093425
ic_g5,base,50,linkage,uniform,cumulative_welfare,-639.8424878120422
ic_g5,base,50,linkage,uniform,cumulative_final_shortage,1578.465277314186
ic_g5,base,50,linkage,uniform,cumulative_final_delivered,-1578.4652767181396
ic_g5,base,50,linkage,uniform,final_fill_rate,-1.7193302026541346e-07
ic_g5,base,50,linkage,uniform,mean_service_rate,-9.97013435144467e-08
ic_g5,base,50,linkage,uniform,terminal_output,0.0
ic_g5,base,50,linkage,uniform,fiscal_spend,0.0
ic_g5,base,50,linkage,uniform,private_spend,11.63294368982315
ic_g5,base,50,linkage,uniform,terminal_ai_effective_mean,9.238644957075114e-06
ic_g5,base,50,linkage,uniform,terminal_technology_mean,1.07436213140355e-05
ic_g5,base,50,linkage,uniform,terminal_edge_health_mean,0.0
ic_g5,base,50,stress,uniform,cumulative_value_added,3688.454864025116
ic_g5,base,50,stress,uniform,cumulative_shortage,-33707.89255242795
ic_g5,base,50,stress,uniform,cumulative_welfare,10430.033374786377
ic_g5,base,50,stress,uniform,cumulative_final_shortage,-25405.63829768449
ic_g5,base,50,stress,uniform,cumulative_final_delivered,25405.638298034668
ic_g5,base,50,stress,uniform,final_fill_rate,2.767288066585216e-06
ic_g5,base,50,stress,uniform,mean_service_rate,1.626535845122845e-06
ic_g5,base,50,stress,uniform,terminal_output,0.0
ic_g5,base,50,stress,uniform,fiscal_spend,0.0
ic_g5,base,50,stress,uniform,private_spend,-189.64399921894073
ic_g5,base,50,stress,uniform,terminal_ai_effective_mean,-1.9929957278823178e-05
ic_g5,base,50,stress,uniform,terminal_technology_mean,-2.23448522297387e-05
ic_g5,base,50,stress,uniform,terminal_edge_health_mean,0.0
ic_g5,base,51,linkage,uniform,cumulative_value_added,-226.00284719467163
ic_g5,base,51,linkage,uniform,cumulative_shortage,2065.0729909986258
ic_g5,base,51,linkage,uniform,cumulative_welfare,-639.01744556427
ic_g5,base,51,linkage,uniform,cumulative_final_shortage,1574.0646264851093
ic_g5,base,51,linkage,uniform,cumulative_final_delivered,-1574.0646266937256
ic_g5,base,51,linkage,uniform,final_fill_rate,-1.7145368313986609e-07
ic_g5,base,51,linkage,uniform,mean_service_rate,-9.954486579477617e-08
ic_g5,base,51,linkage,uniform,terminal_output,0.0
ic_g5,base,51,linkage,uniform,fiscal_spend,0.0
ic_g5,base,51,linkage,uniform,private_spend,11.617950320243835
ic_g5,base,51,linkage,uniform,terminal_ai_effective_mean,9.238644957075114e-06
ic_g5,base,51,linkage,uniform,terminal_technology_mean,1.07436213140355e-05
ic_g5,base,51,linkage,uniform,terminal_edge_health_mean,0.0
ic_g5,base,51,stress,uniform,cumulative_value_added,4156.31401014328
ic_g5,base,51,stress,uniform,cumulative_shortage,-37983.53504336625
ic_g5,base,51,stress,uniform,cumulative_welfare,11753.021018505096
ic_g5,base,51,stress,uniform,cumulative_final_shortage,-28536.201350718737
ic_g5,base,51,stress,uniform,cumulative_final_delivered,28536.20135116577
ic_g5,base,51,stress,uniform,final_fill_rate,3.108282049080202e-06
ic_g5,base,51,stress,uniform,mean_service_rate,1.8325234422134073e-06
ic_g5,base,51,stress,uniform,terminal_output,0.0
ic_g5,base,51,stress,uniform,fiscal_spend,0.0
ic_g5,base,51,stress,uniform,private_spend,-213.69918474555016
ic_g5,base,51,stress,uniform,terminal_ai_effective_mean,-2.34335835701642e-05
ic_g5,base,51,stress,uniform,terminal_technology_mean,-2.631924594298507e-05
ic_g5,base,51,stress,uniform,terminal_edge_health_mean,0.0
ic_g5,import_intermediate_first,42,linkage,uniform,cumulative_value_added,-559.6545052528381
ic_g5,import_intermediate_first,42,linkage,uniform,cumulative_shortage,5089.925751052797
ic_g5,import_intermediate_first,42,linkage,uniform,cumulative_welfare,-1577.6396555900574
ic_g5,import_intermediate_first,42,linkage,uniform,cumulative_final_shortage,4058.070925876498
ic_g5,import_intermediate_first,42,linkage,uniform,cumulative_final_delivered,-4058.0709266662598
ic_g5,import_intermediate_first,42,linkage,uniform,final_fill_rate,-4.074594669445375e-07
ic_g5,import_intermediate_first,42,linkage,uniform,mean_service_rate,-2.453742019570271e-07
ic_g5,import_intermediate_first,42,linkage,uniform,terminal_output,0.0
ic_g5,import_intermediate_first,42,linkage,uniform,fiscal_spend,0.0
ic_g5,import_intermediate_first,42,linkage,uniform,private_spend,28.29970681667328
ic_g5,import_intermediate_first,42,linkage,uniform,terminal_ai_effective_mean,1.2394037857766174e-05
ic_g5,import_intermediate_first,42,linkage,uniform,terminal_technology_mean,1.4537907253364679e-05
ic_g5,import_intermediate_first,42,linkage,uniform,terminal_edge_health_mean,0.0
ic_g5,import_intermediate_first,42,stress,uniform,cumulative_value_added,3605.9887895584106
ic_g5,import_intermediate_first,42,stress,uniform,cumulative_shortage,-32801.15037690848
ic_g5,import_intermediate_first,42,stress,uniform,cumulative_welfare,10166.218864440918
ic_g5,import_intermediate_first,42,stress,uniform,cumulative_final_shortage,-25803.160411335528
ic_g5,import_intermediate_first,42,stress,uniform,cumulative_final_delivered,25803.160409927368
ic_g5,import_intermediate_first,42,stress,uniform,final_fill_rate,2.5908226289894642e-06
ic_g5,import_intermediate_first,42,stress,uniform,mean_service_rate,1.582818325407409e-06
ic_g5,import_intermediate_first,42,stress,uniform,terminal_output,0.0
ic_g5,import_intermediate_first,42,stress,uniform,fiscal_spend,9.313225746154785e-10
ic_g5,import_intermediate_first,42,stress,uniform,private_spend,-182.37826398015022
ic_g5,import_intermediate_first,42,stress,uniform,terminal_ai_effective_mean,-1.859944161292787e-05
ic_g5,import_intermediate_first,42,stress,uniform,terminal_technology_mean,-2.063981059508002e-05
ic_g5,import_intermediate_first,42,stress,uniform,terminal_edge_health_mean,0.0
ic_g5,import_intermediate_first,43,linkage,uniform,cumulative_value_added,-590.8499002456665
ic_g5,import_intermediate_first,43,linkage,uniform,cumulative_shortage,5373.713199049234
ic_g5,import_intermediate_first,43,linkage,uniform,cumulative_welfare,-1665.5925397872925
ic_g5,import_intermediate_first,43,linkage,uniform,cumulative_final_shortage,4286.820440761745
ic_g5,import_intermediate_first,43,linkage,uniform,cumulative_final_delivered,-4286.820442199707
ic_g5,import_intermediate_first,43,linkage,uniform,final_fill_rate,-4.304275612598829e-07
ic_g5,import_intermediate_first,43,linkage,uniform,mean_service_rate,-2.590708277905307e-07
ic_g5,import_intermediate_first,43,linkage,uniform,terminal_output,0.0
ic_g5,import_intermediate_first,43,linkage,uniform,fiscal_spend,0.0
ic_g5,import_intermediate_first,43,linkage,uniform,private_spend,29.877623945474625
ic_g5,import_intermediate_first,43,linkage,uniform,terminal_ai_effective_mean,1.2394037857766174e-05
ic_g5,import_intermediate_first,43,linkage,uniform,terminal_technology_mean,1.4537907253364679e-05
ic_g5,import_intermediate_first,43,linkage,uniform,terminal_edge_health_mean,0.0
ic_g5,import_intermediate_first,43,stress,uniform,cumulative_value_added,3613.2871294021606
ic_g5,import_intermediate_first,43,stress,uniform,cumulative_shortage,-32867.50780696422
ic_g5,import_intermediate_first,43,stress,uniform,cumulative_welfare,10186.788691043854
ic_g5,import_intermediate_first,43,stress,uniform,cumulative_final_shortage,-25842.767162948847
ic_g5,import_intermediate_first,43,stress,uniform,cumulative_final_delivered,25842.767162322998
ic_g5,import_intermediate_first,43,stress,uniform,final_fill_rate,2.594799431432371e-06
ic_g5,import_intermediate_first,43,stress,uniform,mean_service_rate,1.585989028551893e-06
ic_g5,import_intermediate_first,43,stress,uniform,terminal_output,0.0
ic_g5,import_intermediate_first,43,stress,uniform,fiscal_spend,0.0
ic_g5,import_intermediate_first,43,stress,uniform,private_spend,-182.74718788266182
ic_g5,import_intermediate_first,43,stress,uniform,terminal_ai_effective_mean,-1.888743749420014e-05
ic_g5,import_intermediate_first,43,stress,uniform,terminal_technology_mean,-2.0966681563150402e-05
ic_g5,import_intermediate_first,43,stress,uniform,terminal_edge_health_mean,0.0
ic_g5,import_intermediate_first,44,linkage,uniform,cumulative_value_added,-457.0394797325134
ic_g5,import_intermediate_first,44,linkage,uniform,cumulative_shortage,4156.638729251921
ic_g5,import_intermediate_first,44,linkage,uniform,cumulative_welfare,-1288.3672256469727
ic_g5,import_intermediate_first,44,linkage,uniform,cumulative_final_shortage,3306.06409701705
ic_g5,import_intermediate_first,44,linkage,uniform,cumulative_final_delivered,-3306.0640964508057
ic_g5,import_intermediate_first,44,linkage,uniform,final_fill_rate,-3.3195258009044437e-07
ic_g5,import_intermediate_first,44,linkage,uniform,mean_service_rate,-2.003780169568259e-07
ic_g5,import_intermediate_first,44,linkage,uniform,terminal_output,0.0
ic_g5,import_intermediate_first,44,linkage,uniform,fiscal_spend,0.0
ic_g5,import_intermediate_first,44,linkage,uniform,private_spend,23.110654056072235
ic_g5,import_intermediate_first,44,linkage,uniform,terminal_ai_effective_mean,1.2394037857766174e-05
ic_g5,import_intermediate_first,44,linkage,uniform,terminal_technology_mean,1.4537907253364679e-05
ic_g5,import_intermediate_first,44,linkage,uniform,terminal_edge_health_mean,0.0
ic_g5,import_intermediate_first,44,stress,uniform,cumulative_value_added,3634.1366653442383
ic_g5,import_intermediate_first,44,stress,uniform,cumulative_shortage,-33057.08244866133
ic_g5,import_intermediate_first,44,stress,uniform,cumulative_welfare,10245.553154945374
ic_g5,import_intermediate_first,44,stress,uniform,cumulative_final_shortage,-26053.83814907074
ic_g5,import_intermediate_first,44,stress,uniform,cumulative_final_delivered,26053.838150024414
ic_g5,import_intermediate_first,44,stress,uniform,final_fill_rate,2.615992474530593e-06
ic_g5,import_intermediate_first,44,stress,uniform,mean_service_rate,1.5952236902538885e-06
ic_g5,import_intermediate_first,44,stress,uniform,terminal_output,0.0
ic_g5,import_intermediate_first,44,stress,uniform,fiscal_spend,9.313225746154785e-10
ic_g5,import_intermediate_first,44,stress,uniform,private_spend,-183.8011643588543
ic_g5,import_intermediate_first,44,stress,uniform,terminal_ai_effective_mean,-1.7667602941931915e-05
ic_g5,import_intermediate_first,44,stress,uniform,terminal_technology_mean,-1.9582187464561862e-05
ic_g5,import_intermediate_first,44,stress,uniform,terminal_edge_health_mean,0.0
ic_g5,import_intermediate_first,45,linkage,uniform,cumulative_value_added,-530.3796467781067
ic_g5,import_intermediate_first,45,linkage,uniform,cumulative_shortage,4823.633191302419
ic_g5,import_intermediate_first,45,linkage,uniform,cumulative_welfare,-1495.1062850952148
ic_g5,import_intermediate_first,45,linkage,uniform,cumulative_final_shortage,3843.3033651188016
ic_g5,import_intermediate_first,45,linkage,uniform,cumulative_final_delivered,-3843.3033657073975
ic_g5,import_intermediate_first,45,linkage,uniform,final_fill_rate,-3.8589526130117235e-07
ic_g5,import_intermediate_first,45,linkage,uniform,mean_service_rate,-2.325256339696935e-07
ic_g5,import_intermediate_first,45,linkage,uniform,terminal_output,0.0
ic_g5,import_intermediate_first,45,linkage,uniform,fiscal_spend,0.0
ic_g5,import_intermediate_first,45,linkage,uniform,private_spend,26.819089084863663
ic_g5,import_intermediate_first,45,linkage,uniform,terminal_ai_effective_mean,1.2394037857766174e-05
ic_g5,import_intermediate_first,45,linkage,uniform,terminal_technology_mean,1.4537907253364679e-05
ic_g5,import_intermediate_first,45,linkage,uniform,terminal_edge_health_mean,0.0
ic_g5,import_intermediate_first,45,stress,uniform,cumulative_value_added,3611.0743565559387
ic_g5,import_intermediate_first,45,stress,uniform,cumulative_shortage,-32847.41348397732
ic_g5,import_intermediate_first,45,stress,uniform,cumulative_welfare,10180.557053565979
ic_g5,import_intermediate_first,45,stress,uniform,cumulative_final_shortage,-25849.218193754554
ic_g5,import_intermediate_first,45,stress,uniform,cumulative_final_delivered,25849.218194961548
ic_g5,import_intermediate_first,45,stress,uniform,final_fill_rate,2.5954471614131336e-06
ic_g5,import_intermediate_first,45,stress,uniform,mean_service_rate,1.5850672551165346e-06
ic_g5,import_intermediate_first,45,stress,uniform,terminal_output,0.0
ic_g5,import_intermediate_first,45,stress,uniform,fiscal_spend,0.0
ic_g5,import_intermediate_first,45,stress,uniform,private_spend,-182.6354956626892
ic_g5,import_intermediate_first,45,stress,uniform,terminal_ai_effective_mean,-1.841848402642232e-05
ic_g5,import_intermediate_first,45,stress,uniform,terminal_technology_mean,-2.043442644739102e-05
ic_g5,import_intermediate_first,45,stress,uniform,terminal_edge_health_mean,0.0
ic_g5,import_intermediate_first,46,linkage,uniform,cumulative_value_added,-457.39792108535767
ic_g5,import_intermediate_first,46,linkage,uniform,cumulative_shortage,4159.883254893124
ic_g5,import_intermediate_first,46,linkage,uniform,cumulative_welfare,-1289.374572277069
ic_g5,import_intermediate_first,46,linkage,uniform,cumulative_final_shortage,3308.33000164479
ic_g5,import_intermediate_first,46,linkage,uniform,cumulative_final_delivered,-3308.3300018310547
ic_g5,import_intermediate_first,46,linkage,uniform,final_fill_rate,-3.321800933209218e-07
ic_g5,import_intermediate_first,46,linkage,uniform,mean_service_rate,-2.0052751537047442e-07
ic_g5,import_intermediate_first,46,linkage,uniform,terminal_output,0.0
ic_g5,import_intermediate_first,46,linkage,uniform,fiscal_spend,0.0
ic_g5,import_intermediate_first,46,linkage,uniform,private_spend,23.128677636384964
ic_g5,import_intermediate_first,46,linkage,uniform,terminal_ai_effective_mean,1.2394037857766174e-05
ic_g5,import_intermediate_first,46,linkage,uniform,terminal_technology_mean,1.4537907253364679e-05
ic_g5,import_intermediate_first,46,linkage,uniform,terminal_edge_health_mean,0.0
ic_g5,import_intermediate_first,46,stress,uniform,cumulative_value_added,3628.7556920051575
ic_g5,import_intermediate_first,46,stress,uniform,cumulative_shortage,-33008.160605832934
ic_g5,import_intermediate_first,46,stress,uniform,cumulative_welfare,10230.387813091278
ic_g5,import_intermediate_first,46,stress,uniform,cumulative_final_shortage,-26005.319838009775
ic_g5,import_intermediate_first,46,stress,uniform,cumulative_final_delivered,26005.31983947754
ic_g5,import_intermediate_first,46,stress,uniform,final_fill_rate,2.611120887618945e-06
ic_g5,import_intermediate_first,46,stress,uniform,mean_service_rate,1.5928519531138718e-06
ic_g5,import_intermediate_first,46,stress,uniform,terminal_output,0.0
ic_g5,import_intermediate_first,46,stress,uniform,fiscal_spend,0.0
ic_g5,import_intermediate_first,46,stress,uniform,private_spend,-183.52917885780334
ic_g5,import_intermediate_first,46,stress,uniform,terminal_ai_effective_mean,-1.7861123057318767e-05
ic_g5,import_intermediate_first,46,stress,uniform,terminal_technology_mean,-1.9801829984178454e-05
ic_g5,import_intermediate_first,46,stress,uniform,terminal_edge_health_mean,0.0
ic_g5,import_intermediate_first,47,linkage,uniform,cumulative_value_added,-590.8270511627197
ic_g5,import_intermediate_first,47,linkage,uniform,cumulative_shortage,5373.505542039871
ic_g5,import_intermediate_first,47,linkage,uniform,cumulative_welfare,-1665.5281596183777
ic_g5,import_intermediate_first,47,linkage,uniform,cumulative_final_shortage,4286.4744284302
ic_g5,import_intermediate_first,47,linkage,uniform,cumulative_final_delivered,-4286.4744300842285
ic_g5,import_intermediate_first,47,linkage,uniform,final_fill_rate,-4.303928190507733e-07
ic_g5,import_intermediate_first,47,linkage,uniform,mean_service_rate,-2.590587007134104e-07
ic_g5,import_intermediate_first,47,linkage,uniform,terminal_output,0.0
ic_g5,import_intermediate_first,47,linkage,uniform,fiscal_spend,0.0
ic_g5,import_intermediate_first,47,linkage,uniform,private_spend,29.876469552516937
ic_g5,import_intermediate_first,47,linkage,uniform,terminal_ai_effective_mean,1.2394037857766174e-05
ic_g5,import_intermediate_first,47,linkage,uniform,terminal_technology_mean,1.4537907253364679e-05
ic_g5,import_intermediate_first,47,linkage,uniform,terminal_edge_health_mean,0.0
ic_g5,import_intermediate_first,47,stress,uniform,cumulative_value_added,3627.081868648529
ic_g5,import_intermediate_first,47,stress,uniform,cumulative_shortage,-32992.98668906838
ic_g5,import_intermediate_first,47,stress,uniform,cumulative_welfare,10225.679206848145
ic_g5,import_intermediate_first,47,stress,uniform,cumulative_final_shortage,-25939.08682771027
ic_g5,import_intermediate_first,47,stress,uniform,cumulative_final_delivered,25939.086826324463
ic_g5,import_intermediate_first,47,stress,uniform,final_fill_rate,2.6044706175065713e-06
ic_g5,import_intermediate_first,47,stress,uniform,mean_service_rate,1.5920356387644219e-06
ic_g5,import_intermediate_first,47,stress,uniform,terminal_output,0.0
ic_g5,import_intermediate_first,47,stress,uniform,fiscal_spend,0.0
ic_g5,import_intermediate_first,47,stress,uniform,private_spend,-183.44486302137375
ic_g5,import_intermediate_first,47,stress,uniform,terminal_ai_effective_mean,-1.8990482164706578e-05
ic_g5,import_intermediate_first,47,stress,uniform,terminal_technology_mean,-2.1083635693530667e-05
ic_g5,import_intermediate_first,47,stress,uniform,terminal_edge_health_mean,0.0
ic_g5,import_intermediate_first,48,linkage,uniform,cumulative_value_added,-590.5322504043579
ic_g5,import_intermediate_first,48,linkage,uniform,cumulative_shortage,5370.826340645552
ic_g5,import_intermediate_first,48,linkage,uniform,cumulative_welfare,-1664.697518825531
ic_g5,import_intermediate_first,48,linkage,uniform,cumulative_final_shortage,4282.032108493149
ic_g5,import_intermediate_first,48,linkage,uniform,cumulative_final_delivered,-4282.032108306885
ic_g5,import_intermediate_first,48,linkage,uniform,final_fill_rate,-4.2994677817986826e-07
ic_g5,import_intermediate_first,48,linkage,uniform,mean_service_rate,-2.5890228383396163e-07
ic_g5,import_intermediate_first,48,linkage,uniform,terminal_output,0.0
ic_g5,import_intermediate_first,48,linkage,uniform,fiscal_spend,0.0
ic_g5,import_intermediate_first,48,linkage,uniform,private_spend,29.861575335264206
ic_g5,import_intermediate_first,48,linkage,uniform,terminal_ai_effective_mean,1.2394037857766174e-05
ic_g5,import_intermediate_first,48,linkage,uniform,terminal_technology_mean,1.4537907253364679e-05
ic_g5,import_intermediate_first,48,linkage,uniform,terminal_edge_health_mean,0.0
ic_g5,import_intermediate_first,48,stress,uniform,cumulative_value_added,3803.5797300338745
ic_g5,import_intermediate_first,48,stress,uniform,cumulative_shortage,-34598.43652590364
ic_g5,import_intermediate_first,48,stress,uniform,cumulative_welfare,10723.267035007477
ic_g5,import_intermediate_first,48,stress,uniform,cumulative_final_shortage,-27169.770155325532
ic_g5,import_intermediate_first,48,stress,uniform,cumulative_final_delivered,27169.770154953003
ic_g5,import_intermediate_first,48,stress,uniform,final_fill_rate,2.7280400626272794e-06
ic_g5,import_intermediate_first,48,stress,uniform,mean_service_rate,1.6693933043709919e-06
ic_g5,import_intermediate_first,48,stress,uniform,terminal_output,0.0
ic_g5,import_intermediate_first,48,stress,uniform,fiscal_spend,0.0
ic_g5,import_intermediate_first,48,stress,uniform,private_spend,-192.37132531404495
ic_g5,import_intermediate_first,48,stress,uniform,terminal_ai_effective_mean,-2.030928000371253e-05
ic_g5,import_intermediate_first,48,stress,uniform,terminal_technology_mean,-2.2580450605547142e-05
ic_g5,import_intermediate_first,48,stress,uniform,terminal_edge_health_mean,0.0
ic_g5,import_intermediate_first,49,linkage,uniform,cumulative_value_added,-457.2410068511963
ic_g5,import_intermediate_first,49,linkage,uniform,cumulative_shortage,4158.462456449866
ic_g5,import_intermediate_first,49,linkage,uniform,cumulative_welfare,-1288.9334979057312
ic_g5,import_intermediate_first,49,linkage,uniform,cumulative_final_shortage,3307.2297720834613
ic_g5,import_intermediate_first,49,linkage,uniform,cumulative_final_delivered,-3307.2297706604004
ic_g5,import_intermediate_first,49,linkage,uniform,final_fill_rate,-3.32069622244191e-07
ic_g5,import_intermediate_first,49,linkage,uniform,mean_service_rate,-2.0046086002256658e-07
ic_g5,import_intermediate_first,49,linkage,uniform,terminal_output,0.0
ic_g5,import_intermediate_first,49,linkage,uniform,fiscal_spend,0.0
ic_g5,import_intermediate_first,49,linkage,uniform,private_spend,23.120784521102905
ic_g5,import_intermediate_first,49,linkage,uniform,terminal_ai_effective_mean,1.2394037857766174e-05
ic_g5,import_intermediate_first,49,linkage,uniform,terminal_technology_mean,1.4537907253364679e-05
ic_g5,import_intermediate_first,49,linkage,uniform,terminal_edge_health_mean,0.0
ic_g5,import_intermediate_first,49,stress,uniform,cumulative_value_added,3629.43723154068
ic_g5,import_intermediate_first,49,stress,uniform,cumulative_shortage,-33014.356672897935
ic_g5,import_intermediate_first,49,stress,uniform,cumulative_welfare,10232.308566093445
ic_g5,import_intermediate_first,49,stress,uniform,cumulative_final_shortage,-26011.344089396298
ic_g5,import_intermediate_first,49,stress,uniform,cumulative_final_delivered,26011.344089508057
ic_g5,import_intermediate_first,49,stress,uniform,final_fill_rate,2.6117257656554926e-06
ic_g5,import_intermediate_first,49,stress,uniform,mean_service_rate,1.593152054835123e-06
ic_g5,import_intermediate_first,49,stress,uniform,terminal_output,0.0
ic_g5,import_intermediate_first,49,stress,uniform,fiscal_spend,9.313225746154785e-10
ic_g5,import_intermediate_first,49,stress,uniform,private_spend,-183.56362622976303
ic_g5,import_intermediate_first,49,stress,uniform,terminal_ai_effective_mean,-1.7839256795420394e-05
ic_g5,import_intermediate_first,49,stress,uniform,terminal_technology_mean,-1.977701209621152e-05
ic_g5,import_intermediate_first,49,stress,uniform,terminal_edge_health_mean,0.0
ic_g5,import_intermediate_first,50,linkage,uniform,cumulative_value_added,-439.1711006164551
ic_g5,import_intermediate_first,50,linkage,uniform,cumulative_shortage,3994.1049787923694
ic_g5,import_intermediate_first,50,linkage,uniform,cumulative_welfare,-1237.9920964241028
ic_g5,import_intermediate_first,50,linkage,uniform,cumulative_final_shortage,3177.1126756593585
ic_g5,import_intermediate_first,50,linkage,uniform,cumulative_final_delivered,-3177.1126747131348
ic_g5,import_intermediate_first,50,linkage,uniform,final_fill_rate,-3.1900493124847884e-07
ic_g5,import_intermediate_first,50,linkage,uniform,mean_service_rate,-1.9258878181105388e-07
ic_g5,import_intermediate_first,50,linkage,uniform,terminal_output,0.0
ic_g5,import_intermediate_first,50,linkage,uniform,fiscal_spend,0.0
ic_g5,import_intermediate_first,50,linkage,uniform,private_spend,22.206949651241302
ic_g5,import_intermediate_first,50,linkage,uniform,terminal_ai_effective_mean,1.2394037857766174e-05
ic_g5,import_intermediate_first,50,linkage,uniform,terminal_technology_mean,1.4537907253364679e-05
ic_g5,import_intermediate_first,50,linkage,uniform,terminal_edge_health_mean,0.0
ic_g5,import_intermediate_first,50,stress,uniform,cumulative_value_added,3613.871974468231
ic_g5,import_intermediate_first,50,stress,uniform,cumulative_shortage,-32872.88432537764
ic_g5,import_intermediate_first,50,stress,uniform,cumulative_welfare,10188.44883966446
ic_g5,import_intermediate_first,50,stress,uniform,cumulative_final_shortage,-25965.674595311284
ic_g5,import_intermediate_first,50,stress,uniform,cumulative_final_delivered,25965.6745967865
ic_g5,import_intermediate_first,50,stress,uniform,final_fill_rate,2.607140220600712e-06
ic_g5,import_intermediate_first,50,stress,uniform,mean_service_rate,1.586434084988042e-06
ic_g5,import_intermediate_first,50,stress,uniform,terminal_output,0.0
ic_g5,import_intermediate_first,50,stress,uniform,fiscal_spend,9.313225746154785e-10
ic_g5,import_intermediate_first,50,stress,uniform,private_spend,-182.7771400809288
ic_g5,import_intermediate_first,50,stress,uniform,terminal_ai_effective_mean,-1.6336428968317506e-05
ic_g5,import_intermediate_first,50,stress,uniform,terminal_technology_mean,-1.8071323397150785e-05
ic_g5,import_intermediate_first,50,stress,uniform,terminal_edge_health_mean,0.0
ic_g5,import_intermediate_first,51,linkage,uniform,cumulative_value_added,-590.6461596488953
ic_g5,import_intermediate_first,51,linkage,uniform,cumulative_shortage,5371.861567385495
ic_g5,import_intermediate_first,51,linkage,uniform,cumulative_welfare,-1665.018473148346
ic_g5,import_intermediate_first,51,linkage,uniform,cumulative_final_shortage,4283.743782132864
ic_g5,import_intermediate_first,51,linkage,uniform,cumulative_final_delivered,-4283.743782043457
ic_g5,import_intermediate_first,51,linkage,uniform,final_fill_rate,-4.301186424804371e-07
ic_g5,import_intermediate_first,51,linkage,uniform,mean_service_rate,-2.5896271182990205e-07
ic_g5,import_intermediate_first,51,linkage,uniform,terminal_output,0.0
ic_g5,import_intermediate_first,51,linkage,uniform,fiscal_spend,0.0
ic_g5,import_intermediate_first,51,linkage,uniform,private_spend,29.867330372333527
ic_g5,import_intermediate_first,51,linkage,uniform,terminal_ai_effective_mean,1.2394037857766174e-05
ic_g5,import_intermediate_first,51,linkage,uniform,terminal_technology_mean,1.4537907253364679e-05
ic_g5,import_intermediate_first,51,linkage,uniform,terminal_edge_health_mean,0.0
ic_g5,import_intermediate_first,51,stress,uniform,cumulative_value_added,3735.706572532654
ic_g5,import_intermediate_first,51,stress,uniform,cumulative_shortage,-33981.0524327904
ic_g5,import_intermediate_first,51,stress,uniform,cumulative_welfare,10531.917058944702
ic_g5,import_intermediate_first,51,stress,uniform,cumulative_final_shortage,-26696.87545493245
ic_g5,import_intermediate_first,51,stress,uniform,cumulative_final_delivered,26696.875455856323
ic_g5,import_intermediate_first,51,stress,uniform,final_fill_rate,2.6805580384259287e-06
ic_g5,import_intermediate_first,51,stress,uniform,mean_service_rate,1.6396463748957757e-06
ic_g5,import_intermediate_first,51,stress,uniform,terminal_output,0.0
ic_g5,import_intermediate_first,51,stress,uniform,fiscal_spend,0.0
ic_g5,import_intermediate_first,51,stress,uniform,private_spend,-188.93860763311386
ic_g5,import_intermediate_first,51,stress,uniform,terminal_ai_effective_mean,-1.9802044053304595e-05
ic_g5,import_intermediate_first,51,stress,uniform,terminal_technology_mean,-2.2004745855452867e-05
ic_g5,import_intermediate_first,51,stress,uniform,terminal_edge_health_mean,0.0
ic_g5,import_final_first,42,linkage,uniform,cumulative_value_added,509.3674120903015
ic_g5,import_final_first,42,linkage,uniform,cumulative_shortage,-4697.630699202418
ic_g5,import_final_first,42,linkage,uniform,cumulative_welfare,1448.893551826477
ic_g5,import_final_first,42,linkage,uniform,cumulative_final_shortage,-3208.1869263350964
ic_g5,import_final_first,42,linkage,uniform,cumulative_final_delivered,3208.1869258880615
ic_g5,import_final_first,42,linkage,uniform,final_fill_rate,4.1214612234163894e-07
ic_g5,import_final_first,42,linkage,uniform,mean_service_rate,2.2643786068421434e-07
ic_g5,import_final_first,42,linkage,uniform,terminal_output,0.0
ic_g5,import_final_first,42,linkage,uniform,fiscal_spend,0.0
ic_g5,import_final_first,42,linkage,uniform,private_spend,-27.04241380095482
ic_g5,import_final_first,42,linkage,uniform,terminal_ai_effective_mean,5.651427628244193e-06
ic_g5,import_final_first,42,linkage,uniform,terminal_technology_mean,6.268230758221804e-06
ic_g5,import_final_first,42,linkage,uniform,terminal_edge_health_mean,0.0
ic_g5,import_final_first,42,stress,uniform,cumulative_value_added,4833.32287979126
ic_g5,import_final_first,42,stress,uniform,cumulative_shortage,-44582.08292531222
ic_g5,import_final_first,42,stress,uniform,cumulative_welfare,13749.739464759827
ic_g5,import_final_first,42,stress,uniform,cumulative_final_shortage,-30041.39457887411
ic_g5,import_final_first,42,stress,uniform,cumulative_final_delivered,30041.394578933716
ic_g5,import_final_first,42,stress,uniform,final_fill_rate,3.859327580291172e-06
ic_g5,import_final_first,42,stress,uniform,mean_service_rate,2.1505044031089326e-06
ic_g5,import_final_first,42,stress,uniform,terminal_output,0.0
ic_g5,import_final_first,42,stress,uniform,fiscal_spend,0.0
ic_g5,import_final_first,42,stress,uniform,private_spend,-256.6506260931492
ic_g5,import_final_first,42,stress,uniform,terminal_ai_effective_mean,-2.6954659929728526e-05
ic_g5,import_final_first,42,stress,uniform,terminal_technology_mean,-3.068042102383206e-05
ic_g5,import_final_first,42,stress,uniform,terminal_edge_health_mean,0.0
ic_g5,import_final_first,43,linkage,uniform,cumulative_value_added,509.29935359954834
ic_g5,import_final_first,43,linkage,uniform,cumulative_shortage,-4697.342312075198
ic_g5,import_final_first,43,linkage,uniform,cumulative_welfare,1448.7678155899048
ic_g5,import_final_first,43,linkage,uniform,cumulative_final_shortage,-3207.3877229765058
ic_g5,import_final_first,43,linkage,uniform,cumulative_final_delivered,3207.387722969055
ic_g5,import_final_first,43,linkage,uniform,final_fill_rate,4.1204345113676766e-07
ic_g5,import_final_first,43,linkage,uniform,mean_service_rate,2.2641834396264215e-07
ic_g5,import_final_first,43,linkage,uniform,terminal_output,0.0
ic_g5,import_final_first,43,linkage,uniform,fiscal_spend,0.0
ic_g5,import_final_first,43,linkage,uniform,private_spend,-27.04071620106697
ic_g5,import_final_first,43,linkage,uniform,terminal_ai_effective_mean,5.651427628244193e-06
ic_g5,import_final_first,43,linkage,uniform,terminal_technology_mean,6.268230758221804e-06
ic_g5,import_final_first,43,linkage,uniform,terminal_edge_health_mean,0.0
ic_g5,import_final_first,43,stress,uniform,cumulative_value_added,4872.716274261475
ic_g5,import_final_first,43,stress,uniform,cumulative_shortage,-44945.73858074099
ic_g5,import_final_first,43,stress,uniform,cumulative_welfare,13861.863989830017
ic_g5,import_final_first,43,stress,uniform,cumulative_final_shortage,-30277.26966250688
ic_g5,import_final_first,43,stress,uniform,cumulative_final_delivered,30277.269662857056
ic_g5,import_final_first,43,stress,uniform,final_fill_rate,3.8896297427371e-06
ic_g5,import_final_first,43,stress,uniform,mean_service_rate,2.1680104557164626e-06
ic_g5,import_final_first,43,stress,uniform,terminal_output,0.0
ic_g5,import_final_first,43,stress,uniform,fiscal_spend,0.0
ic_g5,import_final_first,43,stress,uniform,private_spend,-258.7440986931324
ic_g5,import_final_first,43,stress,uniform,terminal_ai_effective_mean,-2.725384896180849e-05
ic_g5,import_final_first,43,stress,uniform,terminal_technology_mean,-3.101945032724096e-05
ic_g5,import_final_first,43,stress,uniform,terminal_edge_health_mean,0.0
ic_g5,import_final_first,44,linkage,uniform,cumulative_value_added,509.54523229599
ic_g5,import_final_first,44,linkage,uniform,cumulative_shortage,-4699.269170001149
ic_g5,import_final_first,44,linkage,uniform,cumulative_welfare,1449.3990664482117
ic_g5,import_final_first,44,linkage,uniform,cumulative_final_shortage,-3210.76737177372
ic_g5,import_final_first,44,linkage,uniform,cumulative_final_delivered,3210.7673721313477
ic_g5,import_final_first,44,linkage,uniform,final_fill_rate,4.124776245006956e-07
ic_g5,import_final_first,44,linkage,uniform,mean_service_rate,2.265349811070294e-07
ic_g5,import_final_first,44,linkage,uniform,terminal_output,0.0
ic_g5,import_final_first,44,linkage,uniform,fiscal_spend,0.0
ic_g5,import_final_first,44,linkage,uniform,private_spend,-27.051843732595444
ic_g5,import_final_first,44,linkage,uniform,terminal_ai_effective_mean,5.651427628244193e-06
ic_g5,import_final_first,44,linkage,uniform,terminal_technology_mean,6.268230758221804e-06
ic_g5,import_final_first,44,linkage,uniform,terminal_edge_health_mean,0.0
ic_g5,import_final_first,44,stress,uniform,cumulative_value_added,4705.724213600159
ic_g5,import_final_first,44,stress,uniform,cumulative_shortage,-43405.26689687371
ic_g5,import_final_first,44,stress,uniform,cumulative_welfare,13386.777593135834
ic_g5,import_final_first,44,stress,uniform,cumulative_final_shortage,-29276.535225465894
ic_g5,import_final_first,44,stress,uniform,cumulative_final_delivered,29276.535225868225
ic_g5,import_final_first,44,stress,uniform,final_fill_rate,3.7610684003874795e-06
ic_g5,import_final_first,44,stress,uniform,mean_service_rate,2.0938490448152436e-06
ic_g5,import_final_first,44,stress,uniform,terminal_output,0.0
ic_g5,import_final_first,44,stress,uniform,fiscal_spend,0.0
ic_g5,import_final_first,44,stress,uniform,private_spend,-249.8758744597435
ic_g5,import_final_first,44,stress,uniform,terminal_ai_effective_mean,-2.5986134034137933e-05
ic_g5,import_final_first,44,stress,uniform,terminal_technology_mean,-2.958292495713888e-05
ic_g5,import_final_first,44,stress,uniform,terminal_edge_health_mean,0.0
ic_g5,import_final_first,45,linkage,uniform,cumulative_value_added,509.40209007263184
ic_g5,import_final_first,45,linkage,uniform,cumulative_shortage,-4697.95022854954
ic_g5,import_final_first,45,linkage,uniform,cumulative_welfare,1448.9921355247498
ic_g5,import_final_first,45,linkage,uniform,cumulative_final_shortage,-3208.6886845603585
ic_g5,import_final_first,45,linkage,uniform,cumulative_final_delivered,3208.688684463501
ic_g5,import_final_first,45,linkage,uniform,final_fill_rate,4.122105817794264e-07
ic_g5,import_final_first,45,linkage,uniform,mean_service_rate,2.2645679753630077e-07
ic_g5,import_final_first,45,linkage,uniform,terminal_output,0.0
ic_g5,import_final_first,45,linkage,uniform,fiscal_spend,0.0
ic_g5,import_final_first,45,linkage,uniform,private_spend,-27.044252812862396
ic_g5,import_final_first,45,linkage,uniform,terminal_ai_effective_mean,5.651427628244193e-06
ic_g5,import_final_first,45,linkage,uniform,terminal_technology_mean,6.268230758221804e-06
ic_g5,import_final_first,45,linkage,uniform,terminal_edge_health_mean,0.0
ic_g5,import_final_first,45,stress,uniform,cumulative_value_added,4808.555483341217
ic_g5,import_final_first,45,stress,uniform,cumulative_shortage,-44353.65847489238
ic_g5,import_final_first,45,stress,uniform,cumulative_welfare,13679.28717803955
ic_g5,import_final_first,45,stress,uniform,cumulative_final_shortage,-29893.062052562833
ic_g5,import_final_first,45,stress,uniform,cumulative_final_delivered,29893.062052726746
ic_g5,import_final_first,45,stress,uniform,final_fill_rate,3.8402717470464864e-06
ic_g5,import_final_first,45,stress,uniform,mean_service_rate,2.139507934262319e-06
ic_g5,import_final_first,45,stress,uniform,terminal_output,0.0
ic_g5,import_final_first,45,stress,uniform,fiscal_spend,9.313225746154785e-10
ic_g5,import_final_first,45,stress,uniform,private_spend,-255.3356210589409
ic_g5,import_final_first,45,stress,uniform,terminal_ai_effective_mean,-2.6766634326819486e-05
ic_g5,import_final_first,45,stress,uniform,terminal_technology_mean,-3.0467357737262724e-05
ic_g5,import_final_first,45,stress,uniform,terminal_edge_health_mean,0.0
ic_g5,import_final_first,46,linkage,uniform,cumulative_value_added,509.50845670700073
ic_g5,import_final_first,46,linkage,uniform,cumulative_shortage,-4698.93031027168
ic_g5,import_final_first,46,linkage,uniform,cumulative_welfare,1449.2945189476013
ic_g5,import_final_first,46,linkage,uniform,cumulative_final_shortage,-3210.2321566194296
ic_g5,import_final_first,46,linkage,uniform,cumulative_final_delivered,3210.23215675354
ic_g5,import_final_first,46,linkage,uniform,final_fill_rate,4.124088670565129e-07
ic_g5,import_final_first,46,linkage,uniform,mean_service_rate,2.2651489184344342e-07
ic_g5,import_final_first,46,linkage,uniform,terminal_output,0.0
ic_g5,import_final_first,46,linkage,uniform,fiscal_spend,0.0
ic_g5,import_final_first,46,linkage,uniform,private_spend,-27.049893498420715
ic_g5,import_final_first,46,linkage,uniform,terminal_ai_effective_mean,5.651427628244193e-06
ic_g5,import_final_first,46,linkage,uniform,terminal_technology_mean,6.268230758221804e-06
ic_g5,import_final_first,46,linkage,uniform,terminal_edge_health_mean,0.0
ic_g5,import_final_first,46,stress,uniform,cumulative_value_added,4732.235562801361
ic_g5,import_final_first,46,stress,uniform,cumulative_shortage,-43649.77568145841
ic_g5,import_final_first,46,stress,uniform,cumulative_welfare,13462.190699100494
ic_g5,import_final_first,46,stress,uniform,cumulative_final_shortage,-29435.587339237332
ic_g5,import_final_first,46,stress,uniform,cumulative_final_delivered,29435.587339401245
ic_g5,import_final_first,46,stress,uniform,final_fill_rate,3.781501346944438e-06
ic_g5,import_final_first,46,stress,uniform,mean_service_rate,2.105620989456547e-06
ic_g5,import_final_first,46,stress,uniform,terminal_output,0.0
ic_g5,import_final_first,46,stress,uniform,fiscal_spend,0.0
ic_g5,import_final_first,46,stress,uniform,private_spend,-251.2834744155407
ic_g5,import_final_first,46,stress,uniform,terminal_ai_effective_mean,-2.6187333645624582e-05
ic_g5,import_final_first,46,stress,uniform,terminal_technology_mean,-2.9810916624906092e-05
ic_g5,import_final_first,46,stress,uniform,terminal_edge_health_mean,0.0
ic_g5,import_final_first,47,linkage,uniform,cumulative_value_added,509.27889490127563
ic_g5,import_final_first,47,linkage,uniform,cumulative_shortage,-4697.170183159411
ic_g5,import_final_first,47,linkage,uniform,cumulative_welfare,1448.7129316329956
ic_g5,import_final_first,47,linkage,uniform,cumulative_final_shortage,-3207.101574741304
ic_g5,import_final_first,47,linkage,uniform,cumulative_final_delivered,3207.101574897766
ic_g5,import_final_first,47,linkage,uniform,final_fill_rate,4.120066905421993e-07
ic_g5,import_final_first,47,linkage,uniform,mean_service_rate,2.2640802743723043e-07
ic_g5,import_final_first,47,linkage,uniform,terminal_output,0.0
ic_g5,import_final_first,47,linkage,uniform,fiscal_spend,0.0
ic_g5,import_final_first,47,linkage,uniform,private_spend,-27.039723724126816
ic_g5,import_final_first,47,linkage,uniform,terminal_ai_effective_mean,5.651427628244193e-06
ic_g5,import_final_first,47,linkage,uniform,terminal_technology_mean,6.268230758221804e-06
ic_g5,import_final_first,47,linkage,uniform,terminal_edge_health_mean,0.0
ic_g5,import_final_first,47,stress,uniform,cumulative_value_added,4886.81170797348
ic_g5,import_final_first,47,stress,uniform,cumulative_shortage,-45075.75409373641
ic_g5,import_final_first,47,stress,uniform,cumulative_welfare,13901.962526798248
ic_g5,import_final_first,47,stress,uniform,cumulative_final_shortage,-30361.60651062429
ic_g5,import_final_first,47,stress,uniform,cumulative_final_delivered,30361.606511116028
ic_g5,import_final_first,47,stress,uniform,final_fill_rate,3.900464243922208e-06
ic_g5,import_final_first,47,stress,uniform,mean_service_rate,2.1742691084236654e-06
ic_g5,import_final_first,47,stress,uniform,terminal_output,0.0
ic_g5,import_final_first,47,stress,uniform,fiscal_spend,9.313225746154785e-10
ic_g5,import_final_first,47,stress,uniform,private_spend,-259.49257656931877
ic_g5,import_final_first,47,stress,uniform,terminal_ai_effective_mean,-2.7360881929920297e-05
ic_g5,import_final_first,47,stress,uniform,terminal_technology_mean,-3.114073588283972e-05
ic_g5,import_final_first,47,stress,uniform,terminal_edge_health_mean,0.0
ic_g5,import_final_first,48,linkage,uniform,cumulative_value_added,509.03391218185425
ic_g5,import_final_first,48,linkage,uniform,cumulative_shortage,-4694.619045384228
ic_g5,import_final_first,48,linkage,uniform,cumulative_welfare,1447.957721710205
ic_g5,import_final_first,48,linkage,uniform,cumulative_final_shortage,-3203.4302764609456
ic_g5,import_final_first,48,linkage,uniform,cumulative_final_delivered,3203.430275917053
ic_g5,import_final_first,48,linkage,uniform,final_fill_rate,4.1153504981572553e-07
ic_g5,import_final_first,48,linkage,uniform,mean_service_rate,2.262590118595753e-07
ic_g5,import_final_first,48,linkage,uniform,terminal_output,0.0
ic_g5,import_final_first,48,linkage,uniform,fiscal_spend,0.0
ic_g5,import_final_first,48,linkage,uniform,private_spend,-27.025073885917664
ic_g5,import_final_first,48,linkage,uniform,terminal_ai_effective_mean,5.651427628244193e-06
ic_g5,import_final_first,48,linkage,uniform,terminal_technology_mean,6.268230758221804e-06
ic_g5,import_final_first,48,linkage,uniform,terminal_edge_health_mean,0.0
ic_g5,import_final_first,48,stress,uniform,cumulative_value_added,5067.0440673828125
ic_g5,import_final_first,48,stress,uniform,cumulative_shortage,-46738.25289372355
ic_g5,import_final_first,48,stress,uniform,cumulative_welfare,14414.69464635849
ic_g5,import_final_first,48,stress,uniform,cumulative_final_shortage,-31438.202015168965
ic_g5,import_final_first,48,stress,uniform,cumulative_final_delivered,31438.202014923096
ic_g5,import_final_first,48,stress,uniform,final_fill_rate,4.038771229231131e-06
ic_g5,import_final_first,48,stress,uniform,mean_service_rate,2.2542903274080928e-06
ic_g5,import_final_first,48,stress,uniform,terminal_output,0.0
ic_g5,import_final_first,48,stress,uniform,fiscal_spend,0.0
ic_g5,import_final_first,48,stress,uniform,private_spend,-269.06330901384354
ic_g5,import_final_first,48,stress,uniform,terminal_ai_effective_mean,-2.8729951758223356e-05
ic_g5,import_final_first,48,stress,uniform,terminal_technology_mean,-3.269211135914496e-05
ic_g5,import_final_first,48,stress,uniform,terminal_edge_health_mean,0.0
ic_g5,import_final_first,49,linkage,uniform,cumulative_value_added,509.51261615753174
ic_g5,import_final_first,49,linkage,uniform,cumulative_shortage,-4698.96863540262
ic_g5,import_final_first,49,linkage,uniform,cumulative_welfare,1449.3063430786133
ic_g5,import_final_first,49,linkage,uniform,cumulative_final_shortage,-3210.2926490828395
ic_g5,import_final_first,49,linkage,uniform,cumulative_final_delivered,3210.292649269104
ic_g5,import_final_first,49,linkage,uniform,final_fill_rate,4.124166382846184e-07
ic_g5,import_final_first,49,linkage,uniform,mean_service_rate,2.2651716380384102e-07
ic_g5,import_final_first,49,linkage,uniform,terminal_output,0.0
ic_g5,import_final_first,49,linkage,uniform,fiscal_spend,0.0
ic_g5,import_final_first,49,linkage,uniform,private_spend,-27.050114035606384
ic_g5,import_final_first,49,linkage,uniform,terminal_ai_effective_mean,5.651427628244193e-06
ic_g5,import_final_first,49,linkage,uniform,terminal_technology_mean,6.268230758221804e-06
ic_g5,import_final_first,49,linkage,uniform,terminal_edge_health_mean,0.0
ic_g5,import_final_first,49,stress,uniform,cumulative_value_added,4729.240330219269
ic_g5,import_final_first,49,stress,uniform,cumulative_shortage,-43622.151262536645
ic_g5,import_final_first,49,stress,uniform,cumulative_welfare,13453.670582771301
ic_g5,import_final_first,49,stress,uniform,cumulative_final_shortage,-29417.621323555708
ic_g5,import_final_first,49,stress,uniform,cumulative_final_delivered,29417.62132358551
ic_g5,import_final_first,49,stress,uniform,final_fill_rate,3.7791933068520578e-06
ic_g5,import_final_first,49,stress,uniform,mean_service_rate,2.1042910192115016e-06
ic_g5,import_final_first,49,stress,uniform,terminal_output,0.0
ic_g5,import_final_first,49,stress,uniform,fiscal_spend,0.0
ic_g5,import_final_first,49,stress,uniform,private_spend,-251.12444481253624
ic_g5,import_final_first,49,stress,uniform,terminal_ai_effective_mean,-2.616460142139355e-05
ic_g5,import_final_first,49,stress,uniform,terminal_technology_mean,-2.9785157343309443e-05
ic_g5,import_final_first,49,stress,uniform,terminal_edge_health_mean,0.0
ic_g5,import_final_first,50,linkage,uniform,cumulative_value_added,509.78782987594604
ic_g5,import_final_first,50,linkage,uniform,cumulative_shortage,-4701.580589786172
ic_g5,import_final_first,50,linkage,uniform,cumulative_welfare,1450.1039481163025
ic_g5,import_final_first,50,linkage,uniform,cumulative_final_shortage,-3214.412459358573
ic_g5,import_final_first,50,linkage,uniform,cumulative_final_delivered,3214.412459373474
ic_g5,import_final_first,50,linkage,uniform,final_fill_rate,4.1294589792073566e-07
ic_g5,import_final_first,50,linkage,uniform,mean_service_rate,2.2667205878956764e-07
ic_g5,import_final_first,50,linkage,uniform,terminal_output,0.0
ic_g5,import_final_first,50,linkage,uniform,fiscal_spend,0.0
ic_g5,import_final_first,50,linkage,uniform,private_spend,-27.06514671444893
ic_g5,import_final_first,50,linkage,uniform,terminal_ai_effective_mean,5.651427628244193e-06
ic_g5,import_final_first,50,linkage,uniform,terminal_technology_mean,6.268230758221804e-06
ic_g5,import_final_first,50,linkage,uniform,terminal_edge_health_mean,0.0
ic_g5,import_final_first,50,stress,uniform,cumulative_value_added,4523.172558307648
ic_g5,import_final_first,50,stress,uniform,cumulative_shortage,-41721.55295264721
ic_g5,import_final_first,50,stress,uniform,cumulative_welfare,12867.483149051666
ic_g5,import_final_first,50,stress,uniform,cumulative_final_shortage,-28179.383035853505
ic_g5,import_final_first,50,stress,uniform,cumulative_final_delivered,28179.383036613464
ic_g5,import_final_first,50,stress,uniform,final_fill_rate,3.620120559433282e-06
ic_g5,import_final_first,50,stress,uniform,mean_service_rate,2.012778019588879e-06
ic_g5,import_final_first,50,stress,uniform,terminal_output,0.0
ic_g5,import_final_first,50,stress,uniform,fiscal_spend,0.0
ic_g5,import_final_first,50,stress,uniform,private_spend,-240.1829900443554
ic_g5,import_final_first,50,stress,uniform,terminal_ai_effective_mean,-2.4601099222378974e-05
ic_g5,import_final_first,50,stress,uniform,terminal_technology_mean,-2.801345596725735e-05
ic_g5,import_final_first,50,stress,uniform,terminal_edge_health_mean,0.0
ic_g5,import_final_first,51,linkage,uniform,cumulative_value_added,509.1328363418579
ic_g5,import_final_first,51,linkage,uniform,cumulative_shortage,-4695.5305484086275
ic_g5,import_final_first,51,linkage,uniform,cumulative_welfare,1448.2389464378357
ic_g5,import_final_first,51,linkage,uniform,cumulative_final_shortage,-3204.844329789281
ic_g5,import_final_first,51,linkage,uniform,cumulative_final_delivered,3204.8443298339844
ic_g5,import_final_first,51,linkage,uniform,final_fill_rate,4.117167090589291e-07
ic_g5,import_final_first,51,linkage,uniform,mean_service_rate,2.2631299467779087e-07
ic_g5,import_final_first,51,linkage,uniform,terminal_output,0.0
ic_g5,import_final_first,51,linkage,uniform,fiscal_spend,0.0
ic_g5,import_final_first,51,linkage,uniform,private_spend,-27.030319899320602
ic_g5,import_final_first,51,linkage,uniform,terminal_ai_effective_mean,5.651427628244193e-06
ic_g5,import_final_first,51,linkage,uniform,terminal_technology_mean,6.268230758221804e-06
ic_g5,import_final_first,51,linkage,uniform,terminal_edge_health_mean,0.0
ic_g5,import_final_first,51,stress,uniform,cumulative_value_added,4997.761477470398
ic_g5,import_final_first,51,stress,uniform,cumulative_shortage,-46099.14886790514
ic_g5,import_final_first,51,stress,uniform,cumulative_welfare,14217.591250896454
ic_g5,import_final_first,51,stress,uniform,cumulative_final_shortage,-31024.738411292434
ic_g5,import_final_first,51,stress,uniform,cumulative_final_delivered,31024.73841190338
ic_g5,import_final_first,51,stress,uniform,final_fill_rate,3.985654804083971e-06
ic_g5,import_final_first,51,stress,uniform,mean_service_rate,2.2235299712569656e-06
ic_g5,import_final_first,51,stress,uniform,terminal_output,0.0
ic_g5,import_final_first,51,stress,uniform,fiscal_spend,9.313225746154785e-10
ic_g5,import_final_first,51,stress,uniform,private_spend,-265.3840919435024
ic_g5,import_final_first,51,stress,uniform,terminal_ai_effective_mean,-2.8203549438861678e-05
ic_g5,import_final_first,51,stress,uniform,terminal_technology_mean,-3.209561333794575e-05
ic_g5,import_final_first,51,stress,uniform,terminal_edge_health_mean,0.0
ic_g5,backlog_retention_minus20,42,linkage,uniform,cumulative_value_added,-122.06161260604858
ic_g5,backlog_retention_minus20,42,linkage,uniform,cumulative_shortage,1034.0027294754982
ic_g5,backlog_retention_minus20,42,linkage,uniform,cumulative_welfare,-328.8621587753296
ic_g5,backlog_retention_minus20,42,linkage,uniform,cumulative_final_shortage,785.0521051883698
ic_g5,backlog_retention_minus20,42,linkage,uniform,cumulative_final_delivered,-785.0521049499512
ic_g5,backlog_retention_minus20,42,linkage,uniform,final_fill_rate,-8.551114893950995e-08
ic_g5,backlog_retention_minus20,42,linkage,uniform,mean_service_rate,-4.986114632288263e-08
ic_g5,backlog_retention_minus20,42,linkage,uniform,terminal_output,0.0
ic_g5,backlog_retention_minus20,42,linkage,uniform,fiscal_spend,0.0
ic_g5,backlog_retention_minus20,42,linkage,uniform,private_spend,4.653771370649338
ic_g5,backlog_retention_minus20,42,linkage,uniform,terminal_ai_effective_mean,9.238644957075114e-06
ic_g5,backlog_retention_minus20,42,linkage,uniform,terminal_technology_mean,1.07436213140355e-05
ic_g5,backlog_retention_minus20,42,linkage,uniform,terminal_edge_health_mean,0.0
ic_g5,backlog_retention_minus20,42,stress,uniform,cumulative_value_added,2766.942114830017
ic_g5,backlog_retention_minus20,42,stress,uniform,cumulative_shortage,-23441.898492977023
ic_g5,backlog_retention_minus20,42,stress,uniform,cumulative_welfare,7455.321813106537
ic_g5,backlog_retention_minus20,42,stress,uniform,cumulative_final_shortage,-17625.14274482429
ic_g5,backlog_retention_minus20,42,stress,uniform,cumulative_final_delivered,17625.14274597168
ic_g5,backlog_retention_minus20,42,stress,uniform,final_fill_rate,1.919804045957818e-06
ic_g5,backlog_retention_minus20,42,stress,uniform,mean_service_rate,1.1309244917212524e-06
ic_g5,backlog_retention_minus20,42,stress,uniform,terminal_output,0.0
ic_g5,backlog_retention_minus20,42,stress,uniform,fiscal_spend,0.0
ic_g5,backlog_retention_minus20,42,stress,uniform,private_spend,-105.50831177830696
ic_g5,backlog_retention_minus20,42,stress,uniform,terminal_ai_effective_mean,-2.0971652465832935e-05
ic_g5,backlog_retention_minus20,42,stress,uniform,terminal_technology_mean,-2.3525134360435906e-05
ic_g5,backlog_retention_minus20,42,stress,uniform,terminal_edge_health_mean,0.0
ic_g5,backlog_retention_minus20,43,linkage,uniform,cumulative_value_added,-122.03718042373657
ic_g5,backlog_retention_minus20,43,linkage,uniform,cumulative_shortage,1033.7958750724792
ic_g5,backlog_retention_minus20,43,linkage,uniform,cumulative_welfare,-328.79635524749756
ic_g5,backlog_retention_minus20,43,linkage,uniform,cumulative_final_shortage,784.7630481719971
ic_g5,backlog_retention_minus20,43,linkage,uniform,cumulative_final_delivered,-784.7630481719971
ic_g5,backlog_retention_minus20,43,linkage,uniform,final_fill_rate,-8.54796636806654e-08
ic_g5,backlog_retention_minus20,43,linkage,uniform,mean_service_rate,-4.9850160221964757e-08
ic_g5,backlog_retention_minus20,43,linkage,uniform,terminal_output,0.0
ic_g5,backlog_retention_minus20,43,linkage,uniform,fiscal_spend,0.0
ic_g5,backlog_retention_minus20,43,linkage,uniform,private_spend,4.652840465307236
ic_g5,backlog_retention_minus20,43,linkage,uniform,terminal_ai_effective_mean,9.238644957075114e-06
ic_g5,backlog_retention_minus20,43,linkage,uniform,terminal_technology_mean,1.07436213140355e-05
ic_g5,backlog_retention_minus20,43,linkage,uniform,terminal_edge_health_mean,0.0
ic_g5,backlog_retention_minus20,43,stress,uniform,cumulative_value_added,2793.636188030243
ic_g5,backlog_retention_minus20,43,stress,uniform,cumulative_shortage,-23668.054641269147
ic_g5,backlog_retention_minus20,43,stress,uniform,cumulative_welfare,7527.247116565704
ic_g5,backlog_retention_minus20,43,stress,uniform,cumulative_final_shortage,-17790.28122358024
ic_g5,backlog_retention_minus20,43,stress,uniform,cumulative_final_delivered,17790.28122329712
ic_g5,backlog_retention_minus20,43,stress,uniform,final_fill_rate,1.9377916175011833e-06
ic_g5,backlog_retention_minus20,43,stress,uniform,mean_service_rate,1.1418173834210066e-06
ic_g5,backlog_retention_minus20,43,stress,uniform,terminal_output,0.0
ic_g5,backlog_retention_minus20,43,stress,uniform,fiscal_spend,0.0
ic_g5,backlog_retention_minus20,43,stress,uniform,private_spend,-106.52620556950569
ic_g5,backlog_retention_minus20,43,stress,uniform,terminal_ai_effective_mean,-2.1252685643004428e-05
ic_g5,backlog_retention_minus20,43,stress,uniform,terminal_technology_mean,-2.3843917278609794e-05
ic_g5,backlog_retention_minus20,43,stress,uniform,terminal_edge_health_mean,0.0
ic_g5,backlog_retention_minus20,44,linkage,uniform,cumulative_value_added,-122.14012432098389
ic_g5,backlog_retention_minus20,44,linkage,uniform,cumulative_shortage,1034.6674398556352
ic_g5,backlog_retention_minus20,44,linkage,uniform,cumulative_welfare,-329.0736126899719
ic_g5,backlog_retention_minus20,44,linkage,uniform,cumulative_final_shortage,785.984349668026
ic_g5,backlog_retention_minus20,44,linkage,uniform,cumulative_final_delivered,-785.9843502044678
ic_g5,backlog_retention_minus20,44,linkage,uniform,final_fill_rate,-8.561269293494433e-08
ic_g5,backlog_retention_minus20,44,linkage,uniform,mean_service_rate,-4.9896456522091626e-08
ic_g5,backlog_retention_minus20,44,linkage,uniform,terminal_output,0.0
ic_g5,backlog_retention_minus20,44,linkage,uniform,fiscal_spend,0.0
ic_g5,backlog_retention_minus20,44,linkage,uniform,private_spend,4.6567626893520355
ic_g5,backlog_retention_minus20,44,linkage,uniform,terminal_ai_effective_mean,9.238644957075114e-06
ic_g5,backlog_retention_minus20,44,linkage,uniform,terminal_technology_mean,1.07436213140355e-05
ic_g5,backlog_retention_minus20,44,linkage,uniform,terminal_edge_health_mean,0.0
ic_g5,backlog_retention_minus20,44,stress,uniform,cumulative_value_added,2680.5432834625244
ic_g5,backlog_retention_minus20,44,stress,uniform,cumulative_shortage,-22709.91503213346
ic_g5,backlog_retention_minus20,44,stress,uniform,cumulative_welfare,7222.526289463043
ic_g5,backlog_retention_minus20,44,stress,uniform,cumulative_final_shortage,-17089.96523693949
ic_g5,backlog_retention_minus20,44,stress,uniform,cumulative_final_delivered,17089.96523666382
ic_g5,backlog_retention_minus20,44,stress,uniform,final_fill_rate,1.861510279921319e-06
ic_g5,backlog_retention_minus20,44,stress,uniform,mean_service_rate,1.0956656155691746e-06
ic_g5,backlog_retention_minus20,44,stress,uniform,terminal_output,0.0
ic_g5,backlog_retention_minus20,44,stress,uniform,fiscal_spend,0.0
ic_g5,backlog_retention_minus20,44,stress,uniform,private_spend,-102.21376782655716
ic_g5,backlog_retention_minus20,44,stress,uniform,terminal_ai_effective_mean,-2.0062392133837932e-05
ic_g5,backlog_retention_minus20,44,stress,uniform,terminal_technology_mean,-2.2493737520945523e-05
ic_g5,backlog_retention_minus20,44,stress,uniform,terminal_edge_health_mean,0.0
ic_g5,backlog_retention_minus20,45,linkage,uniform,cumulative_value_added,-122.07692384719849
ic_g5,backlog_retention_minus20,45,linkage,uniform,cumulative_shortage,1034.132359020412
ic_g5,backlog_retention_minus20,45,linkage,uniform,cumulative_welfare,-328.90339517593384
ic_g5,backlog_retention_minus20,45,linkage,uniform,cumulative_final_shortage,785.2335028126836
ic_g5,backlog_retention_minus20,45,linkage,uniform,cumulative_final_delivered,-785.2335033416748
ic_g5,backlog_retention_minus20,45,linkage,uniform,final_fill_rate,-8.553090768970151e-08
ic_g5,backlog_retention_minus20,45,linkage,uniform,mean_service_rate,-4.986803148199215e-08
ic_g5,backlog_retention_minus20,45,linkage,uniform,terminal_output,0.0
ic_g5,backlog_retention_minus20,45,linkage,uniform,fiscal_spend,0.0
ic_g5,backlog_retention_minus20,45,linkage,uniform,private_spend,4.6543547213077545
ic_g5,backlog_retention_minus20,45,linkage,uniform,terminal_ai_effective_mean,9.238644957075114e-06
ic_g5,backlog_retention_minus20,45,linkage,uniform,terminal_technology_mean,1.07436213140355e-05
ic_g5,backlog_retention_minus20,45,linkage,uniform,terminal_edge_health_mean,0.0
ic_g5,backlog_retention_minus20,45,stress,uniform,cumulative_value_added,2750.1672563552856
ic_g5,backlog_retention_minus20,45,stress,uniform,cumulative_shortage,-23299.779422789812
ic_g5,backlog_retention_minus20,45,stress,uniform,cumulative_welfare,7410.12314081192
ic_g5,backlog_retention_minus20,45,stress,uniform,cumulative_final_shortage,-17521.316611476243
ic_g5,backlog_retention_minus20,45,stress,uniform,cumulative_final_delivered,17521.316612243652
ic_g5,backlog_retention_minus20,45,stress,uniform,final_fill_rate,1.9084948704728433e-06
ic_g5,backlog_retention_minus20,45,stress,uniform,mean_service_rate,1.1240790788180632e-06
ic_g5,backlog_retention_minus20,45,stress,uniform,terminal_output,0.0
ic_g5,backlog_retention_minus20,45,stress,uniform,fiscal_spend,0.0
ic_g5,backlog_retention_minus20,45,stress,uniform,private_spend,-104.86865586042404
ic_g5,backlog_retention_minus20,45,stress,uniform,terminal_ai_effective_mean,-2.0795073619965694e-05
ic_g5,backlog_retention_minus20,45,stress,uniform,terminal_technology_mean,-2.3324836568305862e-05
ic_g5,backlog_retention_minus20,45,stress,uniform,terminal_edge_health_mean,0.0
ic_g5,backlog_retention_minus20,46,linkage,uniform,cumulative_value_added,-122.12388706207275
ic_g5,backlog_retention_minus20,46,linkage,uniform,cumulative_shortage,1034.5299680903554
ic_g5,backlog_retention_minus20,46,linkage,uniform,cumulative_welfare,-329.02988052368164
ic_g5,backlog_retention_minus20,46,linkage,uniform,cumulative_final_shortage,785.7911235392094
ic_g5,backlog_retention_minus20,46,linkage,uniform,cumulative_final_delivered,-785.7911224365234
ic_g5,backlog_retention_minus20,46,linkage,uniform,final_fill_rate,-8.5591645881955e-08
ic_g5,backlog_retention_minus20,46,linkage,uniform,mean_service_rate,-4.988915291992413e-08
ic_g5,backlog_retention_minus20,46,linkage,uniform,terminal_output,0.0
ic_g5,backlog_retention_minus20,46,linkage,uniform,fiscal_spend,0.0
ic_g5,backlog_retention_minus20,46,linkage,uniform,private_spend,4.656144052743912
ic_g5,backlog_retention_minus20,46,linkage,uniform,terminal_ai_effective_mean,9.238644957075114e-06
ic_g5,backlog_retention_minus20,46,linkage,uniform,terminal_technology_mean,1.07436213140355e-05
ic_g5,backlog_retention_minus20,46,linkage,uniform,terminal_edge_health_mean,0.0
ic_g5,backlog_retention_minus20,46,stress,uniform,cumulative_value_added,2698.4897356033325
ic_g5,backlog_retention_minus20,46,stress,uniform,cumulative_shortage,-22861.959955058992
ic_g5,backlog_retention_minus20,46,stress,uniform,cumulative_welfare,7270.881726741791
ic_g5,backlog_retention_minus20,46,stress,uniform,cumulative_final_shortage,-17201.216334559023
ic_g5,backlog_retention_minus20,46,stress,uniform,cumulative_final_delivered,17201.21633529663
ic_g5,backlog_retention_minus20,46,stress,uniform,final_fill_rate,1.8736282134668159e-06
ic_g5,backlog_retention_minus20,46,stress,uniform,mean_service_rate,1.1029897895031837e-06
ic_g5,backlog_retention_minus20,46,stress,uniform,terminal_output,0.0
ic_g5,backlog_retention_minus20,46,stress,uniform,fiscal_spend,0.0
ic_g5,backlog_retention_minus20,46,stress,uniform,private_spend,-102.89809837937355
ic_g5,backlog_retention_minus20,46,stress,uniform,terminal_ai_effective_mean,-2.0251218150000878e-05
ic_g5,backlog_retention_minus20,46,stress,uniform,terminal_technology_mean,-2.2707927646248294e-05
ic_g5,backlog_retention_minus20,46,stress,uniform,terminal_edge_health_mean,0.0
ic_g5,backlog_retention_minus20,47,linkage,uniform,cumulative_value_added,-122.02841901779175
ic_g5,backlog_retention_minus20,47,linkage,uniform,cumulative_shortage,1033.7216993421316
ic_g5,backlog_retention_minus20,47,linkage,uniform,cumulative_welfare,-328.7727584838867
ic_g5,backlog_retention_minus20,47,linkage,uniform,cumulative_final_shortage,784.6595162376761
ic_g5,backlog_retention_minus20,47,linkage,uniform,cumulative_final_delivered,-784.659517288208
ic_g5,backlog_retention_minus20,47,linkage,uniform,final_fill_rate,-8.546838670131507e-08
ic_g5,backlog_retention_minus20,47,linkage,uniform,mean_service_rate,-4.984622092862878e-08
ic_g5,backlog_retention_minus20,47,linkage,uniform,terminal_output,0.0
ic_g5,backlog_retention_minus20,47,linkage,uniform,fiscal_spend,0.0
ic_g5,backlog_retention_minus20,47,linkage,uniform,private_spend,4.6525066792964935
ic_g5,backlog_retention_minus20,47,linkage,uniform,terminal_ai_effective_mean,9.238644957075114e-06
ic_g5,backlog_retention_minus20,47,linkage,uniform,terminal_technology_mean,1.07436213140355e-05
ic_g5,backlog_retention_minus20,47,linkage,uniform,terminal_edge_health_mean,0.0
ic_g5,backlog_retention_minus20,47,stress,uniform,cumulative_value_added,2803.186315059662
ic_g5,backlog_retention_minus20,47,stress,uniform,cumulative_shortage,-23748.964741505682
ic_g5,backlog_retention_minus20,47,stress,uniform,cumulative_welfare,7552.979263305664
ic_g5,backlog_retention_minus20,47,stress,uniform,cumulative_final_shortage,-17849.337151370943
ic_g5,backlog_retention_minus20,47,stress,uniform,cumulative_final_delivered,17849.33715057373
ic_g5,backlog_retention_minus20,47,stress,uniform,final_fill_rate,1.9442242353839845e-06
ic_g5,backlog_retention_minus20,47,stress,uniform,mean_service_rate,1.1457143538340375e-06
ic_g5,backlog_retention_minus20,47,stress,uniform,terminal_output,0.0
ic_g5,backlog_retention_minus20,47,stress,uniform,fiscal_spend,0.0
ic_g5,backlog_retention_minus20,47,stress,uniform,private_spend,-106.8903694152832
ic_g5,backlog_retention_minus20,47,stress,uniform,terminal_ai_effective_mean,-2.1353240881401628e-05
ic_g5,backlog_retention_minus20,47,stress,uniform,terminal_technology_mean,-2.3957979576105792e-05
ic_g5,backlog_retention_minus20,47,stress,uniform,terminal_edge_health_mean,0.0
ic_g5,backlog_retention_minus20,48,linkage,uniform,cumulative_value_added,-121.91538143157959
ic_g5,backlog_retention_minus20,48,linkage,uniform,cumulative_shortage,1032.7646778523922
ic_g5,backlog_retention_minus20,48,linkage,uniform,cumulative_welfare,-328.46831703186035
ic_g5,backlog_retention_minus20,48,linkage,uniform,cumulative_final_shortage,783.329446092248
ic_g5,backlog_retention_minus20,48,linkage,uniform,cumulative_final_delivered,-783.3294467926025
ic_g5,backlog_retention_minus20,48,linkage,uniform,final_fill_rate,-8.532350992407345e-08
ic_g5,backlog_retention_minus20,48,linkage,uniform,mean_service_rate,-4.979540879634925e-08
ic_g5,backlog_retention_minus20,48,linkage,uniform,terminal_output,0.0
ic_g5,backlog_retention_minus20,48,linkage,uniform,fiscal_spend,0.0
ic_g5,backlog_retention_minus20,48,linkage,uniform,private_spend,4.648199886083603
ic_g5,backlog_retention_minus20,48,linkage,uniform,terminal_ai_effective_mean,9.238644957075114e-06
ic_g5,backlog_retention_minus20,48,linkage,uniform,terminal_technology_mean,1.07436213140355e-05
ic_g5,backlog_retention_minus20,48,linkage,uniform,terminal_edge_health_mean,0.0
ic_g5,backlog_retention_minus20,48,stress,uniform,cumulative_value_added,2923.379463195801
ic_g5,backlog_retention_minus20,48,stress,uniform,cumulative_shortage,-24767.444913223386
ic_g5,backlog_retention_minus20,48,stress,uniform,cumulative_welfare,7876.868445396423
ic_g5,backlog_retention_minus20,48,stress,uniform,cumulative_final_shortage,-18591.125467389822
ic_g5,backlog_retention_minus20,48,stress,uniform,cumulative_final_delivered,18591.125467300415
ic_g5,backlog_retention_minus20,48,stress,uniform,final_fill_rate,2.0250229121332453e-06
ic_g5,backlog_retention_minus20,48,stress,uniform,mean_service_rate,1.1948022110574996e-06
ic_g5,backlog_retention_minus20,48,stress,uniform,terminal_output,0.0
ic_g5,backlog_retention_minus20,48,stress,uniform,fiscal_spend,0.0
ic_g5,backlog_retention_minus20,48,stress,uniform,private_spend,-111.47456696629524
ic_g5,backlog_retention_minus20,48,stress,uniform,terminal_ai_effective_mean,-2.2640285831894164e-05
ic_g5,backlog_retention_minus20,48,stress,uniform,terminal_technology_mean,-2.5417906003522006e-05
ic_g5,backlog_retention_minus20,48,stress,uniform,terminal_edge_health_mean,0.0
ic_g5,backlog_retention_minus20,49,linkage,uniform,cumulative_value_added,-122.125723361969
ic_g5,backlog_retention_minus20,49,linkage,uniform,cumulative_shortage,1034.5455163791776
ic_g5,backlog_retention_minus20,49,linkage,uniform,cumulative_welfare,-329.0348267555237
ic_g5,backlog_retention_minus20,49,linkage,uniform,cumulative_final_shortage,785.812966413796
ic_g5,backlog_retention_minus20,49,linkage,uniform,cumulative_final_delivered,-785.812967300415
ic_g5,backlog_retention_minus20,49,linkage,uniform,final_fill_rate,-8.559402531194138e-08
ic_g5,backlog_retention_minus20,49,linkage,uniform,mean_service_rate,-4.988997925892136e-08
ic_g5,backlog_retention_minus20,49,linkage,uniform,terminal_output,0.0
ic_g5,backlog_retention_minus20,49,linkage,uniform,fiscal_spend,0.0
ic_g5,backlog_retention_minus20,49,linkage,uniform,private_spend,4.656214028596878
ic_g5,backlog_retention_minus20,49,linkage,uniform,terminal_ai_effective_mean,9.238644957075114e-06
ic_g5,backlog_retention_minus20,49,linkage,uniform,terminal_technology_mean,1.07436213140355e-05
ic_g5,backlog_retention_minus20,49,linkage,uniform,terminal_edge_health_mean,0.0
ic_g5,backlog_retention_minus20,49,stress,uniform,cumulative_value_added,2696.4620337486267
ic_g5,backlog_retention_minus20,49,stress,uniform,cumulative_shortage,-22844.780972085893
ic_g5,backlog_retention_minus20,49,stress,uniform,cumulative_welfare,7265.418228149414
ic_g5,backlog_retention_minus20,49,stress,uniform,cumulative_final_shortage,-17188.648747332394
ic_g5,backlog_retention_minus20,49,stress,uniform,cumulative_final_delivered,17188.64874649048
ic_g5,backlog_retention_minus20,49,stress,uniform,final_fill_rate,1.872259299262602e-06
ic_g5,backlog_retention_minus20,49,stress,uniform,mean_service_rate,1.102162267008211e-06
ic_g5,backlog_retention_minus20,49,stress,uniform,terminal_output,0.0
ic_g5,backlog_retention_minus20,49,stress,uniform,fiscal_spend,1.862645149230957e-09
ic_g5,backlog_retention_minus20,49,stress,uniform,private_spend,-102.82077845931053
ic_g5,backlog_retention_minus20,49,stress,uniform,terminal_ai_effective_mean,-2.0229882310342055e-05
ic_g5,backlog_retention_minus20,49,stress,uniform,terminal_technology_mean,-2.2683725864891535e-05
ic_g5,backlog_retention_minus20,49,stress,uniform,terminal_edge_health_mean,0.0
ic_g5,backlog_retention_minus20,50,linkage,uniform,cumulative_value_added,-122.25088262557983
ic_g5,backlog_retention_minus20,50,linkage,uniform,cumulative_shortage,1035.6051594987512
ic_g5,backlog_retention_minus20,50,linkage,uniform,cumulative_welfare,-329.3719139099121
ic_g5,backlog_retention_minus20,50,linkage,uniform,cumulative_final_shortage,787.3083267360926
ic_g5,backlog_retention_minus20,50,linkage,uniform,cumulative_final_delivered,-787.3083267211914
ic_g5,backlog_retention_minus20,50,linkage,uniform,final_fill_rate,-8.575690602086183e-08
ic_g5,backlog_retention_minus20,50,linkage,uniform,mean_service_rate,-4.9946288327440413e-08
ic_g5,backlog_retention_minus20,50,linkage,uniform,terminal_output,0.0
ic_g5,backlog_retention_minus20,50,linkage,uniform,fiscal_spend,0.0
ic_g5,backlog_retention_minus20,50,linkage,uniform,private_spend,4.660982638597488
ic_g5,backlog_retention_minus20,50,linkage,uniform,terminal_ai_effective_mean,9.238644957075114e-06
ic_g5,backlog_retention_minus20,50,linkage,uniform,terminal_technology_mean,1.07436213140355e-05
ic_g5,backlog_retention_minus20,50,linkage,uniform,terminal_edge_health_mean,0.0
ic_g5,backlog_retention_minus20,50,stress,uniform,cumulative_value_added,2557.0301213264465
ic_g5,backlog_retention_minus20,50,stress,uniform,cumulative_shortage,-21663.49422454089
ic_g5,backlog_retention_minus20,50,stress,uniform,cumulative_welfare,6889.7289662361145
ic_g5,backlog_retention_minus20,50,stress,uniform,cumulative_final_shortage,-16323.083884008229
ic_g5,backlog_retention_minus20,50,stress,uniform,cumulative_final_delivered,16323.083885192871
ic_g5,backlog_retention_minus20,50,stress,uniform,final_fill_rate,1.777978365091748e-06
ic_g5,backlog_retention_minus20,50,stress,uniform,mean_service_rate,1.045253721909667e-06
ic_g5,backlog_retention_minus20,50,stress,uniform,terminal_output,0.0
ic_g5,backlog_retention_minus20,50,stress,uniform,fiscal_spend,0.0
ic_g5,backlog_retention_minus20,50,stress,uniform,private_spend,-97.50399079918861
ic_g5,backlog_retention_minus20,50,stress,uniform,terminal_ai_effective_mean,-1.8763417239448486e-05
ic_g5,backlog_retention_minus20,50,stress,uniform,terminal_technology_mean,-2.1020277003236387e-05
ic_g5,backlog_retention_minus20,50,stress,uniform,terminal_edge_health_mean,0.0
ic_g5,backlog_retention_minus20,51,linkage,uniform,cumulative_value_added,-121.95905828475952
ic_g5,backlog_retention_minus20,51,linkage,uniform,cumulative_shortage,1033.134465187788
ic_g5,backlog_retention_minus20,51,linkage,uniform,cumulative_welfare,-328.5859513282776
ic_g5,backlog_retention_minus20,51,linkage,uniform,cumulative_final_shortage,783.8421257659793
ic_g5,backlog_retention_minus20,51,linkage,uniform,cumulative_final_delivered,-783.8421268463135
ic_g5,backlog_retention_minus20,51,linkage,uniform,final_fill_rate,-8.537935314301137e-08
ic_g5,backlog_retention_minus20,51,linkage,uniform,mean_service_rate,-4.9815039426803764e-08
ic_g5,backlog_retention_minus20,51,linkage,uniform,terminal_output,0.0
ic_g5,backlog_retention_minus20,51,linkage,uniform,fiscal_spend,0.0
ic_g5,backlog_retention_minus20,51,linkage,uniform,private_spend,4.649863988161087
ic_g5,backlog_retention_minus20,51,linkage,uniform,terminal_ai_effective_mean,9.238644957075114e-06
ic_g5,backlog_retention_minus20,51,linkage,uniform,terminal_technology_mean,1.07436213140355e-05
ic_g5,backlog_retention_minus20,51,linkage,uniform,terminal_edge_health_mean,0.0
ic_g5,backlog_retention_minus20,51,stress,uniform,cumulative_value_added,2877.6029090881348
ic_g5,backlog_retention_minus20,51,stress,uniform,cumulative_shortage,-24379.506266340613
ic_g5,backlog_retention_minus20,51,stress,uniform,cumulative_welfare,7753.504161834717
ic_g5,backlog_retention_minus20,51,stress,uniform,cumulative_final_shortage,-18308.936334863305
ic_g5,backlog_retention_minus20,51,stress,uniform,cumulative_final_delivered,18308.936334609985
ic_g5,backlog_retention_minus20,51,stress,uniform,final_fill_rate,1.9942856950283527e-06
ic_g5,backlog_retention_minus20,51,stress,uniform,mean_service_rate,1.1760967743024153e-06
ic_g5,backlog_retention_minus20,51,stress,uniform,terminal_output,0.0
ic_g5,backlog_retention_minus20,51,stress,uniform,fiscal_spend,9.313225746154785e-10
ic_g5,backlog_retention_minus20,51,stress,uniform,private_spend,-109.72840836644173
ic_g5,backlog_retention_minus20,51,stress,uniform,terminal_ai_effective_mean,-2.214523910435513e-05
ic_g5,backlog_retention_minus20,51,stress,uniform,terminal_technology_mean,-2.4856362564551482e-05
ic_g5,backlog_retention_minus20,51,stress,uniform,terminal_edge_health_mean,0.0
ic_g5,backlog_retention_plus20,42,linkage,uniform,cumulative_value_added,-217.68040561676025
ic_g5,backlog_retention_plus20,42,linkage,uniform,cumulative_shortage,2158.6805740073323
ic_g5,backlog_retention_plus20,42,linkage,uniform,cumulative_welfare,-649.4165205955505
ic_g5,backlog_retention_plus20,42,linkage,uniform,cumulative_final_shortage,1638.0217626839876
ic_g5,backlog_retention_plus20,42,linkage,uniform,cumulative_final_delivered,-1638.0217628479004
ic_g5,backlog_retention_plus20,42,linkage,uniform,final_fill_rate,-1.7842016108993164e-07
ic_g5,backlog_retention_plus20,42,linkage,uniform,mean_service_rate,-1.0397708960496743e-07
ic_g5,backlog_retention_plus20,42,linkage,uniform,terminal_output,0.0
ic_g5,backlog_retention_plus20,42,linkage,uniform,fiscal_spend,0.0
ic_g5,backlog_retention_plus20,42,linkage,uniform,private_spend,14.573351353406906
ic_g5,backlog_retention_plus20,42,linkage,uniform,terminal_ai_effective_mean,9.238644957075114e-06
ic_g5,backlog_retention_plus20,42,linkage,uniform,terminal_technology_mean,1.07436213140355e-05
ic_g5,backlog_retention_plus20,42,linkage,uniform,terminal_edge_health_mean,0.0
ic_g5,backlog_retention_plus20,42,stress,uniform,cumulative_value_added,3802.6704449653625
ic_g5,backlog_retention_plus20,42,stress,uniform,cumulative_shortage,-37717.00766800344
ic_g5,backlog_retention_plus20,42,stress,uniform,cumulative_welfare,11346.07197856903
ic_g5,backlog_retention_plus20,42,stress,uniform,cumulative_final_shortage,-28020.825576245785
ic_g5,backlog_retention_plus20,42,stress,uniform,cumulative_final_delivered,28020.825576782227
ic_g5,backlog_retention_plus20,42,stress,uniform,final_fill_rate,3.052145170490128e-06
ic_g5,backlog_retention_plus20,42,stress,uniform,mean_service_rate,1.8185932162406715e-06
ic_g5,backlog_retention_plus20,42,stress,uniform,terminal_output,0.0
ic_g5,backlog_retention_plus20,42,stress,uniform,fiscal_spend,0.0
ic_g5,backlog_retention_plus20,42,stress,uniform,private_spend,-254.63844707608223
ic_g5,backlog_retention_plus20,42,stress,uniform,terminal_ai_effective_mean,-2.3575044707011168e-05
ic_g5,backlog_retention_plus20,42,stress,uniform,terminal_technology_mean,-2.6481358815999556e-05
ic_g5,backlog_retention_plus20,42,stress,uniform,terminal_edge_health_mean,0.0
ic_g5,backlog_retention_plus20,43,linkage,uniform,cumulative_value_added,-240.7537317276001
ic_g5,backlog_retention_plus20,43,linkage,uniform,cumulative_shortage,2387.5660455971956
ic_g5,backlog_retention_plus20,43,linkage,uniform,cumulative_welfare,-718.2669410705566
ic_g5,backlog_retention_plus20,43,linkage,uniform,cumulative_final_shortage,1814.6604123339057
ic_g5,backlog_retention_plus20,43,linkage,uniform,cumulative_final_delivered,-1814.6604118347168
ic_g5,backlog_retention_plus20,43,linkage,uniform,final_fill_rate,-1.9766037928636848e-07
ic_g5,backlog_retention_plus20,43,linkage,uniform,mean_service_rate,-1.1503045804772682e-07
ic_g5,backlog_retention_plus20,43,linkage,uniform,terminal_output,0.0
ic_g5,backlog_retention_plus20,43,linkage,uniform,fiscal_spend,0.0
ic_g5,backlog_retention_plus20,43,linkage,uniform,private_spend,16.118665248155594
ic_g5,backlog_retention_plus20,43,linkage,uniform,terminal_ai_effective_mean,9.238644957075114e-06
ic_g5,backlog_retention_plus20,43,linkage,uniform,terminal_technology_mean,1.07436213140355e-05
ic_g5,backlog_retention_plus20,43,linkage,uniform,terminal_edge_health_mean,0.0
ic_g5,backlog_retention_plus20,43,stress,uniform,cumulative_value_added,3753.39768409729
ic_g5,backlog_retention_plus20,43,stress,uniform,cumulative_shortage,-37228.176801502705
ic_g5,backlog_retention_plus20,43,stress,uniform,cumulative_welfare,11199.03304386139
ic_g5,backlog_retention_plus20,43,stress,uniform,cumulative_final_shortage,-27621.10449665785
ic_g5,backlog_retention_plus20,43,stress,uniform,cumulative_final_delivered,27621.104496002197
ic_g5,backlog_retention_plus20,43,stress,uniform,final_fill_rate,3.0086058835365748e-06
ic_g5,backlog_retention_plus20,43,stress,uniform,mean_service_rate,1.7949079923473832e-06
ic_g5,backlog_retention_plus20,43,stress,uniform,terminal_output,0.0
ic_g5,backlog_retention_plus20,43,stress,uniform,fiscal_spend,0.0
ic_g5,backlog_retention_plus20,43,stress,uniform,private_spend,-251.33805349469185
ic_g5,backlog_retention_plus20,43,stress,uniform,terminal_ai_effective_mean,-2.3876785275975254e-05
ic_g5,backlog_retention_plus20,43,stress,uniform,terminal_technology_mean,-2.682365638007056e-05
ic_g5,backlog_retention_plus20,43,stress,uniform,terminal_edge_health_mean,0.0
ic_g5,backlog_retention_plus20,44,linkage,uniform,cumulative_value_added,-217.7585620880127
ic_g5,backlog_retention_plus20,44,linkage,uniform,cumulative_shortage,2159.4548653140664
ic_g5,backlog_retention_plus20,44,linkage,uniform,cumulative_welfare,-649.6495351791382
ic_g5,backlog_retention_plus20,44,linkage,uniform,cumulative_final_shortage,1639.5103324353695
ic_g5,backlog_retention_plus20,44,linkage,uniform,cumulative_final_delivered,-1639.510332107544
ic_g5,backlog_retention_plus20,44,linkage,uniform,final_fill_rate,-1.785823022792954e-07
ic_g5,backlog_retention_plus20,44,linkage,uniform,mean_service_rate,-1.0402540295828544e-07
ic_g5,backlog_retention_plus20,44,linkage,uniform,terminal_output,0.0
ic_g5,backlog_retention_plus20,44,linkage,uniform,fiscal_spend,0.0
ic_g5,backlog_retention_plus20,44,linkage,uniform,private_spend,14.578577607870102
ic_g5,backlog_retention_plus20,44,linkage,uniform,terminal_ai_effective_mean,9.238644957075114e-06
ic_g5,backlog_retention_plus20,44,linkage,uniform,terminal_technology_mean,1.07436213140355e-05
ic_g5,backlog_retention_plus20,44,linkage,uniform,terminal_edge_health_mean,0.0
ic_g5,backlog_retention_plus20,44,stress,uniform,cumulative_value_added,3791.1875352859497
ic_g5,backlog_retention_plus20,44,stress,uniform,cumulative_shortage,-37603.260273352265
ic_g5,backlog_retention_plus20,44,stress,uniform,cumulative_welfare,11311.839590072632
ic_g5,backlog_retention_plus20,44,stress,uniform,cumulative_final_shortage,-28002.31317345798
ic_g5,backlog_retention_plus20,44,stress,uniform,cumulative_final_delivered,28002.313173294067
ic_g5,backlog_retention_plus20,44,stress,uniform,final_fill_rate,3.0501287223705376e-06
ic_g5,backlog_retention_plus20,44,stress,uniform,mean_service_rate,1.8133287732480241e-06
ic_g5,backlog_retention_plus20,44,stress,uniform,terminal_output,0.0
ic_g5,backlog_retention_plus20,44,stress,uniform,fiscal_spend,0.0
ic_g5,backlog_retention_plus20,44,stress,uniform,private_spend,-253.87070074677467
ic_g5,backlog_retention_plus20,44,stress,uniform,terminal_ai_effective_mean,-2.259843836703102e-05
ic_g5,backlog_retention_plus20,44,stress,uniform,terminal_technology_mean,-2.5373485461610557e-05
ic_g5,backlog_retention_plus20,44,stress,uniform,terminal_edge_health_mean,0.0
ic_g5,backlog_retention_plus20,45,linkage,uniform,cumulative_value_added,-217.69564771652222
ic_g5,backlog_retention_plus20,45,linkage,uniform,cumulative_shortage,2158.8315737321973
ic_g5,backlog_retention_plus20,45,linkage,uniform,cumulative_welfare,-649.461962223053
ic_g5,backlog_retention_plus20,45,linkage,uniform,cumulative_final_shortage,1638.311148993671
ic_g5,backlog_retention_plus20,45,linkage,uniform,cumulative_final_delivered,-1638.311149597168
ic_g5,backlog_retention_plus20,45,linkage,uniform,final_fill_rate,-1.784516822089799e-07
ic_g5,backlog_retention_plus20,45,linkage,uniform,mean_service_rate,-1.0398650951426447e-07
ic_g5,backlog_retention_plus20,45,linkage,uniform,terminal_output,0.0
ic_g5,backlog_retention_plus20,45,linkage,uniform,fiscal_spend,0.0
ic_g5,backlog_retention_plus20,45,linkage,uniform,private_spend,14.57437053322792
ic_g5,backlog_retention_plus20,45,linkage,uniform,terminal_ai_effective_mean,9.238644957075114e-06
ic_g5,backlog_retention_plus20,45,linkage,uniform,terminal_technology_mean,1.07436213140355e-05
ic_g5,backlog_retention_plus20,45,linkage,uniform,terminal_edge_health_mean,0.0
ic_g5,backlog_retention_plus20,45,stress,uniform,cumulative_value_added,3833.4842162132263
ic_g5,backlog_retention_plus20,45,stress,uniform,cumulative_shortage,-38022.70866615325
ic_g5,backlog_retention_plus20,45,stress,uniform,cumulative_welfare,11438.025949954987
ic_g5,backlog_retention_plus20,45,stress,uniform,cumulative_final_shortage,-28270.75627439469
ic_g5,backlog_retention_plus20,45,stress,uniform,cumulative_final_delivered,28270.756273269653
ic_g5,backlog_retention_plus20,45,stress,uniform,final_fill_rate,3.079368664282711e-06
ic_g5,backlog_retention_plus20,45,stress,uniform,mean_service_rate,1.833405152140699e-06
ic_g5,backlog_retention_plus20,45,stress,uniform,terminal_output,0.0
ic_g5,backlog_retention_plus20,45,stress,uniform,fiscal_spend,9.313225746154785e-10
ic_g5,backlog_retention_plus20,45,stress,uniform,private_spend,-256.70242017507553
ic_g5,backlog_retention_plus20,45,stress,uniform,terminal_ai_effective_mean,-2.338542192430312e-05
ic_g5,backlog_retention_plus20,45,stress,uniform,terminal_technology_mean,-2.6266248769890588e-05
ic_g5,backlog_retention_plus20,45,stress,uniform,terminal_edge_health_mean,0.0
ic_g5,backlog_retention_plus20,46,linkage,uniform,cumulative_value_added,-217.74239826202393
ic_g5,backlog_retention_plus20,46,linkage,uniform,cumulative_shortage,2159.2947304323316
ic_g5,backlog_retention_plus20,46,linkage,uniform,cumulative_welfare,-649.6013441085815
ic_g5,backlog_retention_plus20,46,linkage,uniform,cumulative_final_shortage,1639.2015216127038
ic_g5,backlog_retention_plus20,46,linkage,uniform,cumulative_final_delivered,-1639.2015228271484
ic_g5,backlog_retention_plus20,46,linkage,uniform,final_fill_rate,-1.785486654082291e-07
ic_g5,backlog_retention_plus20,46,linkage,uniform,mean_service_rate,-1.0401540895266237e-07
ic_g5,backlog_retention_plus20,46,linkage,uniform,terminal_output,0.0
ic_g5,backlog_retention_plus20,46,linkage,uniform,fiscal_spend,0.0
ic_g5,backlog_retention_plus20,46,linkage,uniform,private_spend,14.577496737241745
ic_g5,backlog_retention_plus20,46,linkage,uniform,terminal_ai_effective_mean,9.238644957075114e-06
ic_g5,backlog_retention_plus20,46,linkage,uniform,terminal_technology_mean,1.07436213140355e-05
ic_g5,backlog_retention_plus20,46,linkage,uniform,terminal_edge_health_mean,0.0
ic_g5,backlog_retention_plus20,46,stress,uniform,cumulative_value_added,3816.6471376419067
ic_g5,backlog_retention_plus20,46,stress,uniform,cumulative_shortage,-37855.78334482014
ic_g5,backlog_retention_plus20,46,stress,uniform,cumulative_welfare,11387.803806781769
ic_g5,backlog_retention_plus20,46,stress,uniform,cumulative_final_shortage,-28183.262996047735
ic_g5,backlog_retention_plus20,46,stress,uniform,cumulative_final_delivered,28183.262996673584
ic_g5,backlog_retention_plus20,46,stress,uniform,final_fill_rate,3.0698385317107224e-06
ic_g5,backlog_retention_plus20,46,stress,uniform,mean_service_rate,1.8254797388150834e-06
ic_g5,backlog_retention_plus20,46,stress,uniform,terminal_output,0.0
ic_g5,backlog_retention_plus20,46,stress,uniform,fiscal_spend,0.0
ic_g5,backlog_retention_plus20,46,stress,uniform,private_spend,-255.57555785775185
ic_g5,backlog_retention_plus20,46,stress,uniform,terminal_ai_effective_mean,-2.2801294197844716e-05
ic_g5,backlog_retention_plus20,46,stress,uniform,terminal_technology_mean,-2.560360759218394e-05
ic_g5,backlog_retention_plus20,46,stress,uniform,terminal_edge_health_mean,0.0
ic_g5,backlog_retention_plus20,47,linkage,uniform,cumulative_value_added,-245.43222522735596
ic_g5,backlog_retention_plus20,47,linkage,uniform,cumulative_shortage,2433.9763588905334
ic_g5,backlog_retention_plus20,47,linkage,uniform,cumulative_welfare,-732.2274971008301
ic_g5,backlog_retention_plus20,47,linkage,uniform,cumulative_final_shortage,1850.4339381679893
ic_g5,backlog_retention_plus20,47,linkage,uniform,cumulative_final_delivered,-1850.433937072754
ic_g5,backlog_retention_plus20,47,linkage,uniform,final_fill_rate,-2.0155698088331064e-07
ic_g5,backlog_retention_plus20,47,linkage,uniform,mean_service_rate,-1.1727117321669311e-07
ic_g5,backlog_retention_plus20,47,linkage,uniform,terminal_output,0.0
ic_g5,backlog_retention_plus20,47,linkage,uniform,fiscal_spend,0.0
ic_g5,backlog_retention_plus20,47,linkage,uniform,private_spend,16.432003259658813
ic_g5,backlog_retention_plus20,47,linkage,uniform,terminal_ai_effective_mean,9.238644957075114e-06
ic_g5,backlog_retention_plus20,47,linkage,uniform,terminal_technology_mean,1.07436213140355e-05
ic_g5,backlog_retention_plus20,47,linkage,uniform,terminal_edge_health_mean,0.0
ic_g5,backlog_retention_plus20,47,stress,uniform,cumulative_value_added,3754.347459793091
ic_g5,backlog_retention_plus20,47,stress,uniform,cumulative_shortage,-37237.580671966076
ic_g5,backlog_retention_plus20,47,stress,uniform,cumulative_welfare,11201.863594532013
ic_g5,backlog_retention_plus20,47,stress,uniform,cumulative_final_shortage,-27620.49023333192
ic_g5,backlog_retention_plus20,47,stress,uniform,cumulative_final_delivered,27620.490234375
ic_g5,backlog_retention_plus20,47,stress,uniform,final_fill_rate,3.008538975612929e-06
ic_g5,backlog_retention_plus20,47,stress,uniform,mean_service_rate,1.795336587839813e-06
ic_g5,backlog_retention_plus20,47,stress,uniform,terminal_output,0.0
ic_g5,backlog_retention_plus20,47,stress,uniform,fiscal_spend,0.0
ic_g5,backlog_retention_plus20,47,stress,uniform,private_spend,-251.40151971578598
ic_g5,backlog_retention_plus20,47,stress,uniform,terminal_ai_effective_mean,-2.3984734052039103e-05
ic_g5,backlog_retention_plus20,47,stress,uniform,terminal_technology_mean,-2.694611455045237e-05
ic_g5,backlog_retention_plus20,47,stress,uniform,terminal_edge_health_mean,0.0
ic_g5,backlog_retention_plus20,48,linkage,uniform,cumulative_value_added,-248.44322395324707
ic_g5,backlog_retention_plus20,48,linkage,uniform,cumulative_shortage,2463.8466309010983
ic_g5,backlog_retention_plus20,48,linkage,uniform,cumulative_welfare,-741.212550163269
ic_g5,backlog_retention_plus20,48,linkage,uniform,cumulative_final_shortage,1872.257551394403
ic_g5,backlog_retention_plus20,48,linkage,uniform,cumulative_final_delivered,-1872.2575511932373
ic_g5,backlog_retention_plus20,48,linkage,uniform,final_fill_rate,-2.0393409994046152e-07
ic_g5,backlog_retention_plus20,48,linkage,uniform,mean_service_rate,-1.1869787630569562e-07
ic_g5,backlog_retention_plus20,48,linkage,uniform,terminal_output,0.0
ic_g5,backlog_retention_plus20,48,linkage,uniform,fiscal_spend,0.0
ic_g5,backlog_retention_plus20,48,linkage,uniform,private_spend,16.633673459291458
ic_g5,backlog_retention_plus20,48,linkage,uniform,terminal_ai_effective_mean,9.238644957075114e-06
ic_g5,backlog_retention_plus20,48,linkage,uniform,terminal_technology_mean,1.07436213140355e-05
ic_g5,backlog_retention_plus20,48,linkage,uniform,terminal_edge_health_mean,0.0
ic_g5,backlog_retention_plus20,48,stress,uniform,cumulative_value_added,3825.646082878113
ic_g5,backlog_retention_plus20,48,stress,uniform,cumulative_shortage,-37944.629162564874
ic_g5,backlog_retention_plus20,48,stress,uniform,cumulative_welfare,11414.571915149689
ic_g5,backlog_retention_plus20,48,stress,uniform,cumulative_final_shortage,-28063.664147414267
ic_g5,backlog_retention_plus20,48,stress,uniform,cumulative_final_delivered,28063.66414833069
ic_g5,backlog_retention_plus20,48,stress,uniform,final_fill_rate,3.056811326396236e-06
ic_g5,backlog_retention_plus20,48,stress,uniform,mean_service_rate,1.82915448720955e-06
ic_g5,backlog_retention_plus20,48,stress,uniform,terminal_output,0.0
ic_g5,backlog_retention_plus20,48,stress,uniform,fiscal_spend,0.0
ic_g5,backlog_retention_plus20,48,stress,uniform,private_spend,-256.1748342514038
ic_g5,backlog_retention_plus20,48,stress,uniform,terminal_ai_effective_mean,-2.5365658741274485e-05
ic_g5,backlog_retention_plus20,48,stress,uniform,terminal_technology_mean,-2.8512648521328288e-05
ic_g5,backlog_retention_plus20,48,stress,uniform,terminal_edge_health_mean,0.0
ic_g5,backlog_retention_plus20,49,linkage,uniform,cumulative_value_added,-217.74422645568848
ic_g5,backlog_retention_plus20,49,linkage,uniform,cumulative_shortage,2159.312841668725
ic_g5,backlog_retention_plus20,49,linkage,uniform,cumulative_welfare,-649.606794834137
ic_g5,backlog_retention_plus20,49,linkage,uniform,cumulative_final_shortage,1639.2364231273532
ic_g5,backlog_retention_plus20,49,linkage,uniform,cumulative_final_delivered,-1639.2364234924316
ic_g5,backlog_retention_plus20,49,linkage,uniform,final_fill_rate,-1.7855246703391003e-07
ic_g5,backlog_retention_plus20,49,linkage,uniform,mean_service_rate,-1.0401653915970144e-07
ic_g5,backlog_retention_plus20,49,linkage,uniform,terminal_output,0.0
ic_g5,backlog_retention_plus20,49,linkage,uniform,fiscal_spend,0.0
ic_g5,backlog_retention_plus20,49,linkage,uniform,private_spend,14.577618956565857
ic_g5,backlog_retention_plus20,49,linkage,uniform,terminal_ai_effective_mean,9.238644957075114e-06
ic_g5,backlog_retention_plus20,49,linkage,uniform,terminal_technology_mean,1.07436213140355e-05
ic_g5,backlog_retention_plus20,49,linkage,uniform,terminal_edge_health_mean,0.0
ic_g5,backlog_retention_plus20,49,stress,uniform,cumulative_value_added,3813.770669937134
ic_g5,backlog_retention_plus20,49,stress,uniform,cumulative_shortage,-37827.25286921859
ic_g5,backlog_retention_plus20,49,stress,uniform,cumulative_welfare,11379.2212433815
ic_g5,backlog_retention_plus20,49,stress,uniform,cumulative_final_shortage,-28162.824036099017
ic_g5,backlog_retention_plus20,49,stress,uniform,cumulative_final_delivered,28162.82403564453
ic_g5,backlog_retention_plus20,49,stress,uniform,final_fill_rate,3.0676122347861323e-06
ic_g5,backlog_retention_plus20,49,stress,uniform,mean_service_rate,1.8241069226210271e-06
ic_g5,backlog_retention_plus20,49,stress,uniform,terminal_output,0.0
ic_g5,backlog_retention_plus20,49,stress,uniform,fiscal_spend,0.0
ic_g5,backlog_retention_plus20,49,stress,uniform,private_spend,-255.3829402923584
ic_g5,backlog_retention_plus20,49,stress,uniform,terminal_ai_effective_mean,-2.277837457309237e-05
ic_g5,backlog_retention_plus20,49,stress,uniform,terminal_technology_mean,-2.5577607291604743e-05
ic_g5,backlog_retention_plus20,49,stress,uniform,terminal_edge_health_mean,0.0
ic_g5,backlog_retention_plus20,50,linkage,uniform,cumulative_value_added,-217.8688187599182
ic_g5,backlog_retention_plus20,50,linkage,uniform,cumulative_shortage,2160.547172024846
ic_g5,backlog_retention_plus20,50,linkage,uniform,cumulative_welfare,-649.978253364563
ic_g5,backlog_retention_plus20,50,linkage,uniform,cumulative_final_shortage,1641.630189344287
ic_g5,backlog_retention_plus20,50,linkage,uniform,cumulative_final_delivered,-1641.6301879882812
ic_g5,backlog_retention_plus20,50,linkage,uniform,final_fill_rate,-1.7881320579782312e-07
ic_g5,backlog_retention_plus20,50,linkage,uniform,mean_service_rate,-1.040936012941529e-07
ic_g5,backlog_retention_plus20,50,linkage,uniform,terminal_output,0.0
ic_g5,backlog_retention_plus20,50,linkage,uniform,fiscal_spend,0.0
ic_g5,backlog_retention_plus20,50,linkage,uniform,private_spend,14.585950344800949
ic_g5,backlog_retention_plus20,50,linkage,uniform,terminal_ai_effective_mean,9.238644957075114e-06
ic_g5,backlog_retention_plus20,50,linkage,uniform,terminal_technology_mean,1.07436213140355e-05
ic_g5,backlog_retention_plus20,50,linkage,uniform,terminal_edge_health_mean,0.0
ic_g5,backlog_retention_plus20,50,stress,uniform,cumulative_value_added,3615.9030442237854
ic_g5,backlog_retention_plus20,50,stress,uniform,cumulative_shortage,-35864.68819064647
ic_g5,backlog_retention_plus20,50,stress,uniform,cumulative_welfare,10788.840682506561
ic_g5,backlog_retention_plus20,50,stress,uniform,cumulative_final_shortage,-26753.782148122787
ic_g5,backlog_retention_plus20,50,stress,uniform,cumulative_final_delivered,26753.782148361206
ic_g5,backlog_retention_plus20,50,stress,uniform,final_fill_rate,2.914133516607187e-06
ic_g5,backlog_retention_plus20,50,stress,uniform,mean_service_rate,1.7296609042816158e-06
ic_g5,backlog_retention_plus20,50,stress,uniform,terminal_output,0.0
ic_g5,backlog_retention_plus20,50,stress,uniform,fiscal_spend,0.0
ic_g5,backlog_retention_plus20,50,stress,uniform,private_spend,-242.13309335708618
ic_g5,backlog_retention_plus20,50,stress,uniform,terminal_ai_effective_mean,-2.1202150717303768e-05
ic_g5,backlog_retention_plus20,50,stress,uniform,terminal_technology_mean,-2.3789518837302737e-05
ic_g5,backlog_retention_plus20,50,stress,uniform,terminal_edge_health_mean,0.0
ic_g5,backlog_retention_plus20,51,linkage,uniform,cumulative_value_added,-245.36302375793457
ic_g5,backlog_retention_plus20,51,linkage,uniform,cumulative_shortage,2433.2907815128565
ic_g5,backlog_retention_plus20,51,linkage,uniform,cumulative_welfare,-732.0211801528931
ic_g5,backlog_retention_plus20,51,linkage,uniform,cumulative_final_shortage,1849.128542162478
ic_g5,backlog_retention_plus20,51,linkage,uniform,cumulative_final_delivered,-1849.1285419464111
ic_g5,backlog_retention_plus20,51,linkage,uniform,final_fill_rate,-2.0141479184498934e-07
ic_g5,backlog_retention_plus20,51,linkage,uniform,mean_service_rate,-1.1722836235072975e-07
ic_g5,backlog_retention_plus20,51,linkage,uniform,terminal_output,0.0
ic_g5,backlog_retention_plus20,51,linkage,uniform,fiscal_spend,0.0
ic_g5,backlog_retention_plus20,51,linkage,uniform,private_spend,16.42737579345703
ic_g5,backlog_retention_plus20,51,linkage,uniform,terminal_ai_effective_mean,9.238644957075114e-06
ic_g5,backlog_retention_plus20,51,linkage,uniform,terminal_technology_mean,1.07436213140355e-05
ic_g5,backlog_retention_plus20,51,linkage,uniform,terminal_edge_health_mean,0.0
ic_g5,backlog_retention_plus20,51,stress,uniform,cumulative_value_added,3798.4097747802734
ic_g5,backlog_retention_plus20,51,stress,uniform,cumulative_shortage,-37674.53466951847
ic_g5,backlog_retention_plus20,51,stress,uniform,cumulative_welfare,11333.316708087921
ic_g5,backlog_retention_plus20,51,stress,uniform,cumulative_final_shortage,-27895.177332758904
ic_g5,backlog_retention_plus20,51,stress,uniform,cumulative_final_delivered,27895.17733192444
ic_g5,backlog_retention_plus20,51,stress,uniform,final_fill_rate,3.0384590397058986e-06
ic_g5,backlog_retention_plus20,51,stress,uniform,mean_service_rate,1.8162387847020511e-06
ic_g5,backlog_retention_plus20,51,stress,uniform,terminal_output,0.0
ic_g5,backlog_retention_plus20,51,stress,uniform,fiscal_spend,0.0
ic_g5,backlog_retention_plus20,51,stress,uniform,private_spend,-254.3514152765274
ic_g5,backlog_retention_plus20,51,stress,uniform,terminal_ai_effective_mean,-2.483466731616332e-05
ic_g5,backlog_retention_plus20,51,stress,uniform,terminal_technology_mean,-2.791028702220366e-05
ic_g5,backlog_retention_plus20,51,stress,uniform,terminal_edge_health_mean,0.0
ic_g5,external_supply_elasticity_minus20,42,linkage,uniform,cumulative_value_added,-85.58563899993896
ic_g5,external_supply_elasticity_minus20,42,linkage,uniform,cumulative_shortage,781.1303279772401
ic_g5,external_supply_elasticity_minus20,42,linkage,uniform,cumulative_welfare,-241.81170463562012
ic_g5,external_supply_elasticity_minus20,42,linkage,uniform,cumulative_final_shortage,582.4197367280722
ic_g5,external_supply_elasticity_minus20,42,linkage,uniform,cumulative_final_delivered,-582.419734954834
ic_g5,external_supply_elasticity_minus20,42,linkage,uniform,final_fill_rate,-6.343958636190195e-08
ic_g5,external_supply_elasticity_minus20,42,linkage,uniform,mean_service_rate,-3.7663380192398677e-08
ic_g5,external_supply_elasticity_minus20,42,linkage,uniform,terminal_output,0.0
ic_g5,external_supply_elasticity_minus20,42,linkage,uniform,fiscal_spend,0.0
ic_g5,external_supply_elasticity_minus20,42,linkage,uniform,private_spend,4.393553674221039
ic_g5,external_supply_elasticity_minus20,42,linkage,uniform,terminal_ai_effective_mean,9.238644957075114e-06
ic_g5,external_supply_elasticity_minus20,42,linkage,uniform,terminal_technology_mean,1.07436213140355e-05
ic_g5,external_supply_elasticity_minus20,42,linkage,uniform,terminal_edge_health_mean,0.0
ic_g5,external_supply_elasticity_minus20,42,stress,uniform,cumulative_value_added,4910.975968360901
ic_g5,external_supply_elasticity_minus20,42,stress,uniform,cumulative_shortage,-44821.90979256481
ic_g5,external_supply_elasticity_minus20,42,stress,uniform,cumulative_welfare,13875.357927322388
ic_g5,external_supply_elasticity_minus20,42,stress,uniform,cumulative_final_shortage,-33821.807700015604
ic_g5,external_supply_elasticity_minus20,42,stress,uniform,cumulative_final_delivered,33821.80770111084
ic_g5,external_supply_elasticity_minus20,42,stress,uniform,final_fill_rate,3.6840123339709763e-06
ic_g5,external_supply_elasticity_minus20,42,stress,uniform,mean_service_rate,2.1624373899298277e-06
ic_g5,external_supply_elasticity_minus20,42,stress,uniform,terminal_output,-5.960464477539062e-07
ic_g5,external_supply_elasticity_minus20,42,stress,uniform,fiscal_spend,0.0
ic_g5,external_supply_elasticity_minus20,42,stress,uniform,private_spend,-252.10577550530434
ic_g5,external_supply_elasticity_minus20,42,stress,uniform,terminal_ai_effective_mean,-2.2217250000216432e-05
ic_g5,external_supply_elasticity_minus20,42,stress,uniform,terminal_technology_mean,-2.4939718957228685e-05
ic_g5,external_supply_elasticity_minus20,42,stress,uniform,terminal_edge_health_mean,0.0
ic_g5,external_supply_elasticity_minus20,43,linkage,uniform,cumulative_value_added,-85.56109380722046
ic_g5,external_supply_elasticity_minus20,43,linkage,uniform,cumulative_shortage,780.9063073396683
ic_g5,external_supply_elasticity_minus20,43,linkage,uniform,cumulative_welfare,-241.7423553466797
ic_g5,external_supply_elasticity_minus20,43,linkage,uniform,cumulative_final_shortage,582.0624311566353
ic_g5,external_supply_elasticity_minus20,43,linkage,uniform,cumulative_final_delivered,-582.0624313354492
ic_g5,external_supply_elasticity_minus20,43,linkage,uniform,final_fill_rate,-6.34006672717291e-08
ic_g5,external_supply_elasticity_minus20,43,linkage,uniform,mean_service_rate,-3.765180311976479e-08
ic_g5,external_supply_elasticity_minus20,43,linkage,uniform,terminal_output,0.0
ic_g5,external_supply_elasticity_minus20,43,linkage,uniform,fiscal_spend,0.0
ic_g5,external_supply_elasticity_minus20,43,linkage,uniform,private_spend,4.392293632030487
ic_g5,external_supply_elasticity_minus20,43,linkage,uniform,terminal_ai_effective_mean,9.238644957075114e-06
ic_g5,external_supply_elasticity_minus20,43,linkage,uniform,terminal_technology_mean,1.07436213140355e-05
ic_g5,external_supply_elasticity_minus20,43,linkage,uniform,terminal_edge_health_mean,0.0
ic_g5,external_supply_elasticity_minus20,43,stress,uniform,cumulative_value_added,4957.05278635025
ic_g5,external_supply_elasticity_minus20,43,stress,uniform,cumulative_shortage,-45242.44757655263
ic_g5,external_supply_elasticity_minus20,43,stress,uniform,cumulative_welfare,14005.542301177979
ic_g5,external_supply_elasticity_minus20,43,stress,uniform,cumulative_final_shortage,-34131.39416758716
ic_g5,external_supply_elasticity_minus20,43,stress,uniform,cumulative_final_delivered,34131.39416885376
ic_g5,external_supply_elasticity_minus20,43,stress,uniform,final_fill_rate,3.7177337830485158e-06
ic_g5,external_supply_elasticity_minus20,43,stress,uniform,mean_service_rate,2.1826933011004357e-06
ic_g5,external_supply_elasticity_minus20,43,stress,uniform,terminal_output,-5.960464477539062e-07
ic_g5,external_supply_elasticity_minus20,43,stress,uniform,fiscal_spend,0.0
ic_g5,external_supply_elasticity_minus20,43,stress,uniform,private_spend,-254.47113665938377
ic_g5,external_supply_elasticity_minus20,43,stress,uniform,terminal_ai_effective_mean,-2.2508076159263868e-05
ic_g5,external_supply_elasticity_minus20,43,stress,uniform,terminal_technology_mean,-2.5269628046942216e-05
ic_g5,external_supply_elasticity_minus20,43,stress,uniform,terminal_edge_health_mean,0.0
ic_g5,external_supply_elasticity_minus20,44,linkage,uniform,cumulative_value_added,-85.66451263427734
ic_g5,external_supply_elasticity_minus20,44,linkage,uniform,cumulative_shortage,781.8502006530762
ic_g5,external_supply_elasticity_minus20,44,linkage,uniform,cumulative_welfare,-242.03455257415771
ic_g5,external_supply_elasticity_minus20,44,linkage,uniform,cumulative_final_shortage,583.5730726197362
ic_g5,external_supply_elasticity_minus20,44,linkage,uniform,cumulative_final_delivered,-583.5730724334717
ic_g5,external_supply_elasticity_minus20,44,linkage,uniform,final_fill_rate,-6.356521264905268e-08
ic_g5,external_supply_elasticity_minus20,44,linkage,uniform,mean_service_rate,-3.770059220364885e-08
ic_g5,external_supply_elasticity_minus20,44,linkage,uniform,terminal_output,0.0
ic_g5,external_supply_elasticity_minus20,44,linkage,uniform,fiscal_spend,0.0
ic_g5,external_supply_elasticity_minus20,44,linkage,uniform,private_spend,4.397602677345276
ic_g5,external_supply_elasticity_minus20,44,linkage,uniform,terminal_ai_effective_mean,9.238644957075114e-06
ic_g5,external_supply_elasticity_minus20,44,linkage,uniform,terminal_technology_mean,1.07436213140355e-05
ic_g5,external_supply_elasticity_minus20,44,linkage,uniform,terminal_edge_health_mean,0.0
ic_g5,external_supply_elasticity_minus20,44,stress,uniform,cumulative_value_added,4761.838977813721
ic_g5,external_supply_elasticity_minus20,44,stress,uniform,cumulative_shortage,-43460.753719970584
ic_g5,external_supply_elasticity_minus20,44,stress,uniform,cumulative_welfare,13453.989721775055
ic_g5,external_supply_elasticity_minus20,44,stress,uniform,cumulative_final_shortage,-32818.71875628084
ic_g5,external_supply_elasticity_minus20,44,stress,uniform,cumulative_final_delivered,32818.718757629395
ic_g5,external_supply_elasticity_minus20,44,stress,uniform,final_fill_rate,3.574751703316892e-06
ic_g5,external_supply_elasticity_minus20,44,stress,uniform,mean_service_rate,2.096870200807288e-06
ic_g5,external_supply_elasticity_minus20,44,stress,uniform,terminal_output,-4.76837158203125e-07
ic_g5,external_supply_elasticity_minus20,44,stress,uniform,fiscal_spend,0.0
ic_g5,external_supply_elasticity_minus20,44,stress,uniform,private_spend,-244.44980305433273
ic_g5,external_supply_elasticity_minus20,44,stress,uniform,terminal_ai_effective_mean,-2.1276095934170524e-05
ic_g5,external_supply_elasticity_minus20,44,stress,uniform,terminal_technology_mean,-2.387208680254549e-05
ic_g5,external_supply_elasticity_minus20,44,stress,uniform,terminal_edge_health_mean,0.0
ic_g5,external_supply_elasticity_minus20,45,linkage,uniform,cumulative_value_added,-85.60102081298828
ic_g5,external_supply_elasticity_minus20,45,linkage,uniform,cumulative_shortage,781.2707151025534
ic_g5,external_supply_elasticity_minus20,45,linkage,uniform,cumulative_welfare,-241.85516357421875
ic_g5,external_supply_elasticity_minus20,45,linkage,uniform,cumulative_final_shortage,582.6440375298262
ic_g5,external_supply_elasticity_minus20,45,linkage,uniform,cumulative_final_delivered,-582.6440391540527
ic_g5,external_supply_elasticity_minus20,45,linkage,uniform,final_fill_rate,-6.346401848489336e-08
ic_g5,external_supply_elasticity_minus20,45,linkage,uniform,mean_service_rate,-3.767063594395381e-08
ic_g5,external_supply_elasticity_minus20,45,linkage,uniform,terminal_output,0.0
ic_g5,external_supply_elasticity_minus20,45,linkage,uniform,fiscal_spend,0.0
ic_g5,external_supply_elasticity_minus20,45,linkage,uniform,private_spend,4.394343286752701
ic_g5,external_supply_elasticity_minus20,45,linkage,uniform,terminal_ai_effective_mean,9.238644957075114e-06
ic_g5,external_supply_elasticity_minus20,45,linkage,uniform,terminal_technology_mean,1.07436213140355e-05
ic_g5,external_supply_elasticity_minus20,45,linkage,uniform,terminal_edge_health_mean,0.0
ic_g5,external_supply_elasticity_minus20,45,stress,uniform,cumulative_value_added,4882.020534038544
ic_g5,external_supply_elasticity_minus20,45,stress,uniform,cumulative_shortage,-44557.63688815385
ic_g5,external_supply_elasticity_minus20,45,stress,uniform,cumulative_welfare,13793.547911643982
ic_g5,external_supply_elasticity_minus20,45,stress,uniform,cumulative_final_shortage,-33627.18000275642
ic_g5,external_supply_elasticity_minus20,45,stress,uniform,cumulative_final_delivered,33627.180002212524
ic_g5,external_supply_elasticity_minus20,45,stress,uniform,final_fill_rate,3.662812673388416e-06
ic_g5,external_supply_elasticity_minus20,45,stress,uniform,mean_service_rate,2.1497078795951197e-06
ic_g5,external_supply_elasticity_minus20,45,stress,uniform,terminal_output,-5.960464477539062e-07
ic_g5,external_supply_elasticity_minus20,45,stress,uniform,fiscal_spend,9.313225746154785e-10
ic_g5,external_supply_elasticity_minus20,45,stress,uniform,private_spend,-250.61934340000153
ic_g5,external_supply_elasticity_minus20,45,stress,uniform,terminal_ai_effective_mean,-2.2034502415240256e-05
ic_g5,external_supply_elasticity_minus20,45,stress,uniform,terminal_technology_mean,-2.4732412656658376e-05
ic_g5,external_supply_elasticity_minus20,45,stress,uniform,terminal_edge_health_mean,0.0
ic_g5,external_supply_elasticity_minus20,46,linkage,uniform,cumulative_value_added,-85.64820051193237
ic_g5,external_supply_elasticity_minus20,46,linkage,uniform,cumulative_shortage,781.7013201862574
ic_g5,external_supply_elasticity_minus20,46,linkage,uniform,cumulative_welfare,-241.98846435546875
ic_g5,external_supply_elasticity_minus20,46,linkage,uniform,cumulative_final_shortage,583.3338975310326
ic_g5,external_supply_elasticity_minus20,46,linkage,uniform,cumulative_final_delivered,-583.3338966369629
ic_g5,external_supply_elasticity_minus20,46,linkage,uniform,final_fill_rate,-6.353916059964604e-08
ic_g5,external_supply_elasticity_minus20,46,linkage,uniform,mean_service_rate,-3.769289480537452e-08
ic_g5,external_supply_elasticity_minus20,46,linkage,uniform,terminal_output,0.0
ic_g5,external_supply_elasticity_minus20,46,linkage,uniform,fiscal_spend,0.0
ic_g5,external_supply_elasticity_minus20,46,linkage,uniform,private_spend,4.396765291690826
ic_g5,external_supply_elasticity_minus20,46,linkage,uniform,terminal_ai_effective_mean,9.238644957075114e-06
ic_g5,external_supply_elasticity_minus20,46,linkage,uniform,terminal_technology_mean,1.07436213140355e-05
ic_g5,external_supply_elasticity_minus20,46,linkage,uniform,terminal_edge_health_mean,0.0
ic_g5,external_supply_elasticity_minus20,46,stress,uniform,cumulative_value_added,4792.817631244659
ic_g5,external_supply_elasticity_minus20,46,stress,uniform,cumulative_shortage,-43743.492306768894
ic_g5,external_supply_elasticity_minus20,46,stress,uniform,cumulative_welfare,13541.516092300415
ic_g5,external_supply_elasticity_minus20,46,stress,uniform,cumulative_final_shortage,-33027.21147919446
ic_g5,external_supply_elasticity_minus20,46,stress,uniform,cumulative_final_delivered,33027.21147918701
ic_g5,external_supply_elasticity_minus20,46,stress,uniform,final_fill_rate,3.5974616000578052e-06
ic_g5,external_supply_elasticity_minus20,46,stress,uniform,mean_service_rate,2.110490383233632e-06
ic_g5,external_supply_elasticity_minus20,46,stress,uniform,terminal_output,-5.960464477539062e-07
ic_g5,external_supply_elasticity_minus20,46,stress,uniform,fiscal_spend,9.313225746154785e-10
ic_g5,external_supply_elasticity_minus20,46,stress,uniform,private_spend,-246.04009741544724
ic_g5,external_supply_elasticity_minus20,46,stress,uniform,terminal_ai_effective_mean,-2.147157167292288e-05
ic_g5,external_supply_elasticity_minus20,46,stress,uniform,terminal_technology_mean,-2.4093831810789723e-05
ic_g5,external_supply_elasticity_minus20,46,stress,uniform,terminal_edge_health_mean,0.0
ic_g5,external_supply_elasticity_minus20,47,linkage,uniform,cumulative_value_added,-85.55229187011719
ic_g5,external_supply_elasticity_minus20,47,linkage,uniform,cumulative_shortage,780.8259762376547
ic_g5,external_supply_elasticity_minus20,47,linkage,uniform,cumulative_welfare,-241.71748733520508
ic_g5,external_supply_elasticity_minus20,47,linkage,uniform,cumulative_final_shortage,581.9344893619418
ic_g5,external_supply_elasticity_minus20,47,linkage,uniform,cumulative_final_delivered,-581.9344902038574
ic_g5,external_supply_elasticity_minus20,47,linkage,uniform,final_fill_rate,-6.33867313082348e-08
ic_g5,external_supply_elasticity_minus20,47,linkage,uniform,mean_service_rate,-3.764765210689802e-08
ic_g5,external_supply_elasticity_minus20,47,linkage,uniform,terminal_output,0.0
ic_g5,external_supply_elasticity_minus20,47,linkage,uniform,fiscal_spend,0.0
ic_g5,external_supply_elasticity_minus20,47,linkage,uniform,private_spend,4.39184182882309
ic_g5,external_supply_elasticity_minus20,47,linkage,uniform,terminal_ai_effective_mean,9.238644957075114e-06
ic_g5,external_supply_elasticity_minus20,47,linkage,uniform,terminal_technology_mean,1.07436213140355e-05
ic_g5,external_supply_elasticity_minus20,47,linkage,uniform,terminal_edge_health_mean,0.0
ic_g5,external_supply_elasticity_minus20,47,stress,uniform,cumulative_value_added,4973.537214756012
ic_g5,external_supply_elasticity_minus20,47,stress,uniform,cumulative_shortage,-45392.89905074239
ic_g5,external_supply_elasticity_minus20,47,stress,uniform,cumulative_welfare,14052.117024898529
ic_g5,external_supply_elasticity_minus20,47,stress,uniform,cumulative_final_shortage,-34242.114452429116
ic_g5,external_supply_elasticity_minus20,47,stress,uniform,cumulative_final_delivered,34242.11445236206
ic_g5,external_supply_elasticity_minus20,47,stress,uniform,final_fill_rate,3.7297938980662693e-06
ic_g5,external_supply_elasticity_minus20,47,stress,uniform,mean_service_rate,2.1899398784386293e-06
ic_g5,external_supply_elasticity_minus20,47,stress,uniform,terminal_output,-5.960464477539062e-07
ic_g5,external_supply_elasticity_minus20,47,stress,uniform,fiscal_spend,0.0
ic_g5,external_supply_elasticity_minus20,47,stress,uniform,private_spend,-255.31736755371094
ic_g5,external_supply_elasticity_minus20,47,stress,uniform,terminal_ai_effective_mean,-2.2612127975392415e-05
ic_g5,external_supply_elasticity_minus20,47,stress,uniform,terminal_technology_mean,-2.5387662949127865e-05
ic_g5,external_supply_elasticity_minus20,47,stress,uniform,terminal_edge_health_mean,0.0
ic_g5,external_supply_elasticity_minus20,48,linkage,uniform,cumulative_value_added,-85.43873310089111
ic_g5,external_supply_elasticity_minus20,48,linkage,uniform,cumulative_shortage,779.7895940691233
ic_g5,external_supply_elasticity_minus20,48,linkage,uniform,cumulative_welfare,-241.39665174484253
ic_g5,external_supply_elasticity_minus20,48,linkage,uniform,cumulative_final_shortage,580.2924656793475
ic_g5,external_supply_elasticity_minus20,48,linkage,uniform,cumulative_final_delivered,-580.2924652099609
ic_g5,external_supply_elasticity_minus20,48,linkage,uniform,final_fill_rate,-6.32078751561238e-08
ic_g5,external_supply_elasticity_minus20,48,linkage,uniform,mean_service_rate,-3.759411559833836e-08
ic_g5,external_supply_elasticity_minus20,48,linkage,uniform,terminal_output,0.0
ic_g5,external_supply_elasticity_minus20,48,linkage,uniform,fiscal_spend,0.0
ic_g5,external_supply_elasticity_minus20,48,linkage,uniform,private_spend,4.386012554168701
ic_g5,external_supply_elasticity_minus20,48,linkage,uniform,terminal_ai_effective_mean,9.238644957075114e-06
ic_g5,external_supply_elasticity_minus20,48,linkage,uniform,terminal_technology_mean,1.07436213140355e-05
ic_g5,external_supply_elasticity_minus20,48,linkage,uniform,terminal_edge_health_mean,0.0
ic_g5,external_supply_elasticity_minus20,48,stress,uniform,cumulative_value_added,5184.42441034317
ic_g5,external_supply_elasticity_minus20,48,stress,uniform,cumulative_shortage,-47317.75660464913
ic_g5,external_supply_elasticity_minus20,48,stress,uniform,cumulative_welfare,14647.975731372833
ic_g5,external_supply_elasticity_minus20,48,stress,uniform,cumulative_final_shortage,-35656.84699743986
ic_g5,external_supply_elasticity_minus20,48,stress,uniform,cumulative_final_delivered,35656.84699821472
ic_g5,external_supply_elasticity_minus20,48,stress,uniform,final_fill_rate,3.883892466527428e-06
ic_g5,external_supply_elasticity_minus20,48,stress,uniform,mean_service_rate,2.28264366397557e-06
ic_g5,external_supply_elasticity_minus20,48,stress,uniform,terminal_output,-7.152557373046875e-07
ic_g5,external_supply_elasticity_minus20,48,stress,uniform,fiscal_spend,0.0
ic_g5,external_supply_elasticity_minus20,48,stress,uniform,private_spend,-266.143902271986
ic_g5,external_supply_elasticity_minus20,48,stress,uniform,terminal_ai_effective_mean,-2.394355863634748e-05
ic_g5,external_supply_elasticity_minus20,48,stress,uniform,terminal_technology_mean,-2.689801854871554e-05
ic_g5,external_supply_elasticity_minus20,48,stress,uniform,terminal_edge_health_mean,0.0
ic_g5,external_supply_elasticity_minus20,49,linkage,uniform,cumulative_value_added,-85.65004587173462
ic_g5,external_supply_elasticity_minus20,49,linkage,uniform,cumulative_shortage,781.7181585878134
ic_g5,external_supply_elasticity_minus20,49,linkage,uniform,cumulative_welfare,-241.99367713928223
ic_g5,external_supply_elasticity_minus20,49,linkage,uniform,cumulative_final_shortage,583.3609313592315
ic_g5,external_supply_elasticity_minus20,49,linkage,uniform,cumulative_final_delivered,-583.3609313964844
ic_g5,external_supply_elasticity_minus20,49,linkage,uniform,final_fill_rate,-6.354210524417425e-08
ic_g5,external_supply_elasticity_minus20,49,linkage,uniform,mean_service_rate,-3.769376566431504e-08
ic_g5,external_supply_elasticity_minus20,49,linkage,uniform,terminal_output,0.0
ic_g5,external_supply_elasticity_minus20,49,linkage,uniform,fiscal_spend,0.0
ic_g5,external_supply_elasticity_minus20,49,linkage,uniform,private_spend,4.396859973669052
ic_g5,external_supply_elasticity_minus20,49,linkage,uniform,terminal_ai_effective_mean,9.238644957075114e-06
ic_g5,external_supply_elasticity_minus20,49,linkage,uniform,terminal_technology_mean,1.07436213140355e-05
ic_g5,external_supply_elasticity_minus20,49,linkage,uniform,terminal_edge_health_mean,0.0
ic_g5,external_supply_elasticity_minus20,49,stress,uniform,cumulative_value_added,4789.317482471466
ic_g5,external_supply_elasticity_minus20,49,stress,uniform,cumulative_shortage,-43711.54685584456
ic_g5,external_supply_elasticity_minus20,49,stress,uniform,cumulative_welfare,13531.626853466034
ic_g5,external_supply_elasticity_minus20,49,stress,uniform,cumulative_final_shortage,-33003.658211141825
ic_g5,external_supply_elasticity_minus20,49,stress,uniform,cumulative_final_delivered,33003.658210754395
ic_g5,external_supply_elasticity_minus20,49,stress,uniform,final_fill_rate,3.5948960798171115e-06
ic_g5,external_supply_elasticity_minus20,49,stress,uniform,mean_service_rate,2.1089515114258717e-06
ic_g5,external_supply_elasticity_minus20,49,stress,uniform,terminal_output,-5.960464477539062e-07
ic_g5,external_supply_elasticity_minus20,49,stress,uniform,fiscal_spend,0.0
ic_g5,external_supply_elasticity_minus20,49,stress,uniform,private_spend,-245.86041671037674
ic_g5,external_supply_elasticity_minus20,49,stress,uniform,terminal_ai_effective_mean,-2.144948516054953e-05
ic_g5,external_supply_elasticity_minus20,49,stress,uniform,terminal_technology_mean,-2.406877717353595e-05
ic_g5,external_supply_elasticity_minus20,49,stress,uniform,terminal_edge_health_mean,0.0
ic_g5,external_supply_elasticity_minus20,50,linkage,uniform,cumulative_value_added,-85.77578163146973
ic_g5,external_supply_elasticity_minus20,50,linkage,uniform,cumulative_shortage,782.8657375574112
ic_g5,external_supply_elasticity_minus20,50,linkage,uniform,cumulative_welfare,-242.3489294052124
ic_g5,external_supply_elasticity_minus20,50,linkage,uniform,cumulative_final_shortage,585.2136291861534
ic_g5,external_supply_elasticity_minus20,50,linkage,uniform,cumulative_final_delivered,-585.2136287689209
ic_g5,external_supply_elasticity_minus20,50,linkage,uniform,final_fill_rate,-6.374390881802583e-08
ic_g5,external_supply_elasticity_minus20,50,linkage,uniform,mean_service_rate,-3.775311474552012e-08
ic_g5,external_supply_elasticity_minus20,50,linkage,uniform,terminal_output,0.0
ic_g5,external_supply_elasticity_minus20,50,linkage,uniform,fiscal_spend,0.0
ic_g5,external_supply_elasticity_minus20,50,linkage,uniform,private_spend,4.403314679861069
ic_g5,external_supply_elasticity_minus20,50,linkage,uniform,terminal_ai_effective_mean,9.238644957075114e-06
ic_g5,external_supply_elasticity_minus20,50,linkage,uniform,terminal_technology_mean,1.07436213140355e-05
ic_g5,external_supply_elasticity_minus20,50,linkage,uniform,terminal_edge_health_mean,0.0
ic_g5,external_supply_elasticity_minus20,50,stress,uniform,cumulative_value_added,4548.626500606537
ic_g5,external_supply_elasticity_minus20,50,stress,uniform,cumulative_shortage,-41515.00584991276
ic_g5,external_supply_elasticity_minus20,50,stress,uniform,cumulative_welfare,12851.627670764923
ic_g5,external_supply_elasticity_minus20,50,stress,uniform,cumulative_final_shortage,-31381.938599050045
ic_g5,external_supply_elasticity_minus20,50,stress,uniform,cumulative_final_delivered,31381.93860054016
ic_g5,external_supply_elasticity_minus20,50,stress,uniform,final_fill_rate,3.4182516172043265e-06
ic_g5,external_supply_elasticity_minus20,50,stress,uniform,mean_service_rate,2.0031305125733923e-06
ic_g5,external_supply_elasticity_minus20,50,stress,uniform,terminal_output,-1.0013580322265625e-05
ic_g5,external_supply_elasticity_minus20,50,stress,uniform,fiscal_spend,0.0
ic_g5,external_supply_elasticity_minus20,50,stress,uniform,private_spend,-233.5057283937931
ic_g5,external_supply_elasticity_minus20,50,stress,uniform,terminal_ai_effective_mean,-1.993100043688788e-05
ic_g5,external_supply_elasticity_minus20,50,stress,uniform,terminal_technology_mean,-2.23462283510667e-05
ic_g5,external_supply_elasticity_minus20,50,stress,uniform,terminal_edge_health_mean,0.0
ic_g5,external_supply_elasticity_minus20,51,linkage,uniform,cumulative_value_added,-85.4826111793518
ic_g5,external_supply_elasticity_minus20,51,linkage,uniform,cumulative_shortage,780.1900093257427
ic_g5,external_supply_elasticity_minus20,51,linkage,uniform,cumulative_welfare,-241.52061319351196
ic_g5,external_supply_elasticity_minus20,51,linkage,uniform,cumulative_final_shortage,580.9250261858106
ic_g5,external_supply_elasticity_minus20,51,linkage,uniform,cumulative_final_delivered,-580.9250259399414
ic_g5,external_supply_elasticity_minus20,51,linkage,uniform,final_fill_rate,-6.327677626316586e-08
ic_g5,external_supply_elasticity_minus20,51,linkage,uniform,mean_service_rate,-3.7614796166707265e-08
ic_g5,external_supply_elasticity_minus20,51,linkage,uniform,terminal_output,1.1920928955078125e-07
ic_g5,external_supply_elasticity_minus20,51,linkage,uniform,fiscal_spend,0.0
ic_g5,external_supply_elasticity_minus20,51,linkage,uniform,private_spend,4.388264745473862
ic_g5,external_supply_elasticity_minus20,51,linkage,uniform,terminal_ai_effective_mean,9.238644957075114e-06
ic_g5,external_supply_elasticity_minus20,51,linkage,uniform,terminal_technology_mean,1.07436213140355e-05
ic_g5,external_supply_elasticity_minus20,51,linkage,uniform,terminal_edge_health_mean,0.0
ic_g5,external_supply_elasticity_minus20,51,stress,uniform,cumulative_value_added,5103.331934452057
ic_g5,external_supply_elasticity_minus20,51,stress,uniform,cumulative_shortage,-46577.52044578642
ic_g5,external_supply_elasticity_minus20,51,stress,uniform,cumulative_welfare,14418.836023330688
ic_g5,external_supply_elasticity_minus20,51,stress,uniform,cumulative_final_shortage,-35113.21320390701
ic_g5,external_supply_elasticity_minus20,51,stress,uniform,cumulative_final_delivered,35113.213203430176
ic_g5,external_supply_elasticity_minus20,51,stress,uniform,final_fill_rate,3.824677606623084e-06
ic_g5,external_supply_elasticity_minus20,51,stress,uniform,mean_service_rate,2.246994636023736e-06
ic_g5,external_supply_elasticity_minus20,51,stress,uniform,terminal_output,-5.960464477539062e-07
ic_g5,external_supply_elasticity_minus20,51,stress,uniform,fiscal_spend,9.313225746154785e-10
ic_g5,external_supply_elasticity_minus20,51,stress,uniform,private_spend,-261.9804012775421
ic_g5,external_supply_elasticity_minus20,51,stress,uniform,terminal_ai_effective_mean,-2.3431520237391333e-05
ic_g5,external_supply_elasticity_minus20,51,stress,uniform,terminal_technology_mean,-2.6317169721012945e-05
ic_g5,external_supply_elasticity_minus20,51,stress,uniform,terminal_edge_health_mean,0.0
ic_g5,external_supply_elasticity_plus20,42,linkage,uniform,cumulative_value_added,-226.10544395446777
ic_g5,external_supply_elasticity_plus20,42,linkage,uniform,cumulative_shortage,2066.009710021317
ic_g5,external_supply_elasticity_plus20,42,linkage,uniform,cumulative_welfare,-639.3073859214783
ic_g5,external_supply_elasticity_plus20,42,linkage,uniform,cumulative_final_shortage,1575.5987094417214
ic_g5,external_supply_elasticity_plus20,42,linkage,uniform,cumulative_final_delivered,-1575.598711013794
ic_g5,external_supply_elasticity_plus20,42,linkage,uniform,final_fill_rate,-1.716207820301463e-07
ic_g5,external_supply_elasticity_plus20,42,linkage,uniform,mean_service_rate,-9.959982916196708e-08
ic_g5,external_supply_elasticity_plus20,42,linkage,uniform,terminal_output,0.0
ic_g5,external_supply_elasticity_plus20,42,linkage,uniform,fiscal_spend,0.0
ic_g5,external_supply_elasticity_plus20,42,linkage,uniform,private_spend,11.62321937084198
ic_g5,external_supply_elasticity_plus20,42,linkage,uniform,terminal_ai_effective_mean,9.238644957075114e-06
ic_g5,external_supply_elasticity_plus20,42,linkage,uniform,terminal_technology_mean,1.07436213140355e-05
ic_g5,external_supply_elasticity_plus20,42,linkage,uniform,terminal_edge_health_mean,0.0
ic_g5,external_supply_elasticity_plus20,42,stress,uniform,cumulative_value_added,3994.0952339172363
ic_g5,external_supply_elasticity_plus20,42,stress,uniform,cumulative_shortage,-36501.059105053544
ic_g5,external_supply_elasticity_plus20,42,stress,uniform,cumulative_welfare,11294.30705499649
ic_g5,external_supply_elasticity_plus20,42,stress,uniform,cumulative_final_shortage,-27453.255890622735
ic_g5,external_supply_elasticity_plus20,42,stress,uniform,cumulative_final_delivered,27453.255889892578
ic_g5,external_supply_elasticity_plus20,42,stress,uniform,final_fill_rate,2.990323113349902e-06
ic_g5,external_supply_elasticity_plus20,42,stress,uniform,mean_service_rate,1.7611117504312546e-06
ic_g5,external_supply_elasticity_plus20,42,stress,uniform,terminal_output,0.0
ic_g5,external_supply_elasticity_plus20,42,stress,uniform,fiscal_spend,0.0
ic_g5,external_supply_elasticity_plus20,42,stress,uniform,private_spend,-205.35862812399864
ic_g5,external_supply_elasticity_plus20,42,stress,uniform,terminal_ai_effective_mean,-2.2218225100434016e-05
ic_g5,external_supply_elasticity_plus20,42,stress,uniform,terminal_technology_mean,-2.494058575941427e-05
ic_g5,external_supply_elasticity_plus20,42,stress,uniform,terminal_edge_health_mean,0.0
ic_g5,external_supply_elasticity_plus20,43,linkage,uniform,cumulative_value_added,-226.08100175857544
ic_g5,external_supply_elasticity_plus20,43,linkage,uniform,cumulative_shortage,2065.7865472510457
ic_g5,external_supply_elasticity_plus20,43,linkage,uniform,cumulative_welfare,-639.2383108139038
ic_g5,external_supply_elasticity_plus20,43,linkage,uniform,cumulative_final_shortage,1575.2320234328508
ic_g5,external_supply_elasticity_plus20,43,linkage,uniform,cumulative_final_delivered,-1575.2320232391357
ic_g5,external_supply_elasticity_plus20,43,linkage,uniform,final_fill_rate,-1.715808407576347e-07
ic_g5,external_supply_elasticity_plus20,43,linkage,uniform,mean_service_rate,-9.958673208299018e-08
ic_g5,external_supply_elasticity_plus20,43,linkage,uniform,terminal_output,0.0
ic_g5,external_supply_elasticity_plus20,43,linkage,uniform,fiscal_spend,0.0
ic_g5,external_supply_elasticity_plus20,43,linkage,uniform,private_spend,11.621964067220688
ic_g5,external_supply_elasticity_plus20,43,linkage,uniform,terminal_ai_effective_mean,9.238644957075114e-06
ic_g5,external_supply_elasticity_plus20,43,linkage,uniform,terminal_technology_mean,1.07436213140355e-05
ic_g5,external_supply_elasticity_plus20,43,linkage,uniform,terminal_edge_health_mean,0.0
ic_g5,external_supply_elasticity_plus20,43,stress,uniform,cumulative_value_added,4032.955111026764
ic_g5,external_supply_elasticity_plus20,43,stress,uniform,cumulative_shortage,-36856.189501196146
ic_g5,external_supply_elasticity_plus20,43,stress,uniform,cumulative_welfare,11404.193011283875
ic_g5,external_supply_elasticity_plus20,43,stress,uniform,cumulative_final_shortage,-27712.921165406704
ic_g5,external_supply_elasticity_plus20,43,stress,uniform,cumulative_final_delivered,27712.92116546631
ic_g5,external_supply_elasticity_plus20,43,stress,uniform,final_fill_rate,3.0186069381876734e-06
ic_g5,external_supply_elasticity_plus20,43,stress,uniform,mean_service_rate,1.7782195128601685e-06
ic_g5,external_supply_elasticity_plus20,43,stress,uniform,terminal_output,0.0
ic_g5,external_supply_elasticity_plus20,43,stress,uniform,fiscal_spend,9.313225746154785e-10
ic_g5,external_supply_elasticity_plus20,43,stress,uniform,private_spend,-207.35662683844566
ic_g5,external_supply_elasticity_plus20,43,stress,uniform,terminal_ai_effective_mean,-2.2509310856795584e-05
ic_g5,external_supply_elasticity_plus20,43,stress,uniform,terminal_technology_mean,-2.5270783352349113e-05
ic_g5,external_supply_elasticity_plus20,43,stress,uniform,terminal_edge_health_mean,0.0
ic_g5,external_supply_elasticity_plus20,44,linkage,uniform,cumulative_value_added,-226.183988571167
ic_g5,external_supply_elasticity_plus20,44,linkage,uniform,cumulative_shortage,2066.7268267795444
ic_g5,external_supply_elasticity_plus20,44,linkage,uniform,cumulative_welfare,-639.529354095459
ic_g5,external_supply_elasticity_plus20,44,linkage,uniform,cumulative_final_shortage,1576.7821903303266
ic_g5,external_supply_elasticity_plus20,44,linkage,uniform,cumulative_final_delivered,-1576.782190322876
ic_g5,external_supply_elasticity_plus20,44,linkage,uniform,final_fill_rate,-1.7174969146882546e-07
ic_g5,external_supply_elasticity_plus20,44,linkage,uniform,mean_service_rate,-9.964192670963712e-08
ic_g5,external_supply_elasticity_plus20,44,linkage,uniform,terminal_output,0.0
ic_g5,external_supply_elasticity_plus20,44,linkage,uniform,fiscal_spend,0.0
ic_g5,external_supply_elasticity_plus20,44,linkage,uniform,private_spend,11.6272531747818
ic_g5,external_supply_elasticity_plus20,44,linkage,uniform,terminal_ai_effective_mean,9.238644957075114e-06
ic_g5,external_supply_elasticity_plus20,44,linkage,uniform,terminal_technology_mean,1.07436213140355e-05
ic_g5,external_supply_elasticity_plus20,44,linkage,uniform,terminal_edge_health_mean,0.0
ic_g5,external_supply_elasticity_plus20,44,stress,uniform,cumulative_value_added,3868.3083696365356
ic_g5,external_supply_elasticity_plus20,44,stress,uniform,cumulative_shortage,-35351.52578108013
ic_g5,external_supply_elasticity_plus20,44,stress,uniform,cumulative_welfare,10938.613525390625
ic_g5,external_supply_elasticity_plus20,44,stress,uniform,cumulative_final_shortage,-26611.690773293376
ic_g5,external_supply_elasticity_plus20,44,stress,uniform,cumulative_final_delivered,26611.690773010254
ic_g5,external_supply_elasticity_plus20,44,stress,uniform,final_fill_rate,2.8986563315180902e-06
ic_g5,external_supply_elasticity_plus20,44,stress,uniform,mean_service_rate,1.7057310750523413e-06
ic_g5,external_supply_elasticity_plus20,44,stress,uniform,terminal_output,0.0
ic_g5,external_supply_elasticity_plus20,44,stress,uniform,fiscal_spend,0.0
ic_g5,external_supply_elasticity_plus20,44,stress,uniform,private_spend,-198.89124044775963
ic_g5,external_supply_elasticity_plus20,44,stress,uniform,terminal_ai_effective_mean,-2.1276235395206126e-05
ic_g5,external_supply_elasticity_plus20,44,stress,uniform,terminal_technology_mean,-2.3872024930371438e-05
ic_g5,external_supply_elasticity_plus20,44,stress,uniform,terminal_edge_health_mean,0.0
ic_g5,external_supply_elasticity_plus20,45,linkage,uniform,cumulative_value_added,-226.1207618713379
ic_g5,external_supply_elasticity_plus20,45,linkage,uniform,cumulative_shortage,2066.149559661746
ic_g5,external_supply_elasticity_plus20,45,linkage,uniform,cumulative_welfare,-639.3506741523743
ic_g5,external_supply_elasticity_plus20,45,linkage,uniform,cumulative_final_shortage,1575.8288885727525
ic_g5,external_supply_elasticity_plus20,45,linkage,uniform,cumulative_final_delivered,-1575.8288898468018
ic_g5,external_supply_elasticity_plus20,45,linkage,uniform,final_fill_rate,-1.716458539746668e-07
ic_g5,external_supply_elasticity_plus20,45,linkage,uniform,mean_service_rate,-9.960803748487734e-08
ic_g5,external_supply_elasticity_plus20,45,linkage,uniform,terminal_output,0.0
ic_g5,external_supply_elasticity_plus20,45,linkage,uniform,fiscal_spend,0.0
ic_g5,external_supply_elasticity_plus20,45,linkage,uniform,private_spend,11.624006003141403
ic_g5,external_supply_elasticity_plus20,45,linkage,uniform,terminal_ai_effective_mean,9.238644957075114e-06
ic_g5,external_supply_elasticity_plus20,45,linkage,uniform,terminal_technology_mean,1.07436213140355e-05
ic_g5,external_supply_elasticity_plus20,45,linkage,uniform,terminal_edge_health_mean,0.0
ic_g5,external_supply_elasticity_plus20,45,stress,uniform,cumulative_value_added,3969.6743717193604
ic_g5,external_supply_elasticity_plus20,45,stress,uniform,cumulative_shortage,-36277.88317339122
ic_g5,external_supply_elasticity_plus20,45,stress,uniform,cumulative_welfare,11225.251006126404
ic_g5,external_supply_elasticity_plus20,45,stress,uniform,cumulative_final_shortage,-27289.99528065324
ic_g5,external_supply_elasticity_plus20,45,stress,uniform,cumulative_final_delivered,27289.995279312134
ic_g5,external_supply_elasticity_plus20,45,stress,uniform,final_fill_rate,2.9725400869651253e-06
ic_g5,external_supply_elasticity_plus20,45,stress,uniform,mean_service_rate,1.7503603558788328e-06
ic_g5,external_supply_elasticity_plus20,45,stress,uniform,terminal_output,0.0
ic_g5,external_supply_elasticity_plus20,45,stress,uniform,fiscal_spend,0.0
ic_g5,external_supply_elasticity_plus20,45,stress,uniform,private_spend,-204.10301831364632
ic_g5,external_supply_elasticity_plus20,45,stress,uniform,terminal_ai_effective_mean,-2.203531472487301e-05
ic_g5,external_supply_elasticity_plus20,45,stress,uniform,terminal_technology_mean,-2.4733098542450982e-05
ic_g5,external_supply_elasticity_plus20,45,stress,uniform,terminal_edge_health_mean,0.0
ic_g5,external_supply_elasticity_plus20,46,linkage,uniform,cumulative_value_added,-226.1677441596985
ic_g5,external_supply_elasticity_plus20,46,linkage,uniform,cumulative_shortage,2066.5785165801644
ic_g5,external_supply_elasticity_plus20,46,linkage,uniform,cumulative_welfare,-639.4834475517273
ic_g5,external_supply_elasticity_plus20,46,linkage,uniform,cumulative_final_shortage,1576.5367807224393
ic_g5,external_supply_elasticity_plus20,46,linkage,uniform,cumulative_final_delivered,-1576.5367794036865
ic_g5,external_supply_elasticity_plus20,46,linkage,uniform,final_fill_rate,-1.7172296029599465e-07
ic_g5,external_supply_elasticity_plus20,46,linkage,uniform,mean_service_rate,-9.963321900841038e-08
ic_g5,external_supply_elasticity_plus20,46,linkage,uniform,terminal_output,0.0
ic_g5,external_supply_elasticity_plus20,46,linkage,uniform,fiscal_spend,0.0
ic_g5,external_supply_elasticity_plus20,46,linkage,uniform,private_spend,11.6264189183712
ic_g5,external_supply_elasticity_plus20,46,linkage,uniform,terminal_ai_effective_mean,9.238644957075114e-06
ic_g5,external_supply_elasticity_plus20,46,linkage,uniform,terminal_technology_mean,1.07436213140355e-05
ic_g5,external_supply_elasticity_plus20,46,linkage,uniform,terminal_edge_health_mean,0.0
ic_g5,external_supply_elasticity_plus20,46,stress,uniform,cumulative_value_added,3894.437868118286
ic_g5,external_supply_elasticity_plus20,46,stress,uniform,cumulative_shortage,-35590.31640274823
ic_g5,external_supply_elasticity_plus20,46,stress,uniform,cumulative_welfare,11012.501148700714
ic_g5,external_supply_elasticity_plus20,46,stress,uniform,cumulative_final_shortage,-26786.638889729977
ic_g5,external_supply_elasticity_plus20,46,stress,uniform,cumulative_final_delivered,26786.638891220093
ic_g5,external_supply_elasticity_plus20,46,stress,uniform,final_fill_rate,2.917712410122064e-06
ic_g5,external_supply_elasticity_plus20,46,stress,uniform,mean_service_rate,1.717235709186582e-06
ic_g5,external_supply_elasticity_plus20,46,stress,uniform,terminal_output,0.0
ic_g5,external_supply_elasticity_plus20,46,stress,uniform,fiscal_spend,9.313225746154785e-10
ic_g5,external_supply_elasticity_plus20,46,stress,uniform,private_spend,-200.234699934721
ic_g5,external_supply_elasticity_plus20,46,stress,uniform,terminal_ai_effective_mean,-2.1471884137215166e-05
ic_g5,external_supply_elasticity_plus20,46,stress,uniform,terminal_technology_mean,-2.409396220137694e-05
ic_g5,external_supply_elasticity_plus20,46,stress,uniform,terminal_edge_health_mean,0.0
ic_g5,external_supply_elasticity_plus20,47,linkage,uniform,cumulative_value_added,-226.07223653793335
ic_g5,external_supply_elasticity_plus20,47,linkage,uniform,cumulative_shortage,2065.706523165107
ic_g5,external_supply_elasticity_plus20,47,linkage,uniform,cumulative_welfare,-639.213541507721
ic_g5,external_supply_elasticity_plus20,47,linkage,uniform,cumulative_final_shortage,1575.100717894733
ic_g5,external_supply_elasticity_plus20,47,linkage,uniform,cumulative_final_delivered,-1575.1007175445557
ic_g5,external_supply_elasticity_plus20,47,linkage,uniform,final_fill_rate,-1.7156653842054226e-07
ic_g5,external_supply_elasticity_plus20,47,linkage,uniform,mean_service_rate,-9.958203617266292e-08
ic_g5,external_supply_elasticity_plus20,47,linkage,uniform,terminal_output,0.0
ic_g5,external_supply_elasticity_plus20,47,linkage,uniform,fiscal_spend,0.0
ic_g5,external_supply_elasticity_plus20,47,linkage,uniform,private_spend,11.621513932943344
ic_g5,external_supply_elasticity_plus20,47,linkage,uniform,terminal_ai_effective_mean,9.238644957075114e-06
ic_g5,external_supply_elasticity_plus20,47,linkage,uniform,terminal_technology_mean,1.07436213140355e-05
ic_g5,external_supply_elasticity_plus20,47,linkage,uniform,terminal_edge_health_mean,0.0
ic_g5,external_supply_elasticity_plus20,47,stress,uniform,cumulative_value_added,4046.85728931427
ic_g5,external_supply_elasticity_plus20,47,stress,uniform,cumulative_shortage,-36983.23793575168
ic_g5,external_supply_elasticity_plus20,47,stress,uniform,cumulative_welfare,11443.50487613678
ic_g5,external_supply_elasticity_plus20,47,stress,uniform,cumulative_final_shortage,-27805.779650986195
ic_g5,external_supply_elasticity_plus20,47,stress,uniform,cumulative_final_delivered,27805.779651641846
ic_g5,external_supply_elasticity_plus20,47,stress,uniform,final_fill_rate,3.028721471620699e-06
ic_g5,external_supply_elasticity_plus20,47,stress,uniform,mean_service_rate,1.7843396984407178e-06
ic_g5,external_supply_elasticity_plus20,47,stress,uniform,terminal_output,0.0
ic_g5,external_supply_elasticity_plus20,47,stress,uniform,fiscal_spend,0.0
ic_g5,external_supply_elasticity_plus20,47,stress,uniform,private_spend,-208.07141390442848
ic_g5,external_supply_elasticity_plus20,47,stress,uniform,terminal_ai_effective_mean,-2.2613455710487028e-05
ic_g5,external_supply_elasticity_plus20,47,stress,uniform,terminal_technology_mean,-2.538892165226958e-05
ic_g5,external_supply_elasticity_plus20,47,stress,uniform,terminal_edge_health_mean,0.0
ic_g5,external_supply_elasticity_plus20,48,linkage,uniform,cumulative_value_added,-225.9591522216797
ic_g5,external_supply_elasticity_plus20,48,linkage,uniform,cumulative_shortage,2064.674049951136
ic_g5,external_supply_elasticity_plus20,48,linkage,uniform,cumulative_welfare,-638.8939619064331
ic_g5,external_supply_elasticity_plus20,48,linkage,uniform,cumulative_final_shortage,1573.4152915105224
ic_g5,external_supply_elasticity_plus20,48,linkage,uniform,cumulative_final_delivered,-1573.4152927398682
ic_g5,external_supply_elasticity_plus20,48,linkage,uniform,final_fill_rate,-1.713829549387924e-07
ic_g5,external_supply_elasticity_plus20,48,linkage,uniform,mean_service_rate,-9.952146606817536e-08
ic_g5,external_supply_elasticity_plus20,48,linkage,uniform,terminal_output,0.0
ic_g5,external_supply_elasticity_plus20,48,linkage,uniform,fiscal_spend,0.0
ic_g5,external_supply_elasticity_plus20,48,linkage,uniform,private_spend,11.615706264972687
ic_g5,external_supply_elasticity_plus20,48,linkage,uniform,terminal_ai_effective_mean,9.238644957075114e-06
ic_g5,external_supply_elasticity_plus20,48,linkage,uniform,terminal_technology_mean,1.07436213140355e-05
ic_g5,external_supply_elasticity_plus20,48,linkage,uniform,terminal_edge_health_mean,0.0
ic_g5,external_supply_elasticity_plus20,48,stress,uniform,cumulative_value_added,4224.69442987442
ic_g5,external_supply_elasticity_plus20,48,stress,uniform,cumulative_shortage,-38608.44653146714
ic_g5,external_supply_elasticity_plus20,48,stress,uniform,cumulative_welfare,11946.383736610413
ic_g5,external_supply_elasticity_plus20,48,stress,uniform,cumulative_final_shortage,-28991.894954763353
ic_g5,external_supply_elasticity_plus20,48,stress,uniform,cumulative_final_delivered,28991.894954681396
ic_g5,external_supply_elasticity_plus20,48,stress,uniform,final_fill_rate,3.157918096574619e-06
ic_g5,external_supply_elasticity_plus20,48,stress,uniform,mean_service_rate,1.862622685422366e-06
ic_g5,external_supply_elasticity_plus20,48,stress,uniform,terminal_output,0.0
ic_g5,external_supply_elasticity_plus20,48,stress,uniform,fiscal_spend,0.0
ic_g5,external_supply_elasticity_plus20,48,stress,uniform,private_spend,-217.21499907970428
ic_g5,external_supply_elasticity_plus20,48,stress,uniform,terminal_ai_effective_mean,-2.394608431176108e-05
ic_g5,external_supply_elasticity_plus20,48,stress,uniform,terminal_technology_mean,-2.690060861076926e-05
ic_g5,external_supply_elasticity_plus20,48,stress,uniform,terminal_edge_health_mean,0.0
ic_g5,external_supply_elasticity_plus20,49,linkage,uniform,cumulative_value_added,-226.1695818901062
ic_g5,external_supply_elasticity_plus20,49,linkage,uniform,cumulative_shortage,2066.5952902957797
ic_g5,external_supply_elasticity_plus20,49,linkage,uniform,cumulative_welfare,-639.488639831543
ic_g5,external_supply_elasticity_plus20,49,linkage,uniform,cumulative_final_shortage,1576.5645195320249
ic_g5,external_supply_elasticity_plus20,49,linkage,uniform,cumulative_final_delivered,-1576.5645198822021
ic_g5,external_supply_elasticity_plus20,49,linkage,uniform,final_fill_rate,-1.7172598187897847e-07
ic_g5,external_supply_elasticity_plus20,49,linkage,uniform,mean_service_rate,-9.963420366521092e-08
ic_g5,external_supply_elasticity_plus20,49,linkage,uniform,terminal_output,0.0
ic_g5,external_supply_elasticity_plus20,49,linkage,uniform,fiscal_spend,0.0
ic_g5,external_supply_elasticity_plus20,49,linkage,uniform,private_spend,11.62651327252388
ic_g5,external_supply_elasticity_plus20,49,linkage,uniform,terminal_ai_effective_mean,9.238644957075114e-06
ic_g5,external_supply_elasticity_plus20,49,linkage,uniform,terminal_technology_mean,1.07436213140355e-05
ic_g5,external_supply_elasticity_plus20,49,linkage,uniform,terminal_edge_health_mean,0.0
ic_g5,external_supply_elasticity_plus20,49,stress,uniform,cumulative_value_added,3891.485634803772
ic_g5,external_supply_elasticity_plus20,49,stress,uniform,cumulative_shortage,-35563.33671537787
ic_g5,external_supply_elasticity_plus20,49,stress,uniform,cumulative_welfare,11004.152977466583
ic_g5,external_supply_elasticity_plus20,49,stress,uniform,cumulative_final_shortage,-26766.87587057054
ic_g5,external_supply_elasticity_plus20,49,stress,uniform,cumulative_final_delivered,26766.875869750977
ic_g5,external_supply_elasticity_plus20,49,stress,uniform,final_fill_rate,2.915559739413709e-06
ic_g5,external_supply_elasticity_plus20,49,stress,uniform,mean_service_rate,1.7159358746132725e-06
ic_g5,external_supply_elasticity_plus20,49,stress,uniform,terminal_output,0.0
ic_g5,external_supply_elasticity_plus20,49,stress,uniform,fiscal_spend,0.0
ic_g5,external_supply_elasticity_plus20,49,stress,uniform,private_spend,-200.0829095542431
ic_g5,external_supply_elasticity_plus20,49,stress,uniform,terminal_ai_effective_mean,-2.1449778062873452e-05
ic_g5,external_supply_elasticity_plus20,49,stress,uniform,terminal_technology_mean,-2.4068885824624076e-05
ic_g5,external_supply_elasticity_plus20,49,stress,uniform,terminal_edge_health_mean,0.0
ic_g5,external_supply_elasticity_plus20,50,linkage,uniform,cumulative_value_added,-226.29479265213013
ic_g5,external_supply_elasticity_plus20,50,linkage,uniform,cumulative_shortage,2067.7384762093425
ic_g5,external_supply_elasticity_plus20,50,linkage,uniform,cumulative_welfare,-639.8424878120422
ic_g5,external_supply_elasticity_plus20,50,linkage,uniform,cumulative_final_shortage,1578.465277314186
ic_g5,external_supply_elasticity_plus20,50,linkage,uniform,cumulative_final_delivered,-1578.4652767181396
ic_g5,external_supply_elasticity_plus20,50,linkage,uniform,final_fill_rate,-1.7193302026541346e-07
ic_g5,external_supply_elasticity_plus20,50,linkage,uniform,mean_service_rate,-9.97013435144467e-08
ic_g5,external_supply_elasticity_plus20,50,linkage,uniform,terminal_output,0.0
ic_g5,external_supply_elasticity_plus20,50,linkage,uniform,fiscal_spend,0.0
ic_g5,external_supply_elasticity_plus20,50,linkage,uniform,private_spend,11.63294368982315
ic_g5,external_supply_elasticity_plus20,50,linkage,uniform,terminal_ai_effective_mean,9.238644957075114e-06
ic_g5,external_supply_elasticity_plus20,50,linkage,uniform,terminal_technology_mean,1.07436213140355e-05
ic_g5,external_supply_elasticity_plus20,50,linkage,uniform,terminal_edge_health_mean,0.0
ic_g5,external_supply_elasticity_plus20,50,stress,uniform,cumulative_value_added,3688.454864025116
ic_g5,external_supply_elasticity_plus20,50,stress,uniform,cumulative_shortage,-33707.89255242795
ic_g5,external_supply_elasticity_plus20,50,stress,uniform,cumulative_welfare,10430.033374786377
ic_g5,external_supply_elasticity_plus20,50,stress,uniform,cumulative_final_shortage,-25405.63829768449
ic_g5,external_supply_elasticity_plus20,50,stress,uniform,cumulative_final_delivered,25405.638298034668
ic_g5,external_supply_elasticity_plus20,50,stress,uniform,final_fill_rate,2.767288066585216e-06
ic_g5,external_supply_elasticity_plus20,50,stress,uniform,mean_service_rate,1.626535845122845e-06
ic_g5,external_supply_elasticity_plus20,50,stress,uniform,terminal_output,0.0
ic_g5,external_supply_elasticity_plus20,50,stress,uniform,fiscal_spend,0.0
ic_g5,external_supply_elasticity_plus20,50,stress,uniform,private_spend,-189.64399921894073
ic_g5,external_supply_elasticity_plus20,50,stress,uniform,terminal_ai_effective_mean,-1.9929957278823178e-05
ic_g5,external_supply_elasticity_plus20,50,stress,uniform,terminal_technology_mean,-2.23448522297387e-05
ic_g5,external_supply_elasticity_plus20,50,stress,uniform,terminal_edge_health_mean,0.0
ic_g5,external_supply_elasticity_plus20,51,linkage,uniform,cumulative_value_added,-226.00284719467163
ic_g5,external_supply_elasticity_plus20,51,linkage,uniform,cumulative_shortage,2065.0729909986258
ic_g5,external_supply_elasticity_plus20,51,linkage,uniform,cumulative_welfare,-639.01744556427
ic_g5,external_supply_elasticity_plus20,51,linkage,uniform,cumulative_final_shortage,1574.0646264851093
ic_g5,external_supply_elasticity_plus20,51,linkage,uniform,cumulative_final_delivered,-1574.0646266937256
ic_g5,external_supply_elasticity_plus20,51,linkage,uniform,final_fill_rate,-1.7145368313986609e-07
ic_g5,external_supply_elasticity_plus20,51,linkage,uniform,mean_service_rate,-9.954486579477617e-08
ic_g5,external_supply_elasticity_plus20,51,linkage,uniform,terminal_output,0.0
ic_g5,external_supply_elasticity_plus20,51,linkage,uniform,fiscal_spend,0.0
ic_g5,external_supply_elasticity_plus20,51,linkage,uniform,private_spend,11.617950320243835
ic_g5,external_supply_elasticity_plus20,51,linkage,uniform,terminal_ai_effective_mean,9.238644957075114e-06
ic_g5,external_supply_elasticity_plus20,51,linkage,uniform,terminal_technology_mean,1.07436213140355e-05
ic_g5,external_supply_elasticity_plus20,51,linkage,uniform,terminal_edge_health_mean,0.0
ic_g5,external_supply_elasticity_plus20,51,stress,uniform,cumulative_value_added,4156.31401014328
ic_g5,external_supply_elasticity_plus20,51,stress,uniform,cumulative_shortage,-37983.53504336625
ic_g5,external_supply_elasticity_plus20,51,stress,uniform,cumulative_welfare,11753.021018505096
ic_g5,external_supply_elasticity_plus20,51,stress,uniform,cumulative_final_shortage,-28536.201350718737
ic_g5,external_supply_elasticity_plus20,51,stress,uniform,cumulative_final_delivered,28536.20135116577
ic_g5,external_supply_elasticity_plus20,51,stress,uniform,final_fill_rate,3.108282049080202e-06
ic_g5,external_supply_elasticity_plus20,51,stress,uniform,mean_service_rate,1.8325234422134073e-06
ic_g5,external_supply_elasticity_plus20,51,stress,uniform,terminal_output,0.0
ic_g5,external_supply_elasticity_plus20,51,stress,uniform,fiscal_spend,0.0
ic_g5,external_supply_elasticity_plus20,51,stress,uniform,private_spend,-213.69918474555016
ic_g5,external_supply_elasticity_plus20,51,stress,uniform,terminal_ai_effective_mean,-2.34335835701642e-05
ic_g5,external_supply_elasticity_plus20,51,stress,uniform,terminal_technology_mean,-2.631924594298507e-05
ic_g5,external_supply_elasticity_plus20,51,stress,uniform,terminal_edge_health_mean,0.0
ic_g5,shock_capacity_loss_minus20,42,linkage,uniform,cumulative_value_added,-167.4665675163269
ic_g5,shock_capacity_loss_minus20,42,linkage,uniform,cumulative_shortage,1530.2401017695665
ic_g5,shock_capacity_loss_minus20,42,linkage,uniform,cumulative_welfare,-473.5145878791809
ic_g5,shock_capacity_loss_minus20,42,linkage,uniform,cumulative_final_shortage,1165.4947192296386
ic_g5,shock_capacity_loss_minus20,42,linkage,uniform,cumulative_final_delivered,-1165.4947185516357
ic_g5,shock_capacity_loss_minus20,42,linkage,uniform,final_fill_rate,-1.2695054496525415e-07
ic_g5,shock_capacity_loss_minus20,42,linkage,uniform,mean_service_rate,-7.381333477773921e-08
ic_g5,shock_capacity_loss_minus20,42,linkage,uniform,terminal_output,0.0
ic_g5,shock_capacity_loss_minus20,42,linkage,uniform,fiscal_spend,0.0
ic_g5,shock_capacity_loss_minus20,42,linkage,uniform,private_spend,8.609059751033783
ic_g5,shock_capacity_loss_minus20,42,linkage,uniform,terminal_ai_effective_mean,9.238644957075114e-06
ic_g5,shock_capacity_loss_minus20,42,linkage,uniform,terminal_technology_mean,1.07436213140355e-05
ic_g5,shock_capacity_loss_minus20,42,linkage,uniform,terminal_edge_health_mean,0.0
ic_g5,shock_capacity_loss_minus20,42,stress,uniform,cumulative_value_added,3516.365396499634
ic_g5,shock_capacity_loss_minus20,42,stress,uniform,cumulative_shortage,-32135.172884486616
ic_g5,shock_capacity_loss_minus20,42,stress,uniform,cumulative_welfare,9943.399973392487
ic_g5,shock_capacity_loss_minus20,42,stress,uniform,cumulative_final_shortage,-24330.11231058836
ic_g5,shock_capacity_loss_minus20,42,stress,uniform,cumulative_final_delivered,24330.112310409546
ic_g5,shock_capacity_loss_minus20,42,stress,uniform,final_fill_rate,2.6501372910603394e-06
ic_g5,shock_capacity_loss_minus20,42,stress,uniform,mean_service_rate,1.550852106624312e-06
ic_g5,shock_capacity_loss_minus20,42,stress,uniform,terminal_output,0.0
ic_g5,shock_capacity_loss_minus20,42,stress,uniform,fiscal_spend,0.0
ic_g5,shock_capacity_loss_minus20,42,stress,uniform,private_spend,-180.79567876458168
ic_g5,shock_capacity_loss_minus20,42,stress,uniform,terminal_ai_effective_mean,-1.6715415557350295e-05
ic_g5,shock_capacity_loss_minus20,42,stress,uniform,terminal_technology_mean,-1.869837862655821e-05
ic_g5,shock_capacity_loss_minus20,42,stress,uniform,terminal_edge_health_mean,0.0
ic_g5,shock_capacity_loss_minus20,43,linkage,uniform,cumulative_value_added,-167.44701671600342
ic_g5,shock_capacity_loss_minus20,43,linkage,uniform,cumulative_shortage,1530.0616037547588
ic_g5,shock_capacity_loss_minus20,43,linkage,uniform,cumulative_welfare,-473.45933771133423
ic_g5,shock_capacity_loss_minus20,43,linkage,uniform,cumulative_final_shortage,1165.1934726983309
ic_g5,shock_capacity_loss_minus20,43,linkage,uniform,cumulative_final_delivered,-1165.1934719085693
ic_g5,shock_capacity_loss_minus20,43,linkage,uniform,final_fill_rate,-1.2691773187967215e-07
ic_g5,shock_capacity_loss_minus20,43,linkage,uniform,mean_service_rate,-7.380345545815459e-08
ic_g5,shock_capacity_loss_minus20,43,linkage,uniform,terminal_output,0.0
ic_g5,shock_capacity_loss_minus20,43,linkage,uniform,fiscal_spend,0.0
ic_g5,shock_capacity_loss_minus20,43,linkage,uniform,private_spend,8.60805568099022
ic_g5,shock_capacity_loss_minus20,43,linkage,uniform,terminal_ai_effective_mean,9.238644957075114e-06
ic_g5,shock_capacity_loss_minus20,43,linkage,uniform,terminal_technology_mean,1.07436213140355e-05
ic_g5,shock_capacity_loss_minus20,43,linkage,uniform,terminal_edge_health_mean,0.0
ic_g5,shock_capacity_loss_minus20,43,stress,uniform,cumulative_value_added,3545.0943813323975
ic_g5,shock_capacity_loss_minus20,43,stress,uniform,cumulative_shortage,-32397.79837408662
ic_g5,shock_capacity_loss_minus20,43,stress,uniform,cumulative_welfare,10024.654056072235
ic_g5,shock_capacity_loss_minus20,43,stress,uniform,cumulative_final_shortage,-24523.006171248853
ic_g5,shock_capacity_loss_minus20,43,stress,uniform,cumulative_final_delivered,24523.006172180176
ic_g5,shock_capacity_loss_minus20,43,stress,uniform,final_fill_rate,2.6711480948238275e-06
ic_g5,shock_capacity_loss_minus20,43,stress,uniform,mean_service_rate,1.5635291106264049e-06
ic_g5,shock_capacity_loss_minus20,43,stress,uniform,terminal_output,0.0
ic_g5,shock_capacity_loss_minus20,43,stress,uniform,fiscal_spend,0.0
ic_g5,shock_capacity_loss_minus20,43,stress,uniform,private_spend,-182.27332615852356
ic_g5,shock_capacity_loss_minus20,43,stress,uniform,terminal_ai_effective_mean,-1.696316345676987e-05
ic_g5,shock_capacity_loss_minus20,43,stress,uniform,terminal_technology_mean,-1.89794161923329e-05
ic_g5,shock_capacity_loss_minus20,43,stress,uniform,terminal_edge_health_mean,0.0
ic_g5,shock_capacity_loss_minus20,44,linkage,uniform,cumulative_value_added,-167.52939176559448
ic_g5,shock_capacity_loss_minus20,44,linkage,uniform,cumulative_shortage,1530.8136950656772
ic_g5,shock_capacity_loss_minus20,44,linkage,uniform,cumulative_welfare,-473.69213104248047
ic_g5,shock_capacity_loss_minus20,44,linkage,uniform,cumulative_final_shortage,1166.4662823230028
ic_g5,shock_capacity_loss_minus20,44,linkage,uniform,cumulative_final_delivered,-1166.4662818908691
ic_g5,shock_capacity_loss_minus20,44,linkage,uniform,final_fill_rate,-1.2705637164600603e-07
ic_g5,shock_capacity_loss_minus20,44,linkage,uniform,mean_service_rate,-7.384508826646652e-08
ic_g5,shock_capacity_loss_minus20,44,linkage,uniform,terminal_output,0.0
ic_g5,shock_capacity_loss_minus20,44,linkage,uniform,fiscal_spend,0.0
ic_g5,shock_capacity_loss_minus20,44,linkage,uniform,private_spend,8.61228621006012
ic_g5,shock_capacity_loss_minus20,44,linkage,uniform,terminal_ai_effective_mean,9.238644957075114e-06
ic_g5,shock_capacity_loss_minus20,44,linkage,uniform,terminal_technology_mean,1.07436213140355e-05
ic_g5,shock_capacity_loss_minus20,44,linkage,uniform,terminal_edge_health_mean,0.0
ic_g5,shock_capacity_loss_minus20,44,stress,uniform,cumulative_value_added,3366.9741163253784
ic_g5,shock_capacity_loss_minus20,44,stress,uniform,cumulative_shortage,-30769.719878822565
ic_g5,shock_capacity_loss_minus20,44,stress,uniform,cumulative_welfare,9520.918092250824
ic_g5,shock_capacity_loss_minus20,44,stress,uniform,cumulative_final_shortage,-23307.11003718525
ic_g5,shock_capacity_loss_minus20,44,stress,uniform,cumulative_final_delivered,23307.110036849976
ic_g5,shock_capacity_loss_minus20,44,stress,uniform,final_fill_rate,2.538707617461e-06
ic_g5,shock_capacity_loss_minus20,44,stress,uniform,mean_service_rate,1.4849716729603557e-06
ic_g5,shock_capacity_loss_minus20,44,stress,uniform,terminal_output,0.0
ic_g5,shock_capacity_loss_minus20,44,stress,uniform,fiscal_spend,0.0
ic_g5,shock_capacity_loss_minus20,44,stress,uniform,private_spend,-173.11327013373375
ic_g5,shock_capacity_loss_minus20,44,stress,uniform,terminal_ai_effective_mean,-1.5914764935836146e-05
ic_g5,shock_capacity_loss_minus20,44,stress,uniform,terminal_technology_mean,-1.7790145056206796e-05
ic_g5,shock_capacity_loss_minus20,44,stress,uniform,terminal_edge_health_mean,0.0
ic_g5,shock_capacity_loss_minus20,45,linkage,uniform,cumulative_value_added,-167.47881937026978
ic_g5,shock_capacity_loss_minus20,45,linkage,uniform,cumulative_shortage,1530.351962044835
ic_g5,shock_capacity_loss_minus20,45,linkage,uniform,cumulative_welfare,-473.5492115020752
ic_g5,shock_capacity_loss_minus20,45,linkage,uniform,cumulative_final_shortage,1165.683767028153
ic_g5,shock_capacity_loss_minus20,45,linkage,uniform,cumulative_final_delivered,-1165.6837673187256
ic_g5,shock_capacity_loss_minus20,45,linkage,uniform,final_fill_rate,-1.269711369378257e-07
ic_g5,shock_capacity_loss_minus20,45,linkage,uniform,mean_service_rate,-7.381952638052525e-08
ic_g5,shock_capacity_loss_minus20,45,linkage,uniform,terminal_output,0.0
ic_g5,shock_capacity_loss_minus20,45,linkage,uniform,fiscal_spend,0.0
ic_g5,shock_capacity_loss_minus20,45,linkage,uniform,private_spend,8.609688967466354
ic_g5,shock_capacity_loss_minus20,45,linkage,uniform,terminal_ai_effective_mean,9.238644957075114e-06
ic_g5,shock_capacity_loss_minus20,45,linkage,uniform,terminal_technology_mean,1.07436213140355e-05
ic_g5,shock_capacity_loss_minus20,45,linkage,uniform,terminal_edge_health_mean,0.0
ic_g5,shock_capacity_loss_minus20,45,stress,uniform,cumulative_value_added,3494.872305393219
ic_g5,shock_capacity_loss_minus20,45,stress,uniform,cumulative_shortage,-31938.700295083225
ic_g5,shock_capacity_loss_minus20,45,stress,uniform,cumulative_welfare,9882.612364292145
ic_g5,shock_capacity_loss_minus20,45,stress,uniform,cumulative_final_shortage,-24184.554425410926
ic_g5,shock_capacity_loss_minus20,45,stress,uniform,cumulative_final_delivered,24184.554426193237
ic_g5,shock_capacity_loss_minus20,45,stress,uniform,final_fill_rate,2.6342825193426123e-06
ic_g5,shock_capacity_loss_minus20,45,stress,uniform,mean_service_rate,1.5413734713032312e-06
ic_g5,shock_capacity_loss_minus20,45,stress,uniform,terminal_output,0.0
ic_g5,shock_capacity_loss_minus20,45,stress,uniform,fiscal_spend,0.0
ic_g5,shock_capacity_loss_minus20,45,stress,uniform,private_spend,-179.69024392962456
ic_g5,shock_capacity_loss_minus20,45,stress,uniform,terminal_ai_effective_mean,-1.655982373667802e-05
ic_g5,shock_capacity_loss_minus20,45,stress,uniform,terminal_technology_mean,-1.8521880018385062e-05
ic_g5,shock_capacity_loss_minus20,45,stress,uniform,terminal_edge_health_mean,0.0
ic_g5,shock_capacity_loss_minus20,46,linkage,uniform,cumulative_value_added,-167.51639890670776
ic_g5,shock_capacity_loss_minus20,46,linkage,uniform,cumulative_shortage,1530.695067703724
ic_g5,shock_capacity_loss_minus20,46,linkage,uniform,cumulative_welfare,-473.6554126739502
ic_g5,shock_capacity_loss_minus20,46,linkage,uniform,cumulative_final_shortage,1166.26490611583
ic_g5,shock_capacity_loss_minus20,46,linkage,uniform,cumulative_final_delivered,-1166.2649059295654
ic_g5,shock_capacity_loss_minus20,46,linkage,uniform,final_fill_rate,-1.270344369697085e-07
ic_g5,shock_capacity_loss_minus20,46,linkage,uniform,mean_service_rate,-7.383852040909744e-08
ic_g5,shock_capacity_loss_minus20,46,linkage,uniform,terminal_output,0.0
ic_g5,shock_capacity_loss_minus20,46,linkage,uniform,fiscal_spend,0.0
ic_g5,shock_capacity_loss_minus20,46,linkage,uniform,private_spend,8.61161893606186
ic_g5,shock_capacity_loss_minus20,46,linkage,uniform,terminal_ai_effective_mean,9.238644957075114e-06
ic_g5,shock_capacity_loss_minus20,46,linkage,uniform,terminal_technology_mean,1.07436213140355e-05
ic_g5,shock_capacity_loss_minus20,46,linkage,uniform,terminal_edge_health_mean,0.0
ic_g5,shock_capacity_loss_minus20,46,stress,uniform,cumulative_value_added,3409.3206915855408
ic_g5,shock_capacity_loss_minus20,46,stress,uniform,cumulative_shortage,-31156.731915920973
ic_g5,shock_capacity_loss_minus20,46,stress,uniform,cumulative_welfare,9640.667074680328
ic_g5,shock_capacity_loss_minus20,46,stress,uniform,cumulative_final_shortage,-23599.48411874473
ic_g5,shock_capacity_loss_minus20,46,stress,uniform,cumulative_final_delivered,23599.484117507935
ic_g5,shock_capacity_loss_minus20,46,stress,uniform,final_fill_rate,2.570554221481558e-06
ic_g5,shock_capacity_loss_minus20,46,stress,uniform,mean_service_rate,1.5036445999427883e-06
ic_g5,shock_capacity_loss_minus20,46,stress,uniform,terminal_output,0.0
ic_g5,shock_capacity_loss_minus20,46,stress,uniform,fiscal_spend,0.0
ic_g5,shock_capacity_loss_minus20,46,stress,uniform,private_spend,-175.2906583249569
ic_g5,shock_capacity_loss_minus20,46,stress,uniform,terminal_ai_effective_mean,-1.6080920685152596e-05
ic_g5,shock_capacity_loss_minus20,46,stress,uniform,terminal_technology_mean,-1.7978627033121697e-05
ic_g5,shock_capacity_loss_minus20,46,stress,uniform,terminal_edge_health_mean,0.0
ic_g5,shock_capacity_loss_minus20,47,linkage,uniform,cumulative_value_added,-167.6740584373474
ic_g5,shock_capacity_loss_minus20,47,linkage,uniform,cumulative_shortage,1532.1132167056203
ic_g5,shock_capacity_loss_minus20,47,linkage,uniform,cumulative_welfare,-474.0967011451721
ic_g5,shock_capacity_loss_minus20,47,linkage,uniform,cumulative_final_shortage,1166.6890281960368
ic_g5,shock_capacity_loss_minus20,47,linkage,uniform,cumulative_final_delivered,-1166.6890277862549
ic_g5,shock_capacity_loss_minus20,47,linkage,uniform,final_fill_rate,-1.2708063401589698e-07
ic_g5,shock_capacity_loss_minus20,47,linkage,uniform,mean_service_rate,-7.389814427050112e-08
ic_g5,shock_capacity_loss_minus20,47,linkage,uniform,terminal_output,0.0
ic_g5,shock_capacity_loss_minus20,47,linkage,uniform,fiscal_spend,0.0
ic_g5,shock_capacity_loss_minus20,47,linkage,uniform,private_spend,8.619571536779404
ic_g5,shock_capacity_loss_minus20,47,linkage,uniform,terminal_ai_effective_mean,9.238644957075114e-06
ic_g5,shock_capacity_loss_minus20,47,linkage,uniform,terminal_technology_mean,1.07436213140355e-05
ic_g5,shock_capacity_loss_minus20,47,linkage,uniform,terminal_edge_health_mean,0.0
ic_g5,shock_capacity_loss_minus20,47,stress,uniform,cumulative_value_added,3555.0945467948914
ic_g5,shock_capacity_loss_minus20,47,stress,uniform,cumulative_shortage,-32489.21526440233
ic_g5,shock_capacity_loss_minus20,47,stress,uniform,cumulative_welfare,10052.937600135803
ic_g5,shock_capacity_loss_minus20,47,stress,uniform,cumulative_final_shortage,-24590.026544608176
ic_g5,shock_capacity_loss_minus20,47,stress,uniform,cumulative_final_delivered,24590.026544570923
ic_g5,shock_capacity_loss_minus20,47,stress,uniform,final_fill_rate,2.678448233317532e-06
ic_g5,shock_capacity_loss_minus20,47,stress,uniform,mean_service_rate,1.5679422918912778e-06
ic_g5,shock_capacity_loss_minus20,47,stress,uniform,terminal_output,0.0
ic_g5,shock_capacity_loss_minus20,47,stress,uniform,fiscal_spend,9.313225746154785e-10
ic_g5,shock_capacity_loss_minus20,47,stress,uniform,private_spend,-182.78767874836922
ic_g5,shock_capacity_loss_minus20,47,stress,uniform,terminal_ai_effective_mean,-1.705183848541925e-05
ic_g5,shock_capacity_loss_minus20,47,stress,uniform,terminal_technology_mean,-1.908000639394558e-05
ic_g5,shock_capacity_loss_minus20,47,stress,uniform,terminal_edge_health_mean,0.0
ic_g5,shock_capacity_loss_minus20,48,linkage,uniform,cumulative_value_added,-175.17589807510376
ic_g5,shock_capacity_loss_minus20,48,linkage,uniform,cumulative_shortage,1600.61136546731
ic_g5,shock_capacity_loss_minus20,48,linkage,uniform,cumulative_welfare,-495.29817152023315
ic_g5,shock_capacity_loss_minus20,48,linkage,uniform,cumulative_final_shortage,1218.7628972679377
ic_g5,shock_capacity_loss_minus20,48,linkage,uniform,cumulative_final_delivered,-1218.762897491455
ic_g5,shock_capacity_loss_minus20,48,linkage,uniform,final_fill_rate,-1.3275273713642122e-07
ic_g5,shock_capacity_loss_minus20,48,linkage,uniform,mean_service_rate,-7.717567729326191e-08
ic_g5,shock_capacity_loss_minus20,48,linkage,uniform,terminal_output,0.0
ic_g5,shock_capacity_loss_minus20,48,linkage,uniform,fiscal_spend,0.0
ic_g5,shock_capacity_loss_minus20,48,linkage,uniform,private_spend,9.004880875349045
ic_g5,shock_capacity_loss_minus20,48,linkage,uniform,terminal_ai_effective_mean,9.238644957075114e-06
ic_g5,shock_capacity_loss_minus20,48,linkage,uniform,terminal_technology_mean,1.07436213140355e-05
ic_g5,shock_capacity_loss_minus20,48,linkage,uniform,terminal_edge_health_mean,0.0
ic_g5,shock_capacity_loss_minus20,48,stress,uniform,cumulative_value_added,3644.6005573272705
ic_g5,shock_capacity_loss_minus20,48,stress,uniform,cumulative_shortage,-33307.18728709221
ic_g5,shock_capacity_loss_minus20,48,stress,uniform,cumulative_welfare,10306.038014888763
ic_g5,shock_capacity_loss_minus20,48,stress,uniform,cumulative_final_shortage,-25174.04613621533
ic_g5,shock_capacity_loss_minus20,48,stress,uniform,cumulative_final_delivered,25174.04613494873
ic_g5,shock_capacity_loss_minus20,48,stress,uniform,final_fill_rate,2.742062082505825e-06
ic_g5,shock_capacity_loss_minus20,48,stress,uniform,mean_service_rate,1.6073656098347655e-06
ic_g5,shock_capacity_loss_minus20,48,stress,uniform,terminal_output,0.0
ic_g5,shock_capacity_loss_minus20,48,stress,uniform,fiscal_spend,9.313225746154785e-10
ic_g5,shock_capacity_loss_minus20,48,stress,uniform,private_spend,-187.3896698653698
ic_g5,shock_capacity_loss_minus20,48,stress,uniform,terminal_ai_effective_mean,-1.818821095370647e-05
ic_g5,shock_capacity_loss_minus20,48,stress,uniform,terminal_technology_mean,-2.0369071655812476e-05
ic_g5,shock_capacity_loss_minus20,48,stress,uniform,terminal_edge_health_mean,0.0
ic_g5,shock_capacity_loss_minus20,49,linkage,uniform,cumulative_value_added,-167.51786851882935
ic_g5,shock_capacity_loss_minus20,49,linkage,uniform,cumulative_shortage,1530.708484530449
ic_g5,shock_capacity_loss_minus20,49,linkage,uniform,cumulative_welfare,-473.65956592559814
ic_g5,shock_capacity_loss_minus20,49,linkage,uniform,cumulative_final_shortage,1166.287670187652
ic_g5,shock_capacity_loss_minus20,49,linkage,uniform,cumulative_final_delivered,-1166.287670135498
ic_g5,shock_capacity_loss_minus20,49,linkage,uniform,final_fill_rate,-1.270369165418117e-07
ic_g5,shock_capacity_loss_minus20,49,linkage,uniform,mean_service_rate,-7.383926314830092e-08
ic_g5,shock_capacity_loss_minus20,49,linkage,uniform,terminal_output,0.0
ic_g5,shock_capacity_loss_minus20,49,linkage,uniform,fiscal_spend,0.0
ic_g5,shock_capacity_loss_minus20,49,linkage,uniform,private_spend,8.611694395542145
ic_g5,shock_capacity_loss_minus20,49,linkage,uniform,terminal_ai_effective_mean,9.238644957075114e-06
ic_g5,shock_capacity_loss_minus20,49,linkage,uniform,terminal_technology_mean,1.07436213140355e-05
ic_g5,shock_capacity_loss_minus20,49,linkage,uniform,terminal_edge_health_mean,0.0
ic_g5,shock_capacity_loss_minus20,49,stress,uniform,cumulative_value_added,3404.5326385498047
ic_g5,shock_capacity_loss_minus20,49,stress,uniform,cumulative_shortage,-31112.973143413663
ic_g5,shock_capacity_loss_minus20,49,stress,uniform,cumulative_welfare,9627.12726688385
ic_g5,shock_capacity_loss_minus20,49,stress,uniform,cumulative_final_shortage,-23566.428042523563
ic_g5,shock_capacity_loss_minus20,49,stress,uniform,cumulative_final_delivered,23566.42804336548
ic_g5,shock_capacity_loss_minus20,49,stress,uniform,final_fill_rate,2.566953616001122e-06
ic_g5,shock_capacity_loss_minus20,49,stress,uniform,mean_service_rate,1.5015332940349069e-06
ic_g5,shock_capacity_loss_minus20,49,stress,uniform,terminal_output,0.0
ic_g5,shock_capacity_loss_minus20,49,stress,uniform,fiscal_spend,0.0
ic_g5,shock_capacity_loss_minus20,49,stress,uniform,private_spend,-175.0444648861885
ic_g5,shock_capacity_loss_minus20,49,stress,uniform,terminal_ai_effective_mean,-1.6062143774084933e-05
ic_g5,shock_capacity_loss_minus20,49,stress,uniform,terminal_technology_mean,-1.7957327083206742e-05
ic_g5,shock_capacity_loss_minus20,49,stress,uniform,terminal_edge_health_mean,0.0
ic_g5,shock_capacity_loss_minus20,50,linkage,uniform,cumulative_value_added,-167.61802005767822
ic_g5,shock_capacity_loss_minus20,50,linkage,uniform,cumulative_shortage,1531.6228729262948
ic_g5,shock_capacity_loss_minus20,50,linkage,uniform,cumulative_welfare,-473.94259452819824
ic_g5,shock_capacity_loss_minus20,50,linkage,uniform,cumulative_final_shortage,1167.8461142145097
ic_g5,shock_capacity_loss_minus20,50,linkage,uniform,cumulative_final_delivered,-1167.846113204956
ic_g5,shock_capacity_loss_minus20,50,linkage,uniform,final_fill_rate,-1.2720666864307617e-07
ic_g5,shock_capacity_loss_minus20,50,linkage,uniform,mean_service_rate,-7.388990141965479e-08
ic_g5,shock_capacity_loss_minus20,50,linkage,uniform,terminal_output,0.0
ic_g5,shock_capacity_loss_minus20,50,linkage,uniform,fiscal_spend,0.0
ic_g5,shock_capacity_loss_minus20,50,linkage,uniform,private_spend,8.616837829351425
ic_g5,shock_capacity_loss_minus20,50,linkage,uniform,terminal_ai_effective_mean,9.238644957075114e-06
ic_g5,shock_capacity_loss_minus20,50,linkage,uniform,terminal_technology_mean,1.07436213140355e-05
ic_g5,shock_capacity_loss_minus20,50,linkage,uniform,terminal_edge_health_mean,0.0
ic_g5,shock_capacity_loss_minus20,50,stress,uniform,cumulative_value_added,3077.3946981430054
ic_g5,shock_capacity_loss_minus20,50,stress,uniform,cumulative_shortage,-28123.20912027359
ic_g5,shock_capacity_loss_minus20,50,stress,uniform,cumulative_welfare,8702.036522388458
ic_g5,shock_capacity_loss_minus20,50,stress,uniform,cumulative_final_shortage,-21306.607378296554
ic_g5,shock_capacity_loss_minus20,50,stress,uniform,cumulative_final_delivered,21306.60737800598
ic_g5,shock_capacity_loss_minus20,50,stress,uniform,final_fill_rate,2.320804525557385e-06
ic_g5,shock_capacity_loss_minus20,50,stress,uniform,mean_service_rate,1.3572753715385133e-06
ic_g5,shock_capacity_loss_minus20,50,stress,uniform,terminal_output,0.0
ic_g5,shock_capacity_loss_minus20,50,stress,uniform,fiscal_spend,0.0
ic_g5,shock_capacity_loss_minus20,50,stress,uniform,private_spend,-158.22360214591026
ic_g5,shock_capacity_loss_minus20,50,stress,uniform,terminal_ai_effective_mean,-1.477316521173496e-05
ic_g5,shock_capacity_loss_minus20,50,stress,uniform,terminal_technology_mean,-1.6495148896789047e-05
ic_g5,shock_capacity_loss_minus20,50,stress,uniform,terminal_edge_health_mean,0.0
ic_g5,shock_capacity_loss_minus20,51,linkage,uniform,cumulative_value_added,-168.29090785980225
ic_g5,shock_capacity_loss_minus20,51,linkage,uniform,cumulative_shortage,1537.6839419156313
ic_g5,shock_capacity_loss_minus20,51,linkage,uniform,cumulative_welfare,-475.8276963233948
ic_g5,shock_capacity_loss_minus20,51,linkage,uniform,cumulative_final_shortage,1170.4427111446857
ic_g5,shock_capacity_loss_minus20,51,linkage,uniform,cumulative_final_delivered,-1170.4427108764648
ic_g5,shock_capacity_loss_minus20,51,linkage,uniform,final_fill_rate,-1.274895008451793e-07
ic_g5,shock_capacity_loss_minus20,51,linkage,uniform,mean_service_rate,-7.4151822904156e-08
ic_g5,shock_capacity_loss_minus20,51,linkage,uniform,terminal_output,0.0
ic_g5,shock_capacity_loss_minus20,51,linkage,uniform,fiscal_spend,0.0
ic_g5,shock_capacity_loss_minus20,51,linkage,uniform,private_spend,8.650836616754532
ic_g5,shock_capacity_loss_minus20,51,linkage,uniform,terminal_ai_effective_mean,9.238644957075114e-06
ic_g5,shock_capacity_loss_minus20,51,linkage,uniform,terminal_technology_mean,1.07436213140355e-05
ic_g5,shock_capacity_loss_minus20,51,linkage,uniform,terminal_edge_health_mean,0.0
ic_g5,shock_capacity_loss_minus20,51,stress,uniform,cumulative_value_added,3635.527717113495
ic_g5,shock_capacity_loss_minus20,51,stress,uniform,cumulative_shortage,-33224.32455715537
ic_g5,shock_capacity_loss_minus20,51,stress,uniform,cumulative_welfare,10280.392628669739
ic_g5,shock_capacity_loss_minus20,51,stress,uniform,cumulative_final_shortage,-25128.82958444953
ic_g5,shock_capacity_loss_minus20,51,stress,uniform,cumulative_final_delivered,25128.829586029053
ic_g5,shock_capacity_loss_minus20,51,stress,uniform,final_fill_rate,2.737136907460247e-06
ic_g5,shock_capacity_loss_minus20,51,stress,uniform,mean_service_rate,1.6034015621890774e-06
ic_g5,shock_capacity_loss_minus20,51,stress,uniform,terminal_output,0.0
ic_g5,shock_capacity_loss_minus20,51,stress,uniform,fiscal_spend,0.0
ic_g5,shock_capacity_loss_minus20,51,stress,uniform,private_spend,-186.92353519797325
ic_g5,shock_capacity_loss_minus20,51,stress,uniform,terminal_ai_effective_mean,-1.7750779850630224e-05
ic_g5,shock_capacity_loss_minus20,51,stress,uniform,terminal_technology_mean,-1.98728636150447e-05
ic_g5,shock_capacity_loss_minus20,51,stress,uniform,terminal_edge_health_mean,0.0
ic_g5,shock_capacity_loss_plus20,42,linkage,uniform,cumulative_value_added,-225.65817975997925
ic_g5,shock_capacity_loss_plus20,42,linkage,uniform,cumulative_shortage,2061.9261462390423
ic_g5,shock_capacity_loss_plus20,42,linkage,uniform,cumulative_welfare,-638.043408870697
ic_g5,shock_capacity_loss_plus20,42,linkage,uniform,cumulative_final_shortage,1569.0065031200647
ic_g5,shock_capacity_loss_plus20,42,linkage,uniform,cumulative_final_delivered,-1569.0065021514893
ic_g5,shock_capacity_loss_plus20,42,linkage,uniform,final_fill_rate,-1.7090273107811527e-07
ic_g5,shock_capacity_loss_plus20,42,linkage,uniform,mean_service_rate,-9.936043221525637e-08
ic_g5,shock_capacity_loss_plus20,42,linkage,uniform,terminal_output,0.0
ic_g5,shock_capacity_loss_plus20,42,linkage,uniform,fiscal_spend,0.0
ic_g5,shock_capacity_loss_plus20,42,linkage,uniform,private_spend,11.600249290466309
ic_g5,shock_capacity_loss_plus20,42,linkage,uniform,terminal_ai_effective_mean,9.238644957075114e-06
ic_g5,shock_capacity_loss_plus20,42,linkage,uniform,terminal_technology_mean,1.07436213140355e-05
ic_g5,shock_capacity_loss_plus20,42,linkage,uniform,terminal_edge_health_mean,0.0
ic_g5,shock_capacity_loss_plus20,42,stress,uniform,cumulative_value_added,4684.554659843445
ic_g5,shock_capacity_loss_plus20,42,stress,uniform,cumulative_shortage,-42810.99854181707
ic_g5,shock_capacity_loss_plus20,42,stress,uniform,cumulative_welfare,13246.754368305206
ic_g5,shock_capacity_loss_plus20,42,stress,uniform,cumulative_final_shortage,-32043.93536504358
ic_g5,shock_capacity_loss_plus20,42,stress,uniform,cumulative_final_delivered,32043.93536567688
ic_g5,shock_capacity_loss_plus20,42,stress,uniform,final_fill_rate,3.4903590654389305e-06
ic_g5,shock_capacity_loss_plus20,42,stress,uniform,mean_service_rate,2.0649923705429174e-06
ic_g5,shock_capacity_loss_plus20,42,stress,uniform,terminal_output,0.0
ic_g5,shock_capacity_loss_plus20,42,stress,uniform,fiscal_spend,0.0
ic_g5,shock_capacity_loss_plus20,42,stress,uniform,private_spend,-240.85898131132126
ic_g5,shock_capacity_loss_plus20,42,stress,uniform,terminal_ai_effective_mean,-2.7395764465083187e-05
ic_g5,shock_capacity_loss_plus20,42,stress,uniform,terminal_technology_mean,-3.0813799461237856e-05
ic_g5,shock_capacity_loss_plus20,42,stress,uniform,terminal_edge_health_mean,0.0
ic_g5,shock_capacity_loss_plus20,43,linkage,uniform,cumulative_value_added,-225.62884855270386
ic_g5,shock_capacity_loss_plus20,43,linkage,uniform,cumulative_shortage,2061.658350944519
ic_g5,shock_capacity_loss_plus20,43,linkage,uniform,cumulative_welfare,-637.9605188369751
ic_g5,shock_capacity_loss_plus20,43,linkage,uniform,cumulative_final_shortage,1568.582701727748
ic_g5,shock_capacity_loss_plus20,43,linkage,uniform,cumulative_final_delivered,-1568.5827026367188
ic_g5,shock_capacity_loss_plus20,43,linkage,uniform,final_fill_rate,-1.7085656911497438e-07
ic_g5,shock_capacity_loss_plus20,43,linkage,uniform,mean_service_rate,-9.934475220241268e-08
ic_g5,shock_capacity_loss_plus20,43,linkage,uniform,terminal_output,0.0
ic_g5,shock_capacity_loss_plus20,43,linkage,uniform,fiscal_spend,0.0
ic_g5,shock_capacity_loss_plus20,43,linkage,uniform,private_spend,11.598742932081223
ic_g5,shock_capacity_loss_plus20,43,linkage,uniform,terminal_ai_effective_mean,9.238644957075114e-06
ic_g5,shock_capacity_loss_plus20,43,linkage,uniform,terminal_technology_mean,1.07436213140355e-05
ic_g5,shock_capacity_loss_plus20,43,linkage,uniform,terminal_edge_health_mean,0.0
ic_g5,shock_capacity_loss_plus20,43,stress,uniform,cumulative_value_added,4728.354659080505
ic_g5,shock_capacity_loss_plus20,43,stress,uniform,cumulative_shortage,-43211.27665229142
ic_g5,shock_capacity_loss_plus20,43,stress,uniform,cumulative_welfare,13370.609989643097
ic_g5,shock_capacity_loss_plus20,43,stress,uniform,cumulative_final_shortage,-32333.48353880644
ic_g5,shock_capacity_loss_plus20,43,stress,uniform,cumulative_final_delivered,32333.48353767395
ic_g5,shock_capacity_loss_plus20,43,stress,uniform,final_fill_rate,3.5218978596818218e-06
ic_g5,shock_capacity_loss_plus20,43,stress,uniform,mean_service_rate,2.084262840318374e-06
ic_g5,shock_capacity_loss_plus20,43,stress,uniform,terminal_output,0.0
ic_g5,shock_capacity_loss_plus20,43,stress,uniform,fiscal_spend,0.0
ic_g5,shock_capacity_loss_plus20,43,stress,uniform,private_spend,-243.11098691821098
ic_g5,shock_capacity_loss_plus20,43,stress,uniform,terminal_ai_effective_mean,-2.7724630793687487e-05
ic_g5,shock_capacity_loss_plus20,43,stress,uniform,terminal_technology_mean,-3.11868530287196e-05
ic_g5,shock_capacity_loss_plus20,43,stress,uniform,terminal_edge_health_mean,0.0
ic_g5,shock_capacity_loss_plus20,44,linkage,uniform,cumulative_value_added,-225.75243282318115
ic_g5,shock_capacity_loss_plus20,44,linkage,uniform,cumulative_shortage,2062.7866862416267
ic_g5,shock_capacity_loss_plus20,44,linkage,uniform,cumulative_welfare,-638.3097701072693
ic_g5,shock_capacity_loss_plus20,44,linkage,uniform,cumulative_final_shortage,1570.3753265067935
ic_g5,shock_capacity_loss_plus20,44,linkage,uniform,cumulative_final_delivered,-1570.3753261566162
ic_g5,shock_capacity_loss_plus20,44,linkage,uniform,final_fill_rate,-1.7105182903431881e-07
ic_g5,shock_capacity_loss_plus20,44,linkage,uniform,mean_service_rate,-9.941083523035132e-08
ic_g5,shock_capacity_loss_plus20,44,linkage,uniform,terminal_output,0.0
ic_g5,shock_capacity_loss_plus20,44,linkage,uniform,fiscal_spend,0.0
ic_g5,shock_capacity_loss_plus20,44,linkage,uniform,private_spend,11.605089843273163
ic_g5,shock_capacity_loss_plus20,44,linkage,uniform,terminal_ai_effective_mean,9.238644957075114e-06
ic_g5,shock_capacity_loss_plus20,44,linkage,uniform,terminal_technology_mean,1.07436213140355e-05
ic_g5,shock_capacity_loss_plus20,44,linkage,uniform,terminal_edge_health_mean,0.0
ic_g5,shock_capacity_loss_plus20,44,stress,uniform,cumulative_value_added,4542.602299213409
ic_g5,shock_capacity_loss_plus20,44,stress,uniform,cumulative_shortage,-41513.72914662957
ic_g5,shock_capacity_loss_plus20,44,stress,uniform,cumulative_welfare,12845.348128795624
ic_g5,shock_capacity_loss_plus20,44,stress,uniform,cumulative_final_shortage,-31104.153384789824
ic_g5,shock_capacity_loss_plus20,44,stress,uniform,cumulative_final_delivered,31104.153385162354
ic_g5,shock_capacity_loss_plus20,44,stress,uniform,final_fill_rate,3.387994093162483e-06
ic_g5,shock_capacity_loss_plus20,44,stress,uniform,mean_service_rate,2.002532850653438e-06
ic_g5,shock_capacity_loss_plus20,44,stress,uniform,terminal_output,0.0
ic_g5,shock_capacity_loss_plus20,44,stress,uniform,fiscal_spend,9.313225746154785e-10
ic_g5,shock_capacity_loss_plus20,44,stress,uniform,private_spend,-233.56041157245636
ic_g5,shock_capacity_loss_plus20,44,stress,uniform,terminal_ai_effective_mean,-2.6330299973538387e-05
ic_g5,shock_capacity_loss_plus20,44,stress,uniform,terminal_technology_mean,-2.960517628491921e-05
ic_g5,shock_capacity_loss_plus20,44,stress,uniform,terminal_edge_health_mean,0.0
ic_g5,shock_capacity_loss_plus20,45,linkage,uniform,cumulative_value_added,-225.6765604019165
ic_g5,shock_capacity_loss_plus20,45,linkage,uniform,cumulative_shortage,2062.0939655452967
ic_g5,shock_capacity_loss_plus20,45,linkage,uniform,cumulative_welfare,-638.0953531265259
ic_g5,shock_capacity_loss_plus20,45,linkage,uniform,cumulative_final_shortage,1569.2726100310683
ic_g5,shock_capacity_loss_plus20,45,linkage,uniform,cumulative_final_delivered,-1569.2726097106934
ic_g5,shock_capacity_loss_plus20,45,linkage,uniform,final_fill_rate,-1.7093171666981988e-07
ic_g5,shock_capacity_loss_plus20,45,linkage,uniform,mean_service_rate,-9.937025968742574e-08
ic_g5,shock_capacity_loss_plus20,45,linkage,uniform,terminal_output,0.0
ic_g5,shock_capacity_loss_plus20,45,linkage,uniform,fiscal_spend,0.0
ic_g5,shock_capacity_loss_plus20,45,linkage,uniform,private_spend,11.601193279027939
ic_g5,shock_capacity_loss_plus20,45,linkage,uniform,terminal_ai_effective_mean,9.238644957075114e-06
ic_g5,shock_capacity_loss_plus20,45,linkage,uniform,terminal_technology_mean,1.07436213140355e-05
ic_g5,shock_capacity_loss_plus20,45,linkage,uniform,terminal_edge_health_mean,0.0
ic_g5,shock_capacity_loss_plus20,45,stress,uniform,cumulative_value_added,4657.016228199005
ic_g5,shock_capacity_loss_plus20,45,stress,uniform,cumulative_shortage,-42559.3311932683
ic_g5,shock_capacity_loss_plus20,45,stress,uniform,cumulative_welfare,13168.88246679306
ic_g5,shock_capacity_loss_plus20,45,stress,uniform,cumulative_final_shortage,-31861.784404084086
ic_g5,shock_capacity_loss_plus20,45,stress,uniform,cumulative_final_delivered,31861.78440475464
ic_g5,shock_capacity_loss_plus20,45,stress,uniform,final_fill_rate,3.470518423087654e-06
ic_g5,shock_capacity_loss_plus20,45,stress,uniform,mean_service_rate,2.052876015512517e-06
ic_g5,shock_capacity_loss_plus20,45,stress,uniform,terminal_output,0.0
ic_g5,shock_capacity_loss_plus20,45,stress,uniform,fiscal_spend,9.313225746154785e-10
ic_g5,shock_capacity_loss_plus20,45,stress,uniform,private_spend,-239.44307509064674
ic_g5,shock_capacity_loss_plus20,45,stress,uniform,terminal_ai_effective_mean,-2.718902341759333e-05
ic_g5,shock_capacity_loss_plus20,45,stress,uniform,terminal_technology_mean,-3.057928017846656e-05
ic_g5,shock_capacity_loss_plus20,45,stress,uniform,terminal_edge_health_mean,0.0
ic_g5,shock_capacity_loss_plus20,46,linkage,uniform,cumulative_value_added,-225.7329397201538
ic_g5,shock_capacity_loss_plus20,46,linkage,uniform,cumulative_shortage,2062.608714312315
ic_g5,shock_capacity_loss_plus20,46,linkage,uniform,cumulative_welfare,-638.2546830177307
ic_g5,shock_capacity_loss_plus20,46,linkage,uniform,cumulative_final_shortage,1570.0913579687476
ic_g5,shock_capacity_loss_plus20,46,linkage,uniform,cumulative_final_delivered,-1570.0913581848145
ic_g5,shock_capacity_loss_plus20,46,linkage,uniform,final_fill_rate,-1.7102089810983045e-07
ic_g5,shock_capacity_loss_plus20,46,linkage,uniform,mean_service_rate,-9.940040890388246e-08
ic_g5,shock_capacity_loss_plus20,46,linkage,uniform,terminal_output,0.0
ic_g5,shock_capacity_loss_plus20,46,linkage,uniform,fiscal_spend,0.0
ic_g5,shock_capacity_loss_plus20,46,linkage,uniform,private_spend,11.604088753461838
ic_g5,shock_capacity_loss_plus20,46,linkage,uniform,terminal_ai_effective_mean,9.238644957075114e-06
ic_g5,shock_capacity_loss_plus20,46,linkage,uniform,terminal_technology_mean,1.07436213140355e-05
ic_g5,shock_capacity_loss_plus20,46,linkage,uniform,terminal_edge_health_mean,0.0
ic_g5,shock_capacity_loss_plus20,46,stress,uniform,cumulative_value_added,4572.111793994904
ic_g5,shock_capacity_loss_plus20,46,stress,uniform,cumulative_shortage,-41783.40943738818
ic_g5,shock_capacity_loss_plus20,46,stress,uniform,cumulative_welfare,12928.793681144714
ic_g5,shock_capacity_loss_plus20,46,stress,uniform,cumulative_final_shortage,-31299.691230602562
ic_g5,shock_capacity_loss_plus20,46,stress,uniform,cumulative_final_delivered,31299.691230773926
ic_g5,shock_capacity_loss_plus20,46,stress,uniform,final_fill_rate,3.409292890665938e-06
ic_g5,shock_capacity_loss_plus20,46,stress,uniform,mean_service_rate,2.015517808984235e-06
ic_g5,shock_capacity_loss_plus20,46,stress,uniform,terminal_output,0.0
ic_g5,shock_capacity_loss_plus20,46,stress,uniform,fiscal_spend,9.313225746154785e-10
ic_g5,shock_capacity_loss_plus20,46,stress,uniform,private_spend,-235.0776602625847
ic_g5,shock_capacity_loss_plus20,46,stress,uniform,terminal_ai_effective_mean,-2.655174668673337e-05
ic_g5,shock_capacity_loss_plus20,46,stress,uniform,terminal_technology_mean,-2.9856377228854036e-05
ic_g5,shock_capacity_loss_plus20,46,stress,uniform,terminal_edge_health_mean,0.0
ic_g5,shock_capacity_loss_plus20,47,linkage,uniform,cumulative_value_added,-225.61833095550537
ic_g5,shock_capacity_loss_plus20,47,linkage,uniform,cumulative_shortage,2061.562322035432
ic_g5,shock_capacity_loss_plus20,47,linkage,uniform,cumulative_welfare,-637.9307947158813
ic_g5,shock_capacity_loss_plus20,47,linkage,uniform,cumulative_final_shortage,1568.4309795945883
ic_g5,shock_capacity_loss_plus20,47,linkage,uniform,cumulative_final_delivered,-1568.430980682373
ic_g5,shock_capacity_loss_plus20,47,linkage,uniform,final_fill_rate,-1.7084004289014132e-07
ic_g5,shock_capacity_loss_plus20,47,linkage,uniform,mean_service_rate,-9.933912992199367e-08
ic_g5,shock_capacity_loss_plus20,47,linkage,uniform,terminal_output,0.0
ic_g5,shock_capacity_loss_plus20,47,linkage,uniform,fiscal_spend,0.0
ic_g5,shock_capacity_loss_plus20,47,linkage,uniform,private_spend,11.598202764987946
ic_g5,shock_capacity_loss_plus20,47,linkage,uniform,terminal_ai_effective_mean,9.238644957075114e-06
ic_g5,shock_capacity_loss_plus20,47,linkage,uniform,terminal_technology_mean,1.07436213140355e-05
ic_g5,shock_capacity_loss_plus20,47,linkage,uniform,terminal_edge_health_mean,0.0
ic_g5,shock_capacity_loss_plus20,47,stress,uniform,cumulative_value_added,4744.01798915863
ic_g5,shock_capacity_loss_plus20,47,stress,uniform,cumulative_shortage,-43354.42023952305
ic_g5,shock_capacity_loss_plus20,47,stress,uniform,cumulative_welfare,13414.902037143707
ic_g5,shock_capacity_loss_plus20,47,stress,uniform,cumulative_final_shortage,-32436.980059094727
ic_g5,shock_capacity_loss_plus20,47,stress,uniform,cumulative_final_delivered,32436.980058670044
ic_g5,shock_capacity_loss_plus20,47,stress,uniform,final_fill_rate,3.5331711324415593e-06
ic_g5,shock_capacity_loss_plus20,47,stress,uniform,mean_service_rate,2.0911539653223343e-06
ic_g5,shock_capacity_loss_plus20,47,stress,uniform,terminal_output,0.0
ic_g5,shock_capacity_loss_plus20,47,stress,uniform,fiscal_spend,0.0
ic_g5,shock_capacity_loss_plus20,47,stress,uniform,private_spend,-243.91632741689682
ic_g5,shock_capacity_loss_plus20,47,stress,uniform,terminal_ai_effective_mean,-2.7842249925106363e-05
ic_g5,shock_capacity_loss_plus20,47,stress,uniform,terminal_technology_mean,-3.1320275723500934e-05
ic_g5,shock_capacity_loss_plus20,47,stress,uniform,terminal_edge_health_mean,0.0
ic_g5,shock_capacity_loss_plus20,48,linkage,uniform,cumulative_value_added,-225.48262882232666
ic_g5,shock_capacity_loss_plus20,48,linkage,uniform,cumulative_shortage,2060.3233538120985
ic_g5,shock_capacity_loss_plus20,48,linkage,uniform,cumulative_welfare,-637.547299861908
ic_g5,shock_capacity_loss_plus20,48,linkage,uniform,cumulative_final_shortage,1566.4851503372192
ic_g5,shock_capacity_loss_plus20,48,linkage,uniform,cumulative_final_delivered,-1566.4851512908936
ic_g5,shock_capacity_loss_plus20,48,linkage,uniform,final_fill_rate,-1.7062809498646914e-07
ic_g5,shock_capacity_loss_plus20,48,linkage,uniform,mean_service_rate,-9.926661981296547e-08
ic_g5,shock_capacity_loss_plus20,48,linkage,uniform,terminal_output,0.0
ic_g5,shock_capacity_loss_plus20,48,linkage,uniform,fiscal_spend,0.0
ic_g5,shock_capacity_loss_plus20,48,linkage,uniform,private_spend,11.591233551502228
ic_g5,shock_capacity_loss_plus20,48,linkage,uniform,terminal_ai_effective_mean,9.238644957075114e-06
ic_g5,shock_capacity_loss_plus20,48,linkage,uniform,terminal_technology_mean,1.07436213140355e-05
ic_g5,shock_capacity_loss_plus20,48,linkage,uniform,terminal_edge_health_mean,0.0
ic_g5,shock_capacity_loss_plus20,48,stress,uniform,cumulative_value_added,4944.096455574036
ic_g5,shock_capacity_loss_plus20,48,stress,uniform,cumulative_shortage,-45182.892473205924
ic_g5,shock_capacity_loss_plus20,48,stress,uniform,cumulative_welfare,13980.674950122833
ic_g5,shock_capacity_loss_plus20,48,stress,uniform,cumulative_final_shortage,-33756.73637064546
ic_g5,shock_capacity_loss_plus20,48,stress,uniform,cumulative_final_delivered,33756.73637008667
ic_g5,shock_capacity_loss_plus20,48,stress,uniform,final_fill_rate,3.6769244933232414e-06
ic_g5,shock_capacity_loss_plus20,48,stress,uniform,mean_service_rate,2.179169980132123e-06
ic_g5,shock_capacity_loss_plus20,48,stress,uniform,terminal_output,0.0
ic_g5,shock_capacity_loss_plus20,48,stress,uniform,fiscal_spend,0.0
ic_g5,shock_capacity_loss_plus20,48,stress,uniform,private_spend,-254.20350068807602
ic_g5,shock_capacity_loss_plus20,48,stress,uniform,terminal_ai_effective_mean,-2.9345304040001574e-05
ic_g5,shock_capacity_loss_plus20,48,stress,uniform,terminal_technology_mean,-3.3025282804577394e-05
ic_g5,shock_capacity_loss_plus20,48,stress,uniform,terminal_edge_health_mean,0.0
ic_g5,shock_capacity_loss_plus20,49,linkage,uniform,cumulative_value_added,-225.73514461517334
ic_g5,shock_capacity_loss_plus20,49,linkage,uniform,cumulative_shortage,2062.62884272635
ic_g5,shock_capacity_loss_plus20,49,linkage,uniform,cumulative_welfare,-638.2609133720398
ic_g5,shock_capacity_loss_plus20,49,linkage,uniform,cumulative_final_shortage,1570.1234516724944
ic_g5,shock_capacity_loss_plus20,49,linkage,uniform,cumulative_final_delivered,-1570.1234512329102
ic_g5,shock_capacity_loss_plus20,49,linkage,uniform,final_fill_rate,-1.710243938690681e-07
ic_g5,shock_capacity_loss_plus20,49,linkage,uniform,mean_service_rate,-9.940158818277922e-08
ic_g5,shock_capacity_loss_plus20,49,linkage,uniform,terminal_output,0.0
ic_g5,shock_capacity_loss_plus20,49,linkage,uniform,fiscal_spend,0.0
ic_g5,shock_capacity_loss_plus20,49,linkage,uniform,private_spend,11.604201972484589
ic_g5,shock_capacity_loss_plus20,49,linkage,uniform,terminal_ai_effective_mean,9.238644957075114e-06
ic_g5,shock_capacity_loss_plus20,49,linkage,uniform,terminal_technology_mean,1.07436213140355e-05
ic_g5,shock_capacity_loss_plus20,49,linkage,uniform,terminal_edge_health_mean,0.0
ic_g5,shock_capacity_loss_plus20,49,stress,uniform,cumulative_value_added,4568.778249263763
ic_g5,shock_capacity_loss_plus20,49,stress,uniform,cumulative_shortage,-41752.94496461749
ic_g5,shock_capacity_loss_plus20,49,stress,uniform,cumulative_welfare,12919.367242336273
ic_g5,shock_capacity_loss_plus20,49,stress,uniform,cumulative_final_shortage,-31277.606813281775
ic_g5,shock_capacity_loss_plus20,49,stress,uniform,cumulative_final_delivered,31277.606813430786
ic_g5,shock_capacity_loss_plus20,49,stress,uniform,final_fill_rate,3.4068873637771446e-06
ic_g5,shock_capacity_loss_plus20,49,stress,uniform,mean_service_rate,2.0140509791044536e-06
ic_g5,shock_capacity_loss_plus20,49,stress,uniform,terminal_output,0.0
ic_g5,shock_capacity_loss_plus20,49,stress,uniform,fiscal_spend,0.0
ic_g5,shock_capacity_loss_plus20,49,stress,uniform,private_spend,-234.90626403689384
ic_g5,shock_capacity_loss_plus20,49,stress,uniform,terminal_ai_effective_mean,-2.652672974904702e-05
ic_g5,shock_capacity_loss_plus20,49,stress,uniform,terminal_technology_mean,-2.9827998943465772e-05
ic_g5,shock_capacity_loss_plus20,49,stress,uniform,terminal_edge_health_mean,0.0
ic_g5,shock_capacity_loss_plus20,50,linkage,uniform,cumulative_value_added,-225.88539791107178
ic_g5,shock_capacity_loss_plus20,50,linkage,uniform,cumulative_shortage,2064.0006654262543
ic_g5,shock_capacity_loss_plus20,50,linkage,uniform,cumulative_welfare,-638.6855306625366
ic_g5,shock_capacity_loss_plus20,50,linkage,uniform,cumulative_final_shortage,1572.3246488496661
ic_g5,shock_capacity_loss_plus20,50,linkage,uniform,cumulative_final_delivered,-1572.3246479034424
ic_g5,shock_capacity_loss_plus20,50,linkage,uniform,final_fill_rate,-1.7126415730039923e-07
ic_g5,shock_capacity_loss_plus20,50,linkage,uniform,mean_service_rate,-9.948198098630456e-08
ic_g5,shock_capacity_loss_plus20,50,linkage,uniform,terminal_output,0.0
ic_g5,shock_capacity_loss_plus20,50,linkage,uniform,fiscal_spend,0.0
ic_g5,shock_capacity_loss_plus20,50,linkage,uniform,private_spend,11.611918479204178
ic_g5,shock_capacity_loss_plus20,50,linkage,uniform,terminal_ai_effective_mean,9.238644957075114e-06
ic_g5,shock_capacity_loss_plus20,50,linkage,uniform,terminal_technology_mean,1.07436213140355e-05
ic_g5,shock_capacity_loss_plus20,50,linkage,uniform,terminal_edge_health_mean,0.0
ic_g5,shock_capacity_loss_plus20,50,stress,uniform,cumulative_value_added,4339.171129226685
ic_g5,shock_capacity_loss_plus20,50,stress,uniform,cumulative_shortage,-39654.62074813247
ic_g5,shock_capacity_loss_plus20,50,stress,uniform,cumulative_welfare,12270.095279216766
ic_g5,shock_capacity_loss_plus20,50,stress,uniform,cumulative_final_shortage,-29753.706727571785
ic_g5,shock_capacity_loss_plus20,50,stress,uniform,cumulative_final_delivered,29753.706727981567
ic_g5,shock_capacity_loss_plus20,50,stress,uniform,final_fill_rate,3.2408978117848264e-06
ic_g5,shock_capacity_loss_plus20,50,stress,uniform,mean_service_rate,1.913008151110951e-06
ic_g5,shock_capacity_loss_plus20,50,stress,uniform,terminal_output,0.0
ic_g5,shock_capacity_loss_plus20,50,stress,uniform,fiscal_spend,0.0
ic_g5,shock_capacity_loss_plus20,50,stress,uniform,private_spend,-223.10088002681732
ic_g5,shock_capacity_loss_plus20,50,stress,uniform,terminal_ai_effective_mean,-2.4804327818426283e-05
ic_g5,shock_capacity_loss_plus20,50,stress,uniform,terminal_technology_mean,-2.7874169263197857e-05
ic_g5,shock_capacity_loss_plus20,50,stress,uniform,terminal_edge_health_mean,0.0
ic_g5,shock_capacity_loss_plus20,51,linkage,uniform,cumulative_value_added,-225.53506326675415
ic_g5,shock_capacity_loss_plus20,51,linkage,uniform,cumulative_shortage,2060.8020835369825
ic_g5,shock_capacity_loss_plus20,51,linkage,uniform,cumulative_welfare,-637.6954798698425
ic_g5,shock_capacity_loss_plus20,51,linkage,uniform,cumulative_final_shortage,1567.2344445586205
ic_g5,shock_capacity_loss_plus20,51,linkage,uniform,cumulative_final_delivered,-1567.2344436645508
ic_g5,shock_capacity_loss_plus20,51,linkage,uniform,final_fill_rate,-1.707097111447453e-07
ic_g5,shock_capacity_loss_plus20,51,linkage,uniform,mean_service_rate,-9.929463129498828e-08
ic_g5,shock_capacity_loss_plus20,51,linkage,uniform,terminal_output,0.0
ic_g5,shock_capacity_loss_plus20,51,linkage,uniform,fiscal_spend,0.0
ic_g5,shock_capacity_loss_plus20,51,linkage,uniform,private_spend,11.593926399946213
ic_g5,shock_capacity_loss_plus20,51,linkage,uniform,terminal_ai_effective_mean,9.238644957075114e-06
ic_g5,shock_capacity_loss_plus20,51,linkage,uniform,terminal_technology_mean,1.07436213140355e-05
ic_g5,shock_capacity_loss_plus20,51,linkage,uniform,terminal_edge_health_mean,0.0
ic_g5,shock_capacity_loss_plus20,51,stress,uniform,cumulative_value_added,4867.227063655853
ic_g5,shock_capacity_loss_plus20,51,stress,uniform,cumulative_shortage,-44480.40013714135
ic_g5,shock_capacity_loss_plus20,51,stress,uniform,cumulative_welfare,13763.307091236115
ic_g5,shock_capacity_loss_plus20,51,stress,uniform,cumulative_final_shortage,-33250.191529005766
ic_g5,shock_capacity_loss_plus20,51,stress,uniform,cumulative_final_delivered,33250.19152832031
ic_g5,shock_capacity_loss_plus20,51,stress,uniform,final_fill_rate,3.6217495167356617e-06
ic_g5,shock_capacity_loss_plus20,51,stress,uniform,mean_service_rate,2.1453565549611753e-06
ic_g5,shock_capacity_loss_plus20,51,stress,uniform,terminal_output,0.0
ic_g5,shock_capacity_loss_plus20,51,stress,uniform,fiscal_spend,9.313225746154785e-10
ic_g5,shock_capacity_loss_plus20,51,stress,uniform,private_spend,-250.25120615959167
ic_g5,shock_capacity_loss_plus20,51,stress,uniform,terminal_ai_effective_mean,-2.876769762135507e-05
ic_g5,shock_capacity_loss_plus20,51,stress,uniform,terminal_technology_mean,-3.237006832790268e-05
ic_g5,shock_capacity_loss_plus20,51,stress,uniform,terminal_edge_health_mean,0.0
ic_g5,budget_share_minus20,42,linkage,uniform,cumulative_value_added,-180.88388204574585
ic_g5,budget_share_minus20,42,linkage,uniform,cumulative_shortage,1652.8034458011389
ic_g5,budget_share_minus20,42,linkage,uniform,cumulative_welfare,-511.4445719718933
ic_g5,budget_share_minus20,42,linkage,uniform,cumulative_final_shortage,1260.4464899748564
ic_g5,budget_share_minus20,42,linkage,uniform,cumulative_final_delivered,-1260.4464893341064
ic_g5,budget_share_minus20,42,linkage,uniform,final_fill_rate,-1.3729308778742677e-07
ic_g5,budget_share_minus20,42,linkage,uniform,mean_service_rate,-7.96793678814467e-08
ic_g5,budget_share_minus20,42,linkage,uniform,terminal_output,0.0
ic_g5,budget_share_minus20,42,linkage,uniform,fiscal_spend,0.0
ic_g5,budget_share_minus20,42,linkage,uniform,private_spend,9.298551172018051
ic_g5,budget_share_minus20,42,linkage,uniform,terminal_ai_effective_mean,7.390915965660438e-06
ic_g5,budget_share_minus20,42,linkage,uniform,terminal_technology_mean,8.594897050850925e-06
ic_g5,budget_share_minus20,42,linkage,uniform,terminal_edge_health_mean,0.0
ic_g5,budget_share_minus20,42,stress,uniform,cumulative_value_added,3195.2773451805115
ic_g5,budget_share_minus20,42,stress,uniform,cumulative_shortage,-29200.857876762748
ic_g5,budget_share_minus20,42,stress,uniform,cumulative_welfare,9035.448920249939
ic_g5,budget_share_minus20,42,stress,uniform,cumulative_final_shortage,-21961.502513714135
ic_g5,budget_share_minus20,42,stress,uniform,cumulative_final_delivered,21961.502513885498
ic_g5,budget_share_minus20,42,stress,uniform,final_fill_rate,2.3921384346703434e-06
ic_g5,budget_share_minus20,42,stress,uniform,mean_service_rate,1.4088840822878979e-06
ic_g5,budget_share_minus20,42,stress,uniform,terminal_output,0.0
ic_g5,budget_share_minus20,42,stress,uniform,fiscal_spend,-9.313225746154785e-10
ic_g5,budget_share_minus20,42,stress,uniform,private_spend,-164.28696212172508
ic_g5,budget_share_minus20,42,stress,uniform,terminal_ai_effective_mean,-1.7778487199025025e-05
ic_g5,budget_share_minus20,42,stress,uniform,terminal_technology_mean,-1.9956900708661962e-05
ic_g5,budget_share_minus20,42,stress,uniform,terminal_edge_health_mean,0.0
ic_g5,budget_share_minus20,43,linkage,uniform,cumulative_value_added,-180.8643283843994
ic_g5,budget_share_minus20,43,linkage,uniform,cumulative_shortage,1652.624916099012
ic_g5,budget_share_minus20,43,linkage,uniform,cumulative_welfare,-511.3893117904663
ic_g5,budget_share_minus20,43,linkage,uniform,cumulative_final_shortage,1260.1531493216753
ic_g5,budget_share_minus20,43,linkage,uniform,cumulative_final_delivered,-1260.1531505584717
ic_g5,budget_share_minus20,43,linkage,uniform,final_fill_rate,-1.3726113601286727e-07
ic_g5,budget_share_minus20,43,linkage,uniform,mean_service_rate,-7.96688902626741e-08
ic_g5,budget_share_minus20,43,linkage,uniform,terminal_output,0.0
ic_g5,budget_share_minus20,43,linkage,uniform,fiscal_spend,0.0
ic_g5,budget_share_minus20,43,linkage,uniform,private_spend,9.297546952962875
ic_g5,budget_share_minus20,43,linkage,uniform,terminal_ai_effective_mean,7.390915965660438e-06
ic_g5,budget_share_minus20,43,linkage,uniform,terminal_technology_mean,8.594897050850925e-06
ic_g5,budget_share_minus20,43,linkage,uniform,terminal_edge_health_mean,0.0
ic_g5,budget_share_minus20,43,stress,uniform,cumulative_value_added,3226.3649649620056
ic_g5,budget_share_minus20,43,stress,uniform,cumulative_shortage,-29484.95961547643
ic_g5,budget_share_minus20,43,stress,uniform,cumulative_welfare,9123.356887817383
ic_g5,budget_share_minus20,43,stress,uniform,cumulative_final_shortage,-22169.21863169223
ic_g5,budget_share_minus20,43,stress,uniform,cumulative_final_delivered,22169.218629837036
ic_g5,budget_share_minus20,43,stress,uniform,final_fill_rate,2.414763740299364e-06
ic_g5,budget_share_minus20,43,stress,uniform,mean_service_rate,1.4225701038261818e-06
ic_g5,budget_share_minus20,43,stress,uniform,terminal_output,0.0
ic_g5,budget_share_minus20,43,stress,uniform,fiscal_spend,-9.313225746154785e-10
ic_g5,budget_share_minus20,43,stress,uniform,private_spend,-165.8853465616703
ic_g5,budget_share_minus20,43,stress,uniform,terminal_ai_effective_mean,-1.801136103166904e-05
ic_g5,budget_share_minus20,43,stress,uniform,terminal_technology_mean,-2.0221064774395003e-05
ic_g5,budget_share_minus20,43,stress,uniform,terminal_edge_health_mean,0.0
ic_g5,budget_share_minus20,44,linkage,uniform,cumulative_value_added,-180.94671726226807
ic_g5,budget_share_minus20,44,linkage,uniform,cumulative_shortage,1653.3771381005645
ic_g5,budget_share_minus20,44,linkage,uniform,cumulative_welfare,-511.62214517593384
ic_g5,budget_share_minus20,44,linkage,uniform,cumulative_final_shortage,1261.3932480663061
ic_g5,budget_share_minus20,44,linkage,uniform,cumulative_final_delivered,-1261.3932476043701
ic_g5,budget_share_minus20,44,linkage,uniform,final_fill_rate,-1.3739621262942592e-07
ic_g5,budget_share_minus20,44,linkage,uniform,mean_service_rate,-7.971304560872028e-08
ic_g5,budget_share_minus20,44,linkage,uniform,terminal_output,0.0
ic_g5,budget_share_minus20,44,linkage,uniform,fiscal_spend,0.0
ic_g5,budget_share_minus20,44,linkage,uniform,private_spend,9.301778227090836
ic_g5,budget_share_minus20,44,linkage,uniform,terminal_ai_effective_mean,7.390915965660438e-06
ic_g5,budget_share_minus20,44,linkage,uniform,terminal_technology_mean,8.594897050850925e-06
ic_g5,budget_share_minus20,44,linkage,uniform,terminal_edge_health_mean,0.0
ic_g5,budget_share_minus20,44,stress,uniform,cumulative_value_added,3094.6487560272217
ic_g5,budget_share_minus20,44,stress,uniform,cumulative_shortage,-28281.239464484155
ic_g5,budget_share_minus20,44,stress,uniform,cumulative_welfare,8750.89664888382
ic_g5,budget_share_minus20,44,stress,uniform,cumulative_final_shortage,-21288.302017003298
ic_g5,budget_share_minus20,44,stress,uniform,cumulative_final_delivered,21288.302017211914
ic_g5,budget_share_minus20,44,stress,uniform,final_fill_rate,2.3188106293980937e-06
ic_g5,budget_share_minus20,44,stress,uniform,mean_service_rate,1.3645801471007246e-06
ic_g5,budget_share_minus20,44,stress,uniform,terminal_output,0.0
ic_g5,budget_share_minus20,44,stress,uniform,fiscal_spend,-9.313225746154785e-10
ic_g5,budget_share_minus20,44,stress,uniform,private_spend,-159.1130983531475
ic_g5,budget_share_minus20,44,stress,uniform,terminal_ai_effective_mean,-1.7024878465156986e-05
ic_g5,budget_share_minus20,44,stress,uniform,terminal_technology_mean,-1.9102032596363117e-05
ic_g5,budget_share_minus20,44,stress,uniform,terminal_edge_health_mean,0.0
ic_g5,budget_share_minus20,45,linkage,uniform,cumulative_value_added,-180.8961362838745
ic_g5,budget_share_minus20,45,linkage,uniform,cumulative_shortage,1652.9153250008821
ic_g5,budget_share_minus20,45,linkage,uniform,cumulative_welfare,-511.47920083999634
ic_g5,budget_share_minus20,45,linkage,uniform,cumulative_final_shortage,1260.6306280121207
ic_g5,budget_share_minus20,45,linkage,uniform,cumulative_final_delivered,-1260.6306285858154
ic_g5,budget_share_minus20,45,linkage,uniform,final_fill_rate,-1.3731314496556735e-07
ic_g5,budget_share_minus20,45,linkage,uniform,mean_service_rate,-7.968593462859275e-08
ic_g5,budget_share_minus20,45,linkage,uniform,terminal_output,0.0
ic_g5,budget_share_minus20,45,linkage,uniform,fiscal_spend,0.0
ic_g5,budget_share_minus20,45,linkage,uniform,private_spend,9.299180507659912
ic_g5,budget_share_minus20,45,linkage,uniform,terminal_ai_effective_mean,7.390915965660438e-06
ic_g5,budget_share_minus20,45,linkage,uniform,terminal_technology_mean,8.594897050850925e-06
ic_g5,budget_share_minus20,45,linkage,uniform,terminal_edge_health_mean,0.0
ic_g5,budget_share_minus20,45,stress,uniform,cumulative_value_added,3175.7408318519592
ic_g5,budget_share_minus20,45,stress,uniform,cumulative_shortage,-29022.318744279444
ic_g5,budget_share_minus20,45,stress,uniform,cumulative_welfare,8980.204580783844
ic_g5,budget_share_minus20,45,stress,uniform,cumulative_final_shortage,-21830.90410555899
ic_g5,budget_share_minus20,45,stress,uniform,cumulative_final_delivered,21830.904104232788
ic_g5,budget_share_minus20,45,stress,uniform,final_fill_rate,2.377913111417662e-06
ic_g5,budget_share_minus20,45,stress,uniform,mean_service_rate,1.4002830848180992e-06
ic_g5,budget_share_minus20,45,stress,uniform,terminal_output,0.0
ic_g5,budget_share_minus20,45,stress,uniform,fiscal_spend,-9.313225746154785e-10
ic_g5,budget_share_minus20,45,stress,uniform,private_spend,-163.28248330950737
ic_g5,budget_share_minus20,45,stress,uniform,terminal_ai_effective_mean,-1.7632155609787706e-05
ic_g5,budget_share_minus20,45,stress,uniform,terminal_technology_mean,-1.9790907165639915e-05
ic_g5,budget_share_minus20,45,stress,uniform,terminal_edge_health_mean,0.0
ic_g5,budget_share_minus20,46,linkage,uniform,cumulative_value_added,-180.93372249603271
ic_g5,budget_share_minus20,46,linkage,uniform,cumulative_shortage,1653.2584900557995
ic_g5,budget_share_minus20,46,linkage,uniform,cumulative_welfare,-511.5854206085205
ic_g5,budget_share_minus20,46,linkage,uniform,cumulative_final_shortage,1261.1969258710742
ic_g5,budget_share_minus20,46,linkage,uniform,cumulative_final_delivered,-1261.1969261169434
ic_g5,budget_share_minus20,46,linkage,uniform,final_fill_rate,-1.37374828401704e-07
ic_g5,budget_share_minus20,46,linkage,uniform,mean_service_rate,-7.970607951435227e-08
ic_g5,budget_share_minus20,46,linkage,uniform,terminal_output,0.0
ic_g5,budget_share_minus20,46,linkage,uniform,fiscal_spend,0.0
ic_g5,budget_share_minus20,46,linkage,uniform,private_spend,9.301110804080963
ic_g5,budget_share_minus20,46,linkage,uniform,terminal_ai_effective_mean,7.390915965660438e-06
ic_g5,budget_share_minus20,46,linkage,uniform,terminal_technology_mean,8.594897050850925e-06
ic_g5,budget_share_minus20,46,linkage,uniform,terminal_edge_health_mean,0.0
ic_g5,budget_share_minus20,46,stress,uniform,cumulative_value_added,3115.5521688461304
ic_g5,budget_share_minus20,46,stress,uniform,cumulative_shortage,-28472.27026130259
ic_g5,budget_share_minus20,46,stress,uniform,cumulative_welfare,8810.006221294403
ic_g5,budget_share_minus20,46,stress,uniform,cumulative_final_shortage,-21428.24985779822
ic_g5,budget_share_minus20,46,stress,uniform,cumulative_final_delivered,21428.2498588562
ic_g5,budget_share_minus20,46,stress,uniform,final_fill_rate,2.3340543319205764e-06
ic_g5,budget_share_minus20,46,stress,uniform,mean_service_rate,1.3737837293303912e-06
ic_g5,budget_share_minus20,46,stress,uniform,terminal_output,0.0
ic_g5,budget_share_minus20,46,stress,uniform,fiscal_spend,-9.313225746154785e-10
ic_g5,budget_share_minus20,46,stress,uniform,private_spend,-160.1878563761711
ic_g5,budget_share_minus20,46,stress,uniform,terminal_ai_effective_mean,-1.7181400989934193e-05
ic_g5,budget_share_minus20,46,stress,uniform,terminal_technology_mean,-1.9279586460196896e-05
ic_g5,budget_share_minus20,46,stress,uniform,terminal_edge_health_mean,0.0
ic_g5,budget_share_minus20,47,linkage,uniform,cumulative_value_added,-180.85731649398804
ic_g5,budget_share_minus20,47,linkage,uniform,cumulative_shortage,1652.5608971044421
ic_g5,budget_share_minus20,47,linkage,uniform,cumulative_welfare,-511.36949586868286
ic_g5,budget_share_minus20,47,linkage,uniform,cumulative_final_shortage,1260.0481079742312
ic_g5,budget_share_minus20,47,linkage,uniform,cumulative_final_delivered,-1260.0481071472168
ic_g5,budget_share_minus20,47,linkage,uniform,final_fill_rate,-1.3724969427642009e-07
ic_g5,budget_share_minus20,47,linkage,uniform,mean_service_rate,-7.966513349000337e-08
ic_g5,budget_share_minus20,47,linkage,uniform,terminal_output,0.0
ic_g5,budget_share_minus20,47,linkage,uniform,fiscal_spend,0.0
ic_g5,budget_share_minus20,47,linkage,uniform,private_spend,9.297186851501465
ic_g5,budget_share_minus20,47,linkage,uniform,terminal_ai_effective_mean,7.390915965660438e-06
ic_g5,budget_share_minus20,47,linkage,uniform,terminal_technology_mean,8.594897050850925e-06
ic_g5,budget_share_minus20,47,linkage,uniform,terminal_edge_health_mean,0.0
ic_g5,budget_share_minus20,47,stress,uniform,cumulative_value_added,3237.4866061210632
ic_g5,budget_share_minus20,47,stress,uniform,cumulative_shortage,-29586.597436964512
ic_g5,budget_share_minus20,47,stress,uniform,cumulative_welfare,9154.806093215942
ic_g5,budget_share_minus20,47,stress,uniform,cumulative_final_shortage,-22243.499640844762
ic_g5,budget_share_minus20,47,stress,uniform,cumulative_final_delivered,22243.499641418457
ic_g5,budget_share_minus20,47,stress,uniform,final_fill_rate,2.4228547378379872e-06
ic_g5,budget_share_minus20,47,stress,uniform,mean_service_rate,1.4274661845892211e-06
ic_g5,budget_share_minus20,47,stress,uniform,terminal_output,0.0
ic_g5,budget_share_minus20,47,stress,uniform,fiscal_spend,-9.313225746154785e-10
ic_g5,budget_share_minus20,47,stress,uniform,private_spend,-166.45717099308968
ic_g5,budget_share_minus20,47,stress,uniform,terminal_ai_effective_mean,-1.8094678783070733e-05
ic_g5,budget_share_minus20,47,stress,uniform,terminal_technology_mean,-2.0315577555884978e-05
ic_g5,budget_share_minus20,47,stress,uniform,terminal_edge_health_mean,0.0
ic_g5,budget_share_minus20,48,linkage,uniform,cumulative_value_added,-180.7668490409851
ic_g5,budget_share_minus20,48,linkage,uniform,cumulative_shortage,1651.7349199354649
ic_g5,budget_share_minus20,48,linkage,uniform,cumulative_welfare,-511.1138324737549
ic_g5,budget_share_minus20,48,linkage,uniform,cumulative_final_shortage,1258.6998042166233
ic_g5,budget_share_minus20,48,linkage,uniform,cumulative_final_delivered,-1258.6998043060303
ic_g5,budget_share_minus20,48,linkage,uniform,final_fill_rate,-1.3710283153223202e-07
ic_g5,budget_share_minus20,48,linkage,uniform,mean_service_rate,-7.96166778060936e-08
ic_g5,budget_share_minus20,48,linkage,uniform,terminal_output,0.0
ic_g5,budget_share_minus20,48,linkage,uniform,fiscal_spend,0.0
ic_g5,budget_share_minus20,48,linkage,uniform,private_spend,9.292540699243546
ic_g5,budget_share_minus20,48,linkage,uniform,terminal_ai_effective_mean,7.390915965660438e-06
ic_g5,budget_share_minus20,48,linkage,uniform,terminal_technology_mean,8.594897050850925e-06
ic_g5,budget_share_minus20,48,linkage,uniform,terminal_edge_health_mean,0.0
ic_g5,budget_share_minus20,48,stress,uniform,cumulative_value_added,3379.7550048828125
ic_g5,budget_share_minus20,48,stress,uniform,cumulative_shortage,-30886.752306841314
ic_g5,budget_share_minus20,48,stress,uniform,cumulative_welfare,9557.105466365814
ic_g5,budget_share_minus20,48,stress,uniform,cumulative_final_shortage,-23192.317094691098
ic_g5,budget_share_minus20,48,stress,uniform,cumulative_final_delivered,23192.317094802856
ic_g5,budget_share_minus20,48,stress,uniform,final_fill_rate,2.5262038915174756e-06
ic_g5,budget_share_minus20,48,stress,uniform,mean_service_rate,1.490091698919116e-06
ic_g5,budget_share_minus20,48,stress,uniform,terminal_output,0.0
ic_g5,budget_share_minus20,48,stress,uniform,fiscal_spend,-9.313225746154785e-10
ic_g5,budget_share_minus20,48,stress,uniform,private_spend,-173.77197161316872
ic_g5,budget_share_minus20,48,stress,uniform,terminal_ai_effective_mean,-1.9160805485403474e-05
ic_g5,budget_share_minus20,48,stress,uniform,terminal_technology_mean,-2.1524954426532794e-05
ic_g5,budget_share_minus20,48,stress,uniform,terminal_edge_health_mean,0.0
ic_g5,budget_share_minus20,49,linkage,uniform,cumulative_value_added,-180.9351921081543
ic_g5,budget_share_minus20,49,linkage,uniform,cumulative_shortage,1653.2719094082713
ic_g5,budget_share_minus20,49,linkage,uniform,cumulative_welfare,-511.58957386016846
ic_g5,budget_share_minus20,49,linkage,uniform,cumulative_final_shortage,1261.2191163823009
ic_g5,budget_share_minus20,49,linkage,uniform,cumulative_final_delivered,-1261.2191162109375
ic_g5,budget_share_minus20,49,linkage,uniform,final_fill_rate,-1.3737724557927322e-07
ic_g5,budget_share_minus20,49,linkage,uniform,mean_service_rate,-7.970686743963284e-08
ic_g5,budget_share_minus20,49,linkage,uniform,terminal_output,0.0
ic_g5,budget_share_minus20,49,linkage,uniform,fiscal_spend,0.0
ic_g5,budget_share_minus20,49,linkage,uniform,private_spend,9.301186293363571
ic_g5,budget_share_minus20,49,linkage,uniform,terminal_ai_effective_mean,7.390915965660438e-06
ic_g5,budget_share_minus20,49,linkage,uniform,terminal_technology_mean,8.594897050850925e-06
ic_g5,budget_share_minus20,49,linkage,uniform,terminal_edge_health_mean,0.0
ic_g5,budget_share_minus20,49,stress,uniform,cumulative_value_added,3113.1904034614563
ic_g5,budget_share_minus20,49,stress,uniform,cumulative_shortage,-28450.686703689396
ic_g5,budget_share_minus20,49,stress,uniform,cumulative_welfare,8803.32774400711
ic_g5,budget_share_minus20,49,stress,uniform,cumulative_final_shortage,-21412.4406478256
ic_g5,budget_share_minus20,49,stress,uniform,cumulative_final_delivered,21412.440647125244
ic_g5,budget_share_minus20,49,stress,uniform,final_fill_rate,2.332332326493436e-06
ic_g5,budget_share_minus20,49,stress,uniform,mean_service_rate,1.3727438756827581e-06
ic_g5,budget_share_minus20,49,stress,uniform,terminal_output,0.0
ic_g5,budget_share_minus20,49,stress,uniform,fiscal_spend,0.0
ic_g5,budget_share_minus20,49,stress,uniform,private_spend,-160.06642517447472
ic_g5,budget_share_minus20,49,stress,uniform,terminal_ai_effective_mean,-1.7163715731652058e-05
ic_g5,budget_share_minus20,49,stress,uniform,terminal_technology_mean,-1.925952490133831e-05
ic_g5,budget_share_minus20,49,stress,uniform,terminal_edge_health_mean,0.0
ic_g5,budget_share_minus20,50,linkage,uniform,cumulative_value_added,-181.03536081314087
ic_g5,budget_share_minus20,50,linkage,uniform,cumulative_shortage,1654.186456285417
ic_g5,budget_share_minus20,50,linkage,uniform,cumulative_welfare,-511.872652053833
ic_g5,budget_share_minus20,50,linkage,uniform,cumulative_final_shortage,1262.7396802678704
ic_g5,budget_share_minus20,50,linkage,uniform,cumulative_final_delivered,-1262.7396793365479
ic_g5,budget_share_minus20,50,linkage,uniform,final_fill_rate,-1.3754287153666667e-07
ic_g5,budget_share_minus20,50,linkage,uniform,mean_service_rate,-7.976057869729658e-08
ic_g5,budget_share_minus20,50,linkage,uniform,terminal_output,0.0
ic_g5,budget_share_minus20,50,linkage,uniform,fiscal_spend,0.0
ic_g5,budget_share_minus20,50,linkage,uniform,private_spend,9.306330651044846
ic_g5,budget_share_minus20,50,linkage,uniform,terminal_ai_effective_mean,7.390915965660438e-06
ic_g5,budget_share_minus20,50,linkage,uniform,terminal_technology_mean,8.594897050850925e-06
ic_g5,budget_share_minus20,50,linkage,uniform,terminal_edge_health_mean,0.0
ic_g5,budget_share_minus20,50,stress,uniform,cumulative_value_added,2950.767213344574
ic_g5,budget_share_minus20,50,stress,uniform,cumulative_shortage,-26966.344410017133
ic_g5,budget_share_minus20,50,stress,uniform,cumulative_welfare,8344.036095142365
ic_g5,budget_share_minus20,50,stress,uniform,cumulative_final_shortage,-20323.532417692244
ic_g5,budget_share_minus20,50,stress,uniform,cumulative_final_delivered,20323.532417297363
ic_g5,budget_share_minus20,50,stress,uniform,final_fill_rate,2.213723901411946e-06
ic_g5,budget_share_minus20,50,stress,uniform,mean_service_rate,1.301224812455537e-06
ic_g5,budget_share_minus20,50,stress,uniform,terminal_output,0.0
ic_g5,budget_share_minus20,50,stress,uniform,fiscal_spend,-9.313225746154785e-10
ic_g5,budget_share_minus20,50,stress,uniform,private_spend,-151.71537020802498
ic_g5,budget_share_minus20,50,stress,uniform,terminal_ai_effective_mean,-1.5947831580006774e-05
ic_g5,budget_share_minus20,50,stress,uniform,terminal_technology_mean,-1.7880266481085094e-05
ic_g5,budget_share_minus20,50,stress,uniform,terminal_edge_health_mean,0.0
ic_g5,budget_share_minus20,51,linkage,uniform,cumulative_value_added,-180.80180501937866
ic_g5,budget_share_minus20,51,linkage,uniform,cumulative_shortage,1652.0540727004409
ic_g5,budget_share_minus20,51,linkage,uniform,cumulative_welfare,-511.212619304657
ic_g5,budget_share_minus20,51,linkage,uniform,cumulative_final_shortage,1259.2192579209805
ic_g5,budget_share_minus20,51,linkage,uniform,cumulative_final_delivered,-1259.2192573547363
ic_g5,budget_share_minus20,51,linkage,uniform,final_fill_rate,-1.371594126053921e-07
ic_g5,budget_share_minus20,51,linkage,uniform,mean_service_rate,-7.963539749855642e-08
ic_g5,budget_share_minus20,51,linkage,uniform,terminal_output,0.0
ic_g5,budget_share_minus20,51,linkage,uniform,fiscal_spend,0.0
ic_g5,budget_share_minus20,51,linkage,uniform,private_spend,9.294335961341858
ic_g5,budget_share_minus20,51,linkage,uniform,terminal_ai_effective_mean,7.390915965660438e-06
ic_g5,budget_share_minus20,51,linkage,uniform,terminal_technology_mean,8.594897050850925e-06
ic_g5,budget_share_minus20,51,linkage,uniform,terminal_edge_health_mean,0.0
ic_g5,budget_share_minus20,51,stress,uniform,cumulative_value_added,3325.0511779785156
ic_g5,budget_share_minus20,51,stress,uniform,cumulative_shortage,-30386.827768206596
ic_g5,budget_share_minus20,51,stress,uniform,cumulative_welfare,9402.416731834412
ic_g5,budget_share_minus20,51,stress,uniform,cumulative_final_shortage,-22827.79115781188
ic_g5,budget_share_minus20,51,stress,uniform,cumulative_final_delivered,22827.791158676147
ic_g5,budget_share_minus20,51,stress,uniform,final_fill_rate,2.4864982064443097e-06
ic_g5,budget_share_minus20,51,stress,uniform,mean_service_rate,1.4660126429477671e-06
ic_g5,budget_share_minus20,51,stress,uniform,terminal_output,0.0
ic_g5,budget_share_minus20,51,stress,uniform,fiscal_spend,-9.313225746154785e-10
ic_g5,budget_share_minus20,51,stress,uniform,private_spend,-170.95934629440308
ic_g5,budget_share_minus20,51,stress,uniform,terminal_ai_effective_mean,-1.875079575011868e-05
ic_g5,budget_share_minus20,51,stress,uniform,terminal_technology_mean,-2.1059853813509832e-05
ic_g5,budget_share_minus20,51,stress,uniform,terminal_edge_health_mean,0.0
ic_g5,budget_share_plus20,42,linkage,uniform,cumulative_value_added,-211.44653129577637
ic_g5,budget_share_plus20,42,linkage,uniform,cumulative_shortage,1931.9567691907287
ic_g5,budget_share_plus20,42,linkage,uniform,cumulative_welfare,-597.8378853797913
ic_g5,budget_share_plus20,42,linkage,uniform,cumulative_final_shortage,1467.925132110715
ic_g5,budget_share_plus20,42,linkage,uniform,cumulative_final_delivered,-1467.9251308441162
ic_g5,budget_share_plus20,42,linkage,uniform,final_fill_rate,-1.5989252655224107e-07
ic_g5,budget_share_plus20,42,linkage,uniform,mean_service_rate,-9.31051097330382e-08
ic_g5,budget_share_plus20,42,linkage,uniform,terminal_output,0.0
ic_g5,budget_share_plus20,42,linkage,uniform,fiscal_spend,0.0
ic_g5,budget_share_plus20,42,linkage,uniform,private_spend,10.868922144174576
ic_g5,budget_share_plus20,42,linkage,uniform,terminal_ai_effective_mean,1.1086373948489357e-05
ic_g5,budget_share_plus20,42,linkage,uniform,terminal_technology_mean,1.2892345576775988e-05
ic_g5,budget_share_plus20,42,linkage,uniform,terminal_edge_health_mean,0.0
ic_g5,budget_share_plus20,42,stress,uniform,cumulative_value_added,4910.125969409943
ic_g5,budget_share_plus20,42,stress,uniform,cumulative_shortage,-44872.5230211094
ic_g5,budget_share_plus20,42,stress,uniform,cumulative_welfare,13884.630573272705
ic_g5,budget_share_plus20,42,stress,uniform,cumulative_final_shortage,-33773.32135464996
ic_g5,budget_share_plus20,42,stress,uniform,cumulative_final_delivered,33773.3213558197
ic_g5,budget_share_plus20,42,stress,uniform,final_fill_rate,3.6787309990460315e-06
ic_g5,budget_share_plus20,42,stress,uniform,mean_service_rate,2.1650576261800225e-06
ic_g5,budget_share_plus20,42,stress,uniform,terminal_output,0.0
ic_g5,budget_share_plus20,42,stress,uniform,fiscal_spend,1.862645149230957e-09
ic_g5,budget_share_plus20,42,stress,uniform,private_spend,-252.45742124319077
ic_g5,budget_share_plus20,42,stress,uniform,terminal_ai_effective_mean,-2.6656008180078478e-05
ic_g5,budget_share_plus20,42,stress,uniform,terminal_technology_mean,-2.992205332696951e-05
ic_g5,budget_share_plus20,42,stress,uniform,terminal_edge_health_mean,0.0
ic_g5,budget_share_plus20,43,linkage,uniform,cumulative_value_added,-212.16712093353271
ic_g5,budget_share_plus20,43,linkage,uniform,cumulative_shortage,1938.5097602158785
ic_g5,budget_share_plus20,43,linkage,uniform,cumulative_welfare,-599.8690729141235
ic_g5,budget_share_plus20,43,linkage,uniform,cumulative_final_shortage,1472.710987828672
ic_g5,budget_share_plus20,43,linkage,uniform,cumulative_final_delivered,-1472.7109870910645
ic_g5,budget_share_plus20,43,linkage,uniform,final_fill_rate,-1.604138220034912e-07
ic_g5,budget_share_plus20,43,linkage,uniform,mean_service_rate,-9.341141993246538e-08
ic_g5,budget_share_plus20,43,linkage,uniform,terminal_output,0.0
ic_g5,budget_share_plus20,43,linkage,uniform,fiscal_spend,0.0
ic_g5,budget_share_plus20,43,linkage,uniform,private_spend,10.90575286746025
ic_g5,budget_share_plus20,43,linkage,uniform,terminal_ai_effective_mean,1.1086373948489357e-05
ic_g5,budget_share_plus20,43,linkage,uniform,terminal_technology_mean,1.2892345576775988e-05
ic_g5,budget_share_plus20,43,linkage,uniform,terminal_edge_health_mean,0.0
ic_g5,budget_share_plus20,43,stress,uniform,cumulative_value_added,4904.714011669159
ic_g5,budget_share_plus20,43,stress,uniform,cumulative_shortage,-44823.04543547332
ic_g5,budget_share_plus20,43,stress,uniform,cumulative_welfare,13869.323098659515
ic_g5,budget_share_plus20,43,stress,uniform,cumulative_final_shortage,-33717.44573071599
ic_g5,budget_share_plus20,43,stress,uniform,cumulative_final_delivered,33717.4457321167
ic_g5,budget_share_plus20,43,stress,uniform,final_fill_rate,3.6726447931734185e-06
ic_g5,budget_share_plus20,43,stress,uniform,mean_service_rate,2.162629718749365e-06
ic_g5,budget_share_plus20,43,stress,uniform,terminal_output,0.0
ic_g5,budget_share_plus20,43,stress,uniform,fiscal_spend,0.0
ic_g5,budget_share_plus20,43,stress,uniform,private_spend,-252.1790334880352
ic_g5,budget_share_plus20,43,stress,uniform,terminal_ai_effective_mean,-2.700530324096454e-05
ic_g5,budget_share_plus20,43,stress,uniform,terminal_technology_mean,-3.0318281445396167e-05
ic_g5,budget_share_plus20,43,stress,uniform,terminal_edge_health_mean,0.0
ic_g5,budget_share_plus20,44,linkage,uniform,cumulative_value_added,-206.77030086517334
ic_g5,budget_share_plus20,44,linkage,uniform,cumulative_shortage,1889.2887201979756
ic_g5,budget_share_plus20,44,linkage,uniform,cumulative_welfare,-584.6280446052551
ic_g5,budget_share_plus20,44,linkage,uniform,cumulative_final_shortage,1435.811217725277
ic_g5,budget_share_plus20,44,linkage,uniform,cumulative_final_delivered,-1435.8112163543701
ic_g5,budget_share_plus20,44,linkage,uniform,final_fill_rate,-1.5639454509219775e-07
ic_g5,budget_share_plus20,44,linkage,uniform,mean_service_rate,-9.10749943239253e-08
ic_g5,budget_share_plus20,44,linkage,uniform,terminal_output,0.0
ic_g5,budget_share_plus20,44,linkage,uniform,fiscal_spend,0.0
ic_g5,budget_share_plus20,44,linkage,uniform,private_spend,10.6289441883564
ic_g5,budget_share_plus20,44,linkage,uniform,terminal_ai_effective_mean,1.1086373948489357e-05
ic_g5,budget_share_plus20,44,linkage,uniform,terminal_technology_mean,1.2892345576775988e-05
ic_g5,budget_share_plus20,44,linkage,uniform,terminal_edge_health_mean,0.0
ic_g5,budget_share_plus20,44,stress,uniform,cumulative_value_added,4871.429365634918
ic_g5,budget_share_plus20,44,stress,uniform,cumulative_shortage,-44518.875096067786
ic_g5,budget_share_plus20,44,stress,uniform,cumulative_welfare,13775.204384803772
ic_g5,budget_share_plus20,44,stress,uniform,cumulative_final_shortage,-33556.21351286024
ic_g5,budget_share_plus20,44,stress,uniform,cumulative_final_delivered,33556.213512420654
ic_g5,budget_share_plus20,44,stress,uniform,final_fill_rate,3.655082707387791e-06
ic_g5,budget_share_plus20,44,stress,uniform,mean_service_rate,2.1480897588466163e-06
ic_g5,budget_share_plus20,44,stress,uniform,terminal_output,0.0
ic_g5,budget_share_plus20,44,stress,uniform,fiscal_spend,9.313225746154785e-10
ic_g5,budget_share_plus20,44,stress,uniform,private_spend,-250.46775203943253
ic_g5,budget_share_plus20,44,stress,uniform,terminal_ai_effective_mean,-2.5525774816285117e-05
ic_g5,budget_share_plus20,44,stress,uniform,terminal_technology_mean,-2.863995571322775e-05
ic_g5,budget_share_plus20,44,stress,uniform,terminal_edge_health_mean,0.0
ic_g5,budget_share_plus20,45,linkage,uniform,cumulative_value_added,-209.94343900680542
ic_g5,budget_share_plus20,45,linkage,uniform,cumulative_shortage,1918.2862660363317
ic_g5,budget_share_plus20,45,linkage,uniform,cumulative_welfare,-593.6006922721863
ic_g5,budget_share_plus20,45,linkage,uniform,cumulative_final_shortage,1457.6043203920126
ic_g5,budget_share_plus20,45,linkage,uniform,cumulative_final_delivered,-1457.604320526123
ic_g5,budget_share_plus20,45,linkage,uniform,final_fill_rate,-1.58768340918769e-07
ic_g5,budget_share_plus20,45,linkage,uniform,mean_service_rate,-9.24617480357881e-08
ic_g5,budget_share_plus20,45,linkage,uniform,terminal_output,0.0
ic_g5,budget_share_plus20,45,linkage,uniform,fiscal_spend,0.0
ic_g5,budget_share_plus20,45,linkage,uniform,private_spend,10.792086154222488
ic_g5,budget_share_plus20,45,linkage,uniform,terminal_ai_effective_mean,1.1086373948489357e-05
ic_g5,budget_share_plus20,45,linkage,uniform,terminal_technology_mean,1.2892345576775988e-05
ic_g5,budget_share_plus20,45,linkage,uniform,terminal_edge_health_mean,0.0
ic_g5,budget_share_plus20,45,stress,uniform,cumulative_value_added,4914.486832618713
ic_g5,budget_share_plus20,45,stress,uniform,cumulative_shortage,-44912.34219957143
ic_g5,budget_share_plus20,45,stress,uniform,cumulative_welfare,13896.955272197723
ic_g5,budget_share_plus20,45,stress,uniform,cumulative_final_shortage,-33815.01899959147
ic_g5,budget_share_plus20,45,stress,uniform,cumulative_final_delivered,33815.01899909973
ic_g5,budget_share_plus20,45,stress,uniform,final_fill_rate,3.683272880361521e-06
ic_g5,budget_share_plus20,45,stress,uniform,mean_service_rate,2.1669941728807984e-06
ic_g5,budget_share_plus20,45,stress,uniform,terminal_output,0.0
ic_g5,budget_share_plus20,45,stress,uniform,fiscal_spend,0.0
ic_g5,budget_share_plus20,45,stress,uniform,private_spend,-252.68140929937363
ic_g5,budget_share_plus20,45,stress,uniform,terminal_ai_effective_mean,-2.6436520665984627e-05
ic_g5,budget_share_plus20,45,stress,uniform,terminal_technology_mean,-2.9673074324776394e-05
ic_g5,budget_share_plus20,45,stress,uniform,terminal_edge_health_mean,0.0
ic_g5,budget_share_plus20,46,linkage,uniform,cumulative_value_added,-209.89003133773804
ic_g5,budget_share_plus20,46,linkage,uniform,cumulative_shortage,1917.8024636656046
ic_g5,budget_share_plus20,46,linkage,uniform,cumulative_welfare,-593.4505243301392
ic_g5,budget_share_plus20,46,linkage,uniform,cumulative_final_shortage,1457.680233232677
ic_g5,budget_share_plus20,46,linkage,uniform,cumulative_final_delivered,-1457.680233001709
ic_g5,budget_share_plus20,46,linkage,uniform,final_fill_rate,-1.5877660963781182e-07
ic_g5,budget_share_plus20,46,linkage,uniform,mean_service_rate,-9.24439390592724e-08
ic_g5,budget_share_plus20,46,linkage,uniform,terminal_output,0.0
ic_g5,budget_share_plus20,46,linkage,uniform,fiscal_spend,0.0
ic_g5,budget_share_plus20,46,linkage,uniform,private_spend,10.78936916589737
ic_g5,budget_share_plus20,46,linkage,uniform,terminal_ai_effective_mean,1.1086373948489357e-05
ic_g5,budget_share_plus20,46,linkage,uniform,terminal_technology_mean,1.2892345576775988e-05
ic_g5,budget_share_plus20,46,linkage,uniform,terminal_edge_health_mean,0.0
ic_g5,budget_share_plus20,46,stress,uniform,cumulative_value_added,4893.322736740112
ic_g5,budget_share_plus20,46,stress,uniform,cumulative_shortage,-44718.94296126813
ic_g5,budget_share_plus20,46,stress,uniform,cumulative_welfare,13837.111329078674
ic_g5,budget_share_plus20,46,stress,uniform,cumulative_final_shortage,-33699.16734585166
ic_g5,budget_share_plus20,46,stress,uniform,cumulative_final_delivered,33699.167346954346
ic_g5,budget_share_plus20,46,stress,uniform,final_fill_rate,3.670653835219362e-06
ic_g5,budget_share_plus20,46,stress,uniform,mean_service_rate,2.1577294325725305e-06
ic_g5,budget_share_plus20,46,stress,uniform,terminal_output,0.0
ic_g5,budget_share_plus20,46,stress,uniform,fiscal_spend,9.313225746154785e-10
ic_g5,budget_share_plus20,46,stress,uniform,private_spend,-251.5933421254158
ic_g5,budget_share_plus20,46,stress,uniform,terminal_ai_effective_mean,-2.5760495613699492e-05
ic_g5,budget_share_plus20,46,stress,uniform,terminal_technology_mean,-2.8906214832424837e-05
ic_g5,budget_share_plus20,46,stress,uniform,terminal_edge_health_mean,0.0
ic_g5,budget_share_plus20,47,linkage,uniform,cumulative_value_added,-224.51187324523926
ic_g5,budget_share_plus20,47,linkage,uniform,cumulative_shortage,2051.3377978503704
ic_g5,budget_share_plus20,47,linkage,uniform,cumulative_welfare,-634.7794327735901
ic_g5,budget_share_plus20,47,linkage,uniform,cumulative_final_shortage,1559.8145246580243
ic_g5,budget_share_plus20,47,linkage,uniform,cumulative_final_delivered,-1559.8145236968994
ic_g5,budget_share_plus20,47,linkage,uniform,final_fill_rate,-1.6990150253359815e-07
ic_g5,budget_share_plus20,47,linkage,uniform,mean_service_rate,-9.885800977826875e-08
ic_g5,budget_share_plus20,47,linkage,uniform,terminal_output,0.0
ic_g5,budget_share_plus20,47,linkage,uniform,fiscal_spend,0.0
ic_g5,budget_share_plus20,47,linkage,uniform,private_spend,11.540548950433731
ic_g5,budget_share_plus20,47,linkage,uniform,terminal_ai_effective_mean,1.1086373948489357e-05
ic_g5,budget_share_plus20,47,linkage,uniform,terminal_technology_mean,1.2892345576775988e-05
ic_g5,budget_share_plus20,47,linkage,uniform,terminal_edge_health_mean,0.0
ic_g5,budget_share_plus20,47,stress,uniform,cumulative_value_added,4903.00310087204
ic_g5,budget_share_plus20,47,stress,uniform,cumulative_shortage,-44807.391361929476
ic_g5,budget_share_plus20,47,stress,uniform,cumulative_welfare,13864.48137331009
ic_g5,budget_share_plus20,47,stress,uniform,cumulative_final_shortage,-33698.97686365992
ic_g5,budget_share_plus20,47,stress,uniform,cumulative_final_delivered,33698.976863861084
ic_g5,budget_share_plus20,47,stress,uniform,final_fill_rate,3.6706330869273884e-06
ic_g5,budget_share_plus20,47,stress,uniform,mean_service_rate,2.1618571741655046e-06
ic_g5,budget_share_plus20,47,stress,uniform,terminal_output,0.0
ic_g5,budget_share_plus20,47,stress,uniform,fiscal_spend,9.313225746154785e-10
ic_g5,budget_share_plus20,47,stress,uniform,private_spend,-252.09094086289406
ic_g5,budget_share_plus20,47,stress,uniform,terminal_ai_effective_mean,-2.713027426078053e-05
ic_g5,budget_share_plus20,47,stress,uniform,terminal_technology_mean,-3.046004419060555e-05
ic_g5,budget_share_plus20,47,stress,uniform,terminal_edge_health_mean,0.0
ic_g5,budget_share_plus20,48,linkage,uniform,cumulative_value_added,-271.15169191360474
ic_g5,budget_share_plus20,48,linkage,uniform,cumulative_shortage,2477.6153401881456
ic_g5,budget_share_plus20,48,linkage,uniform,cumulative_welfare,-766.6747598648071
ic_g5,budget_share_plus20,48,linkage,uniform,cumulative_final_shortage,1888.1469964459538
ic_g5,budget_share_plus20,48,linkage,uniform,cumulative_final_delivered,-1888.1469955444336
ic_g5,budget_share_plus20,48,linkage,uniform,final_fill_rate,-2.0566484437711807e-07
ic_g5,budget_share_plus20,48,linkage,uniform,mean_service_rate,-1.194265020210139e-07
ic_g5,budget_share_plus20,48,linkage,uniform,terminal_output,0.0
ic_g5,budget_share_plus20,48,linkage,uniform,fiscal_spend,0.0
ic_g5,budget_share_plus20,48,linkage,uniform,private_spend,13.938883990049362
ic_g5,budget_share_plus20,48,linkage,uniform,terminal_ai_effective_mean,1.1086373948489357e-05
ic_g5,budget_share_plus20,48,linkage,uniform,terminal_technology_mean,1.2892345576775988e-05
ic_g5,budget_share_plus20,48,linkage,uniform,terminal_edge_health_mean,0.0
ic_g5,budget_share_plus20,48,stress,uniform,cumulative_value_added,5069.634120464325
ic_g5,budget_share_plus20,48,stress,uniform,cumulative_shortage,-46330.14317371696
ic_g5,budget_share_plus20,48,stress,uniform,cumulative_welfare,14335.66275548935
ic_g5,budget_share_plus20,48,stress,uniform,cumulative_final_shortage,-34792.072385422885
ic_g5,budget_share_plus20,48,stress,uniform,cumulative_final_delivered,34792.072385787964
ic_g5,budget_share_plus20,48,stress,uniform,final_fill_rate,3.7896976096130075e-06
ic_g5,budget_share_plus20,48,stress,uniform,mean_service_rate,2.235156894792034e-06
ic_g5,budget_share_plus20,48,stress,uniform,terminal_output,0.0
ic_g5,budget_share_plus20,48,stress,uniform,fiscal_spend,0.0
ic_g5,budget_share_plus20,48,stress,uniform,private_spend,-260.6580401659012
ic_g5,budget_share_plus20,48,stress,uniform,terminal_ai_effective_mean,-2.8729392825352883e-05
ic_g5,budget_share_plus20,48,stress,uniform,terminal_technology_mean,-3.2274027557233076e-05
ic_g5,budget_share_plus20,48,stress,uniform,terminal_edge_health_mean,0.0
ic_g5,budget_share_plus20,49,linkage,uniform,cumulative_value_added,-209.8922357559204
ic_g5,budget_share_plus20,49,linkage,uniform,cumulative_shortage,1917.8225892186165
ic_g5,budget_share_plus20,49,linkage,uniform,cumulative_welfare,-593.4567532539368
ic_g5,budget_share_plus20,49,linkage,uniform,cumulative_final_shortage,1457.7131621018052
ic_g5,budget_share_plus20,49,linkage,uniform,cumulative_final_delivered,-1457.7131614685059
ic_g5,budget_share_plus20,49,linkage,uniform,final_fill_rate,-1.5878019632431517e-07
ic_g5,budget_share_plus20,49,linkage,uniform,mean_service_rate,-9.244508525352302e-08
ic_g5,budget_share_plus20,49,linkage,uniform,terminal_output,0.0
ic_g5,budget_share_plus20,49,linkage,uniform,fiscal_spend,0.0
ic_g5,budget_share_plus20,49,linkage,uniform,private_spend,10.78948238492012
ic_g5,budget_share_plus20,49,linkage,uniform,terminal_ai_effective_mean,1.1086373948489357e-05
ic_g5,budget_share_plus20,49,linkage,uniform,terminal_technology_mean,1.2892345576775988e-05
ic_g5,budget_share_plus20,49,linkage,uniform,terminal_edge_health_mean,0.0
ic_g5,budget_share_plus20,49,stress,uniform,cumulative_value_added,4890.493683338165
ic_g5,budget_share_plus20,49,stress,uniform,cumulative_shortage,-44693.08974356949
ic_g5,budget_share_plus20,49,stress,uniform,cumulative_welfare,13829.111632347107
ic_g5,budget_share_plus20,49,stress,uniform,cumulative_final_shortage,-33680.510915108025
ic_g5,budget_share_plus20,49,stress,uniform,cumulative_final_delivered,33680.510915756226
ic_g5,budget_share_plus20,49,stress,uniform,final_fill_rate,3.6686216989822995e-06
ic_g5,budget_share_plus20,49,stress,uniform,mean_service_rate,2.156484159798744e-06
ic_g5,budget_share_plus20,49,stress,uniform,terminal_output,0.0
ic_g5,budget_share_plus20,49,stress,uniform,fiscal_spend,0.0
ic_g5,budget_share_plus20,49,stress,uniform,private_spend,-251.44789025187492
ic_g5,budget_share_plus20,49,stress,uniform,terminal_ai_effective_mean,-2.573397484466203e-05
ic_g5,budget_share_plus20,49,stress,uniform,terminal_technology_mean,-2.887613059454619e-05
ic_g5,budget_share_plus20,49,stress,uniform,terminal_edge_health_mean,0.0
ic_g5,budget_share_plus20,50,linkage,uniform,cumulative_value_added,-200.65081453323364
ic_g5,budget_share_plus20,50,linkage,uniform,cumulative_shortage,1833.466317884624
ic_g5,budget_share_plus20,50,linkage,uniform,cumulative_welfare,-567.3440775871277
ic_g5,budget_share_plus20,50,linkage,uniform,cumulative_final_shortage,1393.9020333960652
ic_g5,budget_share_plus20,50,linkage,uniform,cumulative_final_delivered,-1393.9020328521729
ic_g5,budget_share_plus20,50,linkage,uniform,final_fill_rate,-1.5182962209703277e-07
ic_g5,budget_share_plus20,50,linkage,uniform,mean_service_rate,-8.842012066967442e-08
ic_g5,budget_share_plus20,50,linkage,uniform,terminal_output,0.0
ic_g5,budget_share_plus20,50,linkage,uniform,fiscal_spend,0.0
ic_g5,budget_share_plus20,50,linkage,uniform,private_spend,10.314999014139175
ic_g5,budget_share_plus20,50,linkage,uniform,terminal_ai_effective_mean,1.1086373948489357e-05
ic_g5,budget_share_plus20,50,linkage,uniform,terminal_technology_mean,1.2892345576775988e-05
ic_g5,budget_share_plus20,50,linkage,uniform,terminal_edge_health_mean,0.0
ic_g5,budget_share_plus20,50,stress,uniform,cumulative_value_added,4569.793795108795
ic_g5,budget_share_plus20,50,stress,uniform,cumulative_shortage,-41762.04249668121
ic_g5,budget_share_plus20,50,stress,uniform,cumulative_welfare,12922.202294826508
ic_g5,budget_share_plus20,50,stress,uniform,cumulative_final_shortage,-31503.43489970267
ic_g5,budget_share_plus20,50,stress,uniform,cumulative_final_delivered,31503.434900283813
ic_g5,budget_share_plus20,50,stress,uniform,final_fill_rate,3.4314855007488987e-06
ic_g5,budget_share_plus20,50,stress,uniform,mean_service_rate,2.015057146254051e-06
ic_g5,budget_share_plus20,50,stress,uniform,terminal_output,0.0
ic_g5,budget_share_plus20,50,stress,uniform,fiscal_spend,1.862645149230957e-09
ic_g5,budget_share_plus20,50,stress,uniform,private_spend,-234.957237303257
ic_g5,budget_share_plus20,50,stress,uniform,terminal_ai_effective_mean,-2.3911016045517503e-05
ic_g5,budget_share_plus20,50,stress,uniform,terminal_technology_mean,-2.6808228854813265e-05
ic_g5,budget_share_plus20,50,stress,uniform,terminal_edge_health_mean,0.0
ic_g5,budget_share_plus20,51,linkage,uniform,cumulative_value_added,-271.20412588119507
ic_g5,budget_share_plus20,51,linkage,uniform,cumulative_shortage,2478.0940706655383
ic_g5,budget_share_plus20,51,linkage,uniform,cumulative_welfare,-766.8229398727417
ic_g5,budget_share_plus20,51,linkage,uniform,cumulative_final_shortage,1888.9262202456594
ic_g5,budget_share_plus20,51,linkage,uniform,cumulative_final_delivered,-1888.9262218475342
ic_g5,budget_share_plus20,51,linkage,uniform,final_fill_rate,-2.0574972103837297e-07
ic_g5,budget_share_plus20,51,linkage,uniform,mean_service_rate,-1.1945458200379733e-07
ic_g5,budget_share_plus20,51,linkage,uniform,terminal_output,0.0
ic_g5,budget_share_plus20,51,linkage,uniform,fiscal_spend,0.0
ic_g5,budget_share_plus20,51,linkage,uniform,private_spend,13.941576838493347
ic_g5,budget_share_plus20,51,linkage,uniform,terminal_ai_effective_mean,1.1086373948489357e-05
ic_g5,budget_share_plus20,51,linkage,uniform,terminal_technology_mean,1.2892345576775988e-05
ic_g5,budget_share_plus20,51,linkage,uniform,terminal_edge_health_mean,0.0
ic_g5,budget_share_plus20,51,stress,uniform,cumulative_value_added,4987.576852798462
ic_g5,budget_share_plus20,51,stress,uniform,cumulative_shortage,-45580.24240962416
ic_g5,budget_share_plus20,51,stress,uniform,cumulative_welfare,14103.625334739685
ic_g5,budget_share_plus20,51,stress,uniform,cumulative_final_shortage,-34245.1966355145
ic_g5,budget_share_plus20,51,stress,uniform,cumulative_final_delivered,34245.1966342926
ic_g5,budget_share_plus20,51,stress,uniform,final_fill_rate,3.7301296220704216e-06
ic_g5,budget_share_plus20,51,stress,uniform,mean_service_rate,2.199037294925432e-06
ic_g5,budget_share_plus20,51,stress,uniform,terminal_output,0.0
ic_g5,budget_share_plus20,51,stress,uniform,fiscal_spend,0.0
ic_g5,budget_share_plus20,51,stress,uniform,private_spend,-256.4390237033367
ic_g5,budget_share_plus20,51,stress,uniform,terminal_ai_effective_mean,-2.811440565808794e-05
ic_g5,budget_share_plus20,51,stress,uniform,terminal_technology_mean,-3.157640808448825e-05
ic_g5,budget_share_plus20,51,stress,uniform,terminal_edge_health_mean,0.0
ic_g5,edge_health_floor_minus20,42,linkage,uniform,cumulative_value_added,-226.10544395446777
ic_g5,edge_health_floor_minus20,42,linkage,uniform,cumulative_shortage,2066.009710021317
ic_g5,edge_health_floor_minus20,42,linkage,uniform,cumulative_welfare,-639.3073859214783
ic_g5,edge_health_floor_minus20,42,linkage,uniform,cumulative_final_shortage,1575.5987094417214
ic_g5,edge_health_floor_minus20,42,linkage,uniform,cumulative_final_delivered,-1575.598711013794
ic_g5,edge_health_floor_minus20,42,linkage,uniform,final_fill_rate,-1.716207820301463e-07
ic_g5,edge_health_floor_minus20,42,linkage,uniform,mean_service_rate,-9.959982916196708e-08
ic_g5,edge_health_floor_minus20,42,linkage,uniform,terminal_output,0.0
ic_g5,edge_health_floor_minus20,42,linkage,uniform,fiscal_spend,0.0
ic_g5,edge_health_floor_minus20,42,linkage,uniform,private_spend,11.62321937084198
ic_g5,edge_health_floor_minus20,42,linkage,uniform,terminal_ai_effective_mean,9.238644957075114e-06
ic_g5,edge_health_floor_minus20,42,linkage,uniform,terminal_technology_mean,1.07436213140355e-05
ic_g5,edge_health_floor_minus20,42,linkage,uniform,terminal_edge_health_mean,0.0
ic_g5,edge_health_floor_minus20,42,stress,uniform,cumulative_value_added,3994.0952339172363
ic_g5,edge_health_floor_minus20,42,stress,uniform,cumulative_shortage,-36501.059105053544
ic_g5,edge_health_floor_minus20,42,stress,uniform,cumulative_welfare,11294.30705499649
ic_g5,edge_health_floor_minus20,42,stress,uniform,cumulative_final_shortage,-27453.255890622735
ic_g5,edge_health_floor_minus20,42,stress,uniform,cumulative_final_delivered,27453.255889892578
ic_g5,edge_health_floor_minus20,42,stress,uniform,final_fill_rate,2.990323113349902e-06
ic_g5,edge_health_floor_minus20,42,stress,uniform,mean_service_rate,1.7611117504312546e-06
ic_g5,edge_health_floor_minus20,42,stress,uniform,terminal_output,0.0
ic_g5,edge_health_floor_minus20,42,stress,uniform,fiscal_spend,0.0
ic_g5,edge_health_floor_minus20,42,stress,uniform,private_spend,-205.35862812399864
ic_g5,edge_health_floor_minus20,42,stress,uniform,terminal_ai_effective_mean,-2.2218225100434016e-05
ic_g5,edge_health_floor_minus20,42,stress,uniform,terminal_technology_mean,-2.494058575941427e-05
ic_g5,edge_health_floor_minus20,42,stress,uniform,terminal_edge_health_mean,0.0
ic_g5,edge_health_floor_minus20,43,linkage,uniform,cumulative_value_added,-226.08100175857544
ic_g5,edge_health_floor_minus20,43,linkage,uniform,cumulative_shortage,2065.7865472510457
ic_g5,edge_health_floor_minus20,43,linkage,uniform,cumulative_welfare,-639.2383108139038
ic_g5,edge_health_floor_minus20,43,linkage,uniform,cumulative_final_shortage,1575.2320234328508
ic_g5,edge_health_floor_minus20,43,linkage,uniform,cumulative_final_delivered,-1575.2320232391357
ic_g5,edge_health_floor_minus20,43,linkage,uniform,final_fill_rate,-1.715808407576347e-07
ic_g5,edge_health_floor_minus20,43,linkage,uniform,mean_service_rate,-9.958673208299018e-08
ic_g5,edge_health_floor_minus20,43,linkage,uniform,terminal_output,0.0
ic_g5,edge_health_floor_minus20,43,linkage,uniform,fiscal_spend,0.0
ic_g5,edge_health_floor_minus20,43,linkage,uniform,private_spend,11.621964067220688
ic_g5,edge_health_floor_minus20,43,linkage,uniform,terminal_ai_effective_mean,9.238644957075114e-06
ic_g5,edge_health_floor_minus20,43,linkage,uniform,terminal_technology_mean,1.07436213140355e-05
ic_g5,edge_health_floor_minus20,43,linkage,uniform,terminal_edge_health_mean,0.0
ic_g5,edge_health_floor_minus20,43,stress,uniform,cumulative_value_added,4032.955111026764
ic_g5,edge_health_floor_minus20,43,stress,uniform,cumulative_shortage,-36856.189501196146
ic_g5,edge_health_floor_minus20,43,stress,uniform,cumulative_welfare,11404.193011283875
ic_g5,edge_health_floor_minus20,43,stress,uniform,cumulative_final_shortage,-27712.921165406704
ic_g5,edge_health_floor_minus20,43,stress,uniform,cumulative_final_delivered,27712.92116546631
ic_g5,edge_health_floor_minus20,43,stress,uniform,final_fill_rate,3.0186069381876734e-06
ic_g5,edge_health_floor_minus20,43,stress,uniform,mean_service_rate,1.7782195128601685e-06
ic_g5,edge_health_floor_minus20,43,stress,uniform,terminal_output,0.0
ic_g5,edge_health_floor_minus20,43,stress,uniform,fiscal_spend,9.313225746154785e-10
ic_g5,edge_health_floor_minus20,43,stress,uniform,private_spend,-207.35662683844566
ic_g5,edge_health_floor_minus20,43,stress,uniform,terminal_ai_effective_mean,-2.2509310856795584e-05
ic_g5,edge_health_floor_minus20,43,stress,uniform,terminal_technology_mean,-2.5270783352349113e-05
ic_g5,edge_health_floor_minus20,43,stress,uniform,terminal_edge_health_mean,0.0
ic_g5,edge_health_floor_minus20,44,linkage,uniform,cumulative_value_added,-226.183988571167
ic_g5,edge_health_floor_minus20,44,linkage,uniform,cumulative_shortage,2066.7268267795444
ic_g5,edge_health_floor_minus20,44,linkage,uniform,cumulative_welfare,-639.529354095459
ic_g5,edge_health_floor_minus20,44,linkage,uniform,cumulative_final_shortage,1576.7821903303266
ic_g5,edge_health_floor_minus20,44,linkage,uniform,cumulative_final_delivered,-1576.782190322876
ic_g5,edge_health_floor_minus20,44,linkage,uniform,final_fill_rate,-1.7174969146882546e-07
ic_g5,edge_health_floor_minus20,44,linkage,uniform,mean_service_rate,-9.964192670963712e-08
ic_g5,edge_health_floor_minus20,44,linkage,uniform,terminal_output,0.0
ic_g5,edge_health_floor_minus20,44,linkage,uniform,fiscal_spend,0.0
ic_g5,edge_health_floor_minus20,44,linkage,uniform,private_spend,11.6272531747818
ic_g5,edge_health_floor_minus20,44,linkage,uniform,terminal_ai_effective_mean,9.238644957075114e-06
ic_g5,edge_health_floor_minus20,44,linkage,uniform,terminal_technology_mean,1.07436213140355e-05
ic_g5,edge_health_floor_minus20,44,linkage,uniform,terminal_edge_health_mean,0.0
ic_g5,edge_health_floor_minus20,44,stress,uniform,cumulative_value_added,3868.3083696365356
ic_g5,edge_health_floor_minus20,44,stress,uniform,cumulative_shortage,-35351.52578108013
ic_g5,edge_health_floor_minus20,44,stress,uniform,cumulative_welfare,10938.613525390625
ic_g5,edge_health_floor_minus20,44,stress,uniform,cumulative_final_shortage,-26611.690773293376
ic_g5,edge_health_floor_minus20,44,stress,uniform,cumulative_final_delivered,26611.690773010254
ic_g5,edge_health_floor_minus20,44,stress,uniform,final_fill_rate,2.8986563315180902e-06
ic_g5,edge_health_floor_minus20,44,stress,uniform,mean_service_rate,1.7057310750523413e-06
ic_g5,edge_health_floor_minus20,44,stress,uniform,terminal_output,0.0
ic_g5,edge_health_floor_minus20,44,stress,uniform,fiscal_spend,0.0
ic_g5,edge_health_floor_minus20,44,stress,uniform,private_spend,-198.89124044775963
ic_g5,edge_health_floor_minus20,44,stress,uniform,terminal_ai_effective_mean,-2.1276235395206126e-05
ic_g5,edge_health_floor_minus20,44,stress,uniform,terminal_technology_mean,-2.3872024930371438e-05
ic_g5,edge_health_floor_minus20,44,stress,uniform,terminal_edge_health_mean,0.0
ic_g5,edge_health_floor_minus20,45,linkage,uniform,cumulative_value_added,-226.1207618713379
ic_g5,edge_health_floor_minus20,45,linkage,uniform,cumulative_shortage,2066.149559661746
ic_g5,edge_health_floor_minus20,45,linkage,uniform,cumulative_welfare,-639.3506741523743
ic_g5,edge_health_floor_minus20,45,linkage,uniform,cumulative_final_shortage,1575.8288885727525
ic_g5,edge_health_floor_minus20,45,linkage,uniform,cumulative_final_delivered,-1575.8288898468018
ic_g5,edge_health_floor_minus20,45,linkage,uniform,final_fill_rate,-1.716458539746668e-07
ic_g5,edge_health_floor_minus20,45,linkage,uniform,mean_service_rate,-9.960803748487734e-08
ic_g5,edge_health_floor_minus20,45,linkage,uniform,terminal_output,0.0
ic_g5,edge_health_floor_minus20,45,linkage,uniform,fiscal_spend,0.0
ic_g5,edge_health_floor_minus20,45,linkage,uniform,private_spend,11.624006003141403
ic_g5,edge_health_floor_minus20,45,linkage,uniform,terminal_ai_effective_mean,9.238644957075114e-06
ic_g5,edge_health_floor_minus20,45,linkage,uniform,terminal_technology_mean,1.07436213140355e-05
ic_g5,edge_health_floor_minus20,45,linkage,uniform,terminal_edge_health_mean,0.0
ic_g5,edge_health_floor_minus20,45,stress,uniform,cumulative_value_added,3969.6743717193604
ic_g5,edge_health_floor_minus20,45,stress,uniform,cumulative_shortage,-36277.88317339122
ic_g5,edge_health_floor_minus20,45,stress,uniform,cumulative_welfare,11225.251006126404
ic_g5,edge_health_floor_minus20,45,stress,uniform,cumulative_final_shortage,-27289.99528065324
ic_g5,edge_health_floor_minus20,45,stress,uniform,cumulative_final_delivered,27289.995279312134
ic_g5,edge_health_floor_minus20,45,stress,uniform,final_fill_rate,2.9725400869651253e-06
ic_g5,edge_health_floor_minus20,45,stress,uniform,mean_service_rate,1.7503603558788328e-06
ic_g5,edge_health_floor_minus20,45,stress,uniform,terminal_output,0.0
ic_g5,edge_health_floor_minus20,45,stress,uniform,fiscal_spend,0.0
ic_g5,edge_health_floor_minus20,45,stress,uniform,private_spend,-204.10301831364632
ic_g5,edge_health_floor_minus20,45,stress,uniform,terminal_ai_effective_mean,-2.203531472487301e-05
ic_g5,edge_health_floor_minus20,45,stress,uniform,terminal_technology_mean,-2.4733098542450982e-05
ic_g5,edge_health_floor_minus20,45,stress,uniform,terminal_edge_health_mean,0.0
ic_g5,edge_health_floor_minus20,46,linkage,uniform,cumulative_value_added,-226.1677441596985
ic_g5,edge_health_floor_minus20,46,linkage,uniform,cumulative_shortage,2066.5785165801644
ic_g5,edge_health_floor_minus20,46,linkage,uniform,cumulative_welfare,-639.4834475517273
ic_g5,edge_health_floor_minus20,46,linkage,uniform,cumulative_final_shortage,1576.5367807224393
ic_g5,edge_health_floor_minus20,46,linkage,uniform,cumulative_final_delivered,-1576.5367794036865
ic_g5,edge_health_floor_minus20,46,linkage,uniform,final_fill_rate,-1.7172296029599465e-07
ic_g5,edge_health_floor_minus20,46,linkage,uniform,mean_service_rate,-9.963321900841038e-08
ic_g5,edge_health_floor_minus20,46,linkage,uniform,terminal_output,0.0
ic_g5,edge_health_floor_minus20,46,linkage,uniform,fiscal_spend,0.0
ic_g5,edge_health_floor_minus20,46,linkage,uniform,private_spend,11.6264189183712
ic_g5,edge_health_floor_minus20,46,linkage,uniform,terminal_ai_effective_mean,9.238644957075114e-06
ic_g5,edge_health_floor_minus20,46,linkage,uniform,terminal_technology_mean,1.07436213140355e-05
ic_g5,edge_health_floor_minus20,46,linkage,uniform,terminal_edge_health_mean,0.0
ic_g5,edge_health_floor_minus20,46,stress,uniform,cumulative_value_added,3894.437868118286
ic_g5,edge_health_floor_minus20,46,stress,uniform,cumulative_shortage,-35590.31640274823
ic_g5,edge_health_floor_minus20,46,stress,uniform,cumulative_welfare,11012.501148700714
ic_g5,edge_health_floor_minus20,46,stress,uniform,cumulative_final_shortage,-26786.638889729977
ic_g5,edge_health_floor_minus20,46,stress,uniform,cumulative_final_delivered,26786.638891220093
ic_g5,edge_health_floor_minus20,46,stress,uniform,final_fill_rate,2.917712410122064e-06
ic_g5,edge_health_floor_minus20,46,stress,uniform,mean_service_rate,1.717235709186582e-06
ic_g5,edge_health_floor_minus20,46,stress,uniform,terminal_output,0.0
ic_g5,edge_health_floor_minus20,46,stress,uniform,fiscal_spend,9.313225746154785e-10
ic_g5,edge_health_floor_minus20,46,stress,uniform,private_spend,-200.234699934721
ic_g5,edge_health_floor_minus20,46,stress,uniform,terminal_ai_effective_mean,-2.1471884137215166e-05
ic_g5,edge_health_floor_minus20,46,stress,uniform,terminal_technology_mean,-2.409396220137694e-05
ic_g5,edge_health_floor_minus20,46,stress,uniform,terminal_edge_health_mean,0.0
ic_g5,edge_health_floor_minus20,47,linkage,uniform,cumulative_value_added,-226.07223653793335
ic_g5,edge_health_floor_minus20,47,linkage,uniform,cumulative_shortage,2065.706523165107
ic_g5,edge_health_floor_minus20,47,linkage,uniform,cumulative_welfare,-639.213541507721
ic_g5,edge_health_floor_minus20,47,linkage,uniform,cumulative_final_shortage,1575.100717894733
ic_g5,edge_health_floor_minus20,47,linkage,uniform,cumulative_final_delivered,-1575.1007175445557
ic_g5,edge_health_floor_minus20,47,linkage,uniform,final_fill_rate,-1.7156653842054226e-07
ic_g5,edge_health_floor_minus20,47,linkage,uniform,mean_service_rate,-9.958203617266292e-08
ic_g5,edge_health_floor_minus20,47,linkage,uniform,terminal_output,0.0
ic_g5,edge_health_floor_minus20,47,linkage,uniform,fiscal_spend,0.0
ic_g5,edge_health_floor_minus20,47,linkage,uniform,private_spend,11.621513932943344
ic_g5,edge_health_floor_minus20,47,linkage,uniform,terminal_ai_effective_mean,9.238644957075114e-06
ic_g5,edge_health_floor_minus20,47,linkage,uniform,terminal_technology_mean,1.07436213140355e-05
ic_g5,edge_health_floor_minus20,47,linkage,uniform,terminal_edge_health_mean,0.0
ic_g5,edge_health_floor_minus20,47,stress,uniform,cumulative_value_added,4046.85728931427
ic_g5,edge_health_floor_minus20,47,stress,uniform,cumulative_shortage,-36983.23793575168
ic_g5,edge_health_floor_minus20,47,stress,uniform,cumulative_welfare,11443.50487613678
ic_g5,edge_health_floor_minus20,47,stress,uniform,cumulative_final_shortage,-27805.779650986195
ic_g5,edge_health_floor_minus20,47,stress,uniform,cumulative_final_delivered,27805.779651641846
ic_g5,edge_health_floor_minus20,47,stress,uniform,final_fill_rate,3.028721471620699e-06
ic_g5,edge_health_floor_minus20,47,stress,uniform,mean_service_rate,1.7843396984407178e-06
ic_g5,edge_health_floor_minus20,47,stress,uniform,terminal_output,0.0
ic_g5,edge_health_floor_minus20,47,stress,uniform,fiscal_spend,0.0
ic_g5,edge_health_floor_minus20,47,stress,uniform,private_spend,-208.07141390442848
ic_g5,edge_health_floor_minus20,47,stress,uniform,terminal_ai_effective_mean,-2.2613455710487028e-05
ic_g5,edge_health_floor_minus20,47,stress,uniform,terminal_technology_mean,-2.538892165226958e-05
ic_g5,edge_health_floor_minus20,47,stress,uniform,terminal_edge_health_mean,0.0
ic_g5,edge_health_floor_minus20,48,linkage,uniform,cumulative_value_added,-225.9591522216797
ic_g5,edge_health_floor_minus20,48,linkage,uniform,cumulative_shortage,2064.674049951136
ic_g5,edge_health_floor_minus20,48,linkage,uniform,cumulative_welfare,-638.8939619064331
ic_g5,edge_health_floor_minus20,48,linkage,uniform,cumulative_final_shortage,1573.4152915105224
ic_g5,edge_health_floor_minus20,48,linkage,uniform,cumulative_final_delivered,-1573.4152927398682
ic_g5,edge_health_floor_minus20,48,linkage,uniform,final_fill_rate,-1.713829549387924e-07
ic_g5,edge_health_floor_minus20,48,linkage,uniform,mean_service_rate,-9.952146606817536e-08
ic_g5,edge_health_floor_minus20,48,linkage,uniform,terminal_output,0.0
ic_g5,edge_health_floor_minus20,48,linkage,uniform,fiscal_spend,0.0
ic_g5,edge_health_floor_minus20,48,linkage,uniform,private_spend,11.615706264972687
ic_g5,edge_health_floor_minus20,48,linkage,uniform,terminal_ai_effective_mean,9.238644957075114e-06
ic_g5,edge_health_floor_minus20,48,linkage,uniform,terminal_technology_mean,1.07436213140355e-05
ic_g5,edge_health_floor_minus20,48,linkage,uniform,terminal_edge_health_mean,0.0
ic_g5,edge_health_floor_minus20,48,stress,uniform,cumulative_value_added,4224.69442987442
ic_g5,edge_health_floor_minus20,48,stress,uniform,cumulative_shortage,-38608.44653146714
ic_g5,edge_health_floor_minus20,48,stress,uniform,cumulative_welfare,11946.383736610413
ic_g5,edge_health_floor_minus20,48,stress,uniform,cumulative_final_shortage,-28991.894954763353
ic_g5,edge_health_floor_minus20,48,stress,uniform,cumulative_final_delivered,28991.894954681396
ic_g5,edge_health_floor_minus20,48,stress,uniform,final_fill_rate,3.157918096574619e-06
ic_g5,edge_health_floor_minus20,48,stress,uniform,mean_service_rate,1.862622685422366e-06
ic_g5,edge_health_floor_minus20,48,stress,uniform,terminal_output,0.0
ic_g5,edge_health_floor_minus20,48,stress,uniform,fiscal_spend,0.0
ic_g5,edge_health_floor_minus20,48,stress,uniform,private_spend,-217.21499907970428
ic_g5,edge_health_floor_minus20,48,stress,uniform,terminal_ai_effective_mean,-2.394608431176108e-05
ic_g5,edge_health_floor_minus20,48,stress,uniform,terminal_technology_mean,-2.690060861076926e-05
ic_g5,edge_health_floor_minus20,48,stress,uniform,terminal_edge_health_mean,0.0
ic_g5,edge_health_floor_minus20,49,linkage,uniform,cumulative_value_added,-226.1695818901062
ic_g5,edge_health_floor_minus20,49,linkage,uniform,cumulative_shortage,2066.5952902957797
ic_g5,edge_health_floor_minus20,49,linkage,uniform,cumulative_welfare,-639.488639831543
ic_g5,edge_health_floor_minus20,49,linkage,uniform,cumulative_final_shortage,1576.5645195320249
ic_g5,edge_health_floor_minus20,49,linkage,uniform,cumulative_final_delivered,-1576.5645198822021
ic_g5,edge_health_floor_minus20,49,linkage,uniform,final_fill_rate,-1.7172598187897847e-07
ic_g5,edge_health_floor_minus20,49,linkage,uniform,mean_service_rate,-9.963420366521092e-08
ic_g5,edge_health_floor_minus20,49,linkage,uniform,terminal_output,0.0
ic_g5,edge_health_floor_minus20,49,linkage,uniform,fiscal_spend,0.0
ic_g5,edge_health_floor_minus20,49,linkage,uniform,private_spend,11.62651327252388
ic_g5,edge_health_floor_minus20,49,linkage,uniform,terminal_ai_effective_mean,9.238644957075114e-06
ic_g5,edge_health_floor_minus20,49,linkage,uniform,terminal_technology_mean,1.07436213140355e-05
ic_g5,edge_health_floor_minus20,49,linkage,uniform,terminal_edge_health_mean,0.0
ic_g5,edge_health_floor_minus20,49,stress,uniform,cumulative_value_added,3891.485634803772
ic_g5,edge_health_floor_minus20,49,stress,uniform,cumulative_shortage,-35563.33671537787
ic_g5,edge_health_floor_minus20,49,stress,uniform,cumulative_welfare,11004.152977466583
ic_g5,edge_health_floor_minus20,49,stress,uniform,cumulative_final_shortage,-26766.87587057054
ic_g5,edge_health_floor_minus20,49,stress,uniform,cumulative_final_delivered,26766.875869750977
ic_g5,edge_health_floor_minus20,49,stress,uniform,final_fill_rate,2.915559739413709e-06
ic_g5,edge_health_floor_minus20,49,stress,uniform,mean_service_rate,1.7159358746132725e-06
ic_g5,edge_health_floor_minus20,49,stress,uniform,terminal_output,0.0
ic_g5,edge_health_floor_minus20,49,stress,uniform,fiscal_spend,0.0
ic_g5,edge_health_floor_minus20,49,stress,uniform,private_spend,-200.0829095542431
ic_g5,edge_health_floor_minus20,49,stress,uniform,terminal_ai_effective_mean,-2.1449778062873452e-05
ic_g5,edge_health_floor_minus20,49,stress,uniform,terminal_technology_mean,-2.4068885824624076e-05
ic_g5,edge_health_floor_minus20,49,stress,uniform,terminal_edge_health_mean,0.0
ic_g5,edge_health_floor_minus20,50,linkage,uniform,cumulative_value_added,-226.29479265213013
ic_g5,edge_health_floor_minus20,50,linkage,uniform,cumulative_shortage,2067.7384762093425
ic_g5,edge_health_floor_minus20,50,linkage,uniform,cumulative_welfare,-639.8424878120422
ic_g5,edge_health_floor_minus20,50,linkage,uniform,cumulative_final_shortage,1578.465277314186
ic_g5,edge_health_floor_minus20,50,linkage,uniform,cumulative_final_delivered,-1578.4652767181396
ic_g5,edge_health_floor_minus20,50,linkage,uniform,final_fill_rate,-1.7193302026541346e-07
ic_g5,edge_health_floor_minus20,50,linkage,uniform,mean_service_rate,-9.97013435144467e-08
ic_g5,edge_health_floor_minus20,50,linkage,uniform,terminal_output,0.0
ic_g5,edge_health_floor_minus20,50,linkage,uniform,fiscal_spend,0.0
ic_g5,edge_health_floor_minus20,50,linkage,uniform,private_spend,11.63294368982315
ic_g5,edge_health_floor_minus20,50,linkage,uniform,terminal_ai_effective_mean,9.238644957075114e-06
ic_g5,edge_health_floor_minus20,50,linkage,uniform,terminal_technology_mean,1.07436213140355e-05
ic_g5,edge_health_floor_minus20,50,linkage,uniform,terminal_edge_health_mean,0.0
ic_g5,edge_health_floor_minus20,50,stress,uniform,cumulative_value_added,3688.454864025116
ic_g5,edge_health_floor_minus20,50,stress,uniform,cumulative_shortage,-33707.89255242795
ic_g5,edge_health_floor_minus20,50,stress,uniform,cumulative_welfare,10430.033374786377
ic_g5,edge_health_floor_minus20,50,stress,uniform,cumulative_final_shortage,-25405.63829768449
ic_g5,edge_health_floor_minus20,50,stress,uniform,cumulative_final_delivered,25405.638298034668
ic_g5,edge_health_floor_minus20,50,stress,uniform,final_fill_rate,2.767288066585216e-06
ic_g5,edge_health_floor_minus20,50,stress,uniform,mean_service_rate,1.626535845122845e-06
ic_g5,edge_health_floor_minus20,50,stress,uniform,terminal_output,0.0
ic_g5,edge_health_floor_minus20,50,stress,uniform,fiscal_spend,0.0
ic_g5,edge_health_floor_minus20,50,stress,uniform,private_spend,-189.64399921894073
ic_g5,edge_health_floor_minus20,50,stress,uniform,terminal_ai_effective_mean,-1.9929957278823178e-05
ic_g5,edge_health_floor_minus20,50,stress,uniform,terminal_technology_mean,-2.23448522297387e-05
ic_g5,edge_health_floor_minus20,50,stress,uniform,terminal_edge_health_mean,0.0
ic_g5,edge_health_floor_minus20,51,linkage,uniform,cumulative_value_added,-226.00284719467163
ic_g5,edge_health_floor_minus20,51,linkage,uniform,cumulative_shortage,2065.0729909986258
ic_g5,edge_health_floor_minus20,51,linkage,uniform,cumulative_welfare,-639.01744556427
ic_g5,edge_health_floor_minus20,51,linkage,uniform,cumulative_final_shortage,1574.0646264851093
ic_g5,edge_health_floor_minus20,51,linkage,uniform,cumulative_final_delivered,-1574.0646266937256
ic_g5,edge_health_floor_minus20,51,linkage,uniform,final_fill_rate,-1.7145368313986609e-07
ic_g5,edge_health_floor_minus20,51,linkage,uniform,mean_service_rate,-9.954486579477617e-08
ic_g5,edge_health_floor_minus20,51,linkage,uniform,terminal_output,0.0
ic_g5,edge_health_floor_minus20,51,linkage,uniform,fiscal_spend,0.0
ic_g5,edge_health_floor_minus20,51,linkage,uniform,private_spend,11.617950320243835
ic_g5,edge_health_floor_minus20,51,linkage,uniform,terminal_ai_effective_mean,9.238644957075114e-06
ic_g5,edge_health_floor_minus20,51,linkage,uniform,terminal_technology_mean,1.07436213140355e-05
ic_g5,edge_health_floor_minus20,51,linkage,uniform,terminal_edge_health_mean,0.0
ic_g5,edge_health_floor_minus20,51,stress,uniform,cumulative_value_added,4156.31401014328
ic_g5,edge_health_floor_minus20,51,stress,uniform,cumulative_shortage,-37983.53504336625
ic_g5,edge_health_floor_minus20,51,stress,uniform,cumulative_welfare,11753.021018505096
ic_g5,edge_health_floor_minus20,51,stress,uniform,cumulative_final_shortage,-28536.201350718737
ic_g5,edge_health_floor_minus20,51,stress,uniform,cumulative_final_delivered,28536.20135116577
ic_g5,edge_health_floor_minus20,51,stress,uniform,final_fill_rate,3.108282049080202e-06
ic_g5,edge_health_floor_minus20,51,stress,uniform,mean_service_rate,1.8325234422134073e-06
ic_g5,edge_health_floor_minus20,51,stress,uniform,terminal_output,0.0
ic_g5,edge_health_floor_minus20,51,stress,uniform,fiscal_spend,0.0
ic_g5,edge_health_floor_minus20,51,stress,uniform,private_spend,-213.69918474555016
ic_g5,edge_health_floor_minus20,51,stress,uniform,terminal_ai_effective_mean,-2.34335835701642e-05
ic_g5,edge_health_floor_minus20,51,stress,uniform,terminal_technology_mean,-2.631924594298507e-05
ic_g5,edge_health_floor_minus20,51,stress,uniform,terminal_edge_health_mean,0.0
ic_g5,edge_health_floor_plus20,42,linkage,uniform,cumulative_value_added,-226.10544395446777
ic_g5,edge_health_floor_plus20,42,linkage,uniform,cumulative_shortage,2066.009710021317
ic_g5,edge_health_floor_plus20,42,linkage,uniform,cumulative_welfare,-639.3073859214783
ic_g5,edge_health_floor_plus20,42,linkage,uniform,cumulative_final_shortage,1575.5987094417214
ic_g5,edge_health_floor_plus20,42,linkage,uniform,cumulative_final_delivered,-1575.598711013794
ic_g5,edge_health_floor_plus20,42,linkage,uniform,final_fill_rate,-1.716207820301463e-07
ic_g5,edge_health_floor_plus20,42,linkage,uniform,mean_service_rate,-9.959982916196708e-08
ic_g5,edge_health_floor_plus20,42,linkage,uniform,terminal_output,0.0
ic_g5,edge_health_floor_plus20,42,linkage,uniform,fiscal_spend,0.0
ic_g5,edge_health_floor_plus20,42,linkage,uniform,private_spend,11.62321937084198
ic_g5,edge_health_floor_plus20,42,linkage,uniform,terminal_ai_effective_mean,9.238644957075114e-06
ic_g5,edge_health_floor_plus20,42,linkage,uniform,terminal_technology_mean,1.07436213140355e-05
ic_g5,edge_health_floor_plus20,42,linkage,uniform,terminal_edge_health_mean,0.0
ic_g5,edge_health_floor_plus20,42,stress,uniform,cumulative_value_added,3994.0952339172363
ic_g5,edge_health_floor_plus20,42,stress,uniform,cumulative_shortage,-36501.059105053544
ic_g5,edge_health_floor_plus20,42,stress,uniform,cumulative_welfare,11294.30705499649
ic_g5,edge_health_floor_plus20,42,stress,uniform,cumulative_final_shortage,-27453.255890622735
ic_g5,edge_health_floor_plus20,42,stress,uniform,cumulative_final_delivered,27453.255889892578
ic_g5,edge_health_floor_plus20,42,stress,uniform,final_fill_rate,2.990323113349902e-06
ic_g5,edge_health_floor_plus20,42,stress,uniform,mean_service_rate,1.7611117504312546e-06
ic_g5,edge_health_floor_plus20,42,stress,uniform,terminal_output,0.0
ic_g5,edge_health_floor_plus20,42,stress,uniform,fiscal_spend,0.0
ic_g5,edge_health_floor_plus20,42,stress,uniform,private_spend,-205.35862812399864
ic_g5,edge_health_floor_plus20,42,stress,uniform,terminal_ai_effective_mean,-2.2218225100434016e-05
ic_g5,edge_health_floor_plus20,42,stress,uniform,terminal_technology_mean,-2.494058575941427e-05
ic_g5,edge_health_floor_plus20,42,stress,uniform,terminal_edge_health_mean,0.0
ic_g5,edge_health_floor_plus20,43,linkage,uniform,cumulative_value_added,-226.08100175857544
ic_g5,edge_health_floor_plus20,43,linkage,uniform,cumulative_shortage,2065.7865472510457
ic_g5,edge_health_floor_plus20,43,linkage,uniform,cumulative_welfare,-639.2383108139038
ic_g5,edge_health_floor_plus20,43,linkage,uniform,cumulative_final_shortage,1575.2320234328508
ic_g5,edge_health_floor_plus20,43,linkage,uniform,cumulative_final_delivered,-1575.2320232391357
ic_g5,edge_health_floor_plus20,43,linkage,uniform,final_fill_rate,-1.715808407576347e-07
ic_g5,edge_health_floor_plus20,43,linkage,uniform,mean_service_rate,-9.958673208299018e-08
ic_g5,edge_health_floor_plus20,43,linkage,uniform,terminal_output,0.0
ic_g5,edge_health_floor_plus20,43,linkage,uniform,fiscal_spend,0.0
ic_g5,edge_health_floor_plus20,43,linkage,uniform,private_spend,11.621964067220688
ic_g5,edge_health_floor_plus20,43,linkage,uniform,terminal_ai_effective_mean,9.238644957075114e-06
ic_g5,edge_health_floor_plus20,43,linkage,uniform,terminal_technology_mean,1.07436213140355e-05
ic_g5,edge_health_floor_plus20,43,linkage,uniform,terminal_edge_health_mean,0.0
ic_g5,edge_health_floor_plus20,43,stress,uniform,cumulative_value_added,4032.955111026764
ic_g5,edge_health_floor_plus20,43,stress,uniform,cumulative_shortage,-36856.189501196146
ic_g5,edge_health_floor_plus20,43,stress,uniform,cumulative_welfare,11404.193011283875
ic_g5,edge_health_floor_plus20,43,stress,uniform,cumulative_final_shortage,-27712.921165406704
ic_g5,edge_health_floor_plus20,43,stress,uniform,cumulative_final_delivered,27712.92116546631
ic_g5,edge_health_floor_plus20,43,stress,uniform,final_fill_rate,3.0186069381876734e-06
ic_g5,edge_health_floor_plus20,43,stress,uniform,mean_service_rate,1.7782195128601685e-06
ic_g5,edge_health_floor_plus20,43,stress,uniform,terminal_output,0.0
ic_g5,edge_health_floor_plus20,43,stress,uniform,fiscal_spend,9.313225746154785e-10
ic_g5,edge_health_floor_plus20,43,stress,uniform,private_spend,-207.35662683844566
ic_g5,edge_health_floor_plus20,43,stress,uniform,terminal_ai_effective_mean,-2.2509310856795584e-05
ic_g5,edge_health_floor_plus20,43,stress,uniform,terminal_technology_mean,-2.5270783352349113e-05
ic_g5,edge_health_floor_plus20,43,stress,uniform,terminal_edge_health_mean,0.0
ic_g5,edge_health_floor_plus20,44,linkage,uniform,cumulative_value_added,-226.183988571167
ic_g5,edge_health_floor_plus20,44,linkage,uniform,cumulative_shortage,2066.7268267795444
ic_g5,edge_health_floor_plus20,44,linkage,uniform,cumulative_welfare,-639.529354095459
ic_g5,edge_health_floor_plus20,44,linkage,uniform,cumulative_final_shortage,1576.7821903303266
ic_g5,edge_health_floor_plus20,44,linkage,uniform,cumulative_final_delivered,-1576.782190322876
ic_g5,edge_health_floor_plus20,44,linkage,uniform,final_fill_rate,-1.7174969146882546e-07
ic_g5,edge_health_floor_plus20,44,linkage,uniform,mean_service_rate,-9.964192670963712e-08
ic_g5,edge_health_floor_plus20,44,linkage,uniform,terminal_output,0.0
ic_g5,edge_health_floor_plus20,44,linkage,uniform,fiscal_spend,0.0
ic_g5,edge_health_floor_plus20,44,linkage,uniform,private_spend,11.6272531747818
ic_g5,edge_health_floor_plus20,44,linkage,uniform,terminal_ai_effective_mean,9.238644957075114e-06
ic_g5,edge_health_floor_plus20,44,linkage,uniform,terminal_technology_mean,1.07436213140355e-05
ic_g5,edge_health_floor_plus20,44,linkage,uniform,terminal_edge_health_mean,0.0
ic_g5,edge_health_floor_plus20,44,stress,uniform,cumulative_value_added,3868.3083696365356
ic_g5,edge_health_floor_plus20,44,stress,uniform,cumulative_shortage,-35351.52578108013
ic_g5,edge_health_floor_plus20,44,stress,uniform,cumulative_welfare,10938.613525390625
ic_g5,edge_health_floor_plus20,44,stress,uniform,cumulative_final_shortage,-26611.690773293376
ic_g5,edge_health_floor_plus20,44,stress,uniform,cumulative_final_delivered,26611.690773010254
ic_g5,edge_health_floor_plus20,44,stress,uniform,final_fill_rate,2.8986563315180902e-06
ic_g5,edge_health_floor_plus20,44,stress,uniform,mean_service_rate,1.7057310750523413e-06
ic_g5,edge_health_floor_plus20,44,stress,uniform,terminal_output,0.0
ic_g5,edge_health_floor_plus20,44,stress,uniform,fiscal_spend,0.0
ic_g5,edge_health_floor_plus20,44,stress,uniform,private_spend,-198.89124044775963
ic_g5,edge_health_floor_plus20,44,stress,uniform,terminal_ai_effective_mean,-2.1276235395206126e-05
ic_g5,edge_health_floor_plus20,44,stress,uniform,terminal_technology_mean,-2.3872024930371438e-05
ic_g5,edge_health_floor_plus20,44,stress,uniform,terminal_edge_health_mean,0.0
ic_g5,edge_health_floor_plus20,45,linkage,uniform,cumulative_value_added,-226.1207618713379
ic_g5,edge_health_floor_plus20,45,linkage,uniform,cumulative_shortage,2066.149559661746
ic_g5,edge_health_floor_plus20,45,linkage,uniform,cumulative_welfare,-639.3506741523743
ic_g5,edge_health_floor_plus20,45,linkage,uniform,cumulative_final_shortage,1575.8288885727525
ic_g5,edge_health_floor_plus20,45,linkage,uniform,cumulative_final_delivered,-1575.8288898468018
ic_g5,edge_health_floor_plus20,45,linkage,uniform,final_fill_rate,-1.716458539746668e-07
ic_g5,edge_health_floor_plus20,45,linkage,uniform,mean_service_rate,-9.960803748487734e-08
ic_g5,edge_health_floor_plus20,45,linkage,uniform,terminal_output,0.0
ic_g5,edge_health_floor_plus20,45,linkage,uniform,fiscal_spend,0.0
ic_g5,edge_health_floor_plus20,45,linkage,uniform,private_spend,11.624006003141403
ic_g5,edge_health_floor_plus20,45,linkage,uniform,terminal_ai_effective_mean,9.238644957075114e-06
ic_g5,edge_health_floor_plus20,45,linkage,uniform,terminal_technology_mean,1.07436213140355e-05
ic_g5,edge_health_floor_plus20,45,linkage,uniform,terminal_edge_health_mean,0.0
ic_g5,edge_health_floor_plus20,45,stress,uniform,cumulative_value_added,3969.6743717193604
ic_g5,edge_health_floor_plus20,45,stress,uniform,cumulative_shortage,-36277.88317339122
ic_g5,edge_health_floor_plus20,45,stress,uniform,cumulative_welfare,11225.251006126404
ic_g5,edge_health_floor_plus20,45,stress,uniform,cumulative_final_shortage,-27289.99528065324
ic_g5,edge_health_floor_plus20,45,stress,uniform,cumulative_final_delivered,27289.995279312134
ic_g5,edge_health_floor_plus20,45,stress,uniform,final_fill_rate,2.9725400869651253e-06
ic_g5,edge_health_floor_plus20,45,stress,uniform,mean_service_rate,1.7503603558788328e-06
ic_g5,edge_health_floor_plus20,45,stress,uniform,terminal_output,0.0
ic_g5,edge_health_floor_plus20,45,stress,uniform,fiscal_spend,0.0
ic_g5,edge_health_floor_plus20,45,stress,uniform,private_spend,-204.10301831364632
ic_g5,edge_health_floor_plus20,45,stress,uniform,terminal_ai_effective_mean,-2.203531472487301e-05
ic_g5,edge_health_floor_plus20,45,stress,uniform,terminal_technology_mean,-2.4733098542450982e-05
ic_g5,edge_health_floor_plus20,45,stress,uniform,terminal_edge_health_mean,0.0
ic_g5,edge_health_floor_plus20,46,linkage,uniform,cumulative_value_added,-226.1677441596985
ic_g5,edge_health_floor_plus20,46,linkage,uniform,cumulative_shortage,2066.5785165801644
ic_g5,edge_health_floor_plus20,46,linkage,uniform,cumulative_welfare,-639.4834475517273
ic_g5,edge_health_floor_plus20,46,linkage,uniform,cumulative_final_shortage,1576.5367807224393
ic_g5,edge_health_floor_plus20,46,linkage,uniform,cumulative_final_delivered,-1576.5367794036865
ic_g5,edge_health_floor_plus20,46,linkage,uniform,final_fill_rate,-1.7172296029599465e-07
ic_g5,edge_health_floor_plus20,46,linkage,uniform,mean_service_rate,-9.963321900841038e-08
ic_g5,edge_health_floor_plus20,46,linkage,uniform,terminal_output,0.0
ic_g5,edge_health_floor_plus20,46,linkage,uniform,fiscal_spend,0.0
ic_g5,edge_health_floor_plus20,46,linkage,uniform,private_spend,11.6264189183712
ic_g5,edge_health_floor_plus20,46,linkage,uniform,terminal_ai_effective_mean,9.238644957075114e-06
ic_g5,edge_health_floor_plus20,46,linkage,uniform,terminal_technology_mean,1.07436213140355e-05
ic_g5,edge_health_floor_plus20,46,linkage,uniform,terminal_edge_health_mean,0.0
ic_g5,edge_health_floor_plus20,46,stress,uniform,cumulative_value_added,3894.437868118286
ic_g5,edge_health_floor_plus20,46,stress,uniform,cumulative_shortage,-35590.31640274823
ic_g5,edge_health_floor_plus20,46,stress,uniform,cumulative_welfare,11012.501148700714
ic_g5,edge_health_floor_plus20,46,stress,uniform,cumulative_final_shortage,-26786.638889729977
ic_g5,edge_health_floor_plus20,46,stress,uniform,cumulative_final_delivered,26786.638891220093
ic_g5,edge_health_floor_plus20,46,stress,uniform,final_fill_rate,2.917712410122064e-06
ic_g5,edge_health_floor_plus20,46,stress,uniform,mean_service_rate,1.717235709186582e-06
ic_g5,edge_health_floor_plus20,46,stress,uniform,terminal_output,0.0
ic_g5,edge_health_floor_plus20,46,stress,uniform,fiscal_spend,9.313225746154785e-10
ic_g5,edge_health_floor_plus20,46,stress,uniform,private_spend,-200.234699934721
ic_g5,edge_health_floor_plus20,46,stress,uniform,terminal_ai_effective_mean,-2.1471884137215166e-05
ic_g5,edge_health_floor_plus20,46,stress,uniform,terminal_technology_mean,-2.409396220137694e-05
ic_g5,edge_health_floor_plus20,46,stress,uniform,terminal_edge_health_mean,0.0
ic_g5,edge_health_floor_plus20,47,linkage,uniform,cumulative_value_added,-226.07223653793335
ic_g5,edge_health_floor_plus20,47,linkage,uniform,cumulative_shortage,2065.706523165107
ic_g5,edge_health_floor_plus20,47,linkage,uniform,cumulative_welfare,-639.213541507721
ic_g5,edge_health_floor_plus20,47,linkage,uniform,cumulative_final_shortage,1575.100717894733
ic_g5,edge_health_floor_plus20,47,linkage,uniform,cumulative_final_delivered,-1575.1007175445557
ic_g5,edge_health_floor_plus20,47,linkage,uniform,final_fill_rate,-1.7156653842054226e-07
ic_g5,edge_health_floor_plus20,47,linkage,uniform,mean_service_rate,-9.958203617266292e-08
ic_g5,edge_health_floor_plus20,47,linkage,uniform,terminal_output,0.0
ic_g5,edge_health_floor_plus20,47,linkage,uniform,fiscal_spend,0.0
ic_g5,edge_health_floor_plus20,47,linkage,uniform,private_spend,11.621513932943344
ic_g5,edge_health_floor_plus20,47,linkage,uniform,terminal_ai_effective_mean,9.238644957075114e-06
ic_g5,edge_health_floor_plus20,47,linkage,uniform,terminal_technology_mean,1.07436213140355e-05
ic_g5,edge_health_floor_plus20,47,linkage,uniform,terminal_edge_health_mean,0.0
ic_g5,edge_health_floor_plus20,47,stress,uniform,cumulative_value_added,4046.85728931427
ic_g5,edge_health_floor_plus20,47,stress,uniform,cumulative_shortage,-36983.23793575168
ic_g5,edge_health_floor_plus20,47,stress,uniform,cumulative_welfare,11443.50487613678
ic_g5,edge_health_floor_plus20,47,stress,uniform,cumulative_final_shortage,-27805.779650986195
ic_g5,edge_health_floor_plus20,47,stress,uniform,cumulative_final_delivered,27805.779651641846
ic_g5,edge_health_floor_plus20,47,stress,uniform,final_fill_rate,3.028721471620699e-06
ic_g5,edge_health_floor_plus20,47,stress,uniform,mean_service_rate,1.7843396984407178e-06
ic_g5,edge_health_floor_plus20,47,stress,uniform,terminal_output,0.0
ic_g5,edge_health_floor_plus20,47,stress,uniform,fiscal_spend,0.0
ic_g5,edge_health_floor_plus20,47,stress,uniform,private_spend,-208.07141390442848
ic_g5,edge_health_floor_plus20,47,stress,uniform,terminal_ai_effective_mean,-2.2613455710487028e-05
ic_g5,edge_health_floor_plus20,47,stress,uniform,terminal_technology_mean,-2.538892165226958e-05
ic_g5,edge_health_floor_plus20,47,stress,uniform,terminal_edge_health_mean,0.0
ic_g5,edge_health_floor_plus20,48,linkage,uniform,cumulative_value_added,-225.9591522216797
ic_g5,edge_health_floor_plus20,48,linkage,uniform,cumulative_shortage,2064.674049951136
ic_g5,edge_health_floor_plus20,48,linkage,uniform,cumulative_welfare,-638.8939619064331
ic_g5,edge_health_floor_plus20,48,linkage,uniform,cumulative_final_shortage,1573.4152915105224
ic_g5,edge_health_floor_plus20,48,linkage,uniform,cumulative_final_delivered,-1573.4152927398682
ic_g5,edge_health_floor_plus20,48,linkage,uniform,final_fill_rate,-1.713829549387924e-07
ic_g5,edge_health_floor_plus20,48,linkage,uniform,mean_service_rate,-9.952146606817536e-08
ic_g5,edge_health_floor_plus20,48,linkage,uniform,terminal_output,0.0
ic_g5,edge_health_floor_plus20,48,linkage,uniform,fiscal_spend,0.0
ic_g5,edge_health_floor_plus20,48,linkage,uniform,private_spend,11.615706264972687
ic_g5,edge_health_floor_plus20,48,linkage,uniform,terminal_ai_effective_mean,9.238644957075114e-06
ic_g5,edge_health_floor_plus20,48,linkage,uniform,terminal_technology_mean,1.07436213140355e-05
ic_g5,edge_health_floor_plus20,48,linkage,uniform,terminal_edge_health_mean,0.0
ic_g5,edge_health_floor_plus20,48,stress,uniform,cumulative_value_added,4224.69442987442
ic_g5,edge_health_floor_plus20,48,stress,uniform,cumulative_shortage,-38608.44653146714
ic_g5,edge_health_floor_plus20,48,stress,uniform,cumulative_welfare,11946.383736610413
ic_g5,edge_health_floor_plus20,48,stress,uniform,cumulative_final_shortage,-28991.894954763353
ic_g5,edge_health_floor_plus20,48,stress,uniform,cumulative_final_delivered,28991.894954681396
ic_g5,edge_health_floor_plus20,48,stress,uniform,final_fill_rate,3.157918096574619e-06
ic_g5,edge_health_floor_plus20,48,stress,uniform,mean_service_rate,1.862622685422366e-06
ic_g5,edge_health_floor_plus20,48,stress,uniform,terminal_output,0.0
ic_g5,edge_health_floor_plus20,48,stress,uniform,fiscal_spend,0.0
ic_g5,edge_health_floor_plus20,48,stress,uniform,private_spend,-217.21499907970428
ic_g5,edge_health_floor_plus20,48,stress,uniform,terminal_ai_effective_mean,-2.394608431176108e-05
ic_g5,edge_health_floor_plus20,48,stress,uniform,terminal_technology_mean,-2.690060861076926e-05
ic_g5,edge_health_floor_plus20,48,stress,uniform,terminal_edge_health_mean,0.0
ic_g5,edge_health_floor_plus20,49,linkage,uniform,cumulative_value_added,-226.1695818901062
ic_g5,edge_health_floor_plus20,49,linkage,uniform,cumulative_shortage,2066.5952902957797
ic_g5,edge_health_floor_plus20,49,linkage,uniform,cumulative_welfare,-639.488639831543
ic_g5,edge_health_floor_plus20,49,linkage,uniform,cumulative_final_shortage,1576.5645195320249
ic_g5,edge_health_floor_plus20,49,linkage,uniform,cumulative_final_delivered,-1576.5645198822021
ic_g5,edge_health_floor_plus20,49,linkage,uniform,final_fill_rate,-1.7172598187897847e-07
ic_g5,edge_health_floor_plus20,49,linkage,uniform,mean_service_rate,-9.963420366521092e-08
ic_g5,edge_health_floor_plus20,49,linkage,uniform,terminal_output,0.0
ic_g5,edge_health_floor_plus20,49,linkage,uniform,fiscal_spend,0.0
ic_g5,edge_health_floor_plus20,49,linkage,uniform,private_spend,11.62651327252388
ic_g5,edge_health_floor_plus20,49,linkage,uniform,terminal_ai_effective_mean,9.238644957075114e-06
ic_g5,edge_health_floor_plus20,49,linkage,uniform,terminal_technology_mean,1.07436213140355e-05
ic_g5,edge_health_floor_plus20,49,linkage,uniform,terminal_edge_health_mean,0.0
ic_g5,edge_health_floor_plus20,49,stress,uniform,cumulative_value_added,3891.485634803772
ic_g5,edge_health_floor_plus20,49,stress,uniform,cumulative_shortage,-35563.33671537787
ic_g5,edge_health_floor_plus20,49,stress,uniform,cumulative_welfare,11004.152977466583
ic_g5,edge_health_floor_plus20,49,stress,uniform,cumulative_final_shortage,-26766.87587057054
ic_g5,edge_health_floor_plus20,49,stress,uniform,cumulative_final_delivered,26766.875869750977
ic_g5,edge_health_floor_plus20,49,stress,uniform,final_fill_rate,2.915559739413709e-06
ic_g5,edge_health_floor_plus20,49,stress,uniform,mean_service_rate,1.7159358746132725e-06
ic_g5,edge_health_floor_plus20,49,stress,uniform,terminal_output,0.0
ic_g5,edge_health_floor_plus20,49,stress,uniform,fiscal_spend,0.0
ic_g5,edge_health_floor_plus20,49,stress,uniform,private_spend,-200.0829095542431
ic_g5,edge_health_floor_plus20,49,stress,uniform,terminal_ai_effective_mean,-2.1449778062873452e-05
ic_g5,edge_health_floor_plus20,49,stress,uniform,terminal_technology_mean,-2.4068885824624076e-05
ic_g5,edge_health_floor_plus20,49,stress,uniform,terminal_edge_health_mean,0.0
ic_g5,edge_health_floor_plus20,50,linkage,uniform,cumulative_value_added,-226.29479265213013
ic_g5,edge_health_floor_plus20,50,linkage,uniform,cumulative_shortage,2067.7384762093425
ic_g5,edge_health_floor_plus20,50,linkage,uniform,cumulative_welfare,-639.8424878120422
ic_g5,edge_health_floor_plus20,50,linkage,uniform,cumulative_final_shortage,1578.465277314186
ic_g5,edge_health_floor_plus20,50,linkage,uniform,cumulative_final_delivered,-1578.4652767181396
ic_g5,edge_health_floor_plus20,50,linkage,uniform,final_fill_rate,-1.7193302026541346e-07
ic_g5,edge_health_floor_plus20,50,linkage,uniform,mean_service_rate,-9.97013435144467e-08
ic_g5,edge_health_floor_plus20,50,linkage,uniform,terminal_output,0.0
ic_g5,edge_health_floor_plus20,50,linkage,uniform,fiscal_spend,0.0
ic_g5,edge_health_floor_plus20,50,linkage,uniform,private_spend,11.63294368982315
ic_g5,edge_health_floor_plus20,50,linkage,uniform,terminal_ai_effective_mean,9.238644957075114e-06
ic_g5,edge_health_floor_plus20,50,linkage,uniform,terminal_technology_mean,1.07436213140355e-05
ic_g5,edge_health_floor_plus20,50,linkage,uniform,terminal_edge_health_mean,0.0
ic_g5,edge_health_floor_plus20,50,stress,uniform,cumulative_value_added,3688.454864025116
ic_g5,edge_health_floor_plus20,50,stress,uniform,cumulative_shortage,-33707.89255242795
ic_g5,edge_health_floor_plus20,50,stress,uniform,cumulative_welfare,10430.033374786377
ic_g5,edge_health_floor_plus20,50,stress,uniform,cumulative_final_shortage,-25405.63829768449
ic_g5,edge_health_floor_plus20,50,stress,uniform,cumulative_final_delivered,25405.638298034668
ic_g5,edge_health_floor_plus20,50,stress,uniform,final_fill_rate,2.767288066585216e-06
ic_g5,edge_health_floor_plus20,50,stress,uniform,mean_service_rate,1.626535845122845e-06
ic_g5,edge_health_floor_plus20,50,stress,uniform,terminal_output,0.0
ic_g5,edge_health_floor_plus20,50,stress,uniform,fiscal_spend,0.0
ic_g5,edge_health_floor_plus20,50,stress,uniform,private_spend,-189.64399921894073
ic_g5,edge_health_floor_plus20,50,stress,uniform,terminal_ai_effective_mean,-1.9929957278823178e-05
ic_g5,edge_health_floor_plus20,50,stress,uniform,terminal_technology_mean,-2.23448522297387e-05
ic_g5,edge_health_floor_plus20,50,stress,uniform,terminal_edge_health_mean,0.0
ic_g5,edge_health_floor_plus20,51,linkage,uniform,cumulative_value_added,-226.00284719467163
ic_g5,edge_health_floor_plus20,51,linkage,uniform,cumulative_shortage,2065.0729909986258
ic_g5,edge_health_floor_plus20,51,linkage,uniform,cumulative_welfare,-639.01744556427
ic_g5,edge_health_floor_plus20,51,linkage,uniform,cumulative_final_shortage,1574.0646264851093
ic_g5,edge_health_floor_plus20,51,linkage,uniform,cumulative_final_delivered,-1574.0646266937256
ic_g5,edge_health_floor_plus20,51,linkage,uniform,final_fill_rate,-1.7145368313986609e-07
ic_g5,edge_health_floor_plus20,51,linkage,uniform,mean_service_rate,-9.954486579477617e-08
ic_g5,edge_health_floor_plus20,51,linkage,uniform,terminal_output,0.0
ic_g5,edge_health_floor_plus20,51,linkage,uniform,fiscal_spend,0.0
ic_g5,edge_health_floor_plus20,51,linkage,uniform,private_spend,11.617950320243835
ic_g5,edge_health_floor_plus20,51,linkage,uniform,terminal_ai_effective_mean,9.238644957075114e-06
ic_g5,edge_health_floor_plus20,51,linkage,uniform,terminal_technology_mean,1.07436213140355e-05
ic_g5,edge_health_floor_plus20,51,linkage,uniform,terminal_edge_health_mean,0.0
ic_g5,edge_health_floor_plus20,51,stress,uniform,cumulative_value_added,4156.31401014328
ic_g5,edge_health_floor_plus20,51,stress,uniform,cumulative_shortage,-37983.53504336625
ic_g5,edge_health_floor_plus20,51,stress,uniform,cumulative_welfare,11753.021018505096
ic_g5,edge_health_floor_plus20,51,stress,uniform,cumulative_final_shortage,-28536.201350718737
ic_g5,edge_health_floor_plus20,51,stress,uniform,cumulative_final_delivered,28536.20135116577
ic_g5,edge_health_floor_plus20,51,stress,uniform,final_fill_rate,3.108282049080202e-06
ic_g5,edge_health_floor_plus20,51,stress,uniform,mean_service_rate,1.8325234422134073e-06
ic_g5,edge_health_floor_plus20,51,stress,uniform,terminal_output,0.0
ic_g5,edge_health_floor_plus20,51,stress,uniform,fiscal_spend,0.0
ic_g5,edge_health_floor_plus20,51,stress,uniform,private_spend,-213.69918474555016
ic_g5,edge_health_floor_plus20,51,stress,uniform,terminal_ai_effective_mean,-2.34335835701642e-05
ic_g5,edge_health_floor_plus20,51,stress,uniform,terminal_technology_mean,-2.631924594298507e-05
ic_g5,edge_health_floor_plus20,51,stress,uniform,terminal_edge_health_mean,0.0
