task,case,seed,policy,shock_multiplier,periods,cumulative_value_added,cumulative_shortage,cumulative_final_demand,cumulative_final_delivered,cumulative_final_shortage,final_fill_rate,cumulative_welfare,mean_service_rate,terminal_output,terminal_backlog,fiscal_spend,private_spend,terminal_ai_effective_mean,terminal_technology_mean,terminal_edge_health_mean
ic_g5,base,42,uniform,1.0065049171299387,30,3851879040.165215,61782195.292998195,9180698823.625961,9136527513.964882,44171309.661079526,0.9951886767543875,3832628271.516059,0.9970262188830366,689952178.0536817,0.0,6894329.59055641,145237487.6849526,0.003116935977829802,0.9723784420597141,1.0
ic_g5,base,42,linkage,1.0065049171299387,30,3851878814.059771,61784261.302708216,9180698823.625961,9136525938.36617,44172885.25978897,0.9951885051336055,3832627632.208673,0.9970261192832074,689952178.0536817,0.0,6894329.59055641,145237499.30817196,0.003126174622786877,0.9723891856810282,1.0
ic_g5,base,42,stress,1.0065049171299387,30,3851883034.260449,61745694.23389314,9180698823.625961,9136554967.220772,44143856.4051889,0.9951916670775008,3832639565.823114,0.997027979994787,689952178.0536817,0.0,6894329.59055641,145237282.32632446,0.003094717752729368,0.9723535014739547,1.0
ic_g5,base,43,uniform,1.0175058076979606,30,3851804681.2549148,62461146.19079776,9180698823.625961,9136077328.109112,44621495.51684912,0.9951396406336717,3832418122.4261985,0.9969936603355144,689952178.0536817,0.0,6894329.59055641,145241306.8463379,0.003116935977829802,0.9723784420597141,1.0
ic_g5,base,43,linkage,1.0175058076979606,30,3851804455.173913,62463211.97734501,9180698823.625961,9136075752.877089,44623070.748872556,0.9951394690528309,3832417483.1878877,0.9969935607487823,689952178.0536817,0.0,6894329.59055641,145241318.46830198,0.003126174622786877,0.9723891856810282,1.0
ic_g5,base,43,stress,1.0175058076979606,30,3851808714.210026,62424290.001296565,9180698823.625961,9136105041.030277,44593782.595683716,0.9951426592406099,3832429526.61921,0.9969954385550273,689952178.0536817,0.0,6894329.590556411,145241099.48971108,0.0030944266669730063,0.9723531712763618,1.0
ic_g5,base,44,uniform,0.9711543472663869,30,3852117987.1702147,59600435.461993776,9180698823.625961,9137978883.870497,42719939.75546429,0.995346766016817,3833303570.48726,0.9971308612517007,689952178.0536817,0.0,6894329.59055641,145225215.0847901,0.003116935977829802,0.9723784420597141,1.0
ic_g5,base,44,linkage,0.9711543472663869,30,3852117760.986226,59602502.188820556,9180698823.625961,9137977307.088306,42721516.53765462,0.9953465942671256,3833302930.957906,0.997130761609774,689952178.0536817,0.0,6894329.59055641,145225226.7120433,0.003126174622786877,0.9723891856810282,1.0
ic_g5,base,44,stress,0.9711543472663869,30,3852121855.4785843,59565083.936212696,9180698823.625961,9138005495.56127,42693328.064691,0.9953496646731486,3833314509.1007853,0.9971325669827757,689952178.0536817,0.0,6894329.59055641,145225016.19354966,0.0030956597424345957,0.9723545700347838,1.0
ic_g5,base,45,uniform,0.9996109713143555,30,3851925638.7833314,61356716.04002953,9180698823.625961,9136809987.867296,43888835.75866467,0.9952194449897735,3832759965.9847693,0.9970466237419712,689952178.0536817,0.0,6894329.59055641,145235094.32493427,0.003116935977829802,0.9723784420597141,1.0
ic_g5,base,45,linkage,0.9996109713143555,30,3851925412.6625695,61358782.189589195,9180698823.625961,9136808412.038406,43890411.58755324,0.9952192733439196,3832759326.634095,0.9970465241339337,689952178.0536817,0.0,6894329.59055641,145235105.94894028,0.003126174622786877,0.9723891856810282,1.0
ic_g5,base,45,stress,0.9996109713143555,30,3851929608.457703,61320438.15685614,9180698823.625961,9136837277.862576,43861545.763384014,0.9952224175298605,3832771191.2357755,0.997048374102327,689952178.0536817,0.0,6894329.59055641,145234890.22191596,0.003094900663104929,0.9723537089611717,1.0
ic_g5,base,46,uniform,0.9784653580164804,30,3852068569.4626927,60051655.050254,9180698823.625961,9137678125.643341,43020697.98261863,0.9953140061765332,3833163908.8620853,0.9971092174617501,689952178.0536817,0.0,6894329.59055641,145227753.23656717,0.003116935977829802,0.9723784420597141,1.0
ic_g5,base,46,linkage,0.9784653580164804,30,3852068343.2949486,60053721.62877058,9180698823.625961,9137676549.106562,43022274.51939935,0.9953138344535729,3833163269.378638,0.9971091178285311,689952178.0536817,0.0,6894329.59055641,145227764.8629861,0.003126174622786877,0.9723891856810282,1.0
ic_g5,base,46,stress,0.9784653580164804,30,3852072463.900561,60016064.733851254,9180698823.625961,9137704912.282232,42993911.3437289,0.9953169238889433,3833174921.363234,0.9971109346974593,689952178.0536817,0.0,6894329.590556411,145227553.00186723,0.0030954640936925867,0.9723543480975128,1.0
ic_g5,base,47,uniform,1.021450627152114,30,3851778016.824964,62704611.81692089,9180698823.625961,9135916064.971851,44782758.65410925,0.9951220751802832,3832342764.8710237,0.9969819857771091,689952178.0536817,0.0,6894329.59055641,145242676.36292735,0.003116935977829802,0.9723784420597141,1.0
ic_g5,base,47,linkage,1.021450627152114,30,3851777790.7527275,62706677.52344406,9180698823.625961,9135914489.871134,44784333.75482714,0.9951219036137448,3832342125.657482,0.9969818861950729,689952178.0536817,0.0,6894329.59055641,145242687.98444128,0.003126174622786877,0.9723891856810282,1.0
ic_g5,base,47,stress,1.021450627152114,30,3851782063.6822534,62667628.57898514,9180698823.625961,9135943870.751503,44754952.87445826,0.9951251039017548,3832354208.3759,0.9969837701168075,689952178.0536817,0.0,6894329.59055641,145242468.29151344,0.003094322522119315,0.9723530531380619,1.0
ic_g5,base,48,uniform,1.0723468389231177,30,3851433991.3279085,65845814.655258946,9180698823.625961,9133843415.047274,46855408.57868729,0.9948963135074088,3831370498.8063,0.9968313905173055,689952178.0536817,0.0,6894329.59055641,145260345.91844684,0.003116935977829802,0.9723784420597141,1.0
ic_g5,base,48,linkage,1.0723468389231177,30,3851433765.3687563,65847879.3293089,9180698823.625961,9133841841.63198,46856981.9939788,0.9948961421244539,3831369859.9123383,0.9968312909958394,689952178.0536817,0.0,6894329.59055641,145260357.5341531,0.003126174622786877,0.9723891856810282,1.0
ic_g5,base,48,stress,1.0723468389231177,30,3851438216.0223384,65807206.20872748,9180698823.625961,9133872406.942228,46826416.683732525,0.9948994714255054,3831382445.190037,0.9968332531399909,689952178.0536817,0.0,6894329.59055641,145260128.70344776,0.003092989893518041,0.9723515414511034,1.0
ic_g5,base,49,uniform,0.9776384808257907,30,3852074158.6180863,60000621.99911,9180698823.625961,9137712125.902863,42986697.72309819,0.9953177096265836,3833179704.627708,0.997111665321616,689952178.0536817,0.0,6894329.59055641,145227466.1709503,0.003116935977829802,0.9723784420597141,1.0
ic_g5,base,49,linkage,0.9776384808257907,30,3852073932.4485044,60002688.594400294,9180698823.625961,9137710549.338343,42988274.28761772,0.9953175379006017,3833179065.139068,0.9971115656874123,689952178.0536817,0.0,6894329.59055641,145227477.79746357,0.003126174622786877,0.9723891856810282,1.0
ic_g5,base,49,stress,0.9776384808257907,30,3852078050.103721,59965058.66239462,9180698823.625961,9137738892.778732,42959930.84722762,0.995320625186323,3833190708.7806854,0.9971133812574906,689952178.0536817,0.0,6894329.59055641,145227266.08804074,0.0030954861997669284,0.9723543731738895,1.0
ic_g5,base,50,uniform,0.9212846670764326,30,3852455073.9772363,56522587.9069632,9180698823.625961,9140038733.470343,40660090.1556173,0.9955711334249434,3834256226.805287,0.9972785283498536,689952178.0536817,0.0,6894329.59055641,145207901.90857926,0.003116935977829802,0.9723784420597141,1.0
ic_g5,base,50,linkage,0.9212846670764326,30,3852454847.6824436,56524655.64543941,9180698823.625961,9140037155.005066,40661668.62089461,0.9955709614919231,3834255586.962799,0.9972784286485101,689952178.0536817,0.0,6894329.59055641,145207913.54152295,0.003126174622786877,0.9723891856810282,1.0
ic_g5,base,50,stress,0.9212846670764326,30,3852458762.4321003,56488880.01441077,9180698823.625961,9140064139.10864,40634684.51731961,0.99557390071301,3834266656.8386617,0.9972801548856988,689952178.0536817,0.0,6894329.59055641,145207712.26458004,0.0030970060205509787,0.9723560972074844,1.0
ic_g5,base,51,uniform,1.0526808585011613,30,3851566920.6453238,64632073.36940284,9180698823.625961,9134642525.257172,46056298.3687891,0.9949833559238142,3831746176.380887,0.9968895729162982,689952178.0536817,0.0,6894329.59055641,145253518.5118321,0.003116935977829802,0.9723784420597141,1.0
ic_g5,base,51,linkage,1.0526808585011613,30,3851566694.6424766,64634138.44239384,9180698823.625961,9134640951.192545,46057872.433415584,0.994983184470131,3831745537.3634415,0.9968894733714324,689952178.0536817,0.0,6894329.59055641,145253530.1297824,0.003126174622786877,0.9723891856810282,1.0
ic_g5,base,51,stress,1.0526808585011613,30,3851571076.959334,64594089.834359474,9180698823.625961,9134671061.458523,46027762.16743838,0.9949864642058632,3831757929.4019055,0.9968914054397404,689952178.0536817,0.0,6894329.59055641,145253304.81264734,0.0030935023942596377,0.9723521228137711,1.0
ic_g5,import_intermediate_first,42,uniform,1.0065049171299387,30,3851876996.2438564,61517303.80749126,9959446903.5495,9913285118.899282,46161784.65021685,0.9953650252772807,3832679205.891802,0.9970388572927457,689952178.0536817,0.0,6894329.59055641,145231948.86980265,0.003116935977829802,0.9723784420597141,1.0
ic_g5,import_intermediate_first,42,linkage,1.0065049171299387,30,3851876436.589351,61522393.73324231,9959446903.5495,9913281060.828356,46165842.721142724,0.9953646178178137,3832677628.2521462,0.9970386119185437,689952178.0536817,0.0,6894329.59055641,145231977.16950947,0.003129330015687568,0.9723929799669675,1.0
ic_g5,import_intermediate_first,42,stress,1.0065049171299387,30,3851880602.232646,61484502.65711435,9959446903.5495,9913310922.059692,46135981.48980551,0.9953676160999096,3832689372.1106663,0.9970404401110711,689952178.0536817,0.0,6894329.590556411,145231766.49153867,0.003098336536216874,0.972357802249119,1.0
ic_g5,import_intermediate_first,43,uniform,1.0175058076979606,30,3851802645.4418836,62193065.39886863,9959446903.5495,9912813072.474579,46633831.07492067,0.9953176284259018,3832469702.771553,0.9970064493235967,689952178.0536817,0.0,6894329.59055641,145235705.61486164,0.003116935977829802,0.9723784420597141,1.0
ic_g5,import_intermediate_first,43,linkage,1.0175058076979606,30,3851802054.5919833,62198439.11206768,9959446903.5495,9912808785.654137,46638117.89536143,0.9953171979983405,3832468037.1790133,0.9970061902527689,689952178.0536817,0.0,6894329.59055641,145235735.49248558,0.003129330015687568,0.9723929799669675,1.0
ic_g5,import_intermediate_first,43,stress,1.0175058076979606,30,3851806258.729013,62160197.89106166,9959446903.5495,9912838915.241741,46607988.30775772,0.9953202232253332,3832479889.560244,0.9970080353126253,689952178.0536817,0.0,6894329.59055641,145235522.86767375,0.0030980485403356017,0.972357475378151,1.0
ic_g5,import_intermediate_first,44,uniform,0.9711543472663869,30,3852115864.0885396,59346275.42722401,9959446903.5495,9914806342.385612,44640561.16388577,0.9955177670410615,3833352279.4125385,0.997142992277144,689952178.0536817,0.0,6894329.59055641,145219879.52446362,0.003116935977829802,0.9723784420597141,1.0
ic_g5,import_intermediate_first,44,linkage,0.9711543472663869,30,3852115407.04906,59350432.06595326,9959446903.5495,9914803036.321516,44643867.22798279,0.9955174350884815,3833350991.045313,0.997142791899127,689952178.0536817,0.0,6894329.59055641,145219902.63511768,0.003129330015687568,0.9723929799669675,1.0
ic_g5,import_intermediate_first,44,stress,0.9711543472663869,30,3852119498.225205,59313218.34477535,9959446903.5495,9914832396.223763,44614507.3257367,0.9955203830335361,3833362524.9656935,0.9971445875008342,689952178.0536817,0.0,6894329.590556411,145219695.72329926,0.00309926837488787,0.9723588598722496,1.0
ic_g5,import_intermediate_first,45,uniform,0.9996109713143555,30,3851923580.055124,61093911.65333836,9959446903.5495,9913581220.523237,45865683.02626143,0.9953947560069911,3832810468.1338997,0.997059163503989,689952178.0536817,0.0,6894329.59055641,145229595.11610597,0.003116935977829802,0.9723784420597141,1.0
ic_g5,import_intermediate_first,45,linkage,0.9996109713143555,30,3851923049.675477,61098735.28652966,9959446903.5495,9913577377.219872,45869526.329626545,0.9953943701117298,3832808973.0276146,0.9970589309783551,689952178.0536817,0.0,6894329.59055641,145229621.93519506,0.003129330015687568,0.9723929799669675,1.0
ic_g5,import_intermediate_first,45,stress,0.9996109713143555,30,3851927191.1294804,61061064.23985438,9959446903.5495,9913607069.741432,45839833.80806767,0.9953973514541525,3832820648.6909533,0.9970607485712442,689952178.0536817,0.0,6894329.59055641,145229412.4806103,0.0030985174938033795,0.9723580076332667,1.0
ic_g5,import_intermediate_first,46,uniform,0.9784653580164804,30,3852066462.914563,59795274.12836456,9959446903.5495,9914491139.230297,44955764.31920119,0.9954861183804112,3833213078.498334,0.9971214535234395,689952178.0536817,0.0,6894329.59055641,145222375.632042,0.003116935977829802,0.9723784420597141,1.0
ic_g5,import_intermediate_first,46,linkage,0.9784653580164804,30,3852066005.516642,59799434.011619456,9959446903.5495,9914487830.900295,44959072.64920283,0.9954857862003179,3833211789.1237617,0.9971212529959241,689952178.0536817,0.0,6894329.59055641,145222398.76071963,0.003129330015687568,0.9723929799669675,1.0
ic_g5,import_intermediate_first,46,stress,0.9784653580164804,30,3852070091.670255,59762265.96775873,9959446903.5495,9914517144.550137,44929758.99936318,0.9954887295012989,3833223308.886147,0.9971230463753926,689952178.0536817,0.0,6894329.59055641,145222192.10286313,0.003099074854772483,0.97235864022973,1.0
ic_g5,import_intermediate_first,47,uniform,1.021450627152114,30,3851775972.7102714,62435489.339930974,9959446903.5495,9912643887.856304,46803015.69319545,0.9953006410751067,3832394545.2517285,0.9969948238284331,689952178.0536817,0.0,6894329.59055641,145237053.31650442,0.003116935977829802,0.9723784420597141,1.0
ic_g5,import_intermediate_first,47,linkage,1.021450627152114,30,3851775381.88322,62440862.845473014,9959446903.5495,9912639601.381874,46807302.16762388,0.9953002106822877,3832392879.723569,0.9969945647697324,689952178.0536817,0.0,6894329.59055641,145237083.19297397,0.003129330015687568,0.9723929799669675,1.0
ic_g5,import_intermediate_first,47,stress,1.021450627152114,30,3851779599.79214,62402496.353241906,9959446903.5495,9912669826.94313,46777076.60636774,0.9953032455457242,3832404770.9309354,0.9969964158640718,689952178.0536817,0.0,6894329.59055641,145236869.8716414,0.0030979454956650953,0.9723573584240206,1.0
ic_g5,import_intermediate_first,48,uniform,1.0723468389231177,30,3851431840.104856,65563252.317697935,9959446903.5495,9910469032.232983,48977871.31651656,0.9950822699502458,3831424860.0507603,0.9968448611499923,689952178.0536817,0.0,6894329.59055641,145254441.4147464,0.003116935977829802,0.9723784420597141,1.0
ic_g5,import_intermediate_first,48,linkage,1.0723468389231177,30,3851431249.5726056,65568623.14403858,9959446903.5495,9910464750.200874,48982153.34862506,0.9950818400034677,3831423195.3532414,0.9968446022477084,689952178.0536817,0.0,6894329.59055641,145254471.27632174,0.003129330015687568,0.9723929799669675,1.0
ic_g5,import_intermediate_first,48,stress,1.0723468389231177,30,3851435643.684586,65528653.88117203,9959446903.5495,9910496202.003138,48950701.54636124,0.9950849979903085,3831435583.3177953,0.9968465305432966,689952178.0536817,0.0,6894329.59055641,145254249.0434211,0.0030966266978260893,0.9723558616091086,1.0
ic_g5,import_intermediate_first,49,uniform,0.9776384808257907,30,3852072050.2000084,59744492.26012316,9959446903.5495,9914526773.233614,44920130.31588411,0.9954896962902753,3833228822.1574273,0.9971238895045317,689952178.0536817,0.0,6894329.59055641,145222093.32163477,0.003116935977829802,0.9723784420597141,1.0
ic_g5,import_intermediate_first,49,linkage,0.9776384808257907,30,3852071592.9590015,59748650.72257961,9959446903.5495,9914523466.003843,44923437.5456562,0.995489364220653,3833227533.2239294,0.9971236890436717,689952178.0536817,0.0,6894329.59055641,145222116.4424193,0.003129330015687568,0.9723929799669675,1.0
ic_g5,import_intermediate_first,49,stress,0.9776384808257907,30,3852075679.63724,59711477.903450266,9959446903.5495,9914552784.577703,44894118.97179472,0.9954923080160409,3833239054.4659934,0.9971254826565865,689952178.0536817,0.0,6894329.590556411,145221909.75800854,0.0030990967210343815,0.9723586650476179,1.0
ic_g5,import_intermediate_first,50,uniform,0.9212846670764326,30,3852452815.8587914,56283779.39988988,9959446903.5495,9916964547.595585,42482355.95391288,0.9957344663448354,3834301730.388257,0.9972899327187825,689952178.0536817,0.0,6894329.59055641,145202854.26481977,0.003116935977829802,0.9723784420597141,1.0
ic_g5,import_intermediate_first,50,linkage,0.9212846670764326,30,3852452376.6876907,56287773.50486867,9959446903.5495,9916961370.48291,42485533.066588536,0.9957341473399042,3834300492.3961606,0.9972897401300007,689952178.0536817,0.0,6894329.59055641,145202876.47176942,0.003129330015687568,0.9723929799669675,1.0
ic_g5,import_intermediate_first,50,stress,0.9212846670764326,30,3852456429.730766,56250906.5155645,9959446903.5495,9916990513.270182,42456390.279317565,0.995737073485056,3834311918.8370967,0.9972915191528675,689952178.0536817,0.0,6894329.590556411,145202671.4876797,0.0031005995488614844,0.972360370736317,1.0
ic_g5,import_intermediate_first,51,uniform,1.0526808585011613,30,3851564810.808277,64354704.1105733,9959446903.5495,9911307634.331915,48139269.21758365,0.9951664716239987,3831799540.395606,0.9969027992190433,689952178.0536817,0.0,6894329.59055641,145247722.76147726,0.003116935977829802,0.9723784420597141,1.0
ic_g5,import_intermediate_first,51,linkage,1.0526808585011613,30,3851564220.1621175,64360075.972140685,9959446903.5495,9911303350.588133,48143552.96136578,0.9951660415053563,3831797875.377133,0.9969025402563315,689952178.0536817,0.0,6894329.59055641,145247752.62880763,0.003129330015687568,0.9723929799669675,1.0
ic_g5,import_intermediate_first,51,stress,1.0526808585011613,30,3851568546.5148497,64320723.05814051,9959446903.5495,9911334331.20737,48112572.34212872,0.9951691521820372,3831810072.312665,0.9969044388654182,689952178.0536817,0.0,6894329.59055641,145247533.82286963,0.0030971339337764973,0.9723564373138587,1.0
ic_g5,import_final_first,42,uniform,1.0065049171299387,30,3851883661.623746,62308555.215720676,7784100715.347655,7744501007.699175,39599707.648481645,0.9949127446963266,3832527620.9900455,0.9970011060841465,689952178.0536817,0.0,6894329.59055641,145248569.11495194,0.003116935977829802,0.9723784420597141,1.0
ic_g5,import_final_first,42,linkage,1.0065049171299387,30,3851884170.991158,62303857.58502147,7784100715.347655,7744504215.886101,39596499.46155531,0.994913156842449,3832529069.8835974,0.9970013325220072,689952178.0536817,0.0,6894329.59055641,145248542.07253814,0.003122587405458046,0.9723847102904724,1.0
ic_g5,import_final_first,42,stress,1.0065049171299387,30,3851888494.9466257,62263973.13279536,7784100715.347655,7744531049.093754,39569666.25390277,0.9949166040239069,3832541370.7295103,0.9970032565885496,689952178.0536817,0.0,6894329.59055641,145248312.46432585,0.0030899813179000733,0.9723477616386903,1.0
ic_g5,import_final_first,43,uniform,1.0175058076979606,30,3851809355.559925,62993272.201538734,7784100715.347655,7744100845.735308,39999869.6123481,0.9948613370927382,3832316371.5290613,0.9969682759263431,689952178.0536817,0.0,6894329.59055641,145252509.9506705,0.003116935977829802,0.9723784420597141,1.0
ic_g5,import_final_first,43,linkage,1.0175058076979606,30,3851809864.8592787,62988574.85922666,7784100715.347655,7744104053.123031,39996662.224625126,0.9948617491361893,3832317820.296877,0.996968502344687,689952178.0536817,0.0,6894329.59055641,145252482.9099543,0.003122587405458046,0.9723847102904724,1.0
ic_g5,import_final_first,43,stress,1.0175058076979606,30,3851814228.2761993,62948326.46295799,7784100715.347655,7744131123.004971,39969592.342685595,0.9948652267224809,3832330233.393051,0.9969704439367988,689952178.0536817,0.0,6894329.59055641,145252251.20657182,0.0030896821288679934,0.9723474226093869,1.0
ic_g5,import_final_first,44,uniform,0.9711543472663869,30,3852122438.8512697,60108267.18774202,7784100715.347655,7745791544.758875,38309170.588781185,0.9950785361097336,3833206455.8231645,0.9971066217268229,689952178.0536817,0.0,6894329.59055641,145235905.5270541,0.003116935977829802,0.9723784420597141,1.0
ic_g5,import_final_first,44,linkage,0.9711543472663869,30,3852122948.396502,60103567.918572016,7784100715.347655,7745794755.526247,38305959.82140941,0.9950789485873581,3833207905.222231,0.997106848261804,689952178.0536817,0.0,6894329.59055641,145235878.47521037,0.003122587405458046,0.9723847102904724,1.0
ic_g5,import_final_first,44,stress,0.9711543472663869,30,3852127144.5754833,60064861.92084514,7784100715.347655,7745820821.294101,38279894.05355572,0.995082297178134,3833219842.6007576,0.9971087155758677,689952178.0536817,0.0,6894329.59055641,145235655.65117964,0.003090949843795664,0.972348859134757,1.0
ic_g5,import_final_first,45,uniform,0.9996109713143555,30,3851930227.1324463,61879462.65788928,7784100715.347655,7744752126.583012,39348588.764644384,0.9949450051838279,3832660005.010312,0.9970216811850908,689952178.0536817,0.0,6894329.59055641,145246099.50585836,0.003116935977829802,0.9723784420597141,1.0
ic_g5,import_final_first,45,linkage,0.9996109713143555,30,3851930736.5345364,61874764.70766073,7784100715.347655,7744755335.271696,39345380.075959824,0.9949454173944097,3832661454.0024476,0.9970219076418884,689952178.0536817,0.0,6894329.59055641,145246072.46160555,0.003122587405458046,0.9723847102904724,1.0
ic_g5,import_final_first,45,stress,0.9996109713143555,30,3851935035.6879296,61835108.999414384,7784100715.347655,7744782019.645064,39318695.70259182,0.9949488454555749,3832673684.29749,0.9970238206930251,689952178.0536817,0.0,6894329.590556411,145245844.1702373,0.0030901693435029824,0.9723479747019769,1.0
ic_g5,import_final_first,46,uniform,0.9784653580164804,30,3852073056.2561927,60563318.67596253,7784100715.347655,7745524059.482865,38576655.86479098,0.995044173081069,3833066062.930444,0.9970847972675226,689952178.0536817,0.0,6894329.59055641,145238524.5407677,0.003116935977829802,0.9723784420597141,1.0
ic_g5,import_final_first,46,linkage,0.9784653580164804,30,3852073565.7646494,60558619.74565226,7784100715.347655,7745527269.715022,38573445.632634364,0.995044585489936,3833067512.2249627,0.9970850237824145,689952178.0536817,0.0,6894329.59055641,145238497.4908742,0.003122587405458046,0.9723847102904724,1.0
ic_g5,import_final_first,46,stress,0.9784653580164804,30,3852077788.4917555,60519668.90028107,7784100715.347655,7745553495.070205,38547220.277451746,0.9950479545824159,3833079525.121143,0.9970869028885121,689952178.0536817,0.0,6894329.59055641,145238273.25729328,0.0030907486441841773,0.9723486311430892,1.0
ic_g5,import_final_first,47,uniform,1.021450627152114,30,3851782710.0762954,63238805.42574501,7784100715.347655,7743957517.588431,40143197.759224735,0.9948429241569197,3832240619.40059,0.996956503992559,689952178.0536817,0.0,6894329.59055641,145253923.09818712,0.003116935977829802,0.9723784420597141,1.0
ic_g5,import_final_first,47,linkage,1.021450627152114,30,3851783219.3551903,63234108.25556185,7784100715.347655,7743960724.690006,40139990.657649994,0.9948433361636102,3832242068.1135216,0.9969567304005864,689952178.0536817,0.0,6894329.59055641,145253896.0584634,0.003122587405458046,0.9723847102904724,1.0
ic_g5,import_final_first,47,stress,1.021450627152114,30,3851787596.8880033,63193729.671651274,7784100715.347655,7743987879.194942,40112836.15271411,0.9948468246211636,3832254521.3631167,0.9969586782616674,689952178.0536817,0.0,6894329.590556411,145253663.60561055,0.0030895750958998816,0.9723473013238313,1.0
ic_g5,import_final_first,48,uniform,1.0723468389231177,30,3851438929.0253973,66406684.493782856,7784100715.347655,7742116113.118193,41984602.22946393,0.994606364464596,3831263262.536084,0.9968046532569621,689952178.0536817,0.0,6894329.59055641,145272155.58160102,0.003116935977829802,0.9723784420597141,1.0
ic_g5,import_final_first,48,linkage,1.0723468389231177,30,3851439438.0593095,66401989.87473747,7784100715.347655,7742119316.548469,41981398.79918747,0.9946067759996459,3831264710.493806,0.996804879515974,689952178.0536817,0.0,6894329.59055641,145272128.55652714,0.003122587405458046,0.9723847102904724,1.0
ic_g5,import_final_first,48,stress,1.0723468389231177,30,3851443996.0694647,66359946.24088913,7784100715.347655,7742147551.320208,41953164.02744876,0.9946104032358253,3831277677.2307305,0.9968069075472895,689952178.0536817,0.0,6894329.59055641,145271886.518292,0.0030882060260715785,0.972345749948355,1.0
ic_g5,import_final_first,49,uniform,0.9776384808257907,30,3852078641.4403596,60511852.235950254,7784100715.347655,7745554296.830638,38546418.5170185,0.9950480575821666,3833081941.402613,0.9970872655594741,689952178.0536817,0.0,6894329.59055641,145238228.32964504,0.003116935977829802,0.9723784420597141,1.0
ic_g5,import_final_first,49,linkage,0.9776384808257907,30,3852079150.9529757,60507153.26731485,7784100715.347655,7745557507.123287,38543208.224369414,0.9950484699988049,3833083390.7089562,0.9970874920766379,689952178.0536817,0.0,6894329.59055641,145238201.279531,0.003122587405458046,0.9723847102904724,1.0
ic_g5,import_final_first,49,stress,0.9776384808257907,30,3852083370.68069,60468230.08468772,7784100715.347655,7745583714.4519615,38517000.89569494,0.9950518367754735,3833095395.073196,0.9970893698504933,689952178.0536817,0.0,6894329.59055641,145237977.20520023,0.0030907713764084083,0.9723486569023708,1.0
ic_g5,import_final_first,50,uniform,0.9212846670764326,30,3852459286.1419845,57004281.57436632,7784100715.347655,7747624295.711423,36476419.63623296,0.9953139841106741,3834164100.2365546,0.9972555220876286,689952178.0536817,0.0,6894329.59055641,145218040.77746275,0.003116935977829802,0.9723784420597141,1.0
ic_g5,import_final_first,50,linkage,0.9212846670764326,30,3852459795.9298143,56999579.99377654,7784100715.347655,7747627510.123882,36473205.2237736,0.995314397056572,3834165550.3405027,0.9972557487596874,689952178.0536817,0.0,6894329.59055641,145218013.71231604,0.003122587405458046,0.9723847102904724,1.0
ic_g5,import_final_first,50,stress,0.9212846670764326,30,3852463809.314543,56962560.02141368,7784100715.347655,7747652475.09446,36448240.253197104,0.9953176042312335,3834176967.7197037,0.9972575348656482,689952178.0536817,0.0,6894329.59055641,145217800.5944727,0.003092334878607423,0.9723504286037469,1.0
ic_g5,import_final_first,51,uniform,1.0526808585011613,30,3851571763.890334,65182635.678294115,7784100715.347655,7742825905.609751,41274809.73790502,0.9946975493705362,3831640907.164119,0.9968633205737147,689952178.0536817,0.0,6894329.59055641,145265110.6631408,0.003116935977829802,0.9723784420597141,1.0
ic_g5,import_final_first,51,linkage,1.0526808585011613,30,3851572273.0231705,65177940.147745706,7784100715.347655,7742829110.454081,41271604.89357523,0.9946979610872453,3831642355.403065,0.9968635468867094,689952178.0536817,0.0,6894329.59055641,145265083.6328209,0.003122587405458046,0.9723847102904724,1.0
ic_g5,import_final_first,51,stress,1.0526808585011613,30,3851576761.6518116,65136536.52942621,7784100715.347655,7742856930.348163,41243784.999493726,0.9947015350253403,3831655124.7553697,0.996865544103686,689952178.0536817,0.0,6894329.590556411,145264845.27904886,0.00308873242839094,0.9723463464463762,1.0
ic_g5,backlog_retention_minus20,42,uniform,1.0065049171299387,30,3851866797.90356,57395619.491032794,9180698823.625961,9138935525.506319,41763298.11964066,0.9954509674130506,3833493344.4147973,0.9972348584231803,689952178.0536817,0.0,6894329.59055641,145148253.79604605,0.003116935977829802,0.9723784420597141,1.0
ic_g5,backlog_retention_minus20,42,linkage,1.0065049171299387,30,3851866675.8419476,57396653.49376227,9180698823.625961,9138934740.454214,41764083.17174585,0.9954508819019017,3833493015.5526385,0.997234808562034,689952178.0536817,0.0,6894329.59055641,145148258.44981742,0.003126174622786877,0.9723891856810282,1.0
ic_g5,backlog_retention_minus20,42,stress,1.0065049171299387,30,3851869564.845675,57372177.59253982,9180698823.625961,9138953150.649065,41745672.97689584,0.9954528872170966,3833500799.7366104,0.997235989347672,689952178.0536817,0.0,6894329.59055641,145148148.28773427,0.003095964325363969,0.9723549169253537,1.0
ic_g5,backlog_retention_minus20,43,uniform,1.0175058076979606,30,3851792439.1457424,58025222.69692652,9180698823.625961,9138503621.310799,42195202.31516149,0.995403922607005,3833293065.0158005,0.9972046117978285,689952178.0536817,0.0,6894329.59055641,145151087.1881146,0.003116935977829802,0.9723784420597141,1.0
ic_g5,backlog_retention_minus20,43,linkage,1.0175058076979606,30,3851792317.108562,58026256.49280159,9180698823.625961,9138502836.54775,42195987.07820966,0.9954038371273414,3833292736.219445,0.9972045619476683,689952178.0536817,0.0,6894329.59055641,145151091.84095508,0.003126174622786877,0.9723891856810282,1.0
ic_g5,backlog_retention_minus20,43,stress,1.0175058076979606,30,3851795232.7819304,58001554.64228525,9180698823.625961,9138521411.592022,42177412.03393791,0.9954058603986226,3833300592.262917,0.9972057536152119,689952178.0536817,0.0,6894329.59055641,145150980.66190904,0.0030956832921867974,0.9723545981424355,1.0
ic_g5,backlog_retention_minus20,44,uniform,0.9711543472663869,30,3852105744.4185677,55372434.915326186,9180698823.625961,9140327006.264938,40371817.361022964,0.9956025332998476,3834136927.8449464,0.9973320663238334,689952178.0536817,0.0,6894329.59055641,145139148.89461544,0.003116935977829802,0.9723784420597141,1.0
ic_g5,backlog_retention_minus20,44,linkage,0.9711543472663869,30,3852105622.2784433,55373469.58276604,9180698823.625961,9140326220.280588,40372603.34537263,0.9956024476871547,3834136598.7713337,0.9973320164273769,689952178.0536817,0.0,6894329.59055641,145139153.55137813,0.003126174622786877,0.9723891856810282,1.0
ic_g5,backlog_retention_minus20,44,stress,0.9711543472663869,30,3852108424.961851,55349725.00029405,9180698823.625961,9140344096.230175,40354727.395786025,0.9956043948101275,3834144150.371236,0.997333161989449,689952178.0536817,0.0,6894329.59055641,145139046.68084762,0.003096873585695964,0.9723559483221932,1.0
ic_g5,backlog_retention_minus20,45,uniform,0.9996109713143555,30,3851913396.42612,57001065.03565388,9180698823.625961,9139206457.178865,41492366.447095014,0.9954804784206277,3833618853.8284326,0.9972538140692336,689952178.0536817,0.0,6894329.59055641,145146478.1896736,0.003116935977829802,0.9723784420597141,1.0
ic_g5,backlog_retention_minus20,45,linkage,0.9996109713143555,30,3851913274.349196,57002099.1680129,9180698823.625961,9139205671.945362,41493151.68059783,0.99548039288972,3833618524.9250374,0.9972537642012022,689952178.0536817,0.0,6894329.59055641,145146482.84402832,0.003126174622786877,0.9723891856810282,1.0
ic_g5,backlog_retention_minus20,45,stress,0.9996109713143555,30,3851916146.593376,56977765.25623109,9180698823.625961,9139223978.495478,41474845.13048354,0.9954823869154982,3833626263.9515734,0.9972549381483125,689952178.0536817,0.0,6894329.59055641,145146373.32101774,0.003096140904209836,0.9723551172231458,1.0
ic_g5,backlog_retention_minus20,46,uniform,0.9784653580164804,30,3852056326.812383,55790858.84001841,9180698823.625961,9140038777.756763,40660045.86919693,0.995571138248805,3834003825.453823,0.9973119607495597,689952178.0536817,0.0,6894329.59055641,145141031.92033452,0.003116935977829802,0.9723784420597141,1.0
ic_g5,backlog_retention_minus20,46,linkage,0.9784653580164804,30,3852056204.688496,55791893.3699865,9180698823.625961,9140037991.965641,40660831.66032047,0.9955710526571592,3834003496.4239426,0.9973119108604068,689952178.0536817,0.0,6894329.59055641,145141036.57647857,0.003126174622786877,0.9723891856810282,1.0
ic_g5,backlog_retention_minus20,46,stress,0.9784653580164804,30,3852059025.302119,55767996.88006335,9180698823.625961,9140055978.973099,40642844.65286237,0.9955730118770185,3834011096.33555,0.9973130637393492,689952178.0536817,0.0,6894329.59055641,145140929.02223614,0.003096684759679801,0.9723557341320679,1.0
ic_g5,backlog_retention_minus20,47,uniform,1.021450627152114,30,3851765774.7704706,58250992.68887836,9180698823.625961,9138348873.022713,42349950.603248455,0.9953870667781559,3833221246.6421385,0.9971937660840683,689952178.0536817,0.0,6894329.59055641,145152103.2167792,0.003116935977829802,0.9723784420597141,1.0
ic_g5,backlog_retention_minus20,47,linkage,1.021450627152114,30,3851765652.7420516,58252026.4105777,9180698823.625961,9138348088.363195,42350735.26276469,0.9953869813097692,3833220917.86938,0.9971937162378474,689952178.0536817,0.0,6894329.59055641,145152107.86928588,0.003126174622786877,0.9723891856810282,1.0
ic_g5,backlog_retention_minus20,47,stress,1.021450627152114,30,3851768577.9567857,58227243.72413685,9180698823.625961,9138366722.359863,42332101.26609708,0.9953890110023913,3833228799.621402,0.9971949117984221,689952178.0536817,0.0,6894329.59055641,145151996.3264098,0.0030955827369484002,0.972354484080138,1.0
ic_g5,backlog_retention_minus20,48,uniform,1.0723468389231177,30,3851421749.978884,61163885.7770082,9180698823.625961,9136358366.2591,44340457.36686084,0.9951702524809164,3832294643.2329264,0.9970538556353901,689952178.0536817,0.0,6894329.59055641,145165212.0575463,0.003116935977829802,0.9723784420597141,1.0
ic_g5,backlog_retention_minus20,48,linkage,1.0723468389231177,30,3851421628.063503,61164918.54168605,9180698823.625961,9136357582.929653,44341240.69630693,0.9951701671574065,3832294314.7646093,0.9970538058399813,689952178.0536817,0.0,6894329.59055641,145165216.70574617,0.003126174622786877,0.9723891856810282,1.0
ic_g5,backlog_retention_minus20,48,stress,1.0723468389231177,30,3851424673.3583474,61139118.332094975,9180698823.625961,9136376957.384567,44321866.24139345,0.9951722775038285,3832302520.101372,0.9970550504376011,689952178.0536817,0.0,6894329.59055641,145165100.58297932,0.0030942956919979077,0.9723530241537106,1.0
ic_g5,backlog_retention_minus20,49,uniform,0.9776384808257907,30,3852061915.9563155,55743534.98683411,9180698823.625961,9140071364.678827,40627458.94713407,0.9955746877522459,3834018879.3683925,0.9973142346540992,689952178.0536817,0.0,6894329.59055641,145140818.9496428,0.003116935977829802,0.9723784420597141,1.0
ic_g5,backlog_retention_minus20,49,linkage,0.9776384808257907,30,3852061793.830592,55744569.53235049,9180698823.625961,9140070578.86586,40628244.760100484,0.9955746021582206,3834018550.3335657,0.9973141847641199,689952178.0536817,0.0,6894329.59055641,145140823.60585684,0.003126174622786877,0.9723891856810282,1.0
ic_g5,backlog_retention_minus20,49,stress,0.9776384808257907,30,3852064612.4183493,55720690.20586202,9180698823.625961,9140088553.327574,40610270.29838674,0.9955765600115452,3834026144.7866206,0.9973153368163662,689952178.0536817,0.0,6894329.590556412,145140716.12886435,0.00309670609551946,0.9723557583338492,1.0
ic_g5,backlog_retention_minus20,50,uniform,0.9212846670764326,30,3852442830.5343485,52518292.30474924,9180698823.625961,9142299362.205753,38399461.42020692,0.995817370533778,3835044842.482842,0.9974692318005332,689952178.0536817,0.0,6894329.59055641,145126304.44757375,0.003116935977829802,0.9723784420597141,1.0
ic_g5,backlog_retention_minus20,50,linkage,0.9212846670764326,30,3852442708.283466,52519327.90990874,9180698823.625961,9142298574.897427,38400248.728533655,0.9958172847768719,3835044513.110928,0.9974691818542448,689952178.0536817,0.0,6894329.59055641,145126309.1085564,0.003126174622786877,0.9723891856810282,1.0
ic_g5,backlog_retention_minus20,50,stress,0.9212846670764326,30,3852445387.56447,52496628.8105247,9180698823.625961,9142315685.289639,38383138.33632291,0.995819148512143,3835051732.211808,0.9974702770542551,689952178.0536817,0.0,6894329.59055641,145126206.94358295,0.0030981725605903534,0.9723574217827109,1.0
ic_g5,backlog_retention_minus20,51,uniform,1.0526808585011613,30,3851554679.0237107,60038361.96199106,9180698823.625961,9137126155.24497,43572668.38099072,0.995253883258989,3832652677.040756,0.9971079114638604,689952178.0536817,0.0,6894329.59055641,145160146.88281307,0.003116935977829802,0.9723784420597141,1.0
ic_g5,backlog_retention_minus20,51,linkage,1.0526808585011613,30,3851554557.0646524,60039395.096456245,9180698823.625961,9137125371.402843,43573452.22311649,0.9952537978796359,3832652348.454805,0.9971078616488209,689952178.0536817,0.0,6894329.59055641,145160151.53267705,0.003126174622786877,0.9723891856810282,1.0
ic_g5,backlog_retention_minus20,51,stress,1.0526808585011613,30,3851557556.62662,60013982.455724716,9180698823.625961,9137144464.181305,43554359.44465586,0.995255877544684,3832660430.544918,0.9971090875606347,689952178.0536817,0.0,6894329.590556411,145160037.1544047,0.0030947907387254467,0.9723535856971496,1.0
ic_g5,backlog_retention_plus20,42,uniform,1.0065049171299387,30,3851894673.182211,66881807.63925025,9180698823.625961,9133759035.741253,46939787.88470723,0.9948871225615297,3831623982.0638046,0.9967839908311364,689952178.0536817,0.0,6894329.59055641,145341394.2200585,0.003116935977829802,0.9723784420597141,1.0
ic_g5,backlog_retention_plus20,42,linkage,1.0065049171299387,30,3851894455.5018053,66883966.319824256,9180698823.625961,9133757397.71949,46941425.90646991,0.9948869441413686,3831623332.647284,0.9967838868540468,689952178.0536817,0.0,6894329.59055641,145341408.79340985,0.003126174622786877,0.9723891856810282,1.0
ic_g5,backlog_retention_plus20,42,stress,1.0065049171299387,30,3851898475.852656,66844090.631582245,9180698823.625961,9133787056.56683,46911767.05913098,0.9948901747067002,3831635328.135783,0.9967858094243527,689952178.0536817,0.0,6894329.59055641,145341139.58161142,0.0030933609331227907,0.9723519607008981,1.0
ic_g5,backlog_retention_plus20,43,uniform,1.0175058076979606,30,3851820498.213688,67616680.74113467,9180698823.625961,9133288921.489841,47409902.13611925,0.9948359157568579,3831402832.474905,0.9967488214864566,689952178.0536817,0.0,6894329.59055641,145346354.44897932,0.003116935977829802,0.9723784420597141,1.0
ic_g5,backlog_retention_plus20,43,linkage,1.0175058076979606,30,3851820257.459956,67619068.30718027,9180698823.625961,9133287106.82943,47411716.79653158,0.9948357180964786,3831402114.207964,0.9967487064559986,689952178.0536817,0.0,6894329.59055641,145346370.56764457,0.003126174622786877,0.9723891856810282,1.0
ic_g5,backlog_retention_plus20,43,stress,1.0175058076979606,30,3851824251.611372,67579452.56433317,9180698823.625961,9133316542.594337,47382281.03162259,0.9948389243627415,3831414031.507949,0.996750616394449,689952178.0536817,0.0,6894329.59055641,145346103.11092582,0.0030930591925538266,0.9723516184033341,1.0
ic_g5,backlog_retention_plus20,44,uniform,0.9711543472663869,30,3852133029.103551,64520345.83137383,9180698823.625961,9135275704.545258,45423119.080702946,0.9950523244522727,3832334630.3467197,0.996897029429139,689952178.0536817,0.0,6894329.59055641,145325454.8815186,0.003116935977829802,0.9723784420597141,1.0
ic_g5,backlog_retention_plus20,44,linkage,0.9711543472663869,30,3852132811.344989,64522505.28623915,9180698823.625961,9135274065.034925,45424758.59103538,0.9950521458699704,3832333980.6971846,0.9968969254037361,689952178.0536817,0.0,6894329.59055641,145325469.4600962,0.003126174622786877,0.9723891856810282,1.0
ic_g5,backlog_retention_plus20,44,stress,0.9711543472663869,30,3852136820.291086,64482742.57110048,9180698823.625961,9135303706.85843,45395116.76752949,0.995055374580995,3832345942.18631,0.9968988427579123,689952178.0536817,0.0,6894329.59055641,145325201.01081786,0.003094337539462771,0.9723530685742525,1.0
ic_g5,backlog_retention_plus20,45,uniform,0.9996109713143555,30,3851941156.5292373,66421283.52855234,9180698823.625961,9134054092.589819,46644731.03614231,0.9949192613838823,3831762570.23297,0.9968060323008717,689952178.0536817,0.0,6894329.59055641,145338285.7854094,0.003116935977829802,0.9723784420597141,1.0
ic_g5,backlog_retention_plus20,45,linkage,0.9996109713143555,30,3851940938.8335896,66423442.36012607,9180698823.625961,9134052454.27867,46646369.347291306,0.9949190829322001,3831761920.771008,0.9968059283143622,689952178.0536817,0.0,6894329.59055641,145338300.35977992,0.003126174622786877,0.9723891856810282,1.0
ic_g5,backlog_retention_plus20,45,stress,0.9996109713143555,30,3851944990.0134535,66383260.819886185,9180698823.625961,9134082363.346092,46616460.27986792,0.9949223407525466,3831774008.25892,0.9968078657060239,689952178.0536817,0.0,6894329.590556411,145338029.08298922,0.0030935505559054987,0.9723521758109442,1.0
ic_g5,backlog_retention_plus20,46,uniform,0.9784653580164804,30,3852083733.6407056,65008730.395751595,9180698823.625961,9134961282.697277,45737540.928683706,0.9950180763134303,3832187657.970999,0.9968736483485526,689952178.0536817,0.0,6894329.59055641,145328751.3679929,0.003116935977829802,0.9723784420597141,1.0
ic_g5,backlog_retention_plus20,46,linkage,0.9784653580164804,30,3852083515.8983073,65010889.69048203,9180698823.625961,9134959643.495754,45739180.13020532,0.9950178977647649,3832187008.3696547,0.9968735443331437,689952178.0536817,0.0,6894329.59055641,145328765.94548965,0.003126174622786877,0.9723891856810282,1.0
ic_g5,backlog_retention_plus20,46,stress,0.9784653580164804,30,3852087550.287843,64970874.612406775,9180698823.625961,9134989465.960274,45709357.66568766,0.995021146151962,3832199045.7748055,0.9968754738282914,689952178.0536817,0.0,6894329.59055641,145328495.79243505,0.003094134683631957,0.972352838452122,1.0
ic_g5,backlog_retention_plus20,47,uniform,1.021450627152114,30,3851793881.094531,67880384.55863492,9180698823.625961,9133120414.14294,47578409.48301967,0.9948175612339465,3831323474.5922475,0.9967362020213869,689952178.0536817,0.0,6894329.59055641,145348134.3910252,0.003116935977829802,0.9723784420597141,1.0
ic_g5,backlog_retention_plus20,47,linkage,1.021450627152114,30,3851793635.662306,67882818.53499381,9180698823.625961,9133118563.709003,47580259.91695784,0.9948173596769656,3831322742.3647504,0.9967360847502137,689952178.0536817,0.0,6894329.59055641,145348150.82302845,0.003126174622786877,0.9723891856810282,1.0
ic_g5,backlog_retention_plus20,47,stress,1.021450627152114,30,3851797635.441991,67843146.97796296,9180698823.625961,9133148034.633175,47550788.99278634,0.9948205697729221,3831334676.455842,0.9967379973579747,689952178.0536817,0.0,6894329.59055641,145347882.98950547,0.0030929512437777628,0.9723514959451637,1.0
ic_g5,backlog_retention_plus20,48,uniform,1.0723468389231177,30,3851450405.5282636,71283301.22262086,9180698823.625961,9130955935.939878,49742887.68608155,0.9945817972420495,3830299415.693183,0.9965733978275568,689952178.0536817,0.0,6894329.59055641,145371103.32175258,0.003116935977829802,0.9723784420597141,1.0
ic_g5,backlog_retention_plus20,48,linkage,1.0723468389231177,30,3851450157.0850396,71285765.06925176,9180698823.625961,9130954063.682327,49744759.943632945,0.9945815933079496,3830298674.480633,0.9965732791296805,689952178.0536817,0.0,6894329.59055641,145371119.95542604,0.003126174622786877,0.9723891856810282,1.0
ic_g5,backlog_retention_plus20,48,stress,1.0723468389231177,30,3851454231.1743464,71245356.5934583,9180698823.625961,9130983999.604027,49714824.02193414,0.9945848540533759,3830310830.265098,0.996575226982044,689952178.0536817,0.0,6894329.59055641,145370847.14691833,0.0030915703190885274,0.9723499294111928,1.0
ic_g5,backlog_retention_plus20,49,uniform,0.9776384808257907,30,3852089308.970195,64953493.97627819,9180698823.625961,9134996824.138145,45701999.48781466,0.99502194763538,3832204280.584383,0.9968762926747582,689952178.0536817,0.0,6894329.59055641,145328378.53452733,0.003116935977829802,0.9723784420597141,1.0
ic_g5,backlog_retention_plus20,49,linkage,0.9776384808257907,30,3852089091.2259684,64955653.28911986,9180698823.625961,9134995184.901722,45703638.724237785,0.995021769082913,3832203630.977588,0.996876188658219,689952178.0536817,0.0,6894329.59055641,145328393.1121463,0.003126174622786877,0.9723891856810282,1.0
ic_g5,backlog_retention_plus20,49,stress,0.9776384808257907,30,3852093122.7408648,64915666.723408975,9180698823.625961,9135024986.962181,45673836.66377856,0.9950250152476148,3832215659.8056264,0.9968781167816808,689952178.0536817,0.0,6894329.59055641,145328123.15158704,0.0030941576032567095,0.9723528644524225,1.0
ic_g5,backlog_retention_plus20,50,uniform,0.9212846670764326,30,3852469282.0582976,61188989.488487735,9180698823.625961,9137431001.936495,43267821.68946553,0.9952870884318611,3833337154.5700436,0.9970565584245342,689952178.0536817,0.0,6894329.59055641,145302968.97199884,0.003116935977829802,0.9723784420597141,1.0
ic_g5,backlog_retention_plus20,50,linkage,0.9212846670764326,30,3852469064.189479,61191150.03565976,9180698823.625961,9137429360.306307,43269463.319654875,0.9952869096186553,3833336504.59179,0.9970564543309329,689952178.0536817,0.0,6894329.59055641,145302983.5579492,0.003126174622786877,0.9723891856810282,1.0
ic_g5,backlog_retention_plus20,50,stress,0.9212846670764326,30,3852472897.961342,61153124.80029709,9180698823.625961,9137457755.718643,43241067.90731741,0.9952900025653777,3833347943.410726,0.9970582880854385,689952178.0536817,0.0,6894329.59055641,145302726.83890548,0.003095733827112498,0.9723546525408768,1.0
ic_g5,backlog_retention_plus20,51,uniform,1.0526808585011613,30,3851583122.3558345,69968435.33844478,9180698823.625961,9131790068.906563,48908754.71939801,0.9946726544831713,3830695105.6975894,0.9966362952043747,689952178.0536817,0.0,6894329.59055641,145362228.26943964,0.003116935977829802,0.9723784420597141,1.0
ic_g5,backlog_retention_plus20,51,linkage,1.0526808585011613,30,3851582876.9928107,69970868.6292263,9180698823.625961,9131788219.77802,48910603.84794017,0.9946724530683795,3830694373.6764092,0.9966361779760123,689952178.0536817,0.0,6894329.59055641,145362244.69681543,0.003126174622786877,0.9723891856810282,1.0
ic_g5,backlog_retention_plus20,51,stress,1.0526808585011613,30,3851586920.7656093,69930760.80377527,9180698823.625961,9131817964.083895,48880859.54206525,0.994675692942211,3830706439.0142975,0.9966381114431594,689952178.0536817,0.0,6894329.59055641,145361973.91802436,0.0030921013105136386,0.9723505317726919,1.0
ic_g5,external_supply_elasticity_minus20,42,uniform,1.0065049171299387,30,3851833956.963799,62167926.14198977,9180698823.625961,9136256380.686405,44442442.93955511,0.9951591437870518,3832506042.1448445,0.9970076200319674,689952178.0536973,0.0,6894329.59055641,145239627.74297827,0.003116935977829802,0.9723784420597141,1.0
ic_g5,external_supply_elasticity_minus20,42,linkage,1.0065049171299387,30,3851833871.37816,62168707.272317745,9180698823.625961,9136255798.26667,44443025.35929184,0.9951590803474655,3832505800.33314,0.9970075823685872,689952178.0536973,0.0,6894329.59055641,145239632.13653195,0.003126174622786877,0.9723891856810282,1.0
ic_g5,external_supply_elasticity_minus20,42,stress,1.0065049171299387,30,3851838867.9397674,62123104.2321972,9180698823.625961,9136290202.494106,44408621.13185509,0.9951628277993858,3832519917.502772,0.9970097824693573,689952178.0536968,0.0,6894329.59055641,145239375.63720277,0.0030947187278295854,0.9723535023407569,1.0
ic_g5,external_supply_elasticity_minus20,43,uniform,1.0175058076979606,30,3851759389.678897,62848493.60676455,9180698823.625961,9135805241.516947,44893582.109013975,0.9951100038274338,3832295361.3669877,0.9969749838892248,689952178.0536976,0.0,6894329.59055641,145243455.66968486,0.003116935977829802,0.9723784420597141,1.0
ic_g5,external_supply_elasticity_minus20,43,linkage,1.0175058076979606,30,3851759304.117803,62849274.51307189,9180698823.625961,9135804659.454515,44894164.17144513,0.9951099404267665,3832295119.6246324,0.9969749462374217,689952178.0536976,0.0,6894329.59055641,145243460.0619785,0.003126174622786877,0.9723891856810282,1.0
ic_g5,external_supply_elasticity_minus20,43,stress,1.0175058076979606,30,3851764346.7316833,62803251.159187995,9180698823.625961,9135839372.911116,44859450.71484639,0.9951137215612168,3832309366.909289,0.9969771665825259,689952178.053697,0.0,6894329.59055641,145243201.1985482,0.003094427901670538,0.9723531724316672,1.0
ic_g5,external_supply_elasticity_minus20,44,uniform,0.9711543472663869,30,3852073573.565579,59980971.589390606,9180698823.625961,9137710814.015741,42988009.61021895,0.9953175667303678,3833183049.657144,0.9971125117618197,689952178.0536968,0.0,6894329.59055641,145227326.97608706,0.003116935977829802,0.9723784420597141,1.0
ic_g5,external_supply_elasticity_minus20,44,linkage,0.9711543472663869,30,3852073487.9010663,59981753.43959126,9180698823.625961,9137710230.442669,42988593.18329157,0.9953175031651551,3833182807.6225915,0.9971124740612275,689952178.0536968,0.0,6894329.59055641,145227331.37368974,0.003126174622786877,0.9723891856810282,1.0
ic_g5,external_supply_elasticity_minus20,44,stress,0.9711543472663869,30,3852078335.4045568,59937510.835670635,9180698823.625961,9137743632.734499,42955190.89146267,0.9953211414820711,3833196503.646866,0.9971146086320205,689952178.0536963,0.0,6894329.59055641,145227082.526284,0.0030956598818956313,0.9723545699729116,1.0
ic_g5,external_supply_elasticity_minus20,45,uniform,0.9996109713143555,30,3851880686.1643624,61741433.83239035,9180698823.625961,9136539452.004864,44159371.62109835,0.9951899770954847,3832638069.8073277,0.9970280735187179,689952178.0536972,0.0,6894329.59055641,145237228.88998199,0.003116935977829802,0.9723784420597141,1.0
ic_g5,external_supply_elasticity_minus20,45,linkage,0.9996109713143555,30,3851880600.5633416,61742215.103105456,9180698823.625961,9136538869.360825,44159954.26513588,0.9951899136314662,3832637827.952164,0.997028035848082,689952178.0536972,0.0,6894329.59055641,145237233.28432527,0.003126174622786877,0.9723891856810282,1.0
ic_g5,external_supply_elasticity_minus20,45,stress,0.9996109713143555,30,3851885568.1848965,61696876.1955022,9180698823.625961,9136573079.184866,44125744.44109559,0.9951936399081581,3832651863.3552394,0.9970302232265975,689952178.0536966,0.0,6894329.590556411,145236978.27063859,0.0030949014754145616,0.9723537096470575,1.0
ic_g5,external_supply_elasticity_minus20,46,uniform,0.9784653580164804,30,3852024017.375727,60433265.52144702,9180698823.625961,9137409422.225761,43289401.400199585,0.9952847378797791,3833043034.6808815,0.9970908163985387,689952178.0536969,0.0,6894329.59055641,145229870.9531523,0.003116935977829802,0.9723784420597141,1.0
ic_g5,external_supply_elasticity_minus20,46,linkage,0.9784653580164804,30,3852023931.7275267,60434047.222767204,9180698823.625961,9137408838.891865,43289984.734097116,0.9952846743406185,3833042792.692417,0.9970907787056439,689952178.0536969,0.0,6894329.59055641,145229875.3499176,0.003126174622786877,0.9723891856810282,1.0
ic_g5,external_supply_elasticity_minus20,46,stress,0.9784653580164804,30,3852028810.1933584,60389522.02914025,9180698823.625961,9137442449.43724,43256374.18872039,0.9952883353413792,3833056576.196974,0.9970929268889219,689952178.0536963,0.0,6894329.590556411,145229624.91305488,0.003095464406156879,0.9723543482279033,1.0
ic_g5,external_supply_elasticity_minus20,47,uniform,1.021450627152114,30,3851732650.5277066,63092538.91912403,9180698823.625961,9135643636.530733,45055187.0952288,0.9950924011384317,3832219813.1533256,0.9969632815064009,689952178.0536976,0.0,6894329.59055641,145244828.32943887,0.003116935977829802,0.9723784420597141,1.0
ic_g5,external_supply_elasticity_minus20,47,linkage,1.021450627152114,30,3851732564.9754148,63093319.74510027,9180698823.625961,9135643054.596243,45055769.02971816,0.9950923377517004,3832219571.435838,0.9969632438587488,689952178.0536976,0.0,6894329.59055641,145244832.7212807,0.003126174622786877,0.9723891856810282,1.0
ic_g5,external_supply_elasticity_minus20,47,stress,1.021450627152114,30,3851737624.0649214,63047146.02007329,9180698823.625961,9135677878.645185,45020944.98077637,0.9950961309323297,3832233865.2703505,0.9969654714462793,689952178.053697,0.0,6894329.59055641,145244573.0120713,0.0030943238498544095,0.972353054396765,1.0
ic_g5,external_supply_elasticity_minus20,48,uniform,1.0723468389231177,30,3851387660.9743557,66241221.00597704,9180698823.625961,9133566576.074982,47132247.550978966,0.9948661590521096,3831245087.182604,0.9968123272740992,689952178.0536985,0.0,6894329.59055641,145262538.4387934,0.003116935977829802,0.9723784420597141,1.0
ic_g5,external_supply_elasticity_minus20,48,linkage,1.0723468389231177,30,3851387575.5356226,66242000.79557111,9180698823.625961,9133565995.782516,47132827.843444645,0.9948660958442345,3831244845.785952,0.9968122896799836,689952178.0536985,0.0,6894329.59055641,145262542.82480595,0.003126174622786877,0.9723891856810282,1.0
ic_g5,external_supply_elasticity_minus20,48,stress,1.0723468389231177,30,3851392845.398766,66193903.24937239,9180698823.625961,9133602232.92198,47096590.703981526,0.9948700429445761,3831259735.158335,0.9968146099177632,689952178.0536978,0.0,6894329.59055641,145262272.29489112,0.0030929924191934544,0.9723515440411654,1.0
ic_g5,external_supply_elasticity_minus20,49,uniform,0.9776384808257907,30,3852029622.193508,60382110.96174412,9180698823.625961,9137443494.141338,43255329.4846225,0.9952884491349059,3833058870.4106026,0.9970932700913141,689952178.0536969,0.0,6894329.59055641,145229583.22869384,0.003116935977829802,0.9723784420597141,1.0
ic_g5,external_supply_elasticity_minus20,49,linkage,0.9776384808257907,30,3852029536.5434623,60382892.67990271,9180698823.625961,9137442910.780407,43255912.84555386,0.9952883855928006,3833058628.4169254,0.9970932323975484,689952178.0536969,0.0,6894329.59055641,145229587.62555382,0.003126174622786877,0.9723891856810282,1.0
ic_g5,external_supply_elasticity_minus20,49,stress,0.9776384808257907,30,3852034411.5109906,60338399.41488828,9180698823.625961,9137476497.79955,43222325.82641136,0.9952920440309857,3833072402.037456,0.9970953790428255,689952178.0536963,0.0,6894329.59055641,145229337.36827713,0.0030954864926692523,0.9723543732825406,1.0
ic_g5,external_supply_elasticity_minus20,50,uniform,0.9212846670764326,30,3852411604.9847355,56895795.74783989,9180698823.625961,9139774985.29093,40923838.33503047,0.9955424048733941,3834138116.2446113,0.9972605306759643,689952178.053696,0.0,6894329.59055641,145209974.06456894,0.003116935977829802,0.9723784420597141,1.0
ic_g5,external_supply_elasticity_minus20,50,linkage,0.9212846670764326,30,3852411519.208954,56896578.61357745,9180698823.625961,9139774400.077301,40924423.54865965,0.9955423411294853,3834137873.895682,0.9972604929228496,689952178.053696,0.0,6894329.59055641,145209978.46788362,0.003126174622786877,0.9723891856810282,1.0
ic_g5,external_supply_elasticity_minus20,50,stress,0.9212846670764326,30,3852416153.611236,56854280.74198998,9180698823.625961,9139806367.22953,40892456.396431416,0.9955458231250113,3834150967.872282,0.9972625338064769,689952178.053686,0.0,6894329.59055641,145209740.55884054,0.003097004977392914,0.9723560958313631,1.0
ic_g5,external_supply_elasticity_minus20,51,uniform,1.0526808585011613,30,3851520962.7971396,65024589.71465966,9180698823.625961,9134367390.488852,46331433.13710974,0.9949533870975182,3831621715.2636514,0.9968706483757871,689952178.0536981,0.0,6894329.59055641,145255695.3620572,0.003116935977829802,0.9723784420597141,1.0
ic_g5,external_supply_elasticity_minus20,51,linkage,1.0526808585011613,30,3851520877.3145285,65025369.90466899,9180698823.625961,9134366809.563826,46332014.06213593,0.994953323820742,3831621473.743038,0.9968706107609909,689952178.0536982,0.0,6894329.59055641,145255699.75032195,0.003126174622786877,0.9723891856810282,1.0
ic_g5,external_supply_elasticity_minus20,51,stress,1.0526808585011613,30,3851526066.129074,64978012.194213875,9180698823.625961,9134402503.702055,46296319.923905835,0.9949572117751249,3831636134.0996747,0.9968728953704231,689952178.0536975,0.0,6894329.590556411,145255433.38165593,0.0030935044575924105,0.9723521248899931,1.0
ic_g5,external_supply_elasticity_plus20,42,uniform,1.0065049171299387,30,3851879040.165215,61782195.292998195,9180698823.625961,9136527513.964882,44171309.661079526,0.9951886767543875,3832628271.516059,0.9970262188830366,689952178.0536817,0.0,6894329.59055641,145237487.6849526,0.003116935977829802,0.9723784420597141,1.0
ic_g5,external_supply_elasticity_plus20,42,linkage,1.0065049171299387,30,3851878814.059771,61784261.302708216,9180698823.625961,9136525938.36617,44172885.25978897,0.9951885051336055,3832627632.208673,0.9970261192832074,689952178.0536817,0.0,6894329.59055641,145237499.30817196,0.003126174622786877,0.9723891856810282,1.0
ic_g5,external_supply_elasticity_plus20,42,stress,1.0065049171299387,30,3851883034.260449,61745694.23389314,9180698823.625961,9136554967.220772,44143856.4051889,0.9951916670775008,3832639565.823114,0.997027979994787,689952178.0536817,0.0,6894329.59055641,145237282.32632446,0.003094717752729368,0.9723535014739547,1.0
ic_g5,external_supply_elasticity_plus20,43,uniform,1.0175058076979606,30,3851804681.2549148,62461146.19079776,9180698823.625961,9136077328.109112,44621495.51684912,0.9951396406336717,3832418122.4261985,0.9969936603355144,689952178.0536817,0.0,6894329.59055641,145241306.8463379,0.003116935977829802,0.9723784420597141,1.0
ic_g5,external_supply_elasticity_plus20,43,linkage,1.0175058076979606,30,3851804455.173913,62463211.97734501,9180698823.625961,9136075752.877089,44623070.748872556,0.9951394690528309,3832417483.1878877,0.9969935607487823,689952178.0536817,0.0,6894329.59055641,145241318.46830198,0.003126174622786877,0.9723891856810282,1.0
ic_g5,external_supply_elasticity_plus20,43,stress,1.0175058076979606,30,3851808714.210026,62424290.001296565,9180698823.625961,9136105041.030277,44593782.595683716,0.9951426592406099,3832429526.61921,0.9969954385550273,689952178.0536817,0.0,6894329.590556411,145241099.48971108,0.0030944266669730063,0.9723531712763618,1.0
ic_g5,external_supply_elasticity_plus20,44,uniform,0.9711543472663869,30,3852117987.1702147,59600435.461993776,9180698823.625961,9137978883.870497,42719939.75546429,0.995346766016817,3833303570.48726,0.9971308612517007,689952178.0536817,0.0,6894329.59055641,145225215.0847901,0.003116935977829802,0.9723784420597141,1.0
ic_g5,external_supply_elasticity_plus20,44,linkage,0.9711543472663869,30,3852117760.986226,59602502.188820556,9180698823.625961,9137977307.088306,42721516.53765462,0.9953465942671256,3833302930.957906,0.997130761609774,689952178.0536817,0.0,6894329.59055641,145225226.7120433,0.003126174622786877,0.9723891856810282,1.0
ic_g5,external_supply_elasticity_plus20,44,stress,0.9711543472663869,30,3852121855.4785843,59565083.936212696,9180698823.625961,9138005495.56127,42693328.064691,0.9953496646731486,3833314509.1007853,0.9971325669827757,689952178.0536817,0.0,6894329.59055641,145225016.19354966,0.0030956597424345957,0.9723545700347838,1.0
ic_g5,external_supply_elasticity_plus20,45,uniform,0.9996109713143555,30,3851925638.7833314,61356716.04002953,9180698823.625961,9136809987.867296,43888835.75866467,0.9952194449897735,3832759965.9847693,0.9970466237419712,689952178.0536817,0.0,6894329.59055641,145235094.32493427,0.003116935977829802,0.9723784420597141,1.0
ic_g5,external_supply_elasticity_plus20,45,linkage,0.9996109713143555,30,3851925412.6625695,61358782.189589195,9180698823.625961,9136808412.038406,43890411.58755324,0.9952192733439196,3832759326.634095,0.9970465241339337,689952178.0536817,0.0,6894329.59055641,145235105.94894028,0.003126174622786877,0.9723891856810282,1.0
ic_g5,external_supply_elasticity_plus20,45,stress,0.9996109713143555,30,3851929608.457703,61320438.15685614,9180698823.625961,9136837277.862576,43861545.763384014,0.9952224175298605,3832771191.2357755,0.997048374102327,689952178.0536817,0.0,6894329.59055641,145234890.22191596,0.003094900663104929,0.9723537089611717,1.0
ic_g5,external_supply_elasticity_plus20,46,uniform,0.9784653580164804,30,3852068569.4626927,60051655.050254,9180698823.625961,9137678125.643341,43020697.98261863,0.9953140061765332,3833163908.8620853,0.9971092174617501,689952178.0536817,0.0,6894329.59055641,145227753.23656717,0.003116935977829802,0.9723784420597141,1.0
ic_g5,external_supply_elasticity_plus20,46,linkage,0.9784653580164804,30,3852068343.2949486,60053721.62877058,9180698823.625961,9137676549.106562,43022274.51939935,0.9953138344535729,3833163269.378638,0.9971091178285311,689952178.0536817,0.0,6894329.59055641,145227764.8629861,0.003126174622786877,0.9723891856810282,1.0
ic_g5,external_supply_elasticity_plus20,46,stress,0.9784653580164804,30,3852072463.900561,60016064.733851254,9180698823.625961,9137704912.282232,42993911.3437289,0.9953169238889433,3833174921.363234,0.9971109346974593,689952178.0536817,0.0,6894329.590556411,145227553.00186723,0.0030954640936925867,0.9723543480975128,1.0
ic_g5,external_supply_elasticity_plus20,47,uniform,1.021450627152114,30,3851778016.824964,62704611.81692089,9180698823.625961,9135916064.971851,44782758.65410925,0.9951220751802832,3832342764.8710237,0.9969819857771091,689952178.0536817,0.0,6894329.59055641,145242676.36292735,0.003116935977829802,0.9723784420597141,1.0
ic_g5,external_supply_elasticity_plus20,47,linkage,1.021450627152114,30,3851777790.7527275,62706677.52344406,9180698823.625961,9135914489.871134,44784333.75482714,0.9951219036137448,3832342125.657482,0.9969818861950729,689952178.0536817,0.0,6894329.59055641,145242687.98444128,0.003126174622786877,0.9723891856810282,1.0
ic_g5,external_supply_elasticity_plus20,47,stress,1.021450627152114,30,3851782063.6822534,62667628.57898514,9180698823.625961,9135943870.751503,44754952.87445826,0.9951251039017548,3832354208.3759,0.9969837701168075,689952178.0536817,0.0,6894329.59055641,145242468.29151344,0.003094322522119315,0.9723530531380619,1.0
ic_g5,external_supply_elasticity_plus20,48,uniform,1.0723468389231177,30,3851433991.3279085,65845814.655258946,9180698823.625961,9133843415.047274,46855408.57868729,0.9948963135074088,3831370498.8063,0.9968313905173055,689952178.0536817,0.0,6894329.59055641,145260345.91844684,0.003116935977829802,0.9723784420597141,1.0
ic_g5,external_supply_elasticity_plus20,48,linkage,1.0723468389231177,30,3851433765.3687563,65847879.3293089,9180698823.625961,9133841841.63198,46856981.9939788,0.9948961421244539,3831369859.9123383,0.9968312909958394,689952178.0536817,0.0,6894329.59055641,145260357.5341531,0.003126174622786877,0.9723891856810282,1.0
ic_g5,external_supply_elasticity_plus20,48,stress,1.0723468389231177,30,3851438216.0223384,65807206.20872748,9180698823.625961,9133872406.942228,46826416.683732525,0.9948994714255054,3831382445.190037,0.9968332531399909,689952178.0536817,0.0,6894329.59055641,145260128.70344776,0.003092989893518041,0.9723515414511034,1.0
ic_g5,external_supply_elasticity_plus20,49,uniform,0.9776384808257907,30,3852074158.6180863,60000621.99911,9180698823.625961,9137712125.902863,42986697.72309819,0.9953177096265836,3833179704.627708,0.997111665321616,689952178.0536817,0.0,6894329.59055641,145227466.1709503,0.003116935977829802,0.9723784420597141,1.0
ic_g5,external_supply_elasticity_plus20,49,linkage,0.9776384808257907,30,3852073932.4485044,60002688.594400294,9180698823.625961,9137710549.338343,42988274.28761772,0.9953175379006017,3833179065.139068,0.9971115656874123,689952178.0536817,0.0,6894329.59055641,145227477.79746357,0.003126174622786877,0.9723891856810282,1.0
ic_g5,external_supply_elasticity_plus20,49,stress,0.9776384808257907,30,3852078050.103721,59965058.66239462,9180698823.625961,9137738892.778732,42959930.84722762,0.995320625186323,3833190708.7806854,0.9971133812574906,689952178.0536817,0.0,6894329.59055641,145227266.08804074,0.0030954861997669284,0.9723543731738895,1.0
ic_g5,external_supply_elasticity_plus20,50,uniform,0.9212846670764326,30,3852455073.9772363,56522587.9069632,9180698823.625961,9140038733.470343,40660090.1556173,0.9955711334249434,3834256226.805287,0.9972785283498536,689952178.0536817,0.0,6894329.59055641,145207901.90857926,0.003116935977829802,0.9723784420597141,1.0
ic_g5,external_supply_elasticity_plus20,50,linkage,0.9212846670764326,30,3852454847.6824436,56524655.64543941,9180698823.625961,9140037155.005066,40661668.62089461,0.9955709614919231,3834255586.962799,0.9972784286485101,689952178.0536817,0.0,6894329.59055641,145207913.54152295,0.003126174622786877,0.9723891856810282,1.0
ic_g5,external_supply_elasticity_plus20,50,stress,0.9212846670764326,30,3852458762.4321003,56488880.01441077,9180698823.625961,9140064139.10864,40634684.51731961,0.99557390071301,3834266656.8386617,0.9972801548856988,689952178.0536817,0.0,6894329.59055641,145207712.26458004,0.0030970060205509787,0.9723560972074844,1.0
ic_g5,external_supply_elasticity_plus20,51,uniform,1.0526808585011613,30,3851566920.6453238,64632073.36940284,9180698823.625961,9134642525.257172,46056298.3687891,0.9949833559238142,3831746176.380887,0.9968895729162982,689952178.0536817,0.0,6894329.59055641,145253518.5118321,0.003116935977829802,0.9723784420597141,1.0
ic_g5,external_supply_elasticity_plus20,51,linkage,1.0526808585011613,30,3851566694.6424766,64634138.44239384,9180698823.625961,9134640951.192545,46057872.433415584,0.994983184470131,3831745537.3634415,0.9968894733714324,689952178.0536817,0.0,6894329.59055641,145253530.1297824,0.003126174622786877,0.9723891856810282,1.0
ic_g5,external_supply_elasticity_plus20,51,stress,1.0526808585011613,30,3851571076.959334,64594089.834359474,9180698823.625961,9134671061.458523,46027762.16743838,0.9949864642058632,3831757929.4019055,0.9968914054397404,689952178.0536817,0.0,6894329.59055641,145253304.81264734,0.0030935023942596377,0.9723521228137711,1.0
ic_g5,shock_capacity_loss_minus20,42,uniform,1.0065049171299387,30,3853239194.7695465,49362998.63166185,9180698823.625961,9144886947.94756,35811875.67840082,0.9960992211631818,3836472265.4526577,0.9976222353536723,689952178.0536817,0.0,6894329.59055641,145167628.56294042,0.003116935977829802,0.9723784420597141,1.0
ic_g5,shock_capacity_loss_minus20,42,linkage,1.0065049171299387,30,3853239027.302979,49364528.87176362,9180698823.625961,9144885782.45284,35813041.17312005,0.9960990942126369,3836471791.93807,0.9976221615403376,689952178.0536817,0.0,6894329.59055641,145167637.17200017,0.003126174622786877,0.9723891856810282,1.0
ic_g5,shock_capacity_loss_minus20,42,stress,1.0065049171299387,30,3853242711.134943,49330863.45877736,9180698823.625961,9144911278.05987,35787545.56609023,0.9961018713004729,3836482208.852631,0.997623786205779,689952178.0536817,0.0,6894329.59055641,145167447.76726165,0.0031002205622724516,0.9723597436810876,1.0
ic_g5,shock_capacity_loss_minus20,43,uniform,1.0175058076979606,30,3853179757.4813466,49905703.99507001,9180698823.625961,9144516616.078468,36182207.54749228,0.9960588830716917,3836304287.0917764,0.997596171677974,689952178.0536817,0.0,6894329.59055641,145170681.3303157,0.003116935977829802,0.9723784420597141,1.0
ic_g5,shock_capacity_loss_minus20,43,linkage,1.0175058076979606,30,3853179590.03433,49907234.056673765,9180698823.625961,9144515450.884996,36183372.74096498,0.9960587561539598,3836303813.6324387,0.9975960978745185,689952178.0536817,0.0,6894329.59055641,145170689.9383714,0.003126174622786877,0.9723891856810282,1.0
ic_g5,shock_capacity_loss_minus20,43,stress,1.0175058076979606,30,3853183302.575728,49873306.196695924,9180698823.625961,9144541139.08464,36157684.54132103,0.9960615542197865,3836314311.7458324,0.9975977352070846,689952178.0536817,0.0,6894329.59055641,145170499.05698955,0.003099972814373032,0.9723594626435218,1.0
ic_g5,shock_capacity_loss_minus20,44,uniform,0.9711543472663869,30,3853430192.216163,47619054.016825795,9180698823.625961,9146080180.567535,34618643.05842499,0.9962291930360098,3837012051.822242,0.9977060005270566,689952178.0536817,0.0,6894329.59055641,145157818.714755,0.003116935977829802,0.9723784420597141,1.0
ic_g5,shock_capacity_loss_minus20,44,linkage,0.9711543472663869,30,3853430024.6867714,47620584.83052086,9180698823.625961,9146079014.101254,34619809.52470731,0.9962290659796381,3837011578.1301107,0.9977059266819683,689952178.0536817,0.0,6894329.59055641,145157827.3270412,0.003126174622786877,0.9723891856810282,1.0
ic_g5,shock_capacity_loss_minus20,44,stress,0.9711543472663869,30,3853433559.1902795,47588284.29694697,9180698823.625961,9146103487.677572,34595335.9483878,0.9962317317436272,3837021572.740334,0.9977074854987296,689952178.0536817,0.0,6894329.59055641,145157645.60148486,0.0031010212128939657,0.9723606519146579,1.0
ic_g5,shock_capacity_loss_minus20,45,uniform,0.9996109713143555,30,3853276442.430701,49022900.587232485,9180698823.625961,9145119264.673107,35579558.95285291,0.9961245260697048,3836577532.7226977,0.9976385695796294,689952178.0536817,0.0,6894329.59055641,145165715.4802911,0.003116935977829802,0.9723784420597141,1.0
ic_g5,shock_capacity_loss_minus20,45,linkage,0.9996109713143555,30,3853276274.9518814,49024430.93919453,9180698823.625961,9145118098.98934,35580724.63661994,0.9961243990985679,3836577059.173486,0.997638495760103,689952178.0536817,0.0,6894329.59055641,145165724.08998007,0.003126174622786877,0.9723891856810282,1.0
ic_g5,shock_capacity_loss_minus20,45,stress,0.9996109713143555,30,3853279937.303006,48990961.8869374,9180698823.625961,9145143449.227533,35555374.3984275,0.9961271603522242,3836587415.335062,0.9976401109531007,689952178.0536817,0.0,6894329.59055641,145165535.79004717,0.003100376154093124,0.9723599201796957,1.0
ic_g5,shock_capacity_loss_minus20,46,uniform,0.9784653580164804,30,3853390691.173016,47979727.06611048,9180698823.625961,9145833001.516422,34865822.10953909,0.9962022692630093,3836900416.1692376,0.9976886752439157,689952178.0536817,0.0,6894329.59055641,145159847.53369108,0.003116935977829802,0.9723784420597141,1.0
ic_g5,shock_capacity_loss_minus20,46,linkage,0.9784653580164804,30,3853390523.656617,47981257.76117818,9180698823.625961,9145831835.251516,34866988.37444521,0.9962021422285723,3836899942.513825,0.9976886014053953,689952178.0536817,0.0,6894329.59055641,145159856.14531,0.003126174622786877,0.9723891856810282,1.0
ic_g5,shock_capacity_loss_minus20,46,stress,0.9784653580164804,30,3853394100.4937077,47948570.334194556,9180698823.625961,9145856601.00054,34842222.62542035,0.9962048398172307,3836910056.8363123,0.9976901788885156,689952178.0536817,0.0,6894329.59055641,145159672.24303275,0.0031008550571446493,0.972360463432681,1.0
ic_g5,shock_capacity_loss_minus20,47,uniform,1.021450627152114,30,3853158443.8095727,50100313.20986148,9180698823.625961,9144383933.069786,36314890.556174904,0.9960444306850889,3836244051.5770435,0.9975868258916868,689952178.0536817,0.0,6894329.59055641,145171776.02497306,0.003116935977829802,0.9723784420597141,1.0
ic_g5,shock_capacity_loss_minus20,47,linkage,1.021450627152114,30,3853158276.1355143,50101845.323078185,9180698823.625961,9144382766.380758,36316057.2452031,0.9960443036044548,3836243577.4803424,0.9975867519935425,689952178.0536817,0.0,6894329.59055641,145171784.6445446,0.003126174622786877,0.9723891856810282,1.0
ic_g5,shock_capacity_loss_minus20,47,stress,1.021450627152114,30,3853161998.9041195,50067823.99459708,9180698823.625961,9144408523.09633,36290300.529630296,0.9960471091333222,3836254104.5146437,0.9975883938339787,689952178.0536817,0.0,6894329.590556411,145171593.23729432,0.0030998841393443826,0.9723593620533202,1.0
ic_g5,shock_capacity_loss_minus20,48,uniform,1.0723468389231177,30,3852883447.1549172,52611230.99246518,9180698823.625961,9142677405.01635,38021418.60961156,0.995858548533172,3835466871.365868,0.9974662627154489,689952178.0536817,0.0,6894329.59055641,145185900.1671737,0.003116935977829802,0.9723784420597141,1.0
ic_g5,shock_capacity_loss_minus20,48,linkage,1.0723468389231177,30,3852883271.979019,52612831.60383065,9180698823.625961,9142676186.253452,38022637.37250883,0.9958584157804349,3835466376.0676966,0.9974661855397716,689952178.0536817,0.0,6894329.59055641,145185909.1720546,0.003126174622786877,0.9723891856810282,1.0
ic_g5,shock_capacity_loss_minus20,48,stress,1.0723468389231177,30,3852887091.7554746,52577923.80517809,9180698823.625961,9142702579.062485,37996244.56347535,0.9958612905952545,3835477177.403883,0.9974678700810587,689952178.0536817,0.0,6894329.590556411,145185712.77750385,0.0030987477668760954,0.9723580729880583,1.0
ic_g5,shock_capacity_loss_minus20,49,uniform,0.9776384808257907,30,3853395158.751126,47938934.85174442,9180698823.625961,9145860947.014069,34837876.6118916,0.9962053132031475,3836913042.190221,0.9976906347004789,689952178.0536817,0.0,6894329.59055641,145159618.07374915,0.003116935977829802,0.9723784420597141,1.0
ic_g5,shock_capacity_loss_minus20,49,linkage,0.9776384808257907,30,3853394991.2332573,47940465.56022895,9180698823.625961,9145859780.726398,34839042.899561785,0.996205186166231,3836912568.530655,0.9976905608612158,689952178.0536817,0.0,6894329.59055641,145159626.68544355,0.003126174622786877,0.9723891856810282,1.0
ic_g5,shock_capacity_loss_minus20,49,stress,0.9776384808257907,30,3853398563.2837644,47907821.87860101,9180698823.625961,9145884513.442112,34814310.183849074,0.9962078801567635,3836922669.3174877,0.997692136233773,689952178.0536817,0.0,6894329.59055641,145159443.02928427,0.003100873834055717,0.9723604847326309,1.0
ic_g5,shock_capacity_loss_minus20,50,uniform,0.9212846670764326,30,3853699635.7249002,45158840.20566105,9180698823.625961,9147771848.658455,32926974.967505436,0.9964134565788423,3837773538.0932117,0.9978241992037603,689952178.0536817,0.0,6894329.59055641,145143979.78673753,0.003116935977829802,0.9723784420597141,1.0
ic_g5,shock_capacity_loss_minus20,50,linkage,0.9212846670764326,30,3853699468.10688,45160371.82853398,9180698823.625961,9147770680.812342,32928142.81361965,0.9964133293721736,3837773064.150617,0.9978241253138589,689952178.0536817,0.0,6894329.59055641,145143988.40357536,0.003126174622786877,0.9723891856810282,1.0
ic_g5,shock_capacity_loss_minus20,50,stress,0.9212846670764326,30,3853702713.1195984,45130716.99654078,9180698823.625961,9147793155.265833,32905668.36012714,0.9964157773833678,3837782240.129734,0.9978255564791318,689952178.0536817,0.0,6894329.59055641,145143821.5631354,0.003102162812618067,0.9723619469108173,1.0
ic_g5,shock_capacity_loss_minus20,51,uniform,1.0526808585011613,30,3852989706.6477513,51641005.192960635,9180698823.625961,9143335629.082111,37363194.543848366,0.9959302450432533,3835767176.018603,0.9975128443868808,689952178.0536817,0.0,6894329.59055641,145180442.55830923,0.003116935977829802,0.9723784420597141,1.0
ic_g5,shock_capacity_loss_minus20,51,linkage,1.0526808585011613,30,3852989538.3568435,51642542.87690255,9180698823.625961,9143334458.6394,37364364.98655951,0.9959301175537525,3835766700.1909065,0.9975127702350579,689952178.0536817,0.0,6894329.59055641,145180451.20914584,0.003126174622786877,0.9723891856810282,1.0
ic_g5,shock_capacity_loss_minus20,51,stress,1.0526808585011613,30,3852993342.1754684,51607780.86840348,9180698823.625961,9143360757.911697,37338065.714263916,0.9959329821801608,3835777456.4112315,0.997514447788443,689952178.0536817,0.0,6894329.59055641,145180255.63477403,0.0030991851979791716,0.9723585691960991,1.0
ic_g5,shock_capacity_loss_plus20,42,uniform,1.0065049171299387,30,3850518375.619246,74206051.57807902,9180698823.625961,9128397995.683025,52300827.94293448,0.9943031757224904,3828782835.7130737,0.996430858963709,689952178.0536817,0.0,6894329.59055641,145307373.0217784,0.003116935977829802,0.9723784420597141,1.0
ic_g5,shock_capacity_loss_plus20,42,linkage,1.0065049171299387,30,3850518149.9610662,74208113.50422525,9180698823.625961,9128396426.676523,52302396.9494376,0.9943030048197593,3828782197.669665,0.9964307596032768,689952178.0536817,0.0,6894329.59055641,145307384.6220277,0.003126174622786877,0.9723891856810282,1.0
ic_g5,shock_capacity_loss_plus20,42,stress,1.0065049171299387,30,3850523060.173906,74163240.5795372,9180698823.625961,9128430039.618391,52268784.00756944,0.9943066660815558,3828796082.467442,0.9964329239560795,689952178.0536817,0.0,6894329.59055641,145307132.1627971,0.0030895402133647187,0.9723476282602529,1.0
ic_g5,shock_capacity_loss_plus20,43,uniform,1.0175058076979606,30,3850429144.926885,75020792.65543874,9180698823.625961,9127872729.498615,52826094.12734574,0.9942459615392892,3828530656.805241,0.9963918467344303,689952178.0536817,0.0,6894329.59055641,145311956.0154408,0.003116935977829802,0.9723784420597141,1.0
ic_g5,shock_capacity_loss_plus20,43,linkage,1.0175058076979606,30,3850428919.2980366,75022854.31378968,9180698823.625961,9127871160.915913,52827662.71004747,0.9942457906827201,3828530018.8447223,0.9963917473896781,689952178.0536817,0.0,6894329.59055641,145311967.61418372,0.003126174622786877,0.9723891856810282,1.0
ic_g5,shock_capacity_loss_plus20,43,stress,1.0175058076979606,30,3850433873.281544,74977581.37878644,9180698823.625961,9127905062.982153,52793760.643806934,0.9942494834371489,3828544027.4152308,0.9963939309972706,689952178.0536817,0.0,6894329.59055641,145311712.90445387,0.0030892113470361144,0.9723472552066854,1.0
ic_g5,shock_capacity_loss_plus20,44,uniform,0.9711543472663869,30,3850805112.0252457,71587939.78087412,9180698823.625961,9130092355.297655,50606468.32830478,0.9944877324373093,3829593194.478514,0.996556247546417,689952178.0536817,0.0,6894329.59055641,145292645.90158343,0.003116935977829802,0.9723784420597141,1.0
ic_g5,shock_capacity_loss_plus20,44,linkage,0.9711543472663869,30,3850804886.272813,71590002.56756036,9180698823.625961,9130090784.922329,50608038.70363129,0.9944875613854802,3829592556.168744,0.9965561481355818,689952178.0536817,0.0,6894329.59055641,145292657.50667328,0.003126174622786877,0.9723891856810282,1.0
ic_g5,shock_capacity_loss_plus20,44,stress,0.9711543472663869,30,3850809654.627545,71546426.05172749,9180698823.625961,9130123459.45104,50575364.17491999,0.9944911204314024,3829606039.826643,0.9965582500792677,689952178.0536817,0.0,6894329.590556411,145292412.34117186,0.0030906056778562635,0.9723488368834292,1.0
ic_g5,shock_capacity_loss_plus20,45,uniform,0.9996109713143555,30,3850574293.960985,73695476.47451676,9180698823.625961,9128727649.573824,51971174.05213685,0.9943390829989551,3828940869.0755253,0.9964553087468412,689952178.0536817,0.0,6894329.59055641,145304500.9897564,0.003116935977829802,0.9723784420597141,1.0
ic_g5,shock_capacity_loss_plus20,45,linkage,0.9996109713143555,30,3850574068.284425,73697538.56848231,9180698823.625961,9128726080.301214,51972743.324746884,0.9943389120672385,3828940230.980172,0.9964552093765815,689952178.0536817,0.0,6894329.59055641,145304512.59094968,0.003126174622786877,0.9723891856810282,1.0
ic_g5,shock_capacity_loss_plus20,45,stress,0.9996109713143555,30,3850578950.9772134,73652917.1433235,9180698823.625961,9128759511.358229,51939312.26773277,0.9943425535173782,3828954037.957992,0.9964573616228567,689952178.0536817,0.0,6894329.590556411,145304261.5466813,0.0030897469544122085,0.9723478627795357,1.0
ic_g5,shock_capacity_loss_plus20,46,uniform,0.9784653580164804,30,3850745810.776219,72129403.28678598,9180698823.625961,9129741126.25043,50957697.37553172,0.9944494751048367,3829425600.5283055,0.9965303121657247,689952178.0536817,0.0,6894329.59055641,145295691.6837159,0.003116935977829802,0.9723784420597141,1.0
ic_g5,shock_capacity_loss_plus20,46,linkage,0.9784653580164804,30,3850745585.043279,72131465.89550029,9180698823.625961,9129739556.159071,50959267.46688969,0.9944493040839386,3829424962.2736225,0.9965302127653158,689952178.0536817,0.0,6894329.59055641,145295703.28780466,0.003126174622786877,0.9723891856810282,1.0
ic_g5,shock_capacity_loss_plus20,46,stress,0.9784653580164804,30,3850750382.888013,72087619.87734859,9180698823.625961,9129772425.94166,50926397.684301116,0.9944528843977274,3829438529.3219867,0.9965323276835337,689952178.0536817,0.0,6894329.590556411,145295456.60605565,0.0030903842311430685,0.9723485856824853,1.0
ic_g5,shock_capacity_loss_plus20,47,uniform,1.021450627152114,30,3850397147.6109447,75312951.40678647,9180698823.625961,9127684604.817663,53014218.808298044,0.9942254702145473,3828440227.739031,0.9963778582239146,689952178.0536817,0.0,6894329.59055641,145313599.43534812,0.003116935977829802,0.9723784420597141,1.0
ic_g5,shock_capacity_loss_plus20,47,linkage,1.021450627152114,30,3850396921.992614,75315012.9691085,9180698823.625961,9127683036.386683,53015787.23927764,0.9942252993745044,3828439589.808236,0.9963777588847846,689952178.0536817,0.0,6894329.59055641,145313611.0335509,0.003126174622786877,0.9723891856810282,1.0
ic_g5,shock_capacity_loss_plus20,47,stress,1.021450627152114,30,3850401891.628934,75269596.98654695,9180698823.625961,9127717041.797722,52981781.82823895,0.9942290033856798,3828453642.641068,0.9963799493778799,689952178.0536817,0.0,6894329.59055641,145313355.5190207,0.0030890937279046955,0.9723471217839906,1.0
ic_g5,shock_capacity_loss_plus20,48,uniform,1.0723468389231177,30,3849984317.0144777,79082394.81279233,9180698823.625961,9125268272.855755,55430550.770206004,0.9939622732609897,3827273508.461363,0.9961974214937879,689952178.0536817,0.0,6894329.59055641,145334802.90197152,0.003116935977829802,0.9723784420597141,1.0
ic_g5,shock_capacity_loss_plus20,48,linkage,1.0723468389231177,30,3849984091.531849,79084455.13614614,9180698823.625961,9125266706.370604,55432117.25535634,0.9939621026328948,3827272870.914063,0.9961973222271681,689952178.0536817,0.0,6894329.59055641,145334814.49320507,0.003126174622786877,0.9723891856810282,1.0
ic_g5,shock_capacity_loss_plus20,48,stress,1.0723468389231177,30,3849989261.1109333,79037211.92031913,9180698823.625961,9125302029.592125,55396794.03383536,0.9939659501854831,3827287489.136313,0.996199600663768,689952178.0536817,0.0,6894329.59055641,145334548.69847083,0.0030875906737898003,0.9723454167769096,1.0
ic_g5,shock_capacity_loss_plus20,49,uniform,0.9776384808257907,30,3850752517.7626915,72068163.62541342,9180698823.625961,9129780829.071762,50917994.55419866,0.9944537997016998,3829444555.4470525,0.9965332453801591,689952178.0536817,0.0,6894329.59055641,145295347.20497566,0.003116935977829802,0.9723784420597141,1.0
ic_g5,shock_capacity_loss_plus20,49,linkage,0.9776384808257907,30,3850752292.027547,72070226.25425614,9180698823.625961,9129779258.94831,50919564.67765033,0.9944536286773059,3829443917.186139,0.9965331459785709,689952178.0536817,0.0,6894329.59055641,145295358.80917764,0.003126174622786877,0.9723891856810282,1.0
ic_g5,shock_capacity_loss_plus20,49,stress,0.9776384808257907,30,3850757086.5409408,72026410.6804488,9180698823.625961,9129812106.678576,50886716.94738538,0.9944572065890636,3829457474.814295,0.9965352594311382,689952178.0536817,0.0,6894329.59055641,145295112.29871163,0.003090409248080755,0.9723486140607707,1.0
ic_g5,shock_capacity_loss_plus20,50,uniform,0.9212846670764326,30,3851209616.193671,67894522.71483724,9180698823.625961,9132499533.243958,48199290.3820024,0.9947499322973142,3830736382.0601473,0.9967332018726388,689952178.0536817,0.0,6894329.59055641,145271870.09013042,0.003116935977829802,0.9723784420597141,1.0
ic_g5,shock_capacity_loss_plus20,50,linkage,0.9212846670764326,30,3851209390.3082733,67896586.71550266,9180698823.625961,9132497960.91931,48200862.70665125,0.9947497610331569,3830735743.3746166,0.9967331023906578,689952178.0536817,0.0,6894329.59055641,145271881.7020489,0.003126174622786877,0.9723891856810282,1.0
ic_g5,shock_capacity_loss_plus20,50,stress,0.9212846670764326,30,3851213955.3648005,67854868.0940891,9180698823.625961,9132529286.950686,48169536.67527483,0.994753173195126,3830748652.1554265,0.9967351148807899,689952178.0536817,0.0,6894329.59055641,145271646.9892504,0.0030921316500113756,0.9723505678904509,1.0
ic_g5,shock_capacity_loss_plus20,51,uniform,1.0526808585011613,30,3850143832.1953764,77625905.26976453,9180698823.625961,9126199547.855648,54499275.77031237,0.9940637116174574,3827724321.550867,0.9962671315417249,689952178.0536817,0.0,6894329.59055641,145326610.01403382,0.003116935977829802,0.9723784420597141,1.0
ic_g5,shock_capacity_loss_plus20,51,linkage,1.0526808585011613,30,3850143606.660313,77627966.07184806,9180698823.625961,9126197980.621204,54500843.00475693,0.9940635409077463,3827723683.855387,0.9962670322470936,689952178.0536817,0.0,6894329.59055641,145326621.60796022,0.003126174622786877,0.9723891856810282,1.0
ic_g5,shock_capacity_loss_plus20,51,stress,1.0526808585011613,30,3850148699.42244,77581424.86962739,9180698823.625961,9126232798.047176,54466025.57878336,0.9940673333669742,3827738084.8579583,0.9962692768982798,689952178.0536817,0.0,6894329.590556411,145326359.76282766,0.003088168280208447,0.9723460719913862,1.0
ic_g5,budget_share_minus20,42,uniform,1.0065049171299387,30,3851876285.3468537,61807367.09504647,9180698823.625961,9136508317.426876,44190506.19908448,0.995186585787417,3833999348.2553997,0.9970250053829297,689952178.0536817,0.0,5515463.672445128,145237629.29966804,0.003030808927828197,0.972284837032529,1.0
ic_g5,budget_share_minus20,42,linkage,1.0065049171299387,30,3851876104.4629717,61809019.89849227,9180698823.625961,9136507056.980387,44191766.64557446,0.9951864484943292,3833998836.8108277,0.9970249257035618,689952178.0536817,0.0,5515463.672445128,145237638.59821922,0.0030381998437938574,0.9722934319295798,1.0
ic_g5,budget_share_minus20,42,stress,1.0065049171299387,30,3851879480.624199,61778166.237169705,9180698823.625961,9136530278.92939,44168544.69657077,0.9951889779258517,3834008383.70432,0.997026414267012,689952178.0536817,0.0,5515463.672445127,145237465.01270592,0.003013030440629172,0.9722648801318203,1.0
ic_g5,budget_share_minus20,43,uniform,1.0175058076979606,30,3851801926.734356,62486315.27388259,9180698823.625961,9136058136.038675,44640687.58728636,0.9951375501533275,3833789200.0071344,0.9969924469949785,689952178.0536817,0.0,5515463.672445128,145241448.44575918,0.003030808927828197,0.972284837032529,1.0
ic_g5,budget_share_minus20,43,linkage,1.0175058076979606,30,3851801745.8700275,62487967.89879869,9180698823.625961,9136056875.885525,44641947.74043568,0.9951374128921915,3833788688.6178226,0.9969923673260882,689952178.0536817,0.0,5515463.672445128,145241457.74330613,0.0030381998437938574,0.9722934319295798,1.0
ic_g5,budget_share_minus20,43,stress,1.0175058076979606,30,3851805153.099321,62456830.314267114,9180698823.625961,9136080305.257305,44618518.36865467,0.9951399649170678,3833798323.3640223,0.9969938695650823,689952178.0536817,0.0,5515463.672445127,145241282.56041262,0.003012797566796528,0.9722646159677546,1.0
ic_g5,budget_share_minus20,44,uniform,0.9711543472663869,30,3852115231.394886,59625616.00123516,9180698823.625961,9137959672.913395,42739150.71256617,0.9953446734792585,3834674644.522194,0.9971296472386875,689952178.0536817,0.0,5515463.672445128,145225356.74865237,0.003030808927828197,0.972284837032529,1.0
ic_g5,budget_share_minus20,44,linkage,0.9711543472663869,30,3852115050.4481688,59627269.37837326,9180698823.625961,9137958411.520147,42740412.10581423,0.9953445360830458,3834674132.9000487,0.9971295675256419,689952178.0536817,0.0,5515463.672445128,145225366.0504306,0.0030381998437938574,0.9722934319295798,1.0
ic_g5,budget_share_minus20,44,stress,0.9711543472663869,30,3852118326.043642,59597334.76177067,9180698823.625961,9137980961.215412,42717862.410549164,0.9953469922898879,3834683395.418843,0.9971310118188346,689952178.0536817,0.0,5515463.672445127,145225197.63555402,0.00301378404936304,0.9722657349999326,1.0
ic_g5,budget_share_minus20,45,uniform,0.9996109713143555,30,3851922883.7783456,61381889.545975044,9180698823.625961,9136790788.524874,43908035.10108776,0.9952173537173343,3834131042.1967053,0.9970454101418553,689952178.0536817,0.0,5515463.672445128,145235235.94923416,0.003030808927828197,0.972284837032529,1.0
ic_g5,budget_share_minus20,45,linkage,0.9996109713143555,30,3851922702.8822093,61383542.461300045,9180698823.625961,9136789527.894245,43909295.73171577,0.9952172164041894,3834130530.7175045,0.9970453304559207,689952178.0536817,0.0,5515463.672445128,145235245.24841467,0.0030381998437938574,0.9722934319295798,1.0
ic_g5,budget_share_minus20,45,stress,0.9996109713143555,30,3851926059.5191774,61352867.227230765,9180698823.625961,9136812619.428978,43886204.1969822,0.9952197316304457,3834140022.401286,0.9970468104249401,689952178.0536817,0.0,5515463.672445127,145235072.66675085,0.0030131767722184092,0.9722650461253634,1.0
ic_g5,budget_share_minus20,46,uniform,0.9784653580164804,30,3852065813.8852787,60076833.78251725,9180698823.625961,9137658917.67622,43039905.949740514,0.9953119139646558,3834534983.4563303,0.9971080035548304,689952178.0536817,0.0,5515463.672445128,145227894.89026517,0.003030808927828197,0.972284837032529,1.0
ic_g5,budget_share_minus20,46,linkage,0.9784653580164804,30,3852065632.951556,60078487.0410073,9180698823.625961,9137657656.479294,43041167.146666385,0.9953117765898274,3834534471.8709097,0.9971079238487509,689952178.0536817,0.0,5515463.672445128,145227904.19137597,0.0030381998437938574,0.9722934319295798,1.0
ic_g5,budget_share_minus20,46,stress,0.9784653580164804,30,3852068929.4374475,60048361.512255944,9180698823.625961,9137680345.926079,43018477.699882716,0.9953142480189877,3834543793.4625516,0.9971093773385598,689952178.0536817,0.0,5515463.672445127,145227734.7024088,0.0030136275268382627,0.9722655574460688,1.0
ic_g5,budget_share_minus20,47,uniform,1.021450627152114,30,3851775262.411195,62729779.925009996,9180698823.625961,9135896874.501192,44801949.12476765,0.9951199848741934,3833713842.753748,0.9969807724937889,689952178.0536817,0.0,5515463.672445128,145242817.95686424,0.003030808927828197,0.972284837032529,1.0
ic_g5,budget_share_minus20,47,linkage,1.021450627152114,30,3851775081.5538783,62731432.4859071,9180698823.625961,9135895614.453085,44803209.17287563,0.9951198476244991,3833713331.384252,0.9969806928286554,689952178.0536817,0.0,5515463.672445128,145242827.2540511,0.0030381998437938574,0.9722934319295798,1.0
ic_g5,budget_share_minus20,47,stress,1.021450627152114,30,3851778499.897801,62700193.32757303,9180698823.625961,9135919118.000834,44779705.62512681,0.9951224077289312,3833722997.559841,0.9969821999599735,689952178.0536817,0.0,5515463.672445127,145242651.49969324,0.003012714249045126,0.9722645214549731,1.0
ic_g5,budget_share_minus20,48,uniform,1.0723468389231177,30,3851431238.2919393,65870970.18391792,9180698823.625961,9133824245.111235,46874578.51472518,0.9948942254380355,3832741580.5827103,0.9968301779719551,689952178.0536817,0.0,5515463.672445128,145260487.4416243,0.003030808927828197,0.972284837032529,1.0
ic_g5,budget_share_minus20,48,linkage,1.0723468389231177,30,3851431057.52509,65872621.91883785,9180698823.625961,9133822986.41143,46875837.214529395,0.994894088335204,3832741069.468878,0.9968300983552772,689952178.0536817,0.0,5515463.672445128,145260496.734165,0.0030381998437938574,0.9722934319295798,1.0
ic_g5,budget_share_minus20,48,stress,1.0723468389231177,30,3851434618.046944,65840083.431611076,9180698823.625961,9133847437.42833,46851386.19763049,0.994896751641927,3832751137.6881766,0.996831668063654,689952178.0536817,0.0,5515463.672445127,145260313.6696527,0.0030116481223427935,0.9722633120781025,1.0
ic_g5,budget_share_minus20,49,uniform,0.9776384808257907,30,3852071403.018288,60025800.93574289,9180698823.625961,9137692917.59778,43005906.02818033,0.9953156173778942,3834550779.1586943,0.9971104514026976,689952178.0536817,0.0,5515463.672445128,145227607.8257979,0.003030808927828197,0.972284837032529,1.0
ic_g5,budget_share_minus20,49,linkage,0.9776384808257907,30,3852071222.083096,60027454.2076523,9180698823.625961,9137691656.378664,43007167.24729671,0.9953154800006486,3834550267.5691204,0.9971103716958302,689952178.0536817,0.0,5515463.672445128,145227617.12698418,0.0030381998437938574,0.9722934319295798,1.0
ic_g5,budget_share_minus20,49,stress,0.9776384808257907,30,3852074516.2086916,59997350.2490392,9180698823.625961,9137714330.038427,42984493.587532505,0.9953179497102207,3834559582.4864383,0.9971118241465733,689952178.0536817,0.0,5515463.672445128,145227447.7593727,0.003013645212096545,0.9722655775076277,1.0
ic_g5,budget_share_minus20,50,uniform,0.9212846670764326,30,3852452316.8518963,56547780.77191897,9180698823.625961,9140019502.007124,40679321.61883643,0.9955690386537731,3835627297.0250673,0.9972773136129217,689952178.0536817,0.0,5515463.672445128,145208043.6417738,0.003030808927828197,0.972284837032529,1.0
ic_g5,budget_share_minus20,50,linkage,0.9212846670764326,30,3852452135.8165355,56549434.95837525,9180698823.625961,9140018239.267445,40680584.3585167,0.9955689011109016,3835626785.1524153,0.997277233852343,689952178.0536817,0.0,5515463.672445128,145208052.94810444,0.0030381998437938574,0.9722934319295798,1.0
ic_g5,budget_share_minus20,50,stress,0.9212846670764326,30,3852455267.6191096,56520814.42750895,9180698823.625961,9140039825.539541,40658998.08641874,0.9955712523776745,3835635641.0611625,0.9972786148377342,689952178.0536817,0.0,5515463.672445127,145207891.92640358,0.00301486109624819,0.9722669567660479,1.0
ic_g5,budget_share_minus20,51,uniform,1.0526808585011613,30,3851564167.076981,64657233.75867507,9180698823.625961,9134623347.409872,46075476.21608846,0.9949812669927134,3833117256.652801,0.9968883600858518,689952178.0536817,0.0,5515463.672445128,145253660.06235057,0.003030808927828197,0.972284837032529,1.0
ic_g5,budget_share_minus20,51,linkage,1.0526808585011613,30,3851563986.275176,64658885.81274777,9180698823.625961,9134622088.190615,46076735.43534638,0.9949811298333008,3833116745.4401817,0.9968882804504543,689952178.0536817,0.0,5515463.672445128,145253669.35668653,0.0030381998437938574,0.9722934319295798,1.0
ic_g5,budget_share_minus20,51,stress,1.0526808585011613,30,3851567492.128159,64626846.93090686,9180698823.625961,9134646175.20103,46052648.42493065,0.9949837534909198,3833126659.069533,0.9968898260984947,689952178.0536817,0.0,5515463.672445127,145253489.10300428,0.0030120581320780783,0.9722637771787155,1.0
ic_g5,budget_share_plus20,42,uniform,1.0065049171299387,30,3851881677.77741,61758094.69260149,9180698823.625961,9136545883.240755,44152940.38520487,0.9951906776125167,3831256863.330222,0.9970273806752009,689952178.0536817,0.0,8273195.508667692,145237352.09702083,0.003203063027831407,0.9724720470868996,1.0
ic_g5,budget_share_plus20,42,linkage,1.0065049171299387,30,3851881466.3308787,61760026.64937068,9180698823.625961,9136544415.315624,44154408.31033698,0.9951905177199901,3831256265.4923368,0.9970272875700912,689952178.0536817,0.0,8273195.508667692,145237362.96594298,0.003214149401779896,0.9724849394324764,1.0
ic_g5,budget_share_plus20,42,stress,1.0065049171299387,30,3851886587.9033794,61713222.16958038,9180698823.625961,9136579656.56211,44119167.06385022,0.9951943563435157,3831270747.9607954,0.9970295457328271,689952178.0536817,0.0,8273195.5086676935,145237099.6395996,0.0031764070196513283,0.9724421250335726,1.0
ic_g5,budget_share_plus20,43,uniform,1.0175058076979606,30,3851807370.6135397,62436572.67144226,9180698823.625961,9136096060.415401,44602763.21055854,0.9951416810345878,3831046860.5705833,0.996994844925612,689952178.0536817,0.0,8273195.508667692,145241168.59769243,0.003203063027831407,0.9724720470868996,1.0
ic_g5,budget_share_plus20,43,linkage,1.0175058076979606,30,3851807158.446419,62438511.18120248,9180698823.625961,9136094587.704414,44604235.92154637,0.9951415206207658,3831046260.7015104,0.996994751514192,689952178.0536817,0.0,8273195.508667692,145241179.5034453,0.003214149401779896,0.9724849394324764,1.0
ic_g5,budget_share_plus20,43,stress,1.0175058076979606,30,3851812275.3275514,62391749.62600679,9180698823.625961,9136129777.861134,44569045.764827825,0.995145353679381,3831060729.893682,0.9969970075553307,689952178.0536817,0.0,8273195.508667692,145240916.41865894,0.0031760577245904423,0.9724417288054542,1.0
ic_g5,budget_share_plus20,44,uniform,0.9711543472663869,30,3852120449.967812,59577932.28594693,9180698823.625961,9137996026.889154,42702796.73680576,0.9953486333058967,3831931668.001955,0.9971319460861365,689952178.0536817,0.0,8273195.508667692,145225088.48394075,0.003203063027831407,0.9724720470868996,1.0
ic_g5,budget_share_plus20,44,linkage,0.9711543472663869,30,3852120243.197511,59579821.574667126,9180698823.625961,9137994591.077938,42704232.548023485,0.9953484769113516,3831931083.3739104,0.9971318550111422,689952178.0536817,0.0,8273195.508667692,145225099.11288494,0.003214149401779896,0.9724849394324764,1.0
ic_g5,budget_share_plus20,44,stress,0.9711543472663869,30,3852125321.3971777,59533413.41085086,9180698823.625961,9138029583.102667,42669240.5232929,0.9953522883886041,3831945443.20634,0.9971340941758954,689952178.0536817,0.0,8273195.508667693,145224838.0161887,0.0031775372530151217,0.9724434071311864,1.0
ic_g5,budget_share_plus20,45,uniform,0.9996109713143555,30,3851928242.9159884,61332921.36844829,9180698823.625961,9136828122.322168,43870701.30379185,0.9952214202702201,3831388463.133631,0.9970477707957476,689952178.0536817,0.0,8273195.508667692,145234960.4581515,0.003203063027831407,0.9724720470868996,1.0
ic_g5,budget_share_plus20,45,linkage,0.9996109713143555,30,3851928032.9725494,61334839.65471432,9180698823.625961,9136826664.717848,43872158.90811224,0.9952212615018792,3831387869.532939,0.9970476783339995,689952178.0536817,0.0,8273195.508667692,145234971.25023764,0.003214149401779896,0.9724849394324764,1.0
ic_g5,budget_share_plus20,45,stress,0.9996109713143555,30,3851933157.402821,61288009.026248716,9180698823.625961,9136861937.341167,43836886.28479226,0.9952251035431005,3831402360.0889034,0.9970499377899205,689952178.0536817,0.0,8273195.508667692,145234707.7767422,0.003176626507165422,0.9724423740125748,1.0
ic_g5,budget_share_plus20,46,uniform,0.9784653580164804,30,3852071070.9044695,60028798.74584306,9180698823.625961,9137695539.844734,43003283.78122566,0.9953159030039673,3831792115.646633,0.9971103193067569,689952178.0536817,0.0,8273195.508667692,145227624.64901808,0.003203063027831407,0.9724720470868996,1.0
ic_g5,budget_share_plus20,46,linkage,0.9784653580164804,30,3852070861.014438,60030716.548306726,9180698823.625961,9137694082.164501,43004741.46145889,0.9953157442273577,3831791522.196109,0.9971102268628178,689952178.0536817,0.0,8273195.508667692,145227635.43838724,0.003214149401779896,0.9724849394324764,1.0
ic_g5,budget_share_plus20,46,stress,0.9784653580164804,30,3852075964.227206,59984079.80288179,9180698823.625961,9137729239.012081,42969584.61387981,0.9953195736578025,3831805952.757962,0.9971124770361894,689952178.0536817,0.0,8273195.508667693,145227373.05567595,0.0031773025322177073,0.9724431408720672,1.0
ic_g5,budget_share_plus20,47,uniform,1.021450627152114,30,3851780724.470476,62679871.15897932,9180698823.625961,9135934925.586037,44763898.03992337,0.9951241295570303,3830971554.7300124,0.9969831784268591,689952178.0536817,0.0,8273195.508667692,145242537.17392132,0.003203063027831407,0.9724720470868996,1.0
ic_g5,budget_share_plus20,47,linkage,1.021450627152114,30,3851780499.958603,62681922.49677717,9180698823.625961,9135933365.771513,44765457.85444803,0.9951239596555278,3830970919.9505796,0.9969830795688494,689952178.0536817,0.0,8273195.508667692,145242548.71447027,0.003214149401779896,0.9724849394324764,1.0
ic_g5,budget_share_plus20,47,stress,1.021450627152114,30,3851785627.473577,62635063.76761739,9180698823.625961,9135968624.5629,44730199.06305971,0.9951278001901173,3830985419.2113857,0.9969853402840333,689952178.0536817,0.0,8273195.508667693,145242285.08298045,0.0031759327535706263,0.972441587042709,1.0
ic_g5,budget_share_plus20,48,uniform,1.0723468389231177,30,3851436744.3711376,65820659.06026209,9180698823.625961,9133862585.4813,46836238.144659914,0.9948984016310249,3829999417.0504174,0.996832603070258,689952178.0536817,0.0,8273195.508667692,145260204.39489615,0.003203063027831407,0.9724720470868996,1.0
ic_g5,budget_share_plus20,48,linkage,1.0723468389231177,30,3851436473.2194457,65823136.67560228,9180698823.625961,9133860697.334305,46838126.29165636,0.9948981959661806,3829998650.3756576,0.996832483643756,689952178.0536817,0.0,8273195.508667692,145260218.33378014,0.003214149401779896,0.9724849394324764,1.0
ic_g5,budget_share_plus20,48,stress,1.0723468389231177,30,3851441814.005258,65774328.917088374,9180698823.625961,9133897377.553686,46801446.07227449,0.9949021913286346,3830013752.713173,0.9968348382271528,689952178.0536817,0.0,8273195.508667692,145259943.73685598,0.003174333635006054,0.9724397730593424,1.0
ic_g5,budget_share_plus20,49,uniform,0.9776384808257907,30,3852076656.0442433,59977802.38857022,9180698823.625961,9137729511.939697,42969311.68626273,0.9953196033862166,3831807900.0578613,0.9971127653987162,689952178.0536817,0.0,8273195.508667692,145227337.78984013,0.003203063027831407,0.9724720470868996,1.0
ic_g5,budget_share_plus20,49,linkage,0.9776384808257907,30,3852076446.1520076,59979720.21115944,9180698823.625961,9137728054.226536,42970769.39942483,0.9953194446060203,3831807306.601108,0.9971126729536309,689952178.0536817,0.0,8273195.508667692,145227348.57932252,0.003214149401779896,0.9724849394324764,1.0
ic_g5,budget_share_plus20,49,stress,0.9776384808257907,30,3852081546.5379267,59933109.29882665,9180698823.625961,9137763192.450613,42935631.17534762,0.9953232720079156,3831821729.1694937,0.997114921882876,689952178.0536817,0.0,8273195.508667692,145227086.34194988,0.0031773290529867448,0.9724431709563051,1.0
ic_g5,budget_share_plus20,50,uniform,0.9212846670764326,30,3852457258.660044,56502625.97396122,9180698823.625961,9140053924.637268,40644898.9886926,0.9955727881101931,3832883537.956584,0.9972794907997689,689952178.0536817,0.0,8273195.508667692,145207789.60458258,0.003203063027831407,0.9724720470868996,1.0
ic_g5,budget_share_plus20,50,linkage,0.9212846670764326,30,3852457058.0092297,56504459.440279104,9180698823.625961,9140052530.735235,40646292.89072599,0.995572636280571,3832882970.6125064,0.9972794023796482,689952178.0536817,0.0,8273195.508667692,145207799.9195816,0.003214149401779896,0.9724849394324764,1.0
ic_g5,budget_share_plus20,50,stress,0.9212846670764326,30,3852461828.4538393,56460863.93146454,9180698823.625961,9140085428.072168,40613395.553792894,0.9955762195956939,3832896460.158879,0.9972815058569151,689952178.0536817,0.0,8273195.5086676935,145207554.64734527,0.0031791520117858893,0.9724452388580448,1.0
ic_g5,budget_share_plus20,51,uniform,1.0526808585011613,30,3851569674.2209272,64606912.91378152,9180698823.625961,9134661703.602684,46037120.023277536,0.9949854449091824,3830375096.1295033,0.9968907857543485,689952178.0536817,0.0,8273195.508667692,145253376.96094033,0.003203063027831407,0.9724720470868996,1.0
ic_g5,budget_share_plus20,51,linkage,1.0526808585011613,30,3851569403.0168014,64609391.00785219,9180698823.625961,9134659814.676462,46039008.94949778,0.9949852391594614,3830374329.3065634,0.9968906662997665,689952178.0536817,0.0,8273195.508667692,145253390.90251717,0.003214149401779896,0.9724849394324764,1.0
ic_g5,budget_share_plus20,51,stress,1.0526808585011613,30,3851574661.79778,64561332.6713719,9180698823.625961,9134695948.799318,46002874.82664202,0.9949891750388045,3830389199.754838,0.9968929847916435,689952178.0536817,0.0,8273195.508667692,145253120.52191663,0.003174948622173319,0.9724404706788151,1.0
ic_g5,edge_health_floor_minus20,42,uniform,1.0065049171299387,30,3851879040.165215,61782195.292998195,9180698823.625961,9136527513.964882,44171309.661079526,0.9951886767543875,3832628271.516059,0.9970262188830366,689952178.0536817,0.0,6894329.59055641,145237487.6849526,0.003116935977829802,0.9723784420597141,1.0
ic_g5,edge_health_floor_minus20,42,linkage,1.0065049171299387,30,3851878814.059771,61784261.302708216,9180698823.625961,9136525938.36617,44172885.25978897,0.9951885051336055,3832627632.208673,0.9970261192832074,689952178.0536817,0.0,6894329.59055641,145237499.30817196,0.003126174622786877,0.9723891856810282,1.0
ic_g5,edge_health_floor_minus20,42,stress,1.0065049171299387,30,3851883034.260449,61745694.23389314,9180698823.625961,9136554967.220772,44143856.4051889,0.9951916670775008,3832639565.823114,0.997027979994787,689952178.0536817,0.0,6894329.59055641,145237282.32632446,0.003094717752729368,0.9723535014739547,1.0
ic_g5,edge_health_floor_minus20,43,uniform,1.0175058076979606,30,3851804681.2549148,62461146.19079776,9180698823.625961,9136077328.109112,44621495.51684912,0.9951396406336717,3832418122.4261985,0.9969936603355144,689952178.0536817,0.0,6894329.59055641,145241306.8463379,0.003116935977829802,0.9723784420597141,1.0
ic_g5,edge_health_floor_minus20,43,linkage,1.0175058076979606,30,3851804455.173913,62463211.97734501,9180698823.625961,9136075752.877089,44623070.748872556,0.9951394690528309,3832417483.1878877,0.9969935607487823,689952178.0536817,0.0,6894329.59055641,145241318.46830198,0.003126174622786877,0.9723891856810282,1.0
ic_g5,edge_health_floor_minus20,43,stress,1.0175058076979606,30,3851808714.210026,62424290.001296565,9180698823.625961,9136105041.030277,44593782.595683716,0.9951426592406099,3832429526.61921,0.9969954385550273,689952178.0536817,0.0,6894329.590556411,145241099.48971108,0.0030944266669730063,0.9723531712763618,1.0
ic_g5,edge_health_floor_minus20,44,uniform,0.9711543472663869,30,3852117987.1702147,59600435.461993776,9180698823.625961,9137978883.870497,42719939.75546429,0.995346766016817,3833303570.48726,0.9971308612517007,689952178.0536817,0.0,6894329.59055641,145225215.0847901,0.003116935977829802,0.9723784420597141,1.0
ic_g5,edge_health_floor_minus20,44,linkage,0.9711543472663869,30,3852117760.986226,59602502.188820556,9180698823.625961,9137977307.088306,42721516.53765462,0.9953465942671256,3833302930.957906,0.997130761609774,689952178.0536817,0.0,6894329.59055641,145225226.7120433,0.003126174622786877,0.9723891856810282,1.0
ic_g5,edge_health_floor_minus20,44,stress,0.9711543472663869,30,3852121855.4785843,59565083.936212696,9180698823.625961,9138005495.56127,42693328.064691,0.9953496646731486,3833314509.1007853,0.9971325669827757,689952178.0536817,0.0,6894329.59055641,145225016.19354966,0.0030956597424345957,0.9723545700347838,1.0
ic_g5,edge_health_floor_minus20,45,uniform,0.9996109713143555,30,3851925638.7833314,61356716.04002953,9180698823.625961,9136809987.867296,43888835.75866467,0.9952194449897735,3832759965.9847693,0.9970466237419712,689952178.0536817,0.0,6894329.59055641,145235094.32493427,0.003116935977829802,0.9723784420597141,1.0
ic_g5,edge_health_floor_minus20,45,linkage,0.9996109713143555,30,3851925412.6625695,61358782.189589195,9180698823.625961,9136808412.038406,43890411.58755324,0.9952192733439196,3832759326.634095,0.9970465241339337,689952178.0536817,0.0,6894329.59055641,145235105.94894028,0.003126174622786877,0.9723891856810282,1.0
ic_g5,edge_health_floor_minus20,45,stress,0.9996109713143555,30,3851929608.457703,61320438.15685614,9180698823.625961,9136837277.862576,43861545.763384014,0.9952224175298605,3832771191.2357755,0.997048374102327,689952178.0536817,0.0,6894329.59055641,145234890.22191596,0.003094900663104929,0.9723537089611717,1.0
ic_g5,edge_health_floor_minus20,46,uniform,0.9784653580164804,30,3852068569.4626927,60051655.050254,9180698823.625961,9137678125.643341,43020697.98261863,0.9953140061765332,3833163908.8620853,0.9971092174617501,689952178.0536817,0.0,6894329.59055641,145227753.23656717,0.003116935977829802,0.9723784420597141,1.0
ic_g5,edge_health_floor_minus20,46,linkage,0.9784653580164804,30,3852068343.2949486,60053721.62877058,9180698823.625961,9137676549.106562,43022274.51939935,0.9953138344535729,3833163269.378638,0.9971091178285311,689952178.0536817,0.0,6894329.59055641,145227764.8629861,0.003126174622786877,0.9723891856810282,1.0
ic_g5,edge_health_floor_minus20,46,stress,0.9784653580164804,30,3852072463.900561,60016064.733851254,9180698823.625961,9137704912.282232,42993911.3437289,0.9953169238889433,3833174921.363234,0.9971109346974593,689952178.0536817,0.0,6894329.590556411,145227553.00186723,0.0030954640936925867,0.9723543480975128,1.0
ic_g5,edge_health_floor_minus20,47,uniform,1.021450627152114,30,3851778016.824964,62704611.81692089,9180698823.625961,9135916064.971851,44782758.65410925,0.9951220751802832,3832342764.8710237,0.9969819857771091,689952178.0536817,0.0,6894329.59055641,145242676.36292735,0.003116935977829802,0.9723784420597141,1.0
ic_g5,edge_health_floor_minus20,47,linkage,1.021450627152114,30,3851777790.7527275,62706677.52344406,9180698823.625961,9135914489.871134,44784333.75482714,0.9951219036137448,3832342125.657482,0.9969818861950729,689952178.0536817,0.0,6894329.59055641,145242687.98444128,0.003126174622786877,0.9723891856810282,1.0
ic_g5,edge_health_floor_minus20,47,stress,1.021450627152114,30,3851782063.6822534,62667628.57898514,9180698823.625961,9135943870.751503,44754952.87445826,0.9951251039017548,3832354208.3759,0.9969837701168075,689952178.0536817,0.0,6894329.59055641,145242468.29151344,0.003094322522119315,0.9723530531380619,1.0
ic_g5,edge_health_floor_minus20,48,uniform,1.0723468389231177,30,3851433991.3279085,65845814.655258946,9180698823.625961,9133843415.047274,46855408.57868729,0.9948963135074088,3831370498.8063,0.9968313905173055,689952178.0536817,0.0,6894329.59055641,145260345.91844684,0.003116935977829802,0.9723784420597141,1.0
ic_g5,edge_health_floor_minus20,48,linkage,1.0723468389231177,30,3851433765.3687563,65847879.3293089,9180698823.625961,9133841841.63198,46856981.9939788,0.9948961421244539,3831369859.9123383,0.9968312909958394,689952178.0536817,0.0,6894329.59055641,145260357.5341531,0.003126174622786877,0.9723891856810282,1.0
ic_g5,edge_health_floor_minus20,48,stress,1.0723468389231177,30,3851438216.0223384,65807206.20872748,9180698823.625961,9133872406.942228,46826416.683732525,0.9948994714255054,3831382445.190037,0.9968332531399909,689952178.0536817,0.0,6894329.59055641,145260128.70344776,0.003092989893518041,0.9723515414511034,1.0
ic_g5,edge_health_floor_minus20,49,uniform,0.9776384808257907,30,3852074158.6180863,60000621.99911,9180698823.625961,9137712125.902863,42986697.72309819,0.9953177096265836,3833179704.627708,0.997111665321616,689952178.0536817,0.0,6894329.59055641,145227466.1709503,0.003116935977829802,0.9723784420597141,1.0
ic_g5,edge_health_floor_minus20,49,linkage,0.9776384808257907,30,3852073932.4485044,60002688.594400294,9180698823.625961,9137710549.338343,42988274.28761772,0.9953175379006017,3833179065.139068,0.9971115656874123,689952178.0536817,0.0,6894329.59055641,145227477.79746357,0.003126174622786877,0.9723891856810282,1.0
ic_g5,edge_health_floor_minus20,49,stress,0.9776384808257907,30,3852078050.103721,59965058.66239462,9180698823.625961,9137738892.778732,42959930.84722762,0.995320625186323,3833190708.7806854,0.9971133812574906,689952178.0536817,0.0,6894329.59055641,145227266.08804074,0.0030954861997669284,0.9723543731738895,1.0
ic_g5,edge_health_floor_minus20,50,uniform,0.9212846670764326,30,3852455073.9772363,56522587.9069632,9180698823.625961,9140038733.470343,40660090.1556173,0.9955711334249434,3834256226.805287,0.9972785283498536,689952178.0536817,0.0,6894329.59055641,145207901.90857926,0.003116935977829802,0.9723784420597141,1.0
ic_g5,edge_health_floor_minus20,50,linkage,0.9212846670764326,30,3852454847.6824436,56524655.64543941,9180698823.625961,9140037155.005066,40661668.62089461,0.9955709614919231,3834255586.962799,0.9972784286485101,689952178.0536817,0.0,6894329.59055641,145207913.54152295,0.003126174622786877,0.9723891856810282,1.0
ic_g5,edge_health_floor_minus20,50,stress,0.9212846670764326,30,3852458762.4321003,56488880.01441077,9180698823.625961,9140064139.10864,40634684.51731961,0.99557390071301,3834266656.8386617,0.9972801548856988,689952178.0536817,0.0,6894329.59055641,145207712.26458004,0.0030970060205509787,0.9723560972074844,1.0
ic_g5,edge_health_floor_minus20,51,uniform,1.0526808585011613,30,3851566920.6453238,64632073.36940284,9180698823.625961,9134642525.257172,46056298.3687891,0.9949833559238142,3831746176.380887,0.9968895729162982,689952178.0536817,0.0,6894329.59055641,145253518.5118321,0.003116935977829802,0.9723784420597141,1.0
ic_g5,edge_health_floor_minus20,51,linkage,1.0526808585011613,30,3851566694.6424766,64634138.44239384,9180698823.625961,9134640951.192545,46057872.433415584,0.994983184470131,3831745537.3634415,0.9968894733714324,689952178.0536817,0.0,6894329.59055641,145253530.1297824,0.003126174622786877,0.9723891856810282,1.0
ic_g5,edge_health_floor_minus20,51,stress,1.0526808585011613,30,3851571076.959334,64594089.834359474,9180698823.625961,9134671061.458523,46027762.16743838,0.9949864642058632,3831757929.4019055,0.9968914054397404,689952178.0536817,0.0,6894329.59055641,145253304.81264734,0.0030935023942596377,0.9723521228137711,1.0
ic_g5,edge_health_floor_plus20,42,uniform,1.0065049171299387,30,3851879040.165215,61782195.292998195,9180698823.625961,9136527513.964882,44171309.661079526,0.9951886767543875,3832628271.516059,0.9970262188830366,689952178.0536817,0.0,6894329.59055641,145237487.6849526,0.003116935977829802,0.9723784420597141,1.0
ic_g5,edge_health_floor_plus20,42,linkage,1.0065049171299387,30,3851878814.059771,61784261.302708216,9180698823.625961,9136525938.36617,44172885.25978897,0.9951885051336055,3832627632.208673,0.9970261192832074,689952178.0536817,0.0,6894329.59055641,145237499.30817196,0.003126174622786877,0.9723891856810282,1.0
ic_g5,edge_health_floor_plus20,42,stress,1.0065049171299387,30,3851883034.260449,61745694.23389314,9180698823.625961,9136554967.220772,44143856.4051889,0.9951916670775008,3832639565.823114,0.997027979994787,689952178.0536817,0.0,6894329.59055641,145237282.32632446,0.003094717752729368,0.9723535014739547,1.0
ic_g5,edge_health_floor_plus20,43,uniform,1.0175058076979606,30,3851804681.2549148,62461146.19079776,9180698823.625961,9136077328.109112,44621495.51684912,0.9951396406336717,3832418122.4261985,0.9969936603355144,689952178.0536817,0.0,6894329.59055641,145241306.8463379,0.003116935977829802,0.9723784420597141,1.0
ic_g5,edge_health_floor_plus20,43,linkage,1.0175058076979606,30,3851804455.173913,62463211.97734501,9180698823.625961,9136075752.877089,44623070.748872556,0.9951394690528309,3832417483.1878877,0.9969935607487823,689952178.0536817,0.0,6894329.59055641,145241318.46830198,0.003126174622786877,0.9723891856810282,1.0
ic_g5,edge_health_floor_plus20,43,stress,1.0175058076979606,30,3851808714.210026,62424290.001296565,9180698823.625961,9136105041.030277,44593782.595683716,0.9951426592406099,3832429526.61921,0.9969954385550273,689952178.0536817,0.0,6894329.590556411,145241099.48971108,0.0030944266669730063,0.9723531712763618,1.0
ic_g5,edge_health_floor_plus20,44,uniform,0.9711543472663869,30,3852117987.1702147,59600435.461993776,9180698823.625961,9137978883.870497,42719939.75546429,0.995346766016817,3833303570.48726,0.9971308612517007,689952178.0536817,0.0,6894329.59055641,145225215.0847901,0.003116935977829802,0.9723784420597141,1.0
ic_g5,edge_health_floor_plus20,44,linkage,0.9711543472663869,30,3852117760.986226,59602502.188820556,9180698823.625961,9137977307.088306,42721516.53765462,0.9953465942671256,3833302930.957906,0.997130761609774,689952178.0536817,0.0,6894329.59055641,145225226.7120433,0.003126174622786877,0.9723891856810282,1.0
ic_g5,edge_health_floor_plus20,44,stress,0.9711543472663869,30,3852121855.4785843,59565083.936212696,9180698823.625961,9138005495.56127,42693328.064691,0.9953496646731486,3833314509.1007853,0.9971325669827757,689952178.0536817,0.0,6894329.59055641,145225016.19354966,0.0030956597424345957,0.9723545700347838,1.0
ic_g5,edge_health_floor_plus20,45,uniform,0.9996109713143555,30,3851925638.7833314,61356716.04002953,9180698823.625961,9136809987.867296,43888835.75866467,0.9952194449897735,3832759965.9847693,0.9970466237419712,689952178.0536817,0.0,6894329.59055641,145235094.32493427,0.003116935977829802,0.9723784420597141,1.0
ic_g5,edge_health_floor_plus20,45,linkage,0.9996109713143555,30,3851925412.6625695,61358782.189589195,9180698823.625961,9136808412.038406,43890411.58755324,0.9952192733439196,3832759326.634095,0.9970465241339337,689952178.0536817,0.0,6894329.59055641,145235105.94894028,0.003126174622786877,0.9723891856810282,1.0
ic_g5,edge_health_floor_plus20,45,stress,0.9996109713143555,30,3851929608.457703,61320438.15685614,9180698823.625961,9136837277.862576,43861545.763384014,0.9952224175298605,3832771191.2357755,0.997048374102327,689952178.0536817,0.0,6894329.59055641,145234890.22191596,0.003094900663104929,0.9723537089611717,1.0
ic_g5,edge_health_floor_plus20,46,uniform,0.9784653580164804,30,3852068569.4626927,60051655.050254,9180698823.625961,9137678125.643341,43020697.98261863,0.9953140061765332,3833163908.8620853,0.9971092174617501,689952178.0536817,0.0,6894329.59055641,145227753.23656717,0.003116935977829802,0.9723784420597141,1.0
ic_g5,edge_health_floor_plus20,46,linkage,0.9784653580164804,30,3852068343.2949486,60053721.62877058,9180698823.625961,9137676549.106562,43022274.51939935,0.9953138344535729,3833163269.378638,0.9971091178285311,689952178.0536817,0.0,6894329.59055641,145227764.8629861,0.003126174622786877,0.9723891856810282,1.0
ic_g5,edge_health_floor_plus20,46,stress,0.9784653580164804,30,3852072463.900561,60016064.733851254,9180698823.625961,9137704912.282232,42993911.3437289,0.9953169238889433,3833174921.363234,0.9971109346974593,689952178.0536817,0.0,6894329.590556411,145227553.00186723,0.0030954640936925867,0.9723543480975128,1.0
ic_g5,edge_health_floor_plus20,47,uniform,1.021450627152114,30,3851778016.824964,62704611.81692089,9180698823.625961,9135916064.971851,44782758.65410925,0.9951220751802832,3832342764.8710237,0.9969819857771091,689952178.0536817,0.0,6894329.59055641,145242676.36292735,0.003116935977829802,0.9723784420597141,1.0
ic_g5,edge_health_floor_plus20,47,linkage,1.021450627152114,30,3851777790.7527275,62706677.52344406,9180698823.625961,9135914489.871134,44784333.75482714,0.9951219036137448,3832342125.657482,0.9969818861950729,689952178.0536817,0.0,6894329.59055641,145242687.98444128,0.003126174622786877,0.9723891856810282,1.0
ic_g5,edge_health_floor_plus20,47,stress,1.021450627152114,30,3851782063.6822534,62667628.57898514,9180698823.625961,9135943870.751503,44754952.87445826,0.9951251039017548,3832354208.3759,0.9969837701168075,689952178.0536817,0.0,6894329.59055641,145242468.29151344,0.003094322522119315,0.9723530531380619,1.0
ic_g5,edge_health_floor_plus20,48,uniform,1.0723468389231177,30,3851433991.3279085,65845814.655258946,9180698823.625961,9133843415.047274,46855408.57868729,0.9948963135074088,3831370498.8063,0.9968313905173055,689952178.0536817,0.0,6894329.59055641,145260345.91844684,0.003116935977829802,0.9723784420597141,1.0
ic_g5,edge_health_floor_plus20,48,linkage,1.0723468389231177,30,3851433765.3687563,65847879.3293089,9180698823.625961,9133841841.63198,46856981.9939788,0.9948961421244539,3831369859.9123383,0.9968312909958394,689952178.0536817,0.0,6894329.59055641,145260357.5341531,0.003126174622786877,0.9723891856810282,1.0
ic_g5,edge_health_floor_plus20,48,stress,1.0723468389231177,30,3851438216.0223384,65807206.20872748,9180698823.625961,9133872406.942228,46826416.683732525,0.9948994714255054,3831382445.190037,0.9968332531399909,689952178.0536817,0.0,6894329.59055641,145260128.70344776,0.003092989893518041,0.9723515414511034,1.0
ic_g5,edge_health_floor_plus20,49,uniform,0.9776384808257907,30,3852074158.6180863,60000621.99911,9180698823.625961,9137712125.902863,42986697.72309819,0.9953177096265836,3833179704.627708,0.997111665321616,689952178.0536817,0.0,6894329.59055641,145227466.1709503,0.003116935977829802,0.9723784420597141,1.0
ic_g5,edge_health_floor_plus20,49,linkage,0.9776384808257907,30,3852073932.4485044,60002688.594400294,9180698823.625961,9137710549.338343,42988274.28761772,0.9953175379006017,3833179065.139068,0.9971115656874123,689952178.0536817,0.0,6894329.59055641,145227477.79746357,0.003126174622786877,0.9723891856810282,1.0
ic_g5,edge_health_floor_plus20,49,stress,0.9776384808257907,30,3852078050.103721,59965058.66239462,9180698823.625961,9137738892.778732,42959930.84722762,0.995320625186323,3833190708.7806854,0.9971133812574906,689952178.0536817,0.0,6894329.59055641,145227266.08804074,0.0030954861997669284,0.9723543731738895,1.0
ic_g5,edge_health_floor_plus20,50,uniform,0.9212846670764326,30,3852455073.9772363,56522587.9069632,9180698823.625961,9140038733.470343,40660090.1556173,0.9955711334249434,3834256226.805287,0.9972785283498536,689952178.0536817,0.0,6894329.59055641,145207901.90857926,0.003116935977829802,0.9723784420597141,1.0
ic_g5,edge_health_floor_plus20,50,linkage,0.9212846670764326,30,3852454847.6824436,56524655.64543941,9180698823.625961,9140037155.005066,40661668.62089461,0.9955709614919231,3834255586.962799,0.9972784286485101,689952178.0536817,0.0,6894329.59055641,145207913.54152295,0.003126174622786877,0.9723891856810282,1.0
ic_g5,edge_health_floor_plus20,50,stress,0.9212846670764326,30,3852458762.4321003,56488880.01441077,9180698823.625961,9140064139.10864,40634684.51731961,0.99557390071301,3834266656.8386617,0.9972801548856988,689952178.0536817,0.0,6894329.59055641,145207712.26458004,0.0030970060205509787,0.9723560972074844,1.0
ic_g5,edge_health_floor_plus20,51,uniform,1.0526808585011613,30,3851566920.6453238,64632073.36940284,9180698823.625961,9134642525.257172,46056298.3687891,0.9949833559238142,3831746176.380887,0.9968895729162982,689952178.0536817,0.0,6894329.59055641,145253518.5118321,0.003116935977829802,0.9723784420597141,1.0
ic_g5,edge_health_floor_plus20,51,linkage,1.0526808585011613,30,3851566694.6424766,64634138.44239384,9180698823.625961,9134640951.192545,46057872.433415584,0.994983184470131,3831745537.3634415,0.9968894733714324,689952178.0536817,0.0,6894329.59055641,145253530.1297824,0.003126174622786877,0.9723891856810282,1.0
ic_g5,edge_health_floor_plus20,51,stress,1.0526808585011613,30,3851571076.959334,64594089.834359474,9180698823.625961,9134671061.458523,46027762.16743838,0.9949864642058632,3831757929.4019055,0.9968914054397404,689952178.0536817,0.0,6894329.59055641,145253304.81264734,0.0030935023942596377,0.9723521228137711,1.0
