task,import_case,level,seed,final_fill_rate,final_shortage,value_added,welfare,fiscal_spend,private_spend,max_price,terminal_pending_capacity,binding_capacity_fraction,binding_domestic_fraction,binding_import_fraction,max_mismatch,qualification_min,ai_effective_terminal
ic_e1,proportional,0,1,0.9890318542280203,101750732.44766437,3860679495.6125154,3834220812.3166957,0.0,413971306.8322093,1.0,0.0,0.08205128205128205,0.658974358974359,0.23076923076923078,0.0,1.0,0.03859530090049889
ic_e1,proportional,0,2,0.9890318542280203,101750732.44766437,3860679495.6125154,3834220812.3166957,0.0,413971306.8322093,1.0,0.0,0.08205128205128205,0.658974358974359,0.23076923076923078,0.0,1.0,0.03859530090049889
ic_e1,proportional,0,3,0.9890318542280203,101750732.44766437,3860679495.6125154,3834220812.3166957,0.0,413971306.8322093,1.0,0.0,0.08205128205128205,0.658974358974359,0.23076923076923078,0.0,1.0,0.03859530090049889
ic_e1,proportional,0,4,0.9890318542280203,101750732.44766437,3860679495.6125154,3834220812.3166957,0.0,413971306.8322093,1.0,0.0,0.08205128205128205,0.658974358974359,0.23076923076923078,0.0,1.0,0.03859530090049889
ic_e1,proportional,0,5,0.9890318542280203,101750732.44766437,3860679495.6125154,3834220812.3166957,0.0,413971306.8322093,1.0,0.0,0.08205128205128205,0.658974358974359,0.23076923076923078,0.0,1.0,0.03859530090049889
ic_e1,proportional,0,6,0.9890318542280203,101750732.44766437,3860679495.6125154,3834220812.3166957,0.0,413971306.8322093,1.0,0.0,0.08205128205128205,0.658974358974359,0.23076923076923078,0.0,1.0,0.03859530090049889
ic_e1,proportional,0,7,0.9890318542280203,101750732.44766437,3860679495.6125154,3834220812.3166957,0.0,413971306.8322093,1.0,0.0,0.08205128205128205,0.658974358974359,0.23076923076923078,0.0,1.0,0.03859530090049889
ic_e1,proportional,0,8,0.9890318542280203,101750732.44766437,3860679495.6125154,3834220812.3166957,0.0,413971306.8322093,1.0,0.0,0.08205128205128205,0.658974358974359,0.23076923076923078,0.0,1.0,0.03859530090049889
ic_e1,proportional,0,9,0.9890318542280203,101750732.44766437,3860679495.6125154,3834220812.3166957,0.0,413971306.8322093,1.0,0.0,0.08205128205128205,0.658974358974359,0.23076923076923078,0.0,1.0,0.03859530090049889
ic_e1,proportional,0,10,0.9890318542280203,101750732.44766437,3860679495.6125154,3834220812.3166957,0.0,413971306.8322093,1.0,0.0,0.08205128205128205,0.658974358974359,0.23076923076923078,0.0,1.0,0.03859530090049889
ic_e1,proportional,1,1,0.989469247562233,97693064.62950407,3861286144.537978,3835935419.761568,0.0,413971306.8322093,1.0,0.0,0.06153846153846154,0.6794871794871795,0.23076923076923078,0.0,1.0,0.05789295135074834
ic_e1,proportional,1,2,0.989469247562233,97693064.62950407,3861286144.537978,3835935419.761568,0.0,413971306.8322093,1.0,0.0,0.06153846153846154,0.6794871794871795,0.23076923076923078,0.0,1.0,0.05789295135074834
ic_e1,proportional,1,3,0.989469247562233,97693064.62950407,3861286144.537978,3835935419.761568,0.0,413971306.8322093,1.0,0.0,0.06153846153846154,0.6794871794871795,0.23076923076923078,0.0,1.0,0.05789295135074834
ic_e1,proportional,1,4,0.989469247562233,97693064.62950407,3861286144.537978,3835935419.761568,0.0,413971306.8322093,1.0,0.0,0.06153846153846154,0.6794871794871795,0.23076923076923078,0.0,1.0,0.05789295135074834
ic_e1,proportional,1,5,0.989469247562233,97693064.62950407,3861286144.537978,3835935419.761568,0.0,413971306.8322093,1.0,0.0,0.06153846153846154,0.6794871794871795,0.23076923076923078,0.0,1.0,0.05789295135074834
ic_e1,proportional,1,6,0.989469247562233,97693064.62950407,3861286144.537978,3835935419.761568,0.0,413971306.8322093,1.0,0.0,0.06153846153846154,0.6794871794871795,0.23076923076923078,0.0,1.0,0.05789295135074834
ic_e1,proportional,1,7,0.989469247562233,97693064.62950407,3861286144.537978,3835935419.761568,0.0,413971306.8322093,1.0,0.0,0.06153846153846154,0.6794871794871795,0.23076923076923078,0.0,1.0,0.05789295135074834
ic_e1,proportional,1,8,0.989469247562233,97693064.62950407,3861286144.537978,3835935419.761568,0.0,413971306.8322093,1.0,0.0,0.06153846153846154,0.6794871794871795,0.23076923076923078,0.0,1.0,0.05789295135074834
ic_e1,proportional,1,9,0.989469247562233,97693064.62950407,3861286144.537978,3835935419.761568,0.0,413971306.8322093,1.0,0.0,0.06153846153846154,0.6794871794871795,0.23076923076923078,0.0,1.0,0.05789295135074834
ic_e1,proportional,1,10,0.989469247562233,97693064.62950407,3861286144.537978,3835935419.761568,0.0,413971306.8322093,1.0,0.0,0.06153846153846154,0.6794871794871795,0.23076923076923078,0.0,1.0,0.05789295135074834
ic_e1,proportional,2,1,0.989900298007483,93694239.35512337,3861881603.637555,3837618403.5164003,0.0,413971306.8322093,1.0,0.0,0.046153846153846156,0.6948717948717948,0.23076923076923078,0.0,1.0,0.07719060180099778
ic_e1,proportional,2,2,0.989900298007483,93694239.35512337,3861881603.637555,3837618403.5164003,0.0,413971306.8322093,1.0,0.0,0.046153846153846156,0.6948717948717948,0.23076923076923078,0.0,1.0,0.07719060180099778
ic_e1,proportional,2,3,0.989900298007483,93694239.35512337,3861881603.637555,3837618403.5164003,0.0,413971306.8322093,1.0,0.0,0.046153846153846156,0.6948717948717948,0.23076923076923078,0.0,1.0,0.07719060180099778
ic_e1,proportional,2,4,0.989900298007483,93694239.35512337,3861881603.637555,3837618403.5164003,0.0,413971306.8322093,1.0,0.0,0.046153846153846156,0.6948717948717948,0.23076923076923078,0.0,1.0,0.07719060180099778
ic_e1,proportional,2,5,0.989900298007483,93694239.35512337,3861881603.637555,3837618403.5164003,0.0,413971306.8322093,1.0,0.0,0.046153846153846156,0.6948717948717948,0.23076923076923078,0.0,1.0,0.07719060180099778
ic_e1,proportional,2,6,0.989900298007483,93694239.35512337,3861881603.637555,3837618403.5164003,0.0,413971306.8322093,1.0,0.0,0.046153846153846156,0.6948717948717948,0.23076923076923078,0.0,1.0,0.07719060180099778
ic_e1,proportional,2,7,0.989900298007483,93694239.35512337,3861881603.637555,3837618403.5164003,0.0,413971306.8322093,1.0,0.0,0.046153846153846156,0.6948717948717948,0.23076923076923078,0.0,1.0,0.07719060180099778
ic_e1,proportional,2,8,0.989900298007483,93694239.35512337,3861881603.637555,3837618403.5164003,0.0,413971306.8322093,1.0,0.0,0.046153846153846156,0.6948717948717948,0.23076923076923078,0.0,1.0,0.07719060180099778
ic_e1,proportional,2,9,0.989900298007483,93694239.35512337,3861881603.637555,3837618403.5164003,0.0,413971306.8322093,1.0,0.0,0.046153846153846156,0.6948717948717948,0.23076923076923078,0.0,1.0,0.07719060180099778
ic_e1,proportional,2,10,0.989900298007483,93694239.35512337,3861881603.637555,3837618403.5164003,0.0,413971306.8322093,1.0,0.0,0.046153846153846156,0.6948717948717948,0.23076923076923078,0.0,1.0,0.07719060180099778
ic_e1,proportional,3,1,0.9903334947231514,89675503.2779842,3862477056.406121,3839301369.429481,0.0,413971306.8322093,1.0,0.0,0.046153846153846156,0.6948717948717948,0.23076923076923078,0.0,1.0,0.09648825225124723
ic_e1,proportional,3,2,0.9903334947231514,89675503.2779842,3862477056.406121,3839301369.429481,0.0,413971306.8322093,1.0,0.0,0.046153846153846156,0.6948717948717948,0.23076923076923078,0.0,1.0,0.09648825225124723
ic_e1,proportional,3,3,0.9903334947231514,89675503.2779842,3862477056.406121,3839301369.429481,0.0,413971306.8322093,1.0,0.0,0.046153846153846156,0.6948717948717948,0.23076923076923078,0.0,1.0,0.09648825225124723
ic_e1,proportional,3,4,0.9903334947231514,89675503.2779842,3862477056.406121,3839301369.429481,0.0,413971306.8322093,1.0,0.0,0.046153846153846156,0.6948717948717948,0.23076923076923078,0.0,1.0,0.09648825225124723
ic_e1,proportional,3,5,0.9903334947231514,89675503.2779842,3862477056.406121,3839301369.429481,0.0,413971306.8322093,1.0,0.0,0.046153846153846156,0.6948717948717948,0.23076923076923078,0.0,1.0,0.09648825225124723
ic_e1,proportional,3,6,0.9903334947231514,89675503.2779842,3862477056.406121,3839301369.429481,0.0,413971306.8322093,1.0,0.0,0.046153846153846156,0.6948717948717948,0.23076923076923078,0.0,1.0,0.09648825225124723
ic_e1,proportional,3,7,0.9903334947231514,89675503.2779842,3862477056.406121,3839301369.429481,0.0,413971306.8322093,1.0,0.0,0.046153846153846156,0.6948717948717948,0.23076923076923078,0.0,1.0,0.09648825225124723
ic_e1,proportional,3,8,0.9903334947231514,89675503.2779842,3862477056.406121,3839301369.429481,0.0,413971306.8322093,1.0,0.0,0.046153846153846156,0.6948717948717948,0.23076923076923078,0.0,1.0,0.09648825225124723
ic_e1,proportional,3,9,0.9903334947231514,89675503.2779842,3862477056.406121,3839301369.429481,0.0,413971306.8322093,1.0,0.0,0.046153846153846156,0.6948717948717948,0.23076923076923078,0.0,1.0,0.09648825225124723
ic_e1,proportional,3,10,0.9903334947231514,89675503.2779842,3862477056.406121,3839301369.429481,0.0,413971306.8322093,1.0,0.0,0.046153846153846156,0.6948717948717948,0.23076923076923078,0.0,1.0,0.09648825225124723
ic_e1,proportional,4,1,0.9907599753817252,85719071.59966744,3863060177.9089456,3840949463.2137766,0.0,413971306.8322093,1.0,0.0,0.04358974358974359,0.6948717948717948,0.23076923076923078,0.0,1.0,0.11174080182838056
ic_e1,proportional,4,2,0.9907599753817252,85719071.59966744,3863060177.9089456,3840949463.2137766,0.0,413971306.8322093,1.0,0.0,0.04358974358974359,0.6948717948717948,0.23076923076923078,0.0,1.0,0.11174080182838056
ic_e1,proportional,4,3,0.9907599753817252,85719071.59966744,3863060177.9089456,3840949463.2137766,0.0,413971306.8322093,1.0,0.0,0.04358974358974359,0.6948717948717948,0.23076923076923078,0.0,1.0,0.11174080182838056
ic_e1,proportional,4,4,0.9907599753817252,85719071.59966744,3863060177.9089456,3840949463.2137766,0.0,413971306.8322093,1.0,0.0,0.04358974358974359,0.6948717948717948,0.23076923076923078,0.0,1.0,0.11174080182838056
ic_e1,proportional,4,5,0.9907599753817252,85719071.59966744,3863060177.9089456,3840949463.2137766,0.0,413971306.8322093,1.0,0.0,0.04358974358974359,0.6948717948717948,0.23076923076923078,0.0,1.0,0.11174080182838056
ic_e1,proportional,4,6,0.9907599753817252,85719071.59966744,3863060177.9089456,3840949463.2137766,0.0,413971306.8322093,1.0,0.0,0.04358974358974359,0.6948717948717948,0.23076923076923078,0.0,1.0,0.11174080182838056
ic_e1,proportional,4,7,0.9907599753817252,85719071.59966744,3863060177.9089456,3840949463.2137766,0.0,413971306.8322093,1.0,0.0,0.04358974358974359,0.6948717948717948,0.23076923076923078,0.0,1.0,0.11174080182838056
ic_e1,proportional,4,8,0.9907599753817252,85719071.59966744,3863060177.9089456,3840949463.2137766,0.0,413971306.8322093,1.0,0.0,0.04358974358974359,0.6948717948717948,0.23076923076923078,0.0,1.0,0.11174080182838056
ic_e1,proportional,4,9,0.9907599753817252,85719071.59966744,3863060177.9089456,3840949463.2137766,0.0,413971306.8322093,1.0,0.0,0.04358974358974359,0.6948717948717948,0.23076923076923078,0.0,1.0,0.11174080182838056
ic_e1,proportional,4,10,0.9907599753817252,85719071.59966744,3863060177.9089456,3840949463.2137766,0.0,413971306.8322093,1.0,0.0,0.04358974358974359,0.6948717948717948,0.23076923076923078,0.0,1.0,0.11174080182838056
ic_e1,intermediate_first,0,1,0.9884325624688598,116441105.8232115,3860684504.7505364,3831439174.228287,0.0,413971306.8322093,1.0,0.0,0.08205128205128205,0.658974358974359,0.23076923076923078,0.0,1.0,0.03859530090049889
ic_e1,intermediate_first,0,2,0.9884325624688598,116441105.8232115,3860684504.7505364,3831439174.228287,0.0,413971306.8322093,1.0,0.0,0.08205128205128205,0.658974358974359,0.23076923076923078,0.0,1.0,0.03859530090049889
ic_e1,intermediate_first,0,3,0.9884325624688598,116441105.8232115,3860684504.7505364,3831439174.228287,0.0,413971306.8322093,1.0,0.0,0.08205128205128205,0.658974358974359,0.23076923076923078,0.0,1.0,0.03859530090049889
ic_e1,intermediate_first,0,4,0.9884325624688598,116441105.8232115,3860684504.7505364,3831439174.228287,0.0,413971306.8322093,1.0,0.0,0.08205128205128205,0.658974358974359,0.23076923076923078,0.0,1.0,0.03859530090049889
ic_e1,intermediate_first,0,5,0.9884325624688598,116441105.8232115,3860684504.7505364,3831439174.228287,0.0,413971306.8322093,1.0,0.0,0.08205128205128205,0.658974358974359,0.23076923076923078,0.0,1.0,0.03859530090049889
ic_e1,intermediate_first,0,6,0.9884325624688598,116441105.8232115,3860684504.7505364,3831439174.228287,0.0,413971306.8322093,1.0,0.0,0.08205128205128205,0.658974358974359,0.23076923076923078,0.0,1.0,0.03859530090049889
ic_e1,intermediate_first,0,7,0.9884325624688598,116441105.8232115,3860684504.7505364,3831439174.228287,0.0,413971306.8322093,1.0,0.0,0.08205128205128205,0.658974358974359,0.23076923076923078,0.0,1.0,0.03859530090049889
ic_e1,intermediate_first,0,8,0.9884325624688598,116441105.8232115,3860684504.7505364,3831439174.228287,0.0,413971306.8322093,1.0,0.0,0.08205128205128205,0.658974358974359,0.23076923076923078,0.0,1.0,0.03859530090049889
ic_e1,intermediate_first,0,9,0.9884325624688598,116441105.8232115,3860684504.7505364,3831439174.228287,0.0,413971306.8322093,1.0,0.0,0.08205128205128205,0.658974358974359,0.23076923076923078,0.0,1.0,0.03859530090049889
ic_e1,intermediate_first,0,10,0.9884325624688598,116441105.8232115,3860684504.7505364,3831439174.228287,0.0,413971306.8322093,1.0,0.0,0.08205128205128205,0.658974358974359,0.23076923076923078,0.0,1.0,0.03859530090049889
ic_e1,intermediate_first,1,1,0.9888469192951971,112270072.52960539,3861291215.065069,3833148861.0302186,0.0,413971306.8322093,1.0,0.0,0.06153846153846154,0.6794871794871795,0.23076923076923078,0.0,1.0,0.05789295135074834
ic_e1,intermediate_first,1,2,0.9888469192951971,112270072.52960539,3861291215.065069,3833148861.0302186,0.0,413971306.8322093,1.0,0.0,0.06153846153846154,0.6794871794871795,0.23076923076923078,0.0,1.0,0.05789295135074834
ic_e1,intermediate_first,1,3,0.9888469192951971,112270072.52960539,3861291215.065069,3833148861.0302186,0.0,413971306.8322093,1.0,0.0,0.06153846153846154,0.6794871794871795,0.23076923076923078,0.0,1.0,0.05789295135074834
ic_e1,intermediate_first,1,4,0.9888469192951971,112270072.52960539,3861291215.065069,3833148861.0302186,0.0,413971306.8322093,1.0,0.0,0.06153846153846154,0.6794871794871795,0.23076923076923078,0.0,1.0,0.05789295135074834
ic_e1,intermediate_first,1,5,0.9888469192951971,112270072.52960539,3861291215.065069,3833148861.0302186,0.0,413971306.8322093,1.0,0.0,0.06153846153846154,0.6794871794871795,0.23076923076923078,0.0,1.0,0.05789295135074834
ic_e1,intermediate_first,1,6,0.9888469192951971,112270072.52960539,3861291215.065069,3833148861.0302186,0.0,413971306.8322093,1.0,0.0,0.06153846153846154,0.6794871794871795,0.23076923076923078,0.0,1.0,0.05789295135074834
ic_e1,intermediate_first,1,7,0.9888469192951971,112270072.52960539,3861291215.065069,3833148861.0302186,0.0,413971306.8322093,1.0,0.0,0.06153846153846154,0.6794871794871795,0.23076923076923078,0.0,1.0,0.05789295135074834
ic_e1,intermediate_first,1,8,0.9888469192951971,112270072.52960539,3861291215.065069,3833148861.0302186,0.0,413971306.8322093,1.0,0.0,0.06153846153846154,0.6794871794871795,0.23076923076923078,0.0,1.0,0.05789295135074834
ic_e1,intermediate_first,1,9,0.9888469192951971,112270072.52960539,3861291215.065069,3833148861.0302186,0.0,413971306.8322093,1.0,0.0,0.06153846153846154,0.6794871794871795,0.23076923076923078,0.0,1.0,0.05789295135074834
ic_e1,intermediate_first,1,10,0.9888469192951971,112270072.52960539,3861291215.065069,3833148861.0302186,0.0,413971306.8322093,1.0,0.0,0.06153846153846154,0.6794871794871795,0.23076923076923078,0.0,1.0,0.05789295135074834
ic_e1,intermediate_first,2,1,0.9892557302411042,108154865.6407913,3861887691.542932,3834829711.83478,0.0,413971306.8322093,1.0,0.0,0.046153846153846156,0.6948717948717948,0.23076923076923078,0.0,1.0,0.07719060180099778
ic_e1,intermediate_first,2,2,0.9892557302411042,108154865.6407913,3861887691.542932,3834829711.83478,0.0,413971306.8322093,1.0,0.0,0.046153846153846156,0.6948717948717948,0.23076923076923078,0.0,1.0,0.07719060180099778
ic_e1,intermediate_first,2,3,0.9892557302411042,108154865.6407913,3861887691.542932,3834829711.83478,0.0,413971306.8322093,1.0,0.0,0.046153846153846156,0.6948717948717948,0.23076923076923078,0.0,1.0,0.07719060180099778
ic_e1,intermediate_first,2,4,0.9892557302411042,108154865.6407913,3861887691.542932,3834829711.83478,0.0,413971306.8322093,1.0,0.0,0.046153846153846156,0.6948717948717948,0.23076923076923078,0.0,1.0,0.07719060180099778
ic_e1,intermediate_first,2,5,0.9892557302411042,108154865.6407913,3861887691.542932,3834829711.83478,0.0,413971306.8322093,1.0,0.0,0.046153846153846156,0.6948717948717948,0.23076923076923078,0.0,1.0,0.07719060180099778
ic_e1,intermediate_first,2,6,0.9892557302411042,108154865.6407913,3861887691.542932,3834829711.83478,0.0,413971306.8322093,1.0,0.0,0.046153846153846156,0.6948717948717948,0.23076923076923078,0.0,1.0,0.07719060180099778
ic_e1,intermediate_first,2,7,0.9892557302411042,108154865.6407913,3861887691.542932,3834829711.83478,0.0,413971306.8322093,1.0,0.0,0.046153846153846156,0.6948717948717948,0.23076923076923078,0.0,1.0,0.07719060180099778
ic_e1,intermediate_first,2,8,0.9892557302411042,108154865.6407913,3861887691.542932,3834829711.83478,0.0,413971306.8322093,1.0,0.0,0.046153846153846156,0.6948717948717948,0.23076923076923078,0.0,1.0,0.07719060180099778
ic_e1,intermediate_first,2,9,0.9892557302411042,108154865.6407913,3861887691.542932,3834829711.83478,0.0,413971306.8322093,1.0,0.0,0.046153846153846156,0.6948717948717948,0.23076923076923078,0.0,1.0,0.07719060180099778
ic_e1,intermediate_first,2,10,0.9892557302411042,108154865.6407913,3861887691.542932,3834829711.83478,0.0,413971306.8322093,1.0,0.0,0.046153846153846156,0.6948717948717948,0.23076923076923078,0.0,1.0,0.07719060180099778
ic_e1,intermediate_first,3,1,0.9896664410273613,104020534.4203673,3862484163.2106824,3836510549.159048,0.0,413971306.8322093,1.0,0.0,0.046153846153846156,0.6948717948717948,0.23076923076923078,0.0,1.0,0.09648825225124723
ic_e1,intermediate_first,3,2,0.9896664410273613,104020534.4203673,3862484163.2106824,3836510549.159048,0.0,413971306.8322093,1.0,0.0,0.046153846153846156,0.6948717948717948,0.23076923076923078,0.0,1.0,0.09648825225124723
ic_e1,intermediate_first,3,3,0.9896664410273613,104020534.4203673,3862484163.2106824,3836510549.159048,0.0,413971306.8322093,1.0,0.0,0.046153846153846156,0.6948717948717948,0.23076923076923078,0.0,1.0,0.09648825225124723
ic_e1,intermediate_first,3,4,0.9896664410273613,104020534.4203673,3862484163.2106824,3836510549.159048,0.0,413971306.8322093,1.0,0.0,0.046153846153846156,0.6948717948717948,0.23076923076923078,0.0,1.0,0.09648825225124723
ic_e1,intermediate_first,3,5,0.9896664410273613,104020534.4203673,3862484163.2106824,3836510549.159048,0.0,413971306.8322093,1.0,0.0,0.046153846153846156,0.6948717948717948,0.23076923076923078,0.0,1.0,0.09648825225124723
ic_e1,intermediate_first,3,6,0.9896664410273613,104020534.4203673,3862484163.2106824,3836510549.159048,0.0,413971306.8322093,1.0,0.0,0.046153846153846156,0.6948717948717948,0.23076923076923078,0.0,1.0,0.09648825225124723
ic_e1,intermediate_first,3,7,0.9896664410273613,104020534.4203673,3862484163.2106824,3836510549.159048,0.0,413971306.8322093,1.0,0.0,0.046153846153846156,0.6948717948717948,0.23076923076923078,0.0,1.0,0.09648825225124723
ic_e1,intermediate_first,3,8,0.9896664410273613,104020534.4203673,3862484163.2106824,3836510549.159048,0.0,413971306.8322093,1.0,0.0,0.046153846153846156,0.6948717948717948,0.23076923076923078,0.0,1.0,0.09648825225124723
ic_e1,intermediate_first,3,9,0.9896664410273613,104020534.4203673,3862484163.2106824,3836510549.159048,0.0,413971306.8322093,1.0,0.0,0.046153846153846156,0.6948717948717948,0.23076923076923078,0.0,1.0,0.09648825225124723
ic_e1,intermediate_first,3,10,0.9896664410273613,104020534.4203673,3862484163.2106824,3836510549.159048,0.0,413971306.8322093,1.0,0.0,0.046153846153846156,0.6948717948717948,0.23076923076923078,0.0,1.0,0.09648825225124723
ic_e1,intermediate_first,4,1,0.9900790692449126,99866901.79290034,3863080634.6489577,3838191385.913883,0.0,413971306.8322093,1.0,0.0,0.046153846153846156,0.6948717948717948,0.23076923076923078,0.0,1.0,0.11174080182838056
ic_e1,intermediate_first,4,2,0.9900790692449126,99866901.79290034,3863080634.6489577,3838191385.913883,0.0,413971306.8322093,1.0,0.0,0.046153846153846156,0.6948717948717948,0.23076923076923078,0.0,1.0,0.11174080182838056
ic_e1,intermediate_first,4,3,0.9900790692449126,99866901.79290034,3863080634.6489577,3838191385.913883,0.0,413971306.8322093,1.0,0.0,0.046153846153846156,0.6948717948717948,0.23076923076923078,0.0,1.0,0.11174080182838056
ic_e1,intermediate_first,4,4,0.9900790692449126,99866901.79290034,3863080634.6489577,3838191385.913883,0.0,413971306.8322093,1.0,0.0,0.046153846153846156,0.6948717948717948,0.23076923076923078,0.0,1.0,0.11174080182838056
ic_e1,intermediate_first,4,5,0.9900790692449126,99866901.79290034,3863080634.6489577,3838191385.913883,0.0,413971306.8322093,1.0,0.0,0.046153846153846156,0.6948717948717948,0.23076923076923078,0.0,1.0,0.11174080182838056
ic_e1,intermediate_first,4,6,0.9900790692449126,99866901.79290034,3863080634.6489577,3838191385.913883,0.0,413971306.8322093,1.0,0.0,0.046153846153846156,0.6948717948717948,0.23076923076923078,0.0,1.0,0.11174080182838056
ic_e1,intermediate_first,4,7,0.9900790692449126,99866901.79290034,3863080634.6489577,3838191385.913883,0.0,413971306.8322093,1.0,0.0,0.046153846153846156,0.6948717948717948,0.23076923076923078,0.0,1.0,0.11174080182838056
ic_e1,intermediate_first,4,8,0.9900790692449126,99866901.79290034,3863080634.6489577,3838191385.913883,0.0,413971306.8322093,1.0,0.0,0.046153846153846156,0.6948717948717948,0.23076923076923078,0.0,1.0,0.11174080182838056
ic_e1,intermediate_first,4,9,0.9900790692449126,99866901.79290034,3863080634.6489577,3838191385.913883,0.0,413971306.8322093,1.0,0.0,0.046153846153846156,0.6948717948717948,0.23076923076923078,0.0,1.0,0.11174080182838056
ic_e1,intermediate_first,4,10,0.9900790692449126,99866901.79290034,3863080634.6489577,3838191385.913883,0.0,413971306.8322093,1.0,0.0,0.046153846153846156,0.6948717948717948,0.23076923076923078,0.0,1.0,0.11174080182838056
ic_e1,final_first,0,1,0.9905758229445935,74077110.9552225,3860632356.5495095,3839611768.478736,0.0,413971306.8322093,1.0,0.0,0.08205128205128205,0.658974358974359,0.23076923076923078,0.0,1.0,0.03859530090049889
ic_e1,final_first,0,2,0.9905758229445935,74077110.9552225,3860632356.5495095,3839611768.478736,0.0,413971306.8322093,1.0,0.0,0.08205128205128205,0.658974358974359,0.23076923076923078,0.0,1.0,0.03859530090049889
ic_e1,final_first,0,3,0.9905758229445935,74077110.9552225,3860632356.5495095,3839611768.478736,0.0,413971306.8322093,1.0,0.0,0.08205128205128205,0.658974358974359,0.23076923076923078,0.0,1.0,0.03859530090049889
ic_e1,final_first,0,4,0.9905758229445935,74077110.9552225,3860632356.5495095,3839611768.478736,0.0,413971306.8322093,1.0,0.0,0.08205128205128205,0.658974358974359,0.23076923076923078,0.0,1.0,0.03859530090049889
ic_e1,final_first,0,5,0.9905758229445935,74077110.9552225,3860632356.5495095,3839611768.478736,0.0,413971306.8322093,1.0,0.0,0.08205128205128205,0.658974358974359,0.23076923076923078,0.0,1.0,0.03859530090049889
ic_e1,final_first,0,6,0.9905758229445935,74077110.9552225,3860632356.5495095,3839611768.478736,0.0,413971306.8322093,1.0,0.0,0.08205128205128205,0.658974358974359,0.23076923076923078,0.0,1.0,0.03859530090049889
ic_e1,final_first,0,7,0.9905758229445935,74077110.9552225,3860632356.5495095,3839611768.478736,0.0,413971306.8322093,1.0,0.0,0.08205128205128205,0.658974358974359,0.23076923076923078,0.0,1.0,0.03859530090049889
ic_e1,final_first,0,8,0.9905758229445935,74077110.9552225,3860632356.5495095,3839611768.478736,0.0,413971306.8322093,1.0,0.0,0.08205128205128205,0.658974358974359,0.23076923076923078,0.0,1.0,0.03859530090049889
ic_e1,final_first,0,9,0.9905758229445935,74077110.9552225,3860632356.5495095,3839611768.478736,0.0,413971306.8322093,1.0,0.0,0.08205128205128205,0.658974358974359,0.23076923076923078,0.0,1.0,0.03859530090049889
ic_e1,final_first,0,10,0.9905758229445935,74077110.9552225,3860632356.5495095,3839611768.478736,0.0,413971306.8322093,1.0,0.0,0.08205128205128205,0.658974358974359,0.23076923076923078,0.0,1.0,0.03859530090049889
ic_e1,final_first,1,1,0.9910529109026186,70327043.71919174,3861234506.19355,3841323805.224638,0.0,413971306.8322093,1.0,0.0,0.05897435897435897,0.6820512820512821,0.23076923076923078,0.0,1.0,0.05789295135074834
ic_e1,final_first,1,2,0.9910529109026186,70327043.71919174,3861234506.19355,3841323805.224638,0.0,413971306.8322093,1.0,0.0,0.05897435897435897,0.6820512820512821,0.23076923076923078,0.0,1.0,0.05789295135074834
ic_e1,final_first,1,3,0.9910529109026186,70327043.71919174,3861234506.19355,3841323805.224638,0.0,413971306.8322093,1.0,0.0,0.05897435897435897,0.6820512820512821,0.23076923076923078,0.0,1.0,0.05789295135074834
ic_e1,final_first,1,4,0.9910529109026186,70327043.71919174,3861234506.19355,3841323805.224638,0.0,413971306.8322093,1.0,0.0,0.05897435897435897,0.6820512820512821,0.23076923076923078,0.0,1.0,0.05789295135074834
ic_e1,final_first,1,5,0.9910529109026186,70327043.71919174,3861234506.19355,3841323805.224638,0.0,413971306.8322093,1.0,0.0,0.05897435897435897,0.6820512820512821,0.23076923076923078,0.0,1.0,0.05789295135074834
ic_e1,final_first,1,6,0.9910529109026186,70327043.71919174,3861234506.19355,3841323805.224638,0.0,413971306.8322093,1.0,0.0,0.05897435897435897,0.6820512820512821,0.23076923076923078,0.0,1.0,0.05789295135074834
ic_e1,final_first,1,7,0.9910529109026186,70327043.71919174,3861234506.19355,3841323805.224638,0.0,413971306.8322093,1.0,0.0,0.05897435897435897,0.6820512820512821,0.23076923076923078,0.0,1.0,0.05789295135074834
ic_e1,final_first,1,8,0.9910529109026186,70327043.71919174,3861234506.19355,3841323805.224638,0.0,413971306.8322093,1.0,0.0,0.05897435897435897,0.6820512820512821,0.23076923076923078,0.0,1.0,0.05789295135074834
ic_e1,final_first,1,9,0.9910529109026186,70327043.71919174,3861234506.19355,3841323805.224638,0.0,413971306.8322093,1.0,0.0,0.05897435897435897,0.6820512820512821,0.23076923076923078,0.0,1.0,0.05789295135074834
ic_e1,final_first,1,10,0.9910529109026186,70327043.71919174,3861234506.19355,3841323805.224638,0.0,413971306.8322093,1.0,0.0,0.05897435897435897,0.6820512820512821,0.23076923076923078,0.0,1.0,0.05789295135074834
ic_e1,final_first,2,1,0.9915256345506003,66611281.3861178,3861827915.7311454,3843010995.6132555,0.0,413971306.8322093,1.0,0.0,0.046153846153846156,0.6948717948717948,0.23076923076923078,0.0,1.0,0.07719060180099778
ic_e1,final_first,2,2,0.9915256345506003,66611281.3861178,3861827915.7311454,3843010995.6132555,0.0,413971306.8322093,1.0,0.0,0.046153846153846156,0.6948717948717948,0.23076923076923078,0.0,1.0,0.07719060180099778
ic_e1,final_first,2,3,0.9915256345506003,66611281.3861178,3861827915.7311454,3843010995.6132555,0.0,413971306.8322093,1.0,0.0,0.046153846153846156,0.6948717948717948,0.23076923076923078,0.0,1.0,0.07719060180099778
ic_e1,final_first,2,4,0.9915256345506003,66611281.3861178,3861827915.7311454,3843010995.6132555,0.0,413971306.8322093,1.0,0.0,0.046153846153846156,0.6948717948717948,0.23076923076923078,0.0,1.0,0.07719060180099778
ic_e1,final_first,2,5,0.9915256345506003,66611281.3861178,3861827915.7311454,3843010995.6132555,0.0,413971306.8322093,1.0,0.0,0.046153846153846156,0.6948717948717948,0.23076923076923078,0.0,1.0,0.07719060180099778
ic_e1,final_first,2,6,0.9915256345506003,66611281.3861178,3861827915.7311454,3843010995.6132555,0.0,413971306.8322093,1.0,0.0,0.046153846153846156,0.6948717948717948,0.23076923076923078,0.0,1.0,0.07719060180099778
ic_e1,final_first,2,7,0.9915256345506003,66611281.3861178,3861827915.7311454,3843010995.6132555,0.0,413971306.8322093,1.0,0.0,0.046153846153846156,0.6948717948717948,0.23076923076923078,0.0,1.0,0.07719060180099778
ic_e1,final_first,2,8,0.9915256345506003,66611281.3861178,3861827915.7311454,3843010995.6132555,0.0,413971306.8322093,1.0,0.0,0.046153846153846156,0.6948717948717948,0.23076923076923078,0.0,1.0,0.07719060180099778
ic_e1,final_first,2,9,0.9915256345506003,66611281.3861178,3861827915.7311454,3843010995.6132555,0.0,413971306.8322093,1.0,0.0,0.046153846153846156,0.6948717948717948,0.23076923076923078,0.0,1.0,0.07719060180099778
ic_e1,final_first,2,10,0.9915256345506003,66611281.3861178,3861827915.7311454,3843010995.6132555,0.0,413971306.8322093,1.0,0.0,0.046153846153846156,0.6948717948717948,0.23076923076923078,0.0,1.0,0.07719060180099778
ic_e1,final_first,3,1,0.9919880547041222,62976507.88611084,3862404501.6981225,3844650321.8277206,0.0,413971306.8322093,1.0,0.0,0.04358974358974359,0.6948717948717948,0.23076923076923078,0.0,1.0,0.09648825225124723
ic_e1,final_first,3,2,0.9919880547041222,62976507.88611084,3862404501.6981225,3844650321.8277206,0.0,413971306.8322093,1.0,0.0,0.04358974358974359,0.6948717948717948,0.23076923076923078,0.0,1.0,0.09648825225124723
ic_e1,final_first,3,3,0.9919880547041222,62976507.88611084,3862404501.6981225,3844650321.8277206,0.0,413971306.8322093,1.0,0.0,0.04358974358974359,0.6948717948717948,0.23076923076923078,0.0,1.0,0.09648825225124723
ic_e1,final_first,3,4,0.9919880547041222,62976507.88611084,3862404501.6981225,3844650321.8277206,0.0,413971306.8322093,1.0,0.0,0.04358974358974359,0.6948717948717948,0.23076923076923078,0.0,1.0,0.09648825225124723
ic_e1,final_first,3,5,0.9919880547041222,62976507.88611084,3862404501.6981225,3844650321.8277206,0.0,413971306.8322093,1.0,0.0,0.04358974358974359,0.6948717948717948,0.23076923076923078,0.0,1.0,0.09648825225124723
ic_e1,final_first,3,6,0.9919880547041222,62976507.88611084,3862404501.6981225,3844650321.8277206,0.0,413971306.8322093,1.0,0.0,0.04358974358974359,0.6948717948717948,0.23076923076923078,0.0,1.0,0.09648825225124723
ic_e1,final_first,3,7,0.9919880547041222,62976507.88611084,3862404501.6981225,3844650321.8277206,0.0,413971306.8322093,1.0,0.0,0.04358974358974359,0.6948717948717948,0.23076923076923078,0.0,1.0,0.09648825225124723
ic_e1,final_first,3,8,0.9919880547041222,62976507.88611084,3862404501.6981225,3844650321.8277206,0.0,413971306.8322093,1.0,0.0,0.04358974358974359,0.6948717948717948,0.23076923076923078,0.0,1.0,0.09648825225124723
ic_e1,final_first,3,9,0.9919880547041222,62976507.88611084,3862404501.6981225,3844650321.8277206,0.0,413971306.8322093,1.0,0.0,0.04358974358974359,0.6948717948717948,0.23076923076923078,0.0,1.0,0.09648825225124723
ic_e1,final_first,3,10,0.9919880547041222,62976507.88611084,3862404501.6981225,3844650321.8277206,0.0,413971306.8322093,1.0,0.0,0.04358974358974359,0.6948717948717948,0.23076923076923078,0.0,1.0,0.09648825225124723
ic_e1,final_first,4,1,0.9924171416395359,59603744.37188561,3862935293.562437,3846159395.072423,0.0,413971306.8322093,1.0,0.0,0.041025641025641026,0.6974358974358974,0.23076923076923078,0.0,1.0,0.11174080182838056
ic_e1,final_first,4,2,0.9924171416395359,59603744.37188561,3862935293.562437,3846159395.072423,0.0,413971306.8322093,1.0,0.0,0.041025641025641026,0.6974358974358974,0.23076923076923078,0.0,1.0,0.11174080182838056
ic_e1,final_first,4,3,0.9924171416395359,59603744.37188561,3862935293.562437,3846159395.072423,0.0,413971306.8322093,1.0,0.0,0.041025641025641026,0.6974358974358974,0.23076923076923078,0.0,1.0,0.11174080182838056
ic_e1,final_first,4,4,0.9924171416395359,59603744.37188561,3862935293.562437,3846159395.072423,0.0,413971306.8322093,1.0,0.0,0.041025641025641026,0.6974358974358974,0.23076923076923078,0.0,1.0,0.11174080182838056
ic_e1,final_first,4,5,0.9924171416395359,59603744.37188561,3862935293.562437,3846159395.072423,0.0,413971306.8322093,1.0,0.0,0.041025641025641026,0.6974358974358974,0.23076923076923078,0.0,1.0,0.11174080182838056
ic_e1,final_first,4,6,0.9924171416395359,59603744.37188561,3862935293.562437,3846159395.072423,0.0,413971306.8322093,1.0,0.0,0.041025641025641026,0.6974358974358974,0.23076923076923078,0.0,1.0,0.11174080182838056
ic_e1,final_first,4,7,0.9924171416395359,59603744.37188561,3862935293.562437,3846159395.072423,0.0,413971306.8322093,1.0,0.0,0.041025641025641026,0.6974358974358974,0.23076923076923078,0.0,1.0,0.11174080182838056
ic_e1,final_first,4,8,0.9924171416395359,59603744.37188561,3862935293.562437,3846159395.072423,0.0,413971306.8322093,1.0,0.0,0.041025641025641026,0.6974358974358974,0.23076923076923078,0.0,1.0,0.11174080182838056
ic_e1,final_first,4,9,0.9924171416395359,59603744.37188561,3862935293.562437,3846159395.072423,0.0,413971306.8322093,1.0,0.0,0.041025641025641026,0.6974358974358974,0.23076923076923078,0.0,1.0,0.11174080182838056
ic_e1,final_first,4,10,0.9924171416395359,59603744.37188561,3862935293.562437,3846159395.072423,0.0,413971306.8322093,1.0,0.0,0.041025641025641026,0.6974358974358974,0.23076923076923078,0.0,1.0,0.11174080182838056
ic_r4,proportional,0,1,0.9999999999999998,2.2029271349310875e-06,3858645468.9696684,3858645468.9696684,0.0,0.0,1.0,0.0,1.0,1.0,1.0,0.0,1.0,0.0
ic_r4,proportional,0,2,0.9999999999999998,2.2029271349310875e-06,3858645468.9696684,3858645468.9696684,0.0,0.0,1.0,0.0,1.0,1.0,1.0,0.0,1.0,0.0
ic_r4,proportional,0,3,0.9999999999999998,2.2029271349310875e-06,3858645468.9696684,3858645468.9696684,0.0,0.0,1.0,0.0,1.0,1.0,1.0,0.0,1.0,0.0
ic_r4,proportional,0,4,0.9999999999999998,2.2029271349310875e-06,3858645468.9696684,3858645468.9696684,0.0,0.0,1.0,0.0,1.0,1.0,1.0,0.0,1.0,0.0
ic_r4,proportional,0,5,0.9999999999999998,2.2029271349310875e-06,3858645468.9696684,3858645468.9696684,0.0,0.0,1.0,0.0,1.0,1.0,1.0,0.0,1.0,0.0
ic_r4,proportional,0,6,0.9999999999999998,2.2029271349310875e-06,3858645468.9696684,3858645468.9696684,0.0,0.0,1.0,0.0,1.0,1.0,1.0,0.0,1.0,0.0
ic_r4,proportional,0,7,0.9999999999999998,2.2029271349310875e-06,3858645468.9696684,3858645468.9696684,0.0,0.0,1.0,0.0,1.0,1.0,1.0,0.0,1.0,0.0
ic_r4,proportional,0,8,0.9999999999999998,2.2029271349310875e-06,3858645468.9696684,3858645468.9696684,0.0,0.0,1.0,0.0,1.0,1.0,1.0,0.0,1.0,0.0
ic_r4,proportional,0,9,0.9999999999999998,2.2029271349310875e-06,3858645468.9696684,3858645468.9696684,0.0,0.0,1.0,0.0,1.0,1.0,1.0,0.0,1.0,0.0
ic_r4,proportional,0,10,0.9999999999999998,2.2029271349310875e-06,3858645468.9696684,3858645468.9696684,0.0,0.0,1.0,0.0,1.0,1.0,1.0,0.0,1.0,0.0
ic_r4,proportional,1,1,0.9999999999999998,2.196873538196087e-06,3858645468.969669,3858645468.969669,0.0,0.0,1.0,0.0,1.0,1.0,1.0,0.0,1.0,0.0
ic_r4,proportional,1,2,0.9999999999999998,2.196873538196087e-06,3858645468.969669,3858645468.969669,0.0,0.0,1.0,0.0,1.0,1.0,1.0,0.0,1.0,0.0
ic_r4,proportional,1,3,0.9999999999999998,2.196873538196087e-06,3858645468.969669,3858645468.969669,0.0,0.0,1.0,0.0,1.0,1.0,1.0,0.0,1.0,0.0
ic_r4,proportional,1,4,0.9999999999999998,2.196873538196087e-06,3858645468.969669,3858645468.969669,0.0,0.0,1.0,0.0,1.0,1.0,1.0,0.0,1.0,0.0
ic_r4,proportional,1,5,0.9999999999999998,2.196873538196087e-06,3858645468.969669,3858645468.969669,0.0,0.0,1.0,0.0,1.0,1.0,1.0,0.0,1.0,0.0
ic_r4,proportional,1,6,0.9999999999999998,2.196873538196087e-06,3858645468.969669,3858645468.969669,0.0,0.0,1.0,0.0,1.0,1.0,1.0,0.0,1.0,0.0
ic_r4,proportional,1,7,0.9999999999999998,2.196873538196087e-06,3858645468.969669,3858645468.969669,0.0,0.0,1.0,0.0,1.0,1.0,1.0,0.0,1.0,0.0
ic_r4,proportional,1,8,0.9999999999999998,2.196873538196087e-06,3858645468.969669,3858645468.969669,0.0,0.0,1.0,0.0,1.0,1.0,1.0,0.0,1.0,0.0
ic_r4,proportional,1,9,0.9999999999999998,2.196873538196087e-06,3858645468.969669,3858645468.969669,0.0,0.0,1.0,0.0,1.0,1.0,1.0,0.0,1.0,0.0
ic_r4,proportional,1,10,0.9999999999999998,2.196873538196087e-06,3858645468.969669,3858645468.969669,0.0,0.0,1.0,0.0,1.0,1.0,1.0,0.0,1.0,0.0
ic_r4,proportional,2,1,0.9413958970007666,538026619.4647154,3703046842.323275,3474088722.729088,0.0,0.0,1.0826254130357662,0.0,0.03333333333333333,1.0,0.03333333333333333,0.0,1.0,0.0
ic_r4,proportional,2,2,0.9413958970007666,538026619.4647154,3703046842.323275,3474088722.729088,0.0,0.0,1.0826254130357662,0.0,0.03333333333333333,1.0,0.03333333333333333,0.0,1.0,0.0
ic_r4,proportional,2,3,0.9413958970007666,538026619.4647154,3703046842.323275,3474088722.729088,0.0,0.0,1.0826254130357662,0.0,0.03333333333333333,1.0,0.03333333333333333,0.0,1.0,0.0
ic_r4,proportional,2,4,0.9413958970007666,538026619.4647154,3703046842.323275,3474088722.729088,0.0,0.0,1.0826254130357662,0.0,0.03333333333333333,1.0,0.03333333333333333,0.0,1.0,0.0
ic_r4,proportional,2,5,0.9413958970007666,538026619.4647154,3703046842.323275,3474088722.729088,0.0,0.0,1.0826254130357662,0.0,0.03333333333333333,1.0,0.03333333333333333,0.0,1.0,0.0
ic_r4,proportional,2,6,0.9413958970007666,538026619.4647154,3703046842.323275,3474088722.729088,0.0,0.0,1.0826254130357662,0.0,0.03333333333333333,1.0,0.03333333333333333,0.0,1.0,0.0
ic_r4,proportional,2,7,0.9413958970007666,538026619.4647154,3703046842.323275,3474088722.729088,0.0,0.0,1.0826254130357662,0.0,0.03333333333333333,1.0,0.03333333333333333,0.0,1.0,0.0
ic_r4,proportional,2,8,0.9413958970007666,538026619.4647154,3703046842.323275,3474088722.729088,0.0,0.0,1.0826254130357662,0.0,0.03333333333333333,1.0,0.03333333333333333,0.0,1.0,0.0
ic_r4,proportional,2,9,0.9413958970007666,538026619.4647154,3703046842.323275,3474088722.729088,0.0,0.0,1.0826254130357662,0.0,0.03333333333333333,1.0,0.03333333333333333,0.0,1.0,0.0
ic_r4,proportional,2,10,0.9413958970007666,538026619.4647154,3703046842.323275,3474088722.729088,0.0,0.0,1.0826254130357662,0.0,0.03333333333333333,1.0,0.03333333333333333,0.0,1.0,0.0
ic_r4,proportional,3,1,0.6826981724202674,2913052515.1956186,2933869790.9141154,1572894252.536165,0.0,0.0,1.8006005384553772,0.0,0.03333333333333333,1.0,0.03333333333333333,0.0,1.0,0.0
ic_r4,proportional,3,2,0.6826981724202674,2913052515.1956186,2933869790.9141154,1572894252.536165,0.0,0.0,1.8006005384553772,0.0,0.03333333333333333,1.0,0.03333333333333333,0.0,1.0,0.0
ic_r4,proportional,3,3,0.6826981724202674,2913052515.1956186,2933869790.9141154,1572894252.536165,0.0,0.0,1.8006005384553772,0.0,0.03333333333333333,1.0,0.03333333333333333,0.0,1.0,0.0
ic_r4,proportional,3,4,0.6826981724202674,2913052515.1956186,2933869790.9141154,1572894252.536165,0.0,0.0,1.8006005384553772,0.0,0.03333333333333333,1.0,0.03333333333333333,0.0,1.0,0.0
ic_r4,proportional,3,5,0.6826981724202674,2913052515.1956186,2933869790.9141154,1572894252.536165,0.0,0.0,1.8006005384553772,0.0,0.03333333333333333,1.0,0.03333333333333333,0.0,1.0,0.0
ic_r4,proportional,3,6,0.6826981724202674,2913052515.1956186,2933869790.9141154,1572894252.536165,0.0,0.0,1.8006005384553772,0.0,0.03333333333333333,1.0,0.03333333333333333,0.0,1.0,0.0
ic_r4,proportional,3,7,0.6826981724202674,2913052515.1956186,2933869790.9141154,1572894252.536165,0.0,0.0,1.8006005384553772,0.0,0.03333333333333333,1.0,0.03333333333333333,0.0,1.0,0.0
ic_r4,proportional,3,8,0.6826981724202674,2913052515.1956186,2933869790.9141154,1572894252.536165,0.0,0.0,1.8006005384553772,0.0,0.03333333333333333,1.0,0.03333333333333333,0.0,1.0,0.0
ic_r4,proportional,3,9,0.6826981724202674,2913052515.1956186,2933869790.9141154,1572894252.536165,0.0,0.0,1.8006005384553772,0.0,0.03333333333333333,1.0,0.03333333333333333,0.0,1.0,0.0
ic_r4,proportional,3,10,0.6826981724202674,2913052515.1956186,2933869790.9141154,1572894252.536165,0.0,0.0,1.8006005384553772,0.0,0.03333333333333333,1.0,0.03333333333333333,0.0,1.0,0.0
ic_r4,proportional,4,1,0.5241970054984745,4368203991.897865,2383891954.384602,213297897.66093346,0.0,0.0,3.1222216054270726,0.0,0.03333333333333333,1.0,0.03333333333333333,0.0,1.0,0.0
ic_r4,proportional,4,2,0.5241970054984745,4368203991.897865,2383891954.384602,213297897.66093346,0.0,0.0,3.1222216054270726,0.0,0.03333333333333333,1.0,0.03333333333333333,0.0,1.0,0.0
ic_r4,proportional,4,3,0.5241970054984745,4368203991.897865,2383891954.384602,213297897.66093346,0.0,0.0,3.1222216054270726,0.0,0.03333333333333333,1.0,0.03333333333333333,0.0,1.0,0.0
ic_r4,proportional,4,4,0.5241970054984745,4368203991.897865,2383891954.384602,213297897.66093346,0.0,0.0,3.1222216054270726,0.0,0.03333333333333333,1.0,0.03333333333333333,0.0,1.0,0.0
ic_r4,proportional,4,5,0.5241970054984745,4368203991.897865,2383891954.384602,213297897.66093346,0.0,0.0,3.1222216054270726,0.0,0.03333333333333333,1.0,0.03333333333333333,0.0,1.0,0.0
ic_r4,proportional,4,6,0.5241970054984745,4368203991.897865,2383891954.384602,213297897.66093346,0.0,0.0,3.1222216054270726,0.0,0.03333333333333333,1.0,0.03333333333333333,0.0,1.0,0.0
ic_r4,proportional,4,7,0.5241970054984745,4368203991.897865,2383891954.384602,213297897.66093346,0.0,0.0,3.1222216054270726,0.0,0.03333333333333333,1.0,0.03333333333333333,0.0,1.0,0.0
ic_r4,proportional,4,8,0.5241970054984745,4368203991.897865,2383891954.384602,213297897.66093346,0.0,0.0,3.1222216054270726,0.0,0.03333333333333333,1.0,0.03333333333333333,0.0,1.0,0.0
ic_r4,proportional,4,9,0.5241970054984745,4368203991.897865,2383891954.384602,213297897.66093346,0.0,0.0,3.1222216054270726,0.0,0.03333333333333333,1.0,0.03333333333333333,0.0,1.0,0.0
ic_r4,proportional,4,10,0.5241970054984745,4368203991.897865,2383891954.384602,213297897.66093346,0.0,0.0,3.1222216054270726,0.0,0.03333333333333333,1.0,0.03333333333333333,0.0,1.0,0.0
ic_r4,intermediate_first,0,1,0.9999999999999997,2.617831341922283e-06,3858645468.9696684,3858645468.9696684,0.0,0.0,1.0,0.0,1.0,1.0,1.0,0.0,1.0,0.0
ic_r4,intermediate_first,0,2,0.9999999999999997,2.617831341922283e-06,3858645468.9696684,3858645468.9696684,0.0,0.0,1.0,0.0,1.0,1.0,1.0,0.0,1.0,0.0
ic_r4,intermediate_first,0,3,0.9999999999999997,2.617831341922283e-06,3858645468.9696684,3858645468.9696684,0.0,0.0,1.0,0.0,1.0,1.0,1.0,0.0,1.0,0.0
ic_r4,intermediate_first,0,4,0.9999999999999997,2.617831341922283e-06,3858645468.9696684,3858645468.9696684,0.0,0.0,1.0,0.0,1.0,1.0,1.0,0.0,1.0,0.0
ic_r4,intermediate_first,0,5,0.9999999999999997,2.617831341922283e-06,3858645468.9696684,3858645468.9696684,0.0,0.0,1.0,0.0,1.0,1.0,1.0,0.0,1.0,0.0
ic_r4,intermediate_first,0,6,0.9999999999999997,2.617831341922283e-06,3858645468.9696684,3858645468.9696684,0.0,0.0,1.0,0.0,1.0,1.0,1.0,0.0,1.0,0.0
ic_r4,intermediate_first,0,7,0.9999999999999997,2.617831341922283e-06,3858645468.9696684,3858645468.9696684,0.0,0.0,1.0,0.0,1.0,1.0,1.0,0.0,1.0,0.0
ic_r4,intermediate_first,0,8,0.9999999999999997,2.617831341922283e-06,3858645468.9696684,3858645468.9696684,0.0,0.0,1.0,0.0,1.0,1.0,1.0,0.0,1.0,0.0
ic_r4,intermediate_first,0,9,0.9999999999999997,2.617831341922283e-06,3858645468.9696684,3858645468.9696684,0.0,0.0,1.0,0.0,1.0,1.0,1.0,0.0,1.0,0.0
ic_r4,intermediate_first,0,10,0.9999999999999997,2.617831341922283e-06,3858645468.9696684,3858645468.9696684,0.0,0.0,1.0,0.0,1.0,1.0,1.0,0.0,1.0,0.0
ic_r4,intermediate_first,1,1,0.9999999999999998,2.0209699869155884e-06,3858645468.969669,3858645468.969669,0.0,0.0,1.0,0.0,1.0,1.0,1.0,0.0,1.0,0.0
ic_r4,intermediate_first,1,2,0.9999999999999998,2.0209699869155884e-06,3858645468.969669,3858645468.969669,0.0,0.0,1.0,0.0,1.0,1.0,1.0,0.0,1.0,0.0
ic_r4,intermediate_first,1,3,0.9999999999999998,2.0209699869155884e-06,3858645468.969669,3858645468.969669,0.0,0.0,1.0,0.0,1.0,1.0,1.0,0.0,1.0,0.0
ic_r4,intermediate_first,1,4,0.9999999999999998,2.0209699869155884e-06,3858645468.969669,3858645468.969669,0.0,0.0,1.0,0.0,1.0,1.0,1.0,0.0,1.0,0.0
ic_r4,intermediate_first,1,5,0.9999999999999998,2.0209699869155884e-06,3858645468.969669,3858645468.969669,0.0,0.0,1.0,0.0,1.0,1.0,1.0,0.0,1.0,0.0
ic_r4,intermediate_first,1,6,0.9999999999999998,2.0209699869155884e-06,3858645468.969669,3858645468.969669,0.0,0.0,1.0,0.0,1.0,1.0,1.0,0.0,1.0,0.0
ic_r4,intermediate_first,1,7,0.9999999999999998,2.0209699869155884e-06,3858645468.969669,3858645468.969669,0.0,0.0,1.0,0.0,1.0,1.0,1.0,0.0,1.0,0.0
ic_r4,intermediate_first,1,8,0.9999999999999998,2.0209699869155884e-06,3858645468.969669,3858645468.969669,0.0,0.0,1.0,0.0,1.0,1.0,1.0,0.0,1.0,0.0
ic_r4,intermediate_first,1,9,0.9999999999999998,2.0209699869155884e-06,3858645468.969669,3858645468.969669,0.0,0.0,1.0,0.0,1.0,1.0,1.0,0.0,1.0,0.0
ic_r4,intermediate_first,1,10,0.9999999999999998,2.0209699869155884e-06,3858645468.969669,3858645468.969669,0.0,0.0,1.0,0.0,1.0,1.0,1.0,0.0,1.0,0.0
ic_r4,intermediate_first,2,1,0.9421275079573522,576378011.67484,3703021962.112111,3474810758.0979576,0.0,0.0,1.083124049296335,0.0,0.03333333333333333,1.0,0.03333333333333333,0.0,1.0,0.0
ic_r4,intermediate_first,2,2,0.9421275079573522,576378011.67484,3703021962.112111,3474810758.0979576,0.0,0.0,1.083124049296335,0.0,0.03333333333333333,1.0,0.03333333333333333,0.0,1.0,0.0
ic_r4,intermediate_first,2,3,0.9421275079573522,576378011.67484,3703021962.112111,3474810758.0979576,0.0,0.0,1.083124049296335,0.0,0.03333333333333333,1.0,0.03333333333333333,0.0,1.0,0.0
ic_r4,intermediate_first,2,4,0.9421275079573522,576378011.67484,3703021962.112111,3474810758.0979576,0.0,0.0,1.083124049296335,0.0,0.03333333333333333,1.0,0.03333333333333333,0.0,1.0,0.0
ic_r4,intermediate_first,2,5,0.9421275079573522,576378011.67484,3703021962.112111,3474810758.0979576,0.0,0.0,1.083124049296335,0.0,0.03333333333333333,1.0,0.03333333333333333,0.0,1.0,0.0
ic_r4,intermediate_first,2,6,0.9421275079573522,576378011.67484,3703021962.112111,3474810758.0979576,0.0,0.0,1.083124049296335,0.0,0.03333333333333333,1.0,0.03333333333333333,0.0,1.0,0.0
ic_r4,intermediate_first,2,7,0.9421275079573522,576378011.67484,3703021962.112111,3474810758.0979576,0.0,0.0,1.083124049296335,0.0,0.03333333333333333,1.0,0.03333333333333333,0.0,1.0,0.0
ic_r4,intermediate_first,2,8,0.9421275079573522,576378011.67484,3703021962.112111,3474810758.0979576,0.0,0.0,1.083124049296335,0.0,0.03333333333333333,1.0,0.03333333333333333,0.0,1.0,0.0
ic_r4,intermediate_first,2,9,0.9421275079573522,576378011.67484,3703021962.112111,3474810758.0979576,0.0,0.0,1.083124049296335,0.0,0.03333333333333333,1.0,0.03333333333333333,0.0,1.0,0.0
ic_r4,intermediate_first,2,10,0.9421275079573522,576378011.67484,3703021962.112111,3474810758.0979576,0.0,0.0,1.083124049296335,0.0,0.03333333333333333,1.0,0.03333333333333333,0.0,1.0,0.0
ic_r4,intermediate_first,3,1,0.6855839199708411,3131410254.6725774,2933906685.188858,1577673311.5670269,0.0,0.0,1.809109323080462,0.0,0.03333333333333333,1.0,0.03333333333333333,0.0,1.0,0.0
ic_r4,intermediate_first,3,2,0.6855839199708411,3131410254.6725774,2933906685.188858,1577673311.5670269,0.0,0.0,1.809109323080462,0.0,0.03333333333333333,1.0,0.03333333333333333,0.0,1.0,0.0
ic_r4,intermediate_first,3,3,0.6855839199708411,3131410254.6725774,2933906685.188858,1577673311.5670269,0.0,0.0,1.809109323080462,0.0,0.03333333333333333,1.0,0.03333333333333333,0.0,1.0,0.0
ic_r4,intermediate_first,3,4,0.6855839199708411,3131410254.6725774,2933906685.188858,1577673311.5670269,0.0,0.0,1.809109323080462,0.0,0.03333333333333333,1.0,0.03333333333333333,0.0,1.0,0.0
ic_r4,intermediate_first,3,5,0.6855839199708411,3131410254.6725774,2933906685.188858,1577673311.5670269,0.0,0.0,1.809109323080462,0.0,0.03333333333333333,1.0,0.03333333333333333,0.0,1.0,0.0
ic_r4,intermediate_first,3,6,0.6855839199708411,3131410254.6725774,2933906685.188858,1577673311.5670269,0.0,0.0,1.809109323080462,0.0,0.03333333333333333,1.0,0.03333333333333333,0.0,1.0,0.0
ic_r4,intermediate_first,3,7,0.6855839199708411,3131410254.6725774,2933906685.188858,1577673311.5670269,0.0,0.0,1.809109323080462,0.0,0.03333333333333333,1.0,0.03333333333333333,0.0,1.0,0.0
ic_r4,intermediate_first,3,8,0.6855839199708411,3131410254.6725774,2933906685.188858,1577673311.5670269,0.0,0.0,1.809109323080462,0.0,0.03333333333333333,1.0,0.03333333333333333,0.0,1.0,0.0
ic_r4,intermediate_first,3,9,0.6855839199708411,3131410254.6725774,2933906685.188858,1577673311.5670269,0.0,0.0,1.809109323080462,0.0,0.03333333333333333,1.0,0.03333333333333333,0.0,1.0,0.0
ic_r4,intermediate_first,3,10,0.6855839199708411,3131410254.6725774,2933906685.188858,1577673311.5670269,0.0,0.0,1.809109323080462,0.0,0.03333333333333333,1.0,0.03333333333333333,0.0,1.0,0.0
ic_r4,intermediate_first,4,1,0.5275448795738423,4705391686.194401,2384161625.9275513,221475724.10680503,0.0,0.0,3.159507045457406,0.0,0.03333333333333333,1.0,0.03333333333333333,0.0,1.0,0.0
ic_r4,intermediate_first,4,2,0.5275448795738423,4705391686.194401,2384161625.9275513,221475724.10680503,0.0,0.0,3.159507045457406,0.0,0.03333333333333333,1.0,0.03333333333333333,0.0,1.0,0.0
ic_r4,intermediate_first,4,3,0.5275448795738423,4705391686.194401,2384161625.9275513,221475724.10680503,0.0,0.0,3.159507045457406,0.0,0.03333333333333333,1.0,0.03333333333333333,0.0,1.0,0.0
ic_r4,intermediate_first,4,4,0.5275448795738423,4705391686.194401,2384161625.9275513,221475724.10680503,0.0,0.0,3.159507045457406,0.0,0.03333333333333333,1.0,0.03333333333333333,0.0,1.0,0.0
ic_r4,intermediate_first,4,5,0.5275448795738423,4705391686.194401,2384161625.9275513,221475724.10680503,0.0,0.0,3.159507045457406,0.0,0.03333333333333333,1.0,0.03333333333333333,0.0,1.0,0.0
ic_r4,intermediate_first,4,6,0.5275448795738423,4705391686.194401,2384161625.9275513,221475724.10680503,0.0,0.0,3.159507045457406,0.0,0.03333333333333333,1.0,0.03333333333333333,0.0,1.0,0.0
ic_r4,intermediate_first,4,7,0.5275448795738423,4705391686.194401,2384161625.9275513,221475724.10680503,0.0,0.0,3.159507045457406,0.0,0.03333333333333333,1.0,0.03333333333333333,0.0,1.0,0.0
ic_r4,intermediate_first,4,8,0.5275448795738423,4705391686.194401,2384161625.9275513,221475724.10680503,0.0,0.0,3.159507045457406,0.0,0.03333333333333333,1.0,0.03333333333333333,0.0,1.0,0.0
ic_r4,intermediate_first,4,9,0.5275448795738423,4705391686.194401,2384161625.9275513,221475724.10680503,0.0,0.0,3.159507045457406,0.0,0.03333333333333333,1.0,0.03333333333333333,0.0,1.0,0.0
ic_r4,intermediate_first,4,10,0.5275448795738423,4705391686.194401,2384161625.9275513,221475724.10680503,0.0,0.0,3.159507045457406,0.0,0.03333333333333333,1.0,0.03333333333333333,0.0,1.0,0.0
ic_r4,final_first,0,1,1.0,1.7686397768557072e-06,3858645468.9696684,3858645468.9696684,0.0,0.0,1.0,0.0,1.0,1.0,1.0,0.0,1.0,0.0
ic_r4,final_first,0,2,1.0,1.7686397768557072e-06,3858645468.9696684,3858645468.9696684,0.0,0.0,1.0,0.0,1.0,1.0,1.0,0.0,1.0,0.0
ic_r4,final_first,0,3,1.0,1.7686397768557072e-06,3858645468.9696684,3858645468.9696684,0.0,0.0,1.0,0.0,1.0,1.0,1.0,0.0,1.0,0.0
ic_r4,final_first,0,4,1.0,1.7686397768557072e-06,3858645468.9696684,3858645468.9696684,0.0,0.0,1.0,0.0,1.0,1.0,1.0,0.0,1.0,0.0
ic_r4,final_first,0,5,1.0,1.7686397768557072e-06,3858645468.9696684,3858645468.9696684,0.0,0.0,1.0,0.0,1.0,1.0,1.0,0.0,1.0,0.0
ic_r4,final_first,0,6,1.0,1.7686397768557072e-06,3858645468.9696684,3858645468.9696684,0.0,0.0,1.0,0.0,1.0,1.0,1.0,0.0,1.0,0.0
ic_r4,final_first,0,7,1.0,1.7686397768557072e-06,3858645468.9696684,3858645468.9696684,0.0,0.0,1.0,0.0,1.0,1.0,1.0,0.0,1.0,0.0
ic_r4,final_first,0,8,1.0,1.7686397768557072e-06,3858645468.9696684,3858645468.9696684,0.0,0.0,1.0,0.0,1.0,1.0,1.0,0.0,1.0,0.0
ic_r4,final_first,0,9,1.0,1.7686397768557072e-06,3858645468.9696684,3858645468.9696684,0.0,0.0,1.0,0.0,1.0,1.0,1.0,0.0,1.0,0.0
ic_r4,final_first,0,10,1.0,1.7686397768557072e-06,3858645468.9696684,3858645468.9696684,0.0,0.0,1.0,0.0,1.0,1.0,1.0,0.0,1.0,0.0
ic_r4,final_first,1,1,1.0,2.013053745031357e-06,3858645468.9696684,3858645468.9696684,0.0,0.0,1.0,0.0,1.0,1.0,1.0,0.0,1.0,0.0
ic_r4,final_first,1,2,1.0,2.013053745031357e-06,3858645468.9696684,3858645468.9696684,0.0,0.0,1.0,0.0,1.0,1.0,1.0,0.0,1.0,0.0
ic_r4,final_first,1,3,1.0,2.013053745031357e-06,3858645468.9696684,3858645468.9696684,0.0,0.0,1.0,0.0,1.0,1.0,1.0,0.0,1.0,0.0
ic_r4,final_first,1,4,1.0,2.013053745031357e-06,3858645468.9696684,3858645468.9696684,0.0,0.0,1.0,0.0,1.0,1.0,1.0,0.0,1.0,0.0
ic_r4,final_first,1,5,1.0,2.013053745031357e-06,3858645468.9696684,3858645468.9696684,0.0,0.0,1.0,0.0,1.0,1.0,1.0,0.0,1.0,0.0
ic_r4,final_first,1,6,1.0,2.013053745031357e-06,3858645468.9696684,3858645468.9696684,0.0,0.0,1.0,0.0,1.0,1.0,1.0,0.0,1.0,0.0
ic_r4,final_first,1,7,1.0,2.013053745031357e-06,3858645468.9696684,3858645468.9696684,0.0,0.0,1.0,0.0,1.0,1.0,1.0,0.0,1.0,0.0
ic_r4,final_first,1,8,1.0,2.013053745031357e-06,3858645468.9696684,3858645468.9696684,0.0,0.0,1.0,0.0,1.0,1.0,1.0,0.0,1.0,0.0
ic_r4,final_first,1,9,1.0,2.013053745031357e-06,3858645468.9696684,3858645468.9696684,0.0,0.0,1.0,0.0,1.0,1.0,1.0,0.0,1.0,0.0
ic_r4,final_first,1,10,1.0,2.013053745031357e-06,3858645468.9696684,3858645468.9696684,0.0,0.0,1.0,0.0,1.0,1.0,1.0,0.0,1.0,0.0
ic_r4,final_first,2,1,0.9399871534157661,467146042.02638537,3703069547.305645,3472734058.562649,0.0,0.0,1.0827067446893055,0.0,0.03333333333333333,1.0,0.03333333333333333,0.0,1.0,0.0
ic_r4,final_first,2,2,0.9399871534157661,467146042.02638537,3703069547.305645,3472734058.562649,0.0,0.0,1.0827067446893055,0.0,0.03333333333333333,1.0,0.03333333333333333,0.0,1.0,0.0
ic_r4,final_first,2,3,0.9399871534157661,467146042.02638537,3703069547.305645,3472734058.562649,0.0,0.0,1.0827067446893055,0.0,0.03333333333333333,1.0,0.03333333333333333,0.0,1.0,0.0
ic_r4,final_first,2,4,0.9399871534157661,467146042.02638537,3703069547.305645,3472734058.562649,0.0,0.0,1.0827067446893055,0.0,0.03333333333333333,1.0,0.03333333333333333,0.0,1.0,0.0
ic_r4,final_first,2,5,0.9399871534157661,467146042.02638537,3703069547.305645,3472734058.562649,0.0,0.0,1.0827067446893055,0.0,0.03333333333333333,1.0,0.03333333333333333,0.0,1.0,0.0
ic_r4,final_first,2,6,0.9399871534157661,467146042.02638537,3703069547.305645,3472734058.562649,0.0,0.0,1.0827067446893055,0.0,0.03333333333333333,1.0,0.03333333333333333,0.0,1.0,0.0
ic_r4,final_first,2,7,0.9399871534157661,467146042.02638537,3703069547.305645,3472734058.562649,0.0,0.0,1.0827067446893055,0.0,0.03333333333333333,1.0,0.03333333333333333,0.0,1.0,0.0
ic_r4,final_first,2,8,0.9399871534157661,467146042.02638537,3703069547.305645,3472734058.562649,0.0,0.0,1.0827067446893055,0.0,0.03333333333333333,1.0,0.03333333333333333,0.0,1.0,0.0
ic_r4,final_first,2,9,0.9399871534157661,467146042.02638537,3703069547.305645,3472734058.562649,0.0,0.0,1.0827067446893055,0.0,0.03333333333333333,1.0,0.03333333333333333,0.0,1.0,0.0
ic_r4,final_first,2,10,0.9399871534157661,467146042.02638537,3703069547.305645,3472734058.562649,0.0,0.0,1.0827067446893055,0.0,0.03333333333333333,1.0,0.03333333333333333,0.0,1.0,0.0
ic_r4,final_first,3,1,0.6772291784411227,2512480582.9898076,2933675176.269736,1563951680.8992798,0.0,0.0,1.8017589232444635,0.0,0.03333333333333333,1.0,0.03333333333333333,0.0,1.0,0.0
ic_r4,final_first,3,2,0.6772291784411227,2512480582.9898076,2933675176.269736,1563951680.8992798,0.0,0.0,1.8017589232444635,0.0,0.03333333333333333,1.0,0.03333333333333333,0.0,1.0,0.0
ic_r4,final_first,3,3,0.6772291784411227,2512480582.9898076,2933675176.269736,1563951680.8992798,0.0,0.0,1.8017589232444635,0.0,0.03333333333333333,1.0,0.03333333333333333,0.0,1.0,0.0
ic_r4,final_first,3,4,0.6772291784411227,2512480582.9898076,2933675176.269736,1563951680.8992798,0.0,0.0,1.8017589232444635,0.0,0.03333333333333333,1.0,0.03333333333333333,0.0,1.0,0.0
ic_r4,final_first,3,5,0.6772291784411227,2512480582.9898076,2933675176.269736,1563951680.8992798,0.0,0.0,1.8017589232444635,0.0,0.03333333333333333,1.0,0.03333333333333333,0.0,1.0,0.0
ic_r4,final_first,3,6,0.6772291784411227,2512480582.9898076,2933675176.269736,1563951680.8992798,0.0,0.0,1.8017589232444635,0.0,0.03333333333333333,1.0,0.03333333333333333,0.0,1.0,0.0
ic_r4,final_first,3,7,0.6772291784411227,2512480582.9898076,2933675176.269736,1563951680.8992798,0.0,0.0,1.8017589232444635,0.0,0.03333333333333333,1.0,0.03333333333333333,0.0,1.0,0.0
ic_r4,final_first,3,8,0.6772291784411227,2512480582.9898076,2933675176.269736,1563951680.8992798,0.0,0.0,1.8017589232444635,0.0,0.03333333333333333,1.0,0.03333333333333333,0.0,1.0,0.0
ic_r4,final_first,3,9,0.6772291784411227,2512480582.9898076,2933675176.269736,1563951680.8992798,0.0,0.0,1.8017589232444635,0.0,0.03333333333333333,1.0,0.03333333333333333,0.0,1.0,0.0
ic_r4,final_first,3,10,0.6772291784411227,2512480582.9898076,2933675176.269736,1563951680.8992798,0.0,0.0,1.8017589232444635,0.0,0.03333333333333333,1.0,0.03333333333333333,0.0,1.0,0.0
ic_r4,final_first,4,1,0.5179061055925858,3752667428.3214912,2383205026.106866,198018488.81648716,0.0,0.0,3.1266685639837255,0.0,0.03333333333333333,1.0,0.03333333333333333,0.0,1.0,0.0
ic_r4,final_first,4,2,0.5179061055925858,3752667428.3214912,2383205026.106866,198018488.81648716,0.0,0.0,3.1266685639837255,0.0,0.03333333333333333,1.0,0.03333333333333333,0.0,1.0,0.0
ic_r4,final_first,4,3,0.5179061055925858,3752667428.3214912,2383205026.106866,198018488.81648716,0.0,0.0,3.1266685639837255,0.0,0.03333333333333333,1.0,0.03333333333333333,0.0,1.0,0.0
ic_r4,final_first,4,4,0.5179061055925858,3752667428.3214912,2383205026.106866,198018488.81648716,0.0,0.0,3.1266685639837255,0.0,0.03333333333333333,1.0,0.03333333333333333,0.0,1.0,0.0
ic_r4,final_first,4,5,0.5179061055925858,3752667428.3214912,2383205026.106866,198018488.81648716,0.0,0.0,3.1266685639837255,0.0,0.03333333333333333,1.0,0.03333333333333333,0.0,1.0,0.0
ic_r4,final_first,4,6,0.5179061055925858,3752667428.3214912,2383205026.106866,198018488.81648716,0.0,0.0,3.1266685639837255,0.0,0.03333333333333333,1.0,0.03333333333333333,0.0,1.0,0.0
ic_r4,final_first,4,7,0.5179061055925858,3752667428.3214912,2383205026.106866,198018488.81648716,0.0,0.0,3.1266685639837255,0.0,0.03333333333333333,1.0,0.03333333333333333,0.0,1.0,0.0
ic_r4,final_first,4,8,0.5179061055925858,3752667428.3214912,2383205026.106866,198018488.81648716,0.0,0.0,3.1266685639837255,0.0,0.03333333333333333,1.0,0.03333333333333333,0.0,1.0,0.0
ic_r4,final_first,4,9,0.5179061055925858,3752667428.3214912,2383205026.106866,198018488.81648716,0.0,0.0,3.1266685639837255,0.0,0.03333333333333333,1.0,0.03333333333333333,0.0,1.0,0.0
ic_r4,final_first,4,10,0.5179061055925858,3752667428.3214912,2383205026.106866,198018488.81648716,0.0,0.0,3.1266685639837255,0.0,0.03333333333333333,1.0,0.03333333333333333,0.0,1.0,0.0
ic_r2,proportional,0,1,0.9999999999999998,1.693028025329113e-06,3858645468.9696693,3858645468.9696693,0.0,1034928267.0805233,1.0,0.0,0.03333333333333333,1.0,1.0,0.0,1.0,0.023419515002334336
ic_r2,proportional,0,2,0.9999999999999998,1.693028025329113e-06,3858645468.9696693,3858645468.9696693,0.0,1034928267.0805233,1.0,0.0,0.03333333333333333,1.0,1.0,0.0,1.0,0.023419515002334336
ic_r2,proportional,0,3,0.9999999999999998,1.693028025329113e-06,3858645468.9696693,3858645468.9696693,0.0,1034928267.0805233,1.0,0.0,0.03333333333333333,1.0,1.0,0.0,1.0,0.023419515002334336
ic_r2,proportional,0,4,0.9999999999999998,1.693028025329113e-06,3858645468.9696693,3858645468.9696693,0.0,1034928267.0805233,1.0,0.0,0.03333333333333333,1.0,1.0,0.0,1.0,0.023419515002334336
ic_r2,proportional,0,5,0.9999999999999998,1.693028025329113e-06,3858645468.9696693,3858645468.9696693,0.0,1034928267.0805233,1.0,0.0,0.03333333333333333,1.0,1.0,0.0,1.0,0.023419515002334336
ic_r2,proportional,0,6,0.9999999999999998,1.693028025329113e-06,3858645468.9696693,3858645468.9696693,0.0,1034928267.0805233,1.0,0.0,0.03333333333333333,1.0,1.0,0.0,1.0,0.023419515002334336
ic_r2,proportional,0,7,0.9999999999999998,1.693028025329113e-06,3858645468.9696693,3858645468.9696693,0.0,1034928267.0805233,1.0,0.0,0.03333333333333333,1.0,1.0,0.0,1.0,0.023419515002334336
ic_r2,proportional,0,8,0.9999999999999998,1.693028025329113e-06,3858645468.9696693,3858645468.9696693,0.0,1034928267.0805233,1.0,0.0,0.03333333333333333,1.0,1.0,0.0,1.0,0.023419515002334336
ic_r2,proportional,0,9,0.9999999999999998,1.693028025329113e-06,3858645468.9696693,3858645468.9696693,0.0,1034928267.0805233,1.0,0.0,0.03333333333333333,1.0,1.0,0.0,1.0,0.023419515002334336
ic_r2,proportional,0,10,0.9999999999999998,1.693028025329113e-06,3858645468.9696693,3858645468.9696693,0.0,1034928267.0805233,1.0,0.0,0.03333333333333333,1.0,1.0,0.0,1.0,0.023419515002334336
ic_r2,proportional,1,1,0.9999999999999998,1.693028025329113e-06,3858645468.9696693,3858645468.9696693,0.0,1034928267.0805233,1.0,0.0,0.0,1.0,1.0,0.0,1.0,0.06379798914429007
ic_r2,proportional,1,2,0.9999999999999998,1.693028025329113e-06,3858645468.9696693,3858645468.9696693,0.0,1034928267.0805233,1.0,0.0,0.0,1.0,1.0,0.0,1.0,0.06379798914429007
ic_r2,proportional,1,3,0.9999999999999998,1.693028025329113e-06,3858645468.9696693,3858645468.9696693,0.0,1034928267.0805233,1.0,0.0,0.0,1.0,1.0,0.0,1.0,0.06379798914429007
ic_r2,proportional,1,4,0.9999999999999998,1.693028025329113e-06,3858645468.9696693,3858645468.9696693,0.0,1034928267.0805233,1.0,0.0,0.0,1.0,1.0,0.0,1.0,0.06379798914429007
ic_r2,proportional,1,5,0.9999999999999998,1.693028025329113e-06,3858645468.9696693,3858645468.9696693,0.0,1034928267.0805233,1.0,0.0,0.0,1.0,1.0,0.0,1.0,0.06379798914429007
ic_r2,proportional,1,6,0.9999999999999998,1.693028025329113e-06,3858645468.9696693,3858645468.9696693,0.0,1034928267.0805233,1.0,0.0,0.0,1.0,1.0,0.0,1.0,0.06379798914429007
ic_r2,proportional,1,7,0.9999999999999998,1.693028025329113e-06,3858645468.9696693,3858645468.9696693,0.0,1034928267.0805233,1.0,0.0,0.0,1.0,1.0,0.0,1.0,0.06379798914429007
ic_r2,proportional,1,8,0.9999999999999998,1.693028025329113e-06,3858645468.9696693,3858645468.9696693,0.0,1034928267.0805233,1.0,0.0,0.0,1.0,1.0,0.0,1.0,0.06379798914429007
ic_r2,proportional,1,9,0.9999999999999998,1.693028025329113e-06,3858645468.9696693,3858645468.9696693,0.0,1034928267.0805233,1.0,0.0,0.0,1.0,1.0,0.0,1.0,0.06379798914429007
ic_r2,proportional,1,10,0.9999999999999998,1.693028025329113e-06,3858645468.9696693,3858645468.9696693,0.0,1034928267.0805233,1.0,0.0,0.0,1.0,1.0,0.0,1.0,0.06379798914429007
ic_r2,proportional,2,1,0.9999999999999998,1.693028025329113e-06,3858645468.9696693,3858645468.9696693,0.0,1034928267.0805233,1.0,0.0,0.0,1.0,1.0,0.0,1.0,0.10417646328624579
ic_r2,proportional,2,2,0.9999999999999998,1.693028025329113e-06,3858645468.9696693,3858645468.9696693,0.0,1034928267.0805233,1.0,0.0,0.0,1.0,1.0,0.0,1.0,0.10417646328624579
ic_r2,proportional,2,3,0.9999999999999998,1.693028025329113e-06,3858645468.9696693,3858645468.9696693,0.0,1034928267.0805233,1.0,0.0,0.0,1.0,1.0,0.0,1.0,0.10417646328624579
ic_r2,proportional,2,4,0.9999999999999998,1.693028025329113e-06,3858645468.9696693,3858645468.9696693,0.0,1034928267.0805233,1.0,0.0,0.0,1.0,1.0,0.0,1.0,0.10417646328624579
ic_r2,proportional,2,5,0.9999999999999998,1.693028025329113e-06,3858645468.9696693,3858645468.9696693,0.0,1034928267.0805233,1.0,0.0,0.0,1.0,1.0,0.0,1.0,0.10417646328624579
ic_r2,proportional,2,6,0.9999999999999998,1.693028025329113e-06,3858645468.9696693,3858645468.9696693,0.0,1034928267.0805233,1.0,0.0,0.0,1.0,1.0,0.0,1.0,0.10417646328624579
ic_r2,proportional,2,7,0.9999999999999998,1.693028025329113e-06,3858645468.9696693,3858645468.9696693,0.0,1034928267.0805233,1.0,0.0,0.0,1.0,1.0,0.0,1.0,0.10417646328624579
ic_r2,proportional,2,8,0.9999999999999998,1.693028025329113e-06,3858645468.9696693,3858645468.9696693,0.0,1034928267.0805233,1.0,0.0,0.0,1.0,1.0,0.0,1.0,0.10417646328624579
ic_r2,proportional,2,9,0.9999999999999998,1.693028025329113e-06,3858645468.9696693,3858645468.9696693,0.0,1034928267.0805233,1.0,0.0,0.0,1.0,1.0,0.0,1.0,0.10417646328624579
ic_r2,proportional,2,10,0.9999999999999998,1.693028025329113e-06,3858645468.9696693,3858645468.9696693,0.0,1034928267.0805233,1.0,0.0,0.0,1.0,1.0,0.0,1.0,0.10417646328624579
ic_r2,proportional,3,1,0.9999999999999998,1.693028025329113e-06,3858645468.9696693,3858645468.9696693,0.0,1034928267.0805233,1.0,0.0,0.0,1.0,1.0,0.0,1.0,0.14455493742820152
ic_r2,proportional,3,2,0.9999999999999998,1.693028025329113e-06,3858645468.9696693,3858645468.9696693,0.0,1034928267.0805233,1.0,0.0,0.0,1.0,1.0,0.0,1.0,0.14455493742820152
ic_r2,proportional,3,3,0.9999999999999998,1.693028025329113e-06,3858645468.9696693,3858645468.9696693,0.0,1034928267.0805233,1.0,0.0,0.0,1.0,1.0,0.0,1.0,0.14455493742820152
ic_r2,proportional,3,4,0.9999999999999998,1.693028025329113e-06,3858645468.9696693,3858645468.9696693,0.0,1034928267.0805233,1.0,0.0,0.0,1.0,1.0,0.0,1.0,0.14455493742820152
ic_r2,proportional,3,5,0.9999999999999998,1.693028025329113e-06,3858645468.9696693,3858645468.9696693,0.0,1034928267.0805233,1.0,0.0,0.0,1.0,1.0,0.0,1.0,0.14455493742820152
ic_r2,proportional,3,6,0.9999999999999998,1.693028025329113e-06,3858645468.9696693,3858645468.9696693,0.0,1034928267.0805233,1.0,0.0,0.0,1.0,1.0,0.0,1.0,0.14455493742820152
ic_r2,proportional,3,7,0.9999999999999998,1.693028025329113e-06,3858645468.9696693,3858645468.9696693,0.0,1034928267.0805233,1.0,0.0,0.0,1.0,1.0,0.0,1.0,0.14455493742820152
ic_r2,proportional,3,8,0.9999999999999998,1.693028025329113e-06,3858645468.9696693,3858645468.9696693,0.0,1034928267.0805233,1.0,0.0,0.0,1.0,1.0,0.0,1.0,0.14455493742820152
ic_r2,proportional,3,9,0.9999999999999998,1.693028025329113e-06,3858645468.9696693,3858645468.9696693,0.0,1034928267.0805233,1.0,0.0,0.0,1.0,1.0,0.0,1.0,0.14455493742820152
ic_r2,proportional,3,10,0.9999999999999998,1.693028025329113e-06,3858645468.9696693,3858645468.9696693,0.0,1034928267.0805233,1.0,0.0,0.0,1.0,1.0,0.0,1.0,0.14455493742820152
ic_r2,proportional,4,1,0.9999999999999998,1.693028025329113e-06,3858645468.9696693,3858645468.9696693,0.0,1034928267.0805233,1.0,0.0,0.0,1.0,1.0,0.0,1.0,0.1849334115701567
ic_r2,proportional,4,2,0.9999999999999998,1.693028025329113e-06,3858645468.9696693,3858645468.9696693,0.0,1034928267.0805233,1.0,0.0,0.0,1.0,1.0,0.0,1.0,0.1849334115701567
ic_r2,proportional,4,3,0.9999999999999998,1.693028025329113e-06,3858645468.9696693,3858645468.9696693,0.0,1034928267.0805233,1.0,0.0,0.0,1.0,1.0,0.0,1.0,0.1849334115701567
ic_r2,proportional,4,4,0.9999999999999998,1.693028025329113e-06,3858645468.9696693,3858645468.9696693,0.0,1034928267.0805233,1.0,0.0,0.0,1.0,1.0,0.0,1.0,0.1849334115701567
ic_r2,proportional,4,5,0.9999999999999998,1.693028025329113e-06,3858645468.9696693,3858645468.9696693,0.0,1034928267.0805233,1.0,0.0,0.0,1.0,1.0,0.0,1.0,0.1849334115701567
ic_r2,proportional,4,6,0.9999999999999998,1.693028025329113e-06,3858645468.9696693,3858645468.9696693,0.0,1034928267.0805233,1.0,0.0,0.0,1.0,1.0,0.0,1.0,0.1849334115701567
ic_r2,proportional,4,7,0.9999999999999998,1.693028025329113e-06,3858645468.9696693,3858645468.9696693,0.0,1034928267.0805233,1.0,0.0,0.0,1.0,1.0,0.0,1.0,0.1849334115701567
ic_r2,proportional,4,8,0.9999999999999998,1.693028025329113e-06,3858645468.9696693,3858645468.9696693,0.0,1034928267.0805233,1.0,0.0,0.0,1.0,1.0,0.0,1.0,0.1849334115701567
ic_r2,proportional,4,9,0.9999999999999998,1.693028025329113e-06,3858645468.9696693,3858645468.9696693,0.0,1034928267.0805233,1.0,0.0,0.0,1.0,1.0,0.0,1.0,0.1849334115701567
ic_r2,proportional,4,10,0.9999999999999998,1.693028025329113e-06,3858645468.9696693,3858645468.9696693,0.0,1034928267.0805233,1.0,0.0,0.0,1.0,1.0,0.0,1.0,0.1849334115701567
ic_r2,intermediate_first,0,1,0.9999999999999998,1.7005950212478638e-06,3858645468.9696693,3858645468.9696693,0.0,1034928267.0805233,1.0,0.0,0.03333333333333333,1.0,1.0,0.0,1.0,0.023419515002334336
ic_r2,intermediate_first,0,2,0.9999999999999998,1.7005950212478638e-06,3858645468.9696693,3858645468.9696693,0.0,1034928267.0805233,1.0,0.0,0.03333333333333333,1.0,1.0,0.0,1.0,0.023419515002334336
ic_r2,intermediate_first,0,3,0.9999999999999998,1.7005950212478638e-06,3858645468.9696693,3858645468.9696693,0.0,1034928267.0805233,1.0,0.0,0.03333333333333333,1.0,1.0,0.0,1.0,0.023419515002334336
ic_r2,intermediate_first,0,4,0.9999999999999998,1.7005950212478638e-06,3858645468.9696693,3858645468.9696693,0.0,1034928267.0805233,1.0,0.0,0.03333333333333333,1.0,1.0,0.0,1.0,0.023419515002334336
ic_r2,intermediate_first,0,5,0.9999999999999998,1.7005950212478638e-06,3858645468.9696693,3858645468.9696693,0.0,1034928267.0805233,1.0,0.0,0.03333333333333333,1.0,1.0,0.0,1.0,0.023419515002334336
ic_r2,intermediate_first,0,6,0.9999999999999998,1.7005950212478638e-06,3858645468.9696693,3858645468.9696693,0.0,1034928267.0805233,1.0,0.0,0.03333333333333333,1.0,1.0,0.0,1.0,0.023419515002334336
ic_r2,intermediate_first,0,7,0.9999999999999998,1.7005950212478638e-06,3858645468.9696693,3858645468.9696693,0.0,1034928267.0805233,1.0,0.0,0.03333333333333333,1.0,1.0,0.0,1.0,0.023419515002334336
ic_r2,intermediate_first,0,8,0.9999999999999998,1.7005950212478638e-06,3858645468.9696693,3858645468.9696693,0.0,1034928267.0805233,1.0,0.0,0.03333333333333333,1.0,1.0,0.0,1.0,0.023419515002334336
ic_r2,intermediate_first,0,9,0.9999999999999998,1.7005950212478638e-06,3858645468.9696693,3858645468.9696693,0.0,1034928267.0805233,1.0,0.0,0.03333333333333333,1.0,1.0,0.0,1.0,0.023419515002334336
ic_r2,intermediate_first,0,10,0.9999999999999998,1.7005950212478638e-06,3858645468.9696693,3858645468.9696693,0.0,1034928267.0805233,1.0,0.0,0.03333333333333333,1.0,1.0,0.0,1.0,0.023419515002334336
ic_r2,intermediate_first,1,1,0.9999999999999998,1.7005950212478638e-06,3858645468.9696693,3858645468.9696693,0.0,1034928267.0805233,1.0,0.0,0.0,1.0,1.0,0.0,1.0,0.06379798914429007
ic_r2,intermediate_first,1,2,0.9999999999999998,1.7005950212478638e-06,3858645468.9696693,3858645468.9696693,0.0,1034928267.0805233,1.0,0.0,0.0,1.0,1.0,0.0,1.0,0.06379798914429007
ic_r2,intermediate_first,1,3,0.9999999999999998,1.7005950212478638e-06,3858645468.9696693,3858645468.9696693,0.0,1034928267.0805233,1.0,0.0,0.0,1.0,1.0,0.0,1.0,0.06379798914429007
ic_r2,intermediate_first,1,4,0.9999999999999998,1.7005950212478638e-06,3858645468.9696693,3858645468.9696693,0.0,1034928267.0805233,1.0,0.0,0.0,1.0,1.0,0.0,1.0,0.06379798914429007
ic_r2,intermediate_first,1,5,0.9999999999999998,1.7005950212478638e-06,3858645468.9696693,3858645468.9696693,0.0,1034928267.0805233,1.0,0.0,0.0,1.0,1.0,0.0,1.0,0.06379798914429007
ic_r2,intermediate_first,1,6,0.9999999999999998,1.7005950212478638e-06,3858645468.9696693,3858645468.9696693,0.0,1034928267.0805233,1.0,0.0,0.0,1.0,1.0,0.0,1.0,0.06379798914429007
ic_r2,intermediate_first,1,7,0.9999999999999998,1.7005950212478638e-06,3858645468.9696693,3858645468.9696693,0.0,1034928267.0805233,1.0,0.0,0.0,1.0,1.0,0.0,1.0,0.06379798914429007
ic_r2,intermediate_first,1,8,0.9999999999999998,1.7005950212478638e-06,3858645468.9696693,3858645468.9696693,0.0,1034928267.0805233,1.0,0.0,0.0,1.0,1.0,0.0,1.0,0.06379798914429007
ic_r2,intermediate_first,1,9,0.9999999999999998,1.7005950212478638e-06,3858645468.9696693,3858645468.9696693,0.0,1034928267.0805233,1.0,0.0,0.0,1.0,1.0,0.0,1.0,0.06379798914429007
ic_r2,intermediate_first,1,10,0.9999999999999998,1.7005950212478638e-06,3858645468.9696693,3858645468.9696693,0.0,1034928267.0805233,1.0,0.0,0.0,1.0,1.0,0.0,1.0,0.06379798914429007
ic_r2,intermediate_first,2,1,0.9999999999999998,1.7005950212478638e-06,3858645468.9696693,3858645468.9696693,0.0,1034928267.0805233,1.0,0.0,0.0,1.0,1.0,0.0,1.0,0.10417646328624579
ic_r2,intermediate_first,2,2,0.9999999999999998,1.7005950212478638e-06,3858645468.9696693,3858645468.9696693,0.0,1034928267.0805233,1.0,0.0,0.0,1.0,1.0,0.0,1.0,0.10417646328624579
ic_r2,intermediate_first,2,3,0.9999999999999998,1.7005950212478638e-06,3858645468.9696693,3858645468.9696693,0.0,1034928267.0805233,1.0,0.0,0.0,1.0,1.0,0.0,1.0,0.10417646328624579
ic_r2,intermediate_first,2,4,0.9999999999999998,1.7005950212478638e-06,3858645468.9696693,3858645468.9696693,0.0,1034928267.0805233,1.0,0.0,0.0,1.0,1.0,0.0,1.0,0.10417646328624579
ic_r2,intermediate_first,2,5,0.9999999999999998,1.7005950212478638e-06,3858645468.9696693,3858645468.9696693,0.0,1034928267.0805233,1.0,0.0,0.0,1.0,1.0,0.0,1.0,0.10417646328624579
ic_r2,intermediate_first,2,6,0.9999999999999998,1.7005950212478638e-06,3858645468.9696693,3858645468.9696693,0.0,1034928267.0805233,1.0,0.0,0.0,1.0,1.0,0.0,1.0,0.10417646328624579
ic_r2,intermediate_first,2,7,0.9999999999999998,1.7005950212478638e-06,3858645468.9696693,3858645468.9696693,0.0,1034928267.0805233,1.0,0.0,0.0,1.0,1.0,0.0,1.0,0.10417646328624579
ic_r2,intermediate_first,2,8,0.9999999999999998,1.7005950212478638e-06,3858645468.9696693,3858645468.9696693,0.0,1034928267.0805233,1.0,0.0,0.0,1.0,1.0,0.0,1.0,0.10417646328624579
ic_r2,intermediate_first,2,9,0.9999999999999998,1.7005950212478638e-06,3858645468.9696693,3858645468.9696693,0.0,1034928267.0805233,1.0,0.0,0.0,1.0,1.0,0.0,1.0,0.10417646328624579
ic_r2,intermediate_first,2,10,0.9999999999999998,1.7005950212478638e-06,3858645468.9696693,3858645468.9696693,0.0,1034928267.0805233,1.0,0.0,0.0,1.0,1.0,0.0,1.0,0.10417646328624579
ic_r2,intermediate_first,3,1,0.9999999999999998,1.7005950212478638e-06,3858645468.9696693,3858645468.9696693,0.0,1034928267.0805233,1.0,0.0,0.0,1.0,1.0,0.0,1.0,0.14455493742820152
ic_r2,intermediate_first,3,2,0.9999999999999998,1.7005950212478638e-06,3858645468.9696693,3858645468.9696693,0.0,1034928267.0805233,1.0,0.0,0.0,1.0,1.0,0.0,1.0,0.14455493742820152
ic_r2,intermediate_first,3,3,0.9999999999999998,1.7005950212478638e-06,3858645468.9696693,3858645468.9696693,0.0,1034928267.0805233,1.0,0.0,0.0,1.0,1.0,0.0,1.0,0.14455493742820152
ic_r2,intermediate_first,3,4,0.9999999999999998,1.7005950212478638e-06,3858645468.9696693,3858645468.9696693,0.0,1034928267.0805233,1.0,0.0,0.0,1.0,1.0,0.0,1.0,0.14455493742820152
ic_r2,intermediate_first,3,5,0.9999999999999998,1.7005950212478638e-06,3858645468.9696693,3858645468.9696693,0.0,1034928267.0805233,1.0,0.0,0.0,1.0,1.0,0.0,1.0,0.14455493742820152
ic_r2,intermediate_first,3,6,0.9999999999999998,1.7005950212478638e-06,3858645468.9696693,3858645468.9696693,0.0,1034928267.0805233,1.0,0.0,0.0,1.0,1.0,0.0,1.0,0.14455493742820152
ic_r2,intermediate_first,3,7,0.9999999999999998,1.7005950212478638e-06,3858645468.9696693,3858645468.9696693,0.0,1034928267.0805233,1.0,0.0,0.0,1.0,1.0,0.0,1.0,0.14455493742820152
ic_r2,intermediate_first,3,8,0.9999999999999998,1.7005950212478638e-06,3858645468.9696693,3858645468.9696693,0.0,1034928267.0805233,1.0,0.0,0.0,1.0,1.0,0.0,1.0,0.14455493742820152
ic_r2,intermediate_first,3,9,0.9999999999999998,1.7005950212478638e-06,3858645468.9696693,3858645468.9696693,0.0,1034928267.0805233,1.0,0.0,0.0,1.0,1.0,0.0,1.0,0.14455493742820152
ic_r2,intermediate_first,3,10,0.9999999999999998,1.7005950212478638e-06,3858645468.9696693,3858645468.9696693,0.0,1034928267.0805233,1.0,0.0,0.0,1.0,1.0,0.0,1.0,0.14455493742820152
ic_r2,intermediate_first,4,1,0.9999999999999998,1.7005950212478638e-06,3858645468.9696693,3858645468.9696693,0.0,1034928267.0805233,1.0,0.0,0.0,1.0,1.0,0.0,1.0,0.1849334115701567
ic_r2,intermediate_first,4,2,0.9999999999999998,1.7005950212478638e-06,3858645468.9696693,3858645468.9696693,0.0,1034928267.0805233,1.0,0.0,0.0,1.0,1.0,0.0,1.0,0.1849334115701567
ic_r2,intermediate_first,4,3,0.9999999999999998,1.7005950212478638e-06,3858645468.9696693,3858645468.9696693,0.0,1034928267.0805233,1.0,0.0,0.0,1.0,1.0,0.0,1.0,0.1849334115701567
ic_r2,intermediate_first,4,4,0.9999999999999998,1.7005950212478638e-06,3858645468.9696693,3858645468.9696693,0.0,1034928267.0805233,1.0,0.0,0.0,1.0,1.0,0.0,1.0,0.1849334115701567
ic_r2,intermediate_first,4,5,0.9999999999999998,1.7005950212478638e-06,3858645468.9696693,3858645468.9696693,0.0,1034928267.0805233,1.0,0.0,0.0,1.0,1.0,0.0,1.0,0.1849334115701567
ic_r2,intermediate_first,4,6,0.9999999999999998,1.7005950212478638e-06,3858645468.9696693,3858645468.9696693,0.0,1034928267.0805233,1.0,0.0,0.0,1.0,1.0,0.0,1.0,0.1849334115701567
ic_r2,intermediate_first,4,7,0.9999999999999998,1.7005950212478638e-06,3858645468.9696693,3858645468.9696693,0.0,1034928267.0805233,1.0,0.0,0.0,1.0,1.0,0.0,1.0,0.1849334115701567
ic_r2,intermediate_first,4,8,0.9999999999999998,1.7005950212478638e-06,3858645468.9696693,3858645468.9696693,0.0,1034928267.0805233,1.0,0.0,0.0,1.0,1.0,0.0,1.0,0.1849334115701567
ic_r2,intermediate_first,4,9,0.9999999999999998,1.7005950212478638e-06,3858645468.9696693,3858645468.9696693,0.0,1034928267.0805233,1.0,0.0,0.0,1.0,1.0,0.0,1.0,0.1849334115701567
ic_r2,intermediate_first,4,10,0.9999999999999998,1.7005950212478638e-06,3858645468.9696693,3858645468.9696693,0.0,1034928267.0805233,1.0,0.0,0.0,1.0,1.0,0.0,1.0,0.1849334115701567
ic_r2,final_first,0,1,1.0,1.5477417036890984e-06,3858645468.9696684,3858645468.9696684,0.0,1034928267.0805233,1.0,0.0,0.03333333333333333,1.0,1.0,0.0,1.0,0.023419515002334336
ic_r2,final_first,0,2,1.0,1.5477417036890984e-06,3858645468.9696684,3858645468.9696684,0.0,1034928267.0805233,1.0,0.0,0.03333333333333333,1.0,1.0,0.0,1.0,0.023419515002334336
ic_r2,final_first,0,3,1.0,1.5477417036890984e-06,3858645468.9696684,3858645468.9696684,0.0,1034928267.0805233,1.0,0.0,0.03333333333333333,1.0,1.0,0.0,1.0,0.023419515002334336
ic_r2,final_first,0,4,1.0,1.5477417036890984e-06,3858645468.9696684,3858645468.9696684,0.0,1034928267.0805233,1.0,0.0,0.03333333333333333,1.0,1.0,0.0,1.0,0.023419515002334336
ic_r2,final_first,0,5,1.0,1.5477417036890984e-06,3858645468.9696684,3858645468.9696684,0.0,1034928267.0805233,1.0,0.0,0.03333333333333333,1.0,1.0,0.0,1.0,0.023419515002334336
ic_r2,final_first,0,6,1.0,1.5477417036890984e-06,3858645468.9696684,3858645468.9696684,0.0,1034928267.0805233,1.0,0.0,0.03333333333333333,1.0,1.0,0.0,1.0,0.023419515002334336
ic_r2,final_first,0,7,1.0,1.5477417036890984e-06,3858645468.9696684,3858645468.9696684,0.0,1034928267.0805233,1.0,0.0,0.03333333333333333,1.0,1.0,0.0,1.0,0.023419515002334336
ic_r2,final_first,0,8,1.0,1.5477417036890984e-06,3858645468.9696684,3858645468.9696684,0.0,1034928267.0805233,1.0,0.0,0.03333333333333333,1.0,1.0,0.0,1.0,0.023419515002334336
ic_r2,final_first,0,9,1.0,1.5477417036890984e-06,3858645468.9696684,3858645468.9696684,0.0,1034928267.0805233,1.0,0.0,0.03333333333333333,1.0,1.0,0.0,1.0,0.023419515002334336
ic_r2,final_first,0,10,1.0,1.5477417036890984e-06,3858645468.9696684,3858645468.9696684,0.0,1034928267.0805233,1.0,0.0,0.03333333333333333,1.0,1.0,0.0,1.0,0.023419515002334336
ic_r2,final_first,1,1,1.0,1.5477417036890984e-06,3858645468.9696684,3858645468.9696684,0.0,1034928267.0805233,1.0,0.0,0.0,1.0,1.0,0.0,1.0,0.06379798914429007
ic_r2,final_first,1,2,1.0,1.5477417036890984e-06,3858645468.9696684,3858645468.9696684,0.0,1034928267.0805233,1.0,0.0,0.0,1.0,1.0,0.0,1.0,0.06379798914429007
ic_r2,final_first,1,3,1.0,1.5477417036890984e-06,3858645468.9696684,3858645468.9696684,0.0,1034928267.0805233,1.0,0.0,0.0,1.0,1.0,0.0,1.0,0.06379798914429007
ic_r2,final_first,1,4,1.0,1.5477417036890984e-06,3858645468.9696684,3858645468.9696684,0.0,1034928267.0805233,1.0,0.0,0.0,1.0,1.0,0.0,1.0,0.06379798914429007
ic_r2,final_first,1,5,1.0,1.5477417036890984e-06,3858645468.9696684,3858645468.9696684,0.0,1034928267.0805233,1.0,0.0,0.0,1.0,1.0,0.0,1.0,0.06379798914429007
ic_r2,final_first,1,6,1.0,1.5477417036890984e-06,3858645468.9696684,3858645468.9696684,0.0,1034928267.0805233,1.0,0.0,0.0,1.0,1.0,0.0,1.0,0.06379798914429007
ic_r2,final_first,1,7,1.0,1.5477417036890984e-06,3858645468.9696684,3858645468.9696684,0.0,1034928267.0805233,1.0,0.0,0.0,1.0,1.0,0.0,1.0,0.06379798914429007
ic_r2,final_first,1,8,1.0,1.5477417036890984e-06,3858645468.9696684,3858645468.9696684,0.0,1034928267.0805233,1.0,0.0,0.0,1.0,1.0,0.0,1.0,0.06379798914429007
ic_r2,final_first,1,9,1.0,1.5477417036890984e-06,3858645468.9696684,3858645468.9696684,0.0,1034928267.0805233,1.0,0.0,0.0,1.0,1.0,0.0,1.0,0.06379798914429007
ic_r2,final_first,1,10,1.0,1.5477417036890984e-06,3858645468.9696684,3858645468.9696684,0.0,1034928267.0805233,1.0,0.0,0.0,1.0,1.0,0.0,1.0,0.06379798914429007
ic_r2,final_first,2,1,1.0,1.5477417036890984e-06,3858645468.9696684,3858645468.9696684,0.0,1034928267.0805233,1.0,0.0,0.0,1.0,1.0,0.0,1.0,0.10417646328624579
ic_r2,final_first,2,2,1.0,1.5477417036890984e-06,3858645468.9696684,3858645468.9696684,0.0,1034928267.0805233,1.0,0.0,0.0,1.0,1.0,0.0,1.0,0.10417646328624579
ic_r2,final_first,2,3,1.0,1.5477417036890984e-06,3858645468.9696684,3858645468.9696684,0.0,1034928267.0805233,1.0,0.0,0.0,1.0,1.0,0.0,1.0,0.10417646328624579
ic_r2,final_first,2,4,1.0,1.5477417036890984e-06,3858645468.9696684,3858645468.9696684,0.0,1034928267.0805233,1.0,0.0,0.0,1.0,1.0,0.0,1.0,0.10417646328624579
ic_r2,final_first,2,5,1.0,1.5477417036890984e-06,3858645468.9696684,3858645468.9696684,0.0,1034928267.0805233,1.0,0.0,0.0,1.0,1.0,0.0,1.0,0.10417646328624579
ic_r2,final_first,2,6,1.0,1.5477417036890984e-06,3858645468.9696684,3858645468.9696684,0.0,1034928267.0805233,1.0,0.0,0.0,1.0,1.0,0.0,1.0,0.10417646328624579
ic_r2,final_first,2,7,1.0,1.5477417036890984e-06,3858645468.9696684,3858645468.9696684,0.0,1034928267.0805233,1.0,0.0,0.0,1.0,1.0,0.0,1.0,0.10417646328624579
ic_r2,final_first,2,8,1.0,1.5477417036890984e-06,3858645468.9696684,3858645468.9696684,0.0,1034928267.0805233,1.0,0.0,0.0,1.0,1.0,0.0,1.0,0.10417646328624579
ic_r2,final_first,2,9,1.0,1.5477417036890984e-06,3858645468.9696684,3858645468.9696684,0.0,1034928267.0805233,1.0,0.0,0.0,1.0,1.0,0.0,1.0,0.10417646328624579
ic_r2,final_first,2,10,1.0,1.5477417036890984e-06,3858645468.9696684,3858645468.9696684,0.0,1034928267.0805233,1.0,0.0,0.0,1.0,1.0,0.0,1.0,0.10417646328624579
ic_r2,final_first,3,1,1.0,1.5477417036890984e-06,3858645468.9696684,3858645468.9696684,0.0,1034928267.0805233,1.0,0.0,0.0,1.0,1.0,0.0,1.0,0.14455493742820152
ic_r2,final_first,3,2,1.0,1.5477417036890984e-06,3858645468.9696684,3858645468.9696684,0.0,1034928267.0805233,1.0,0.0,0.0,1.0,1.0,0.0,1.0,0.14455493742820152
ic_r2,final_first,3,3,1.0,1.5477417036890984e-06,3858645468.9696684,3858645468.9696684,0.0,1034928267.0805233,1.0,0.0,0.0,1.0,1.0,0.0,1.0,0.14455493742820152
ic_r2,final_first,3,4,1.0,1.5477417036890984e-06,3858645468.9696684,3858645468.9696684,0.0,1034928267.0805233,1.0,0.0,0.0,1.0,1.0,0.0,1.0,0.14455493742820152
ic_r2,final_first,3,5,1.0,1.5477417036890984e-06,3858645468.9696684,3858645468.9696684,0.0,1034928267.0805233,1.0,0.0,0.0,1.0,1.0,0.0,1.0,0.14455493742820152
ic_r2,final_first,3,6,1.0,1.5477417036890984e-06,3858645468.9696684,3858645468.9696684,0.0,1034928267.0805233,1.0,0.0,0.0,1.0,1.0,0.0,1.0,0.14455493742820152
ic_r2,final_first,3,7,1.0,1.5477417036890984e-06,3858645468.9696684,3858645468.9696684,0.0,1034928267.0805233,1.0,0.0,0.0,1.0,1.0,0.0,1.0,0.14455493742820152
ic_r2,final_first,3,8,1.0,1.5477417036890984e-06,3858645468.9696684,3858645468.9696684,0.0,1034928267.0805233,1.0,0.0,0.0,1.0,1.0,0.0,1.0,0.14455493742820152
ic_r2,final_first,3,9,1.0,1.5477417036890984e-06,3858645468.9696684,3858645468.9696684,0.0,1034928267.0805233,1.0,0.0,0.0,1.0,1.0,0.0,1.0,0.14455493742820152
ic_r2,final_first,3,10,1.0,1.5477417036890984e-06,3858645468.9696684,3858645468.9696684,0.0,1034928267.0805233,1.0,0.0,0.0,1.0,1.0,0.0,1.0,0.14455493742820152
ic_r2,final_first,4,1,1.0,1.5477417036890984e-06,3858645468.9696684,3858645468.9696684,0.0,1034928267.0805233,1.0,0.0,0.0,1.0,1.0,0.0,1.0,0.1849334115701567
ic_r2,final_first,4,2,1.0,1.5477417036890984e-06,3858645468.9696684,3858645468.9696684,0.0,1034928267.0805233,1.0,0.0,0.0,1.0,1.0,0.0,1.0,0.1849334115701567
ic_r2,final_first,4,3,1.0,1.5477417036890984e-06,3858645468.9696684,3858645468.9696684,0.0,1034928267.0805233,1.0,0.0,0.0,1.0,1.0,0.0,1.0,0.1849334115701567
ic_r2,final_first,4,4,1.0,1.5477417036890984e-06,3858645468.9696684,3858645468.9696684,0.0,1034928267.0805233,1.0,0.0,0.0,1.0,1.0,0.0,1.0,0.1849334115701567
ic_r2,final_first,4,5,1.0,1.5477417036890984e-06,3858645468.9696684,3858645468.9696684,0.0,1034928267.0805233,1.0,0.0,0.0,1.0,1.0,0.0,1.0,0.1849334115701567
ic_r2,final_first,4,6,1.0,1.5477417036890984e-06,3858645468.9696684,3858645468.9696684,0.0,1034928267.0805233,1.0,0.0,0.0,1.0,1.0,0.0,1.0,0.1849334115701567
ic_r2,final_first,4,7,1.0,1.5477417036890984e-06,3858645468.9696684,3858645468.9696684,0.0,1034928267.0805233,1.0,0.0,0.0,1.0,1.0,0.0,1.0,0.1849334115701567
ic_r2,final_first,4,8,1.0,1.5477417036890984e-06,3858645468.9696684,3858645468.9696684,0.0,1034928267.0805233,1.0,0.0,0.0,1.0,1.0,0.0,1.0,0.1849334115701567
ic_r2,final_first,4,9,1.0,1.5477417036890984e-06,3858645468.9696684,3858645468.9696684,0.0,1034928267.0805233,1.0,0.0,0.0,1.0,1.0,0.0,1.0,0.1849334115701567
ic_r2,final_first,4,10,1.0,1.5477417036890984e-06,3858645468.9696684,3858645468.9696684,0.0,1034928267.0805233,1.0,0.0,0.0,1.0,1.0,0.0,1.0,0.1849334115701567
ic_g4,proportional,0,1,0.03359700263021693,8872254861.10137,183059845.9300781,-5171672604.385686,3449760.89026841,0.0,1.0,0.0,0.03333333333333333,1.0,0.03333333333333333,0.0,0.2,0.0
ic_g4,proportional,0,2,0.03359700263021693,8872254861.10137,183059845.9300781,-5171672604.385686,3449760.89026841,0.0,1.0,0.0,0.03333333333333333,1.0,0.03333333333333333,0.0,0.2,0.0
ic_g4,proportional,0,3,0.03359700263021693,8872254861.10137,183059845.9300781,-5171672604.385686,3449760.89026841,0.0,1.0,0.0,0.03333333333333333,1.0,0.03333333333333333,0.0,0.2,0.0
ic_g4,proportional,0,4,0.03359700263021693,8872254861.10137,183059845.9300781,-5171672604.385686,3449760.89026841,0.0,1.0,0.0,0.03333333333333333,1.0,0.03333333333333333,0.0,0.2,0.0
ic_g4,proportional,0,5,0.03359700263021693,8872254861.10137,183059845.9300781,-5171672604.385686,3449760.89026841,0.0,1.0,0.0,0.03333333333333333,1.0,0.03333333333333333,0.0,0.2,0.0
ic_g4,proportional,0,6,0.03359700263021693,8872254861.10137,183059845.9300781,-5171672604.385686,3449760.89026841,0.0,1.0,0.0,0.03333333333333333,1.0,0.03333333333333333,0.0,0.2,0.0
ic_g4,proportional,0,7,0.03359700263021693,8872254861.10137,183059845.9300781,-5171672604.385686,3449760.89026841,0.0,1.0,0.0,0.03333333333333333,1.0,0.03333333333333333,0.0,0.2,0.0
ic_g4,proportional,0,8,0.03359700263021693,8872254861.10137,183059845.9300781,-5171672604.385686,3449760.89026841,0.0,1.0,0.0,0.03333333333333333,1.0,0.03333333333333333,0.0,0.2,0.0
ic_g4,proportional,0,9,0.03359700263021693,8872254861.10137,183059845.9300781,-5171672604.385686,3449760.89026841,0.0,1.0,0.0,0.03333333333333333,1.0,0.03333333333333333,0.0,0.2,0.0
ic_g4,proportional,0,10,0.03359700263021693,8872254861.10137,183059845.9300781,-5171672604.385686,3449760.89026841,0.0,1.0,0.0,0.03333333333333333,1.0,0.03333333333333333,0.0,0.2,0.0
ic_g4,proportional,1,1,0.14124613705833114,7883960579.292829,1700214685.7311625,-1446033546.3550825,3449760.89026841,0.0,1.0,0.0,0.03333333333333333,1.0,0.03333333333333333,0.0,0.4,0.0
ic_g4,proportional,1,2,0.14124613705833114,7883960579.292829,1700214685.7311625,-1446033546.3550825,3449760.89026841,0.0,1.0,0.0,0.03333333333333333,1.0,0.03333333333333333,0.0,0.4,0.0
ic_g4,proportional,1,3,0.14124613705833114,7883960579.292829,1700214685.7311625,-1446033546.3550825,3449760.89026841,0.0,1.0,0.0,0.03333333333333333,1.0,0.03333333333333333,0.0,0.4,0.0
ic_g4,proportional,1,4,0.14124613705833114,7883960579.292829,1700214685.7311625,-1446033546.3550825,3449760.89026841,0.0,1.0,0.0,0.03333333333333333,1.0,0.03333333333333333,0.0,0.4,0.0
ic_g4,proportional,1,5,0.14124613705833114,7883960579.292829,1700214685.7311625,-1446033546.3550825,3449760.89026841,0.0,1.0,0.0,0.03333333333333333,1.0,0.03333333333333333,0.0,0.4,0.0
ic_g4,proportional,1,6,0.14124613705833114,7883960579.292829,1700214685.7311625,-1446033546.3550825,3449760.89026841,0.0,1.0,0.0,0.03333333333333333,1.0,0.03333333333333333,0.0,0.4,0.0
ic_g4,proportional,1,7,0.14124613705833114,7883960579.292829,1700214685.7311625,-1446033546.3550825,3449760.89026841,0.0,1.0,0.0,0.03333333333333333,1.0,0.03333333333333333,0.0,0.4,0.0
ic_g4,proportional,1,8,0.14124613705833114,7883960579.292829,1700214685.7311625,-1446033546.3550825,3449760.89026841,0.0,1.0,0.0,0.03333333333333333,1.0,0.03333333333333333,0.0,0.4,0.0
ic_g4,proportional,1,9,0.14124613705833114,7883960579.292829,1700214685.7311625,-1446033546.3550825,3449760.89026841,0.0,1.0,0.0,0.03333333333333333,1.0,0.03333333333333333,0.0,0.4,0.0
ic_g4,proportional,1,10,0.14124613705833114,7883960579.292829,1700214685.7311625,-1446033546.3550825,3449760.89026841,0.0,1.0,0.0,0.03333333333333333,1.0,0.03333333333333333,0.0,0.4,0.0
ic_g4,proportional,2,1,0.39237333122268764,5578437443.247633,2444860775.9143953,382964808.10232306,3449760.89026841,0.0,1.0,0.0,0.03333333333333333,1.0,0.03333333333333333,0.0,0.6,0.0
ic_g4,proportional,2,2,0.39237333122268764,5578437443.247633,2444860775.9143953,382964808.10232306,3449760.89026841,0.0,1.0,0.0,0.03333333333333333,1.0,0.03333333333333333,0.0,0.6,0.0
ic_g4,proportional,2,3,0.39237333122268764,5578437443.247633,2444860775.9143953,382964808.10232306,3449760.89026841,0.0,1.0,0.0,0.03333333333333333,1.0,0.03333333333333333,0.0,0.6,0.0
ic_g4,proportional,2,4,0.39237333122268764,5578437443.247633,2444860775.9143953,382964808.10232306,3449760.89026841,0.0,1.0,0.0,0.03333333333333333,1.0,0.03333333333333333,0.0,0.6,0.0
ic_g4,proportional,2,5,0.39237333122268764,5578437443.247633,2444860775.9143953,382964808.10232306,3449760.89026841,0.0,1.0,0.0,0.03333333333333333,1.0,0.03333333333333333,0.0,0.6,0.0
ic_g4,proportional,2,6,0.39237333122268764,5578437443.247633,2444860775.9143953,382964808.10232306,3449760.89026841,0.0,1.0,0.0,0.03333333333333333,1.0,0.03333333333333333,0.0,0.6,0.0
ic_g4,proportional,2,7,0.39237333122268764,5578437443.247633,2444860775.9143953,382964808.10232306,3449760.89026841,0.0,1.0,0.0,0.03333333333333333,1.0,0.03333333333333333,0.0,0.6,0.0
ic_g4,proportional,2,8,0.39237333122268764,5578437443.247633,2444860775.9143953,382964808.10232306,3449760.89026841,0.0,1.0,0.0,0.03333333333333333,1.0,0.03333333333333333,0.0,0.6,0.0
ic_g4,proportional,2,9,0.39237333122268764,5578437443.247633,2444860775.9143953,382964808.10232306,3449760.89026841,0.0,1.0,0.0,0.03333333333333333,1.0,0.03333333333333333,0.0,0.6,0.0
ic_g4,proportional,2,10,0.39237333122268764,5578437443.247633,2444860775.9143953,382964808.10232306,3449760.89026841,0.0,1.0,0.0,0.03333333333333333,1.0,0.03333333333333333,0.0,0.6,0.0
ic_g4,proportional,3,1,0.6762954610089705,2971833880.3173285,3164213328.72072,2149670139.6821322,3449760.89026841,0.0,1.0,0.0,0.04871794871794872,0.9846153846153847,0.03333333333333333,0.0,0.8,0.0
ic_g4,proportional,3,2,0.6762954610089705,2971833880.3173285,3164213328.72072,2149670139.6821322,3449760.89026841,0.0,1.0,0.0,0.04871794871794872,0.9846153846153847,0.03333333333333333,0.0,0.8,0.0
ic_g4,proportional,3,3,0.6762954610089705,2971833880.3173285,3164213328.72072,2149670139.6821322,3449760.89026841,0.0,1.0,0.0,0.04871794871794872,0.9846153846153847,0.03333333333333333,0.0,0.8,0.0
ic_g4,proportional,3,4,0.6762954610089705,2971833880.3173285,3164213328.72072,2149670139.6821322,3449760.89026841,0.0,1.0,0.0,0.04871794871794872,0.9846153846153847,0.03333333333333333,0.0,0.8,0.0
ic_g4,proportional,3,5,0.6762954610089705,2971833880.3173285,3164213328.72072,2149670139.6821322,3449760.89026841,0.0,1.0,0.0,0.04871794871794872,0.9846153846153847,0.03333333333333333,0.0,0.8,0.0
ic_g4,proportional,3,6,0.6762954610089705,2971833880.3173285,3164213328.72072,2149670139.6821322,3449760.89026841,0.0,1.0,0.0,0.04871794871794872,0.9846153846153847,0.03333333333333333,0.0,0.8,0.0
ic_g4,proportional,3,7,0.6762954610089705,2971833880.3173285,3164213328.72072,2149670139.6821322,3449760.89026841,0.0,1.0,0.0,0.04871794871794872,0.9846153846153847,0.03333333333333333,0.0,0.8,0.0
ic_g4,proportional,3,8,0.6762954610089705,2971833880.3173285,3164213328.72072,2149670139.6821322,3449760.89026841,0.0,1.0,0.0,0.04871794871794872,0.9846153846153847,0.03333333333333333,0.0,0.8,0.0
ic_g4,proportional,3,9,0.6762954610089705,2971833880.3173285,3164213328.72072,2149670139.6821322,3449760.89026841,0.0,1.0,0.0,0.04871794871794872,0.9846153846153847,0.03333333333333333,0.0,0.8,0.0
ic_g4,proportional,3,10,0.6762954610089705,2971833880.3173285,3164213328.72072,2149670139.6821322,3449760.89026841,0.0,1.0,0.0,0.04871794871794872,0.9846153846153847,0.03333333333333333,0.0,0.8,0.0
ic_g4,proportional,4,1,0.9985873240610407,12969352.33096753,3854777495.486451,3847189863.557169,3449760.89026841,0.0,1.0,0.0,1.0,0.2564102564102564,0.22564102564102564,0.0,1.0,0.0
ic_g4,proportional,4,2,0.9985873240610407,12969352.33096753,3854777495.486451,3847189863.557169,3449760.89026841,0.0,1.0,0.0,1.0,0.2564102564102564,0.22564102564102564,0.0,1.0,0.0
ic_g4,proportional,4,3,0.9985873240610407,12969352.33096753,3854777495.486451,3847189863.557169,3449760.89026841,0.0,1.0,0.0,1.0,0.2564102564102564,0.22564102564102564,0.0,1.0,0.0
ic_g4,proportional,4,4,0.9985873240610407,12969352.33096753,3854777495.486451,3847189863.557169,3449760.89026841,0.0,1.0,0.0,1.0,0.2564102564102564,0.22564102564102564,0.0,1.0,0.0
ic_g4,proportional,4,5,0.9985873240610407,12969352.33096753,3854777495.486451,3847189863.557169,3449760.89026841,0.0,1.0,0.0,1.0,0.2564102564102564,0.22564102564102564,0.0,1.0,0.0
ic_g4,proportional,4,6,0.9985873240610407,12969352.33096753,3854777495.486451,3847189863.557169,3449760.89026841,0.0,1.0,0.0,1.0,0.2564102564102564,0.22564102564102564,0.0,1.0,0.0
ic_g4,proportional,4,7,0.9985873240610407,12969352.33096753,3854777495.486451,3847189863.557169,3449760.89026841,0.0,1.0,0.0,1.0,0.2564102564102564,0.22564102564102564,0.0,1.0,0.0
ic_g4,proportional,4,8,0.9985873240610407,12969352.33096753,3854777495.486451,3847189863.557169,3449760.89026841,0.0,1.0,0.0,1.0,0.2564102564102564,0.22564102564102564,0.0,1.0,0.0
ic_g4,proportional,4,9,0.9985873240610407,12969352.33096753,3854777495.486451,3847189863.557169,3449760.89026841,0.0,1.0,0.0,1.0,0.2564102564102564,0.22564102564102564,0.0,1.0,0.0
ic_g4,proportional,4,10,0.9985873240610407,12969352.33096753,3854777495.486451,3847189863.557169,3449760.89026841,0.0,1.0,0.0,1.0,0.2564102564102564,0.22564102564102564,0.0,1.0,0.0
ic_g4,intermediate_first,0,1,0.03367419967078769,9624070499.908766,190926976.97305062,-5138178854.0403385,3449760.89026841,0.0,1.0,0.0,0.03333333333333333,1.0,0.03333333333333333,0.0,0.2,0.0
ic_g4,intermediate_first,0,2,0.03367419967078769,9624070499.908766,190926976.97305062,-5138178854.0403385,3449760.89026841,0.0,1.0,0.0,0.03333333333333333,1.0,0.03333333333333333,0.0,0.2,0.0
ic_g4,intermediate_first,0,3,0.03367419967078769,9624070499.908766,190926976.97305062,-5138178854.0403385,3449760.89026841,0.0,1.0,0.0,0.03333333333333333,1.0,0.03333333333333333,0.0,0.2,0.0
ic_g4,intermediate_first,0,4,0.03367419967078769,9624070499.908766,190926976.97305062,-5138178854.0403385,3449760.89026841,0.0,1.0,0.0,0.03333333333333333,1.0,0.03333333333333333,0.0,0.2,0.0
ic_g4,intermediate_first,0,5,0.03367419967078769,9624070499.908766,190926976.97305062,-5138178854.0403385,3449760.89026841,0.0,1.0,0.0,0.03333333333333333,1.0,0.03333333333333333,0.0,0.2,0.0
ic_g4,intermediate_first,0,6,0.03367419967078769,9624070499.908766,190926976.97305062,-5138178854.0403385,3449760.89026841,0.0,1.0,0.0,0.03333333333333333,1.0,0.03333333333333333,0.0,0.2,0.0
ic_g4,intermediate_first,0,7,0.03367419967078769,9624070499.908766,190926976.97305062,-5138178854.0403385,3449760.89026841,0.0,1.0,0.0,0.03333333333333333,1.0,0.03333333333333333,0.0,0.2,0.0
ic_g4,intermediate_first,0,8,0.03367419967078769,9624070499.908766,190926976.97305062,-5138178854.0403385,3449760.89026841,0.0,1.0,0.0,0.03333333333333333,1.0,0.03333333333333333,0.0,0.2,0.0
ic_g4,intermediate_first,0,9,0.03367419967078769,9624070499.908766,190926976.97305062,-5138178854.0403385,3449760.89026841,0.0,1.0,0.0,0.03333333333333333,1.0,0.03333333333333333,0.0,0.2,0.0
ic_g4,intermediate_first,0,10,0.03367419967078769,9624070499.908766,190926976.97305062,-5138178854.0403385,3449760.89026841,0.0,1.0,0.0,0.03333333333333333,1.0,0.03333333333333333,0.0,0.2,0.0
ic_g4,intermediate_first,1,1,0.16738823560382454,8292352658.774374,1699465738.8913312,-1439715408.5752094,3449760.89026841,0.0,1.0,0.0,0.03333333333333333,1.0,0.03333333333333333,0.0,0.4,0.0
ic_g4,intermediate_first,1,2,0.16738823560382454,8292352658.774374,1699465738.8913312,-1439715408.5752094,3449760.89026841,0.0,1.0,0.0,0.03333333333333333,1.0,0.03333333333333333,0.0,0.4,0.0
ic_g4,intermediate_first,1,3,0.16738823560382454,8292352658.774374,1699465738.8913312,-1439715408.5752094,3449760.89026841,0.0,1.0,0.0,0.03333333333333333,1.0,0.03333333333333333,0.0,0.4,0.0
ic_g4,intermediate_first,1,4,0.16738823560382454,8292352658.774374,1699465738.8913312,-1439715408.5752094,3449760.89026841,0.0,1.0,0.0,0.03333333333333333,1.0,0.03333333333333333,0.0,0.4,0.0
ic_g4,intermediate_first,1,5,0.16738823560382454,8292352658.774374,1699465738.8913312,-1439715408.5752094,3449760.89026841,0.0,1.0,0.0,0.03333333333333333,1.0,0.03333333333333333,0.0,0.4,0.0
ic_g4,intermediate_first,1,6,0.16738823560382454,8292352658.774374,1699465738.8913312,-1439715408.5752094,3449760.89026841,0.0,1.0,0.0,0.03333333333333333,1.0,0.03333333333333333,0.0,0.4,0.0
ic_g4,intermediate_first,1,7,0.16738823560382454,8292352658.774374,1699465738.8913312,-1439715408.5752094,3449760.89026841,0.0,1.0,0.0,0.03333333333333333,1.0,0.03333333333333333,0.0,0.4,0.0
ic_g4,intermediate_first,1,8,0.16738823560382454,8292352658.774374,1699465738.8913312,-1439715408.5752094,3449760.89026841,0.0,1.0,0.0,0.03333333333333333,1.0,0.03333333333333333,0.0,0.4,0.0
ic_g4,intermediate_first,1,9,0.16738823560382454,8292352658.774374,1699465738.8913312,-1439715408.5752094,3449760.89026841,0.0,1.0,0.0,0.03333333333333333,1.0,0.03333333333333333,0.0,0.4,0.0
ic_g4,intermediate_first,1,10,0.16738823560382454,8292352658.774374,1699465738.8913312,-1439715408.5752094,3449760.89026841,0.0,1.0,0.0,0.03333333333333333,1.0,0.03333333333333333,0.0,0.4,0.0
ic_g4,intermediate_first,2,1,0.41231338920678573,5853033596.121977,2444137399.63769,386500139.2060749,3449760.89026841,0.0,1.0,0.0,0.03333333333333333,1.0,0.03333333333333333,0.0,0.6,0.0
ic_g4,intermediate_first,2,2,0.41231338920678573,5853033596.121977,2444137399.63769,386500139.2060749,3449760.89026841,0.0,1.0,0.0,0.03333333333333333,1.0,0.03333333333333333,0.0,0.6,0.0
ic_g4,intermediate_first,2,3,0.41231338920678573,5853033596.121977,2444137399.63769,386500139.2060749,3449760.89026841,0.0,1.0,0.0,0.03333333333333333,1.0,0.03333333333333333,0.0,0.6,0.0
ic_g4,intermediate_first,2,4,0.41231338920678573,5853033596.121977,2444137399.63769,386500139.2060749,3449760.89026841,0.0,1.0,0.0,0.03333333333333333,1.0,0.03333333333333333,0.0,0.6,0.0
ic_g4,intermediate_first,2,5,0.41231338920678573,5853033596.121977,2444137399.63769,386500139.2060749,3449760.89026841,0.0,1.0,0.0,0.03333333333333333,1.0,0.03333333333333333,0.0,0.6,0.0
ic_g4,intermediate_first,2,6,0.41231338920678573,5853033596.121977,2444137399.63769,386500139.2060749,3449760.89026841,0.0,1.0,0.0,0.03333333333333333,1.0,0.03333333333333333,0.0,0.6,0.0
ic_g4,intermediate_first,2,7,0.41231338920678573,5853033596.121977,2444137399.63769,386500139.2060749,3449760.89026841,0.0,1.0,0.0,0.03333333333333333,1.0,0.03333333333333333,0.0,0.6,0.0
ic_g4,intermediate_first,2,8,0.41231338920678573,5853033596.121977,2444137399.63769,386500139.2060749,3449760.89026841,0.0,1.0,0.0,0.03333333333333333,1.0,0.03333333333333333,0.0,0.6,0.0
ic_g4,intermediate_first,2,9,0.41231338920678573,5853033596.121977,2444137399.63769,386500139.2060749,3449760.89026841,0.0,1.0,0.0,0.03333333333333333,1.0,0.03333333333333333,0.0,0.6,0.0
ic_g4,intermediate_first,2,10,0.41231338920678573,5853033596.121977,2444137399.63769,386500139.2060749,3449760.89026841,0.0,1.0,0.0,0.03333333333333333,1.0,0.03333333333333333,0.0,0.6,0.0
ic_g4,intermediate_first,3,1,0.6878072137965695,3109267477.864246,3163747373.3417406,2151120481.2187552,3449760.89026841,0.0,1.0,0.0,0.04871794871794872,0.9846153846153847,0.03333333333333333,0.0,0.8,0.0
ic_g4,intermediate_first,3,2,0.6878072137965695,3109267477.864246,3163747373.3417406,2151120481.2187552,3449760.89026841,0.0,1.0,0.0,0.04871794871794872,0.9846153846153847,0.03333333333333333,0.0,0.8,0.0
ic_g4,intermediate_first,3,3,0.6878072137965695,3109267477.864246,3163747373.3417406,2151120481.2187552,3449760.89026841,0.0,1.0,0.0,0.04871794871794872,0.9846153846153847,0.03333333333333333,0.0,0.8,0.0
ic_g4,intermediate_first,3,4,0.6878072137965695,3109267477.864246,3163747373.3417406,2151120481.2187552,3449760.89026841,0.0,1.0,0.0,0.04871794871794872,0.9846153846153847,0.03333333333333333,0.0,0.8,0.0
ic_g4,intermediate_first,3,5,0.6878072137965695,3109267477.864246,3163747373.3417406,2151120481.2187552,3449760.89026841,0.0,1.0,0.0,0.04871794871794872,0.9846153846153847,0.03333333333333333,0.0,0.8,0.0
ic_g4,intermediate_first,3,6,0.6878072137965695,3109267477.864246,3163747373.3417406,2151120481.2187552,3449760.89026841,0.0,1.0,0.0,0.04871794871794872,0.9846153846153847,0.03333333333333333,0.0,0.8,0.0
ic_g4,intermediate_first,3,7,0.6878072137965695,3109267477.864246,3163747373.3417406,2151120481.2187552,3449760.89026841,0.0,1.0,0.0,0.04871794871794872,0.9846153846153847,0.03333333333333333,0.0,0.8,0.0
ic_g4,intermediate_first,3,8,0.6878072137965695,3109267477.864246,3163747373.3417406,2151120481.2187552,3449760.89026841,0.0,1.0,0.0,0.04871794871794872,0.9846153846153847,0.03333333333333333,0.0,0.8,0.0
ic_g4,intermediate_first,3,9,0.6878072137965695,3109267477.864246,3163747373.3417406,2151120481.2187552,3449760.89026841,0.0,1.0,0.0,0.04871794871794872,0.9846153846153847,0.03333333333333333,0.0,0.8,0.0
ic_g4,intermediate_first,3,10,0.6878072137965695,3109267477.864246,3163747373.3417406,2151120481.2187552,3449760.89026841,0.0,1.0,0.0,0.04871794871794872,0.9846153846153847,0.03333333333333333,0.0,0.8,0.0
ic_g4,intermediate_first,4,1,0.9985500960468905,14440241.436239881,3854777495.486451,3847195220.9933743,3449760.89026841,0.0,1.0,0.0,1.0,0.2564102564102564,0.22564102564102564,0.0,1.0,0.0
ic_g4,intermediate_first,4,2,0.9985500960468905,14440241.436239881,3854777495.486451,3847195220.9933743,3449760.89026841,0.0,1.0,0.0,1.0,0.2564102564102564,0.22564102564102564,0.0,1.0,0.0
ic_g4,intermediate_first,4,3,0.9985500960468905,14440241.436239881,3854777495.486451,3847195220.9933743,3449760.89026841,0.0,1.0,0.0,1.0,0.2564102564102564,0.22564102564102564,0.0,1.0,0.0
ic_g4,intermediate_first,4,4,0.9985500960468905,14440241.436239881,3854777495.486451,3847195220.9933743,3449760.89026841,0.0,1.0,0.0,1.0,0.2564102564102564,0.22564102564102564,0.0,1.0,0.0
ic_g4,intermediate_first,4,5,0.9985500960468905,14440241.436239881,3854777495.486451,3847195220.9933743,3449760.89026841,0.0,1.0,0.0,1.0,0.2564102564102564,0.22564102564102564,0.0,1.0,0.0
ic_g4,intermediate_first,4,6,0.9985500960468905,14440241.436239881,3854777495.486451,3847195220.9933743,3449760.89026841,0.0,1.0,0.0,1.0,0.2564102564102564,0.22564102564102564,0.0,1.0,0.0
ic_g4,intermediate_first,4,7,0.9985500960468905,14440241.436239881,3854777495.486451,3847195220.9933743,3449760.89026841,0.0,1.0,0.0,1.0,0.2564102564102564,0.22564102564102564,0.0,1.0,0.0
ic_g4,intermediate_first,4,8,0.9985500960468905,14440241.436239881,3854777495.486451,3847195220.9933743,3449760.89026841,0.0,1.0,0.0,1.0,0.2564102564102564,0.22564102564102564,0.0,1.0,0.0
ic_g4,intermediate_first,4,9,0.9985500960468905,14440241.436239881,3854777495.486451,3847195220.9933743,3449760.89026841,0.0,1.0,0.0,1.0,0.2564102564102564,0.22564102564102564,0.0,1.0,0.0
ic_g4,intermediate_first,4,10,0.9985500960468905,14440241.436239881,3854777495.486451,3847195220.9933743,3449760.89026841,0.0,1.0,0.0,1.0,0.2564102564102564,0.22564102564102564,0.0,1.0,0.0
ic_g4,final_first,0,1,0.033525647211296736,7523133700.907708,174769897.35849985,-5217921796.785409,3449760.89026841,0.0,1.0,0.0,0.03333333333333333,1.0,0.03333333333333333,0.0,0.2,0.0
ic_g4,final_first,0,2,0.033525647211296736,7523133700.907708,174769897.35849985,-5217921796.785409,3449760.89026841,0.0,1.0,0.0,0.03333333333333333,1.0,0.03333333333333333,0.0,0.2,0.0
ic_g4,final_first,0,3,0.033525647211296736,7523133700.907708,174769897.35849985,-5217921796.785409,3449760.89026841,0.0,1.0,0.0,0.03333333333333333,1.0,0.03333333333333333,0.0,0.2,0.0
ic_g4,final_first,0,4,0.033525647211296736,7523133700.907708,174769897.35849985,-5217921796.785409,3449760.89026841,0.0,1.0,0.0,0.03333333333333333,1.0,0.03333333333333333,0.0,0.2,0.0
ic_g4,final_first,0,5,0.033525647211296736,7523133700.907708,174769897.35849985,-5217921796.785409,3449760.89026841,0.0,1.0,0.0,0.03333333333333333,1.0,0.03333333333333333,0.0,0.2,0.0
ic_g4,final_first,0,6,0.033525647211296736,7523133700.907708,174769897.35849985,-5217921796.785409,3449760.89026841,0.0,1.0,0.0,0.03333333333333333,1.0,0.03333333333333333,0.0,0.2,0.0
ic_g4,final_first,0,7,0.033525647211296736,7523133700.907708,174769897.35849985,-5217921796.785409,3449760.89026841,0.0,1.0,0.0,0.03333333333333333,1.0,0.03333333333333333,0.0,0.2,0.0
ic_g4,final_first,0,8,0.033525647211296736,7523133700.907708,174769897.35849985,-5217921796.785409,3449760.89026841,0.0,1.0,0.0,0.03333333333333333,1.0,0.03333333333333333,0.0,0.2,0.0
ic_g4,final_first,0,9,0.033525647211296736,7523133700.907708,174769897.35849985,-5217921796.785409,3449760.89026841,0.0,1.0,0.0,0.03333333333333333,1.0,0.03333333333333333,0.0,0.2,0.0
ic_g4,final_first,0,10,0.033525647211296736,7523133700.907708,174769897.35849985,-5217921796.785409,3449760.89026841,0.0,1.0,0.0,0.03333333333333333,1.0,0.03333333333333333,0.0,0.2,0.0
ic_g4,final_first,1,1,0.04098540013914057,7465066232.805761,555939106.0525723,-4271505580.0821476,3449760.89026841,0.0,1.0,0.0,0.03333333333333333,1.0,0.03333333333333333,0.0,0.4,0.0
ic_g4,final_first,1,2,0.04098540013914057,7465066232.805761,555939106.0525723,-4271505580.0821476,3449760.89026841,0.0,1.0,0.0,0.03333333333333333,1.0,0.03333333333333333,0.0,0.4,0.0
ic_g4,final_first,1,3,0.04098540013914057,7465066232.805761,555939106.0525723,-4271505580.0821476,3449760.89026841,0.0,1.0,0.0,0.03333333333333333,1.0,0.03333333333333333,0.0,0.4,0.0
ic_g4,final_first,1,4,0.04098540013914057,7465066232.805761,555939106.0525723,-4271505580.0821476,3449760.89026841,0.0,1.0,0.0,0.03333333333333333,1.0,0.03333333333333333,0.0,0.4,0.0
ic_g4,final_first,1,5,0.04098540013914057,7465066232.805761,555939106.0525723,-4271505580.0821476,3449760.89026841,0.0,1.0,0.0,0.03333333333333333,1.0,0.03333333333333333,0.0,0.4,0.0
ic_g4,final_first,1,6,0.04098540013914057,7465066232.805761,555939106.0525723,-4271505580.0821476,3449760.89026841,0.0,1.0,0.0,0.03333333333333333,1.0,0.03333333333333333,0.0,0.4,0.0
ic_g4,final_first,1,7,0.04098540013914057,7465066232.805761,555939106.0525723,-4271505580.0821476,3449760.89026841,0.0,1.0,0.0,0.03333333333333333,1.0,0.03333333333333333,0.0,0.4,0.0
ic_g4,final_first,1,8,0.04098540013914057,7465066232.805761,555939106.0525723,-4271505580.0821476,3449760.89026841,0.0,1.0,0.0,0.03333333333333333,1.0,0.03333333333333333,0.0,0.4,0.0
ic_g4,final_first,1,9,0.04098540013914057,7465066232.805761,555939106.0525723,-4271505580.0821476,3449760.89026841,0.0,1.0,0.0,0.03333333333333333,1.0,0.03333333333333333,0.0,0.4,0.0
ic_g4,final_first,1,10,0.04098540013914057,7465066232.805761,555939106.0525723,-4271505580.0821476,3449760.89026841,0.0,1.0,0.0,0.03333333333333333,1.0,0.03333333333333333,0.0,0.4,0.0
ic_g4,final_first,2,1,0.3554621249127529,5017147734.535299,2446143539.325784,376483302.11506194,3449760.89026841,0.0,1.0,0.0,0.03333333333333333,1.0,0.03333333333333333,0.0,0.6,0.0
ic_g4,final_first,2,2,0.3554621249127529,5017147734.535299,2446143539.325784,376483302.11506194,3449760.89026841,0.0,1.0,0.0,0.03333333333333333,1.0,0.03333333333333333,0.0,0.6,0.0
ic_g4,final_first,2,3,0.3554621249127529,5017147734.535299,2446143539.325784,376483302.11506194,3449760.89026841,0.0,1.0,0.0,0.03333333333333333,1.0,0.03333333333333333,0.0,0.6,0.0
ic_g4,final_first,2,4,0.3554621249127529,5017147734.535299,2446143539.325784,376483302.11506194,3449760.89026841,0.0,1.0,0.0,0.03333333333333333,1.0,0.03333333333333333,0.0,0.6,0.0
ic_g4,final_first,2,5,0.3554621249127529,5017147734.535299,2446143539.325784,376483302.11506194,3449760.89026841,0.0,1.0,0.0,0.03333333333333333,1.0,0.03333333333333333,0.0,0.6,0.0
ic_g4,final_first,2,6,0.3554621249127529,5017147734.535299,2446143539.325784,376483302.11506194,3449760.89026841,0.0,1.0,0.0,0.03333333333333333,1.0,0.03333333333333333,0.0,0.6,0.0
ic_g4,final_first,2,7,0.3554621249127529,5017147734.535299,2446143539.325784,376483302.11506194,3449760.89026841,0.0,1.0,0.0,0.03333333333333333,1.0,0.03333333333333333,0.0,0.6,0.0
ic_g4,final_first,2,8,0.3554621249127529,5017147734.535299,2446143539.325784,376483302.11506194,3449760.89026841,0.0,1.0,0.0,0.03333333333333333,1.0,0.03333333333333333,0.0,0.6,0.0
ic_g4,final_first,2,9,0.3554621249127529,5017147734.535299,2446143539.325784,376483302.11506194,3449760.89026841,0.0,1.0,0.0,0.03333333333333333,1.0,0.03333333333333333,0.0,0.6,0.0
ic_g4,final_first,2,10,0.3554621249127529,5017147734.535299,2446143539.325784,376483302.11506194,3449760.89026841,0.0,1.0,0.0,0.03333333333333333,1.0,0.03333333333333333,0.0,0.6,0.0
ic_g4,final_first,3,1,0.6546792552856139,2688011455.9556384,3165039041.687116,2147004558.5741098,3449760.89026841,0.0,1.0,0.0,0.04871794871794872,0.9846153846153847,0.03333333333333333,0.0,0.8,0.0
ic_g4,final_first,3,2,0.6546792552856139,2688011455.9556384,3165039041.687116,2147004558.5741098,3449760.89026841,0.0,1.0,0.0,0.04871794871794872,0.9846153846153847,0.03333333333333333,0.0,0.8,0.0
ic_g4,final_first,3,3,0.6546792552856139,2688011455.9556384,3165039041.687116,2147004558.5741098,3449760.89026841,0.0,1.0,0.0,0.04871794871794872,0.9846153846153847,0.03333333333333333,0.0,0.8,0.0
ic_g4,final_first,3,4,0.6546792552856139,2688011455.9556384,3165039041.687116,2147004558.5741098,3449760.89026841,0.0,1.0,0.0,0.04871794871794872,0.9846153846153847,0.03333333333333333,0.0,0.8,0.0
ic_g4,final_first,3,5,0.6546792552856139,2688011455.9556384,3165039041.687116,2147004558.5741098,3449760.89026841,0.0,1.0,0.0,0.04871794871794872,0.9846153846153847,0.03333333333333333,0.0,0.8,0.0
ic_g4,final_first,3,6,0.6546792552856139,2688011455.9556384,3165039041.687116,2147004558.5741098,3449760.89026841,0.0,1.0,0.0,0.04871794871794872,0.9846153846153847,0.03333333333333333,0.0,0.8,0.0
ic_g4,final_first,3,7,0.6546792552856139,2688011455.9556384,3165039041.687116,2147004558.5741098,3449760.89026841,0.0,1.0,0.0,0.04871794871794872,0.9846153846153847,0.03333333333333333,0.0,0.8,0.0
ic_g4,final_first,3,8,0.6546792552856139,2688011455.9556384,3165039041.687116,2147004558.5741098,3449760.89026841,0.0,1.0,0.0,0.04871794871794872,0.9846153846153847,0.03333333333333333,0.0,0.8,0.0
ic_g4,final_first,3,9,0.6546792552856139,2688011455.9556384,3165039041.687116,2147004558.5741098,3449760.89026841,0.0,1.0,0.0,0.04871794871794872,0.9846153846153847,0.03333333333333333,0.0,0.8,0.0
ic_g4,final_first,3,10,0.6546792552856139,2688011455.9556384,3165039041.687116,2147004558.5741098,3449760.89026841,0.0,1.0,0.0,0.04871794871794872,0.9846153846153847,0.03333333333333333,0.0,0.8,0.0
ic_g4,final_first,4,1,0.9984922554536432,11736435.40185862,3854777495.486451,3847181005.876565,3449760.89026841,0.0,1.0,0.0,1.0,0.2564102564102564,0.22564102564102564,0.0,1.0,0.0
ic_g4,final_first,4,2,0.9984922554536432,11736435.40185862,3854777495.486451,3847181005.876565,3449760.89026841,0.0,1.0,0.0,1.0,0.2564102564102564,0.22564102564102564,0.0,1.0,0.0
ic_g4,final_first,4,3,0.9984922554536432,11736435.40185862,3854777495.486451,3847181005.876565,3449760.89026841,0.0,1.0,0.0,1.0,0.2564102564102564,0.22564102564102564,0.0,1.0,0.0
ic_g4,final_first,4,4,0.9984922554536432,11736435.40185862,3854777495.486451,3847181005.876565,3449760.89026841,0.0,1.0,0.0,1.0,0.2564102564102564,0.22564102564102564,0.0,1.0,0.0
ic_g4,final_first,4,5,0.9984922554536432,11736435.40185862,3854777495.486451,3847181005.876565,3449760.89026841,0.0,1.0,0.0,1.0,0.2564102564102564,0.22564102564102564,0.0,1.0,0.0
ic_g4,final_first,4,6,0.9984922554536432,11736435.40185862,3854777495.486451,3847181005.876565,3449760.89026841,0.0,1.0,0.0,1.0,0.2564102564102564,0.22564102564102564,0.0,1.0,0.0
ic_g4,final_first,4,7,0.9984922554536432,11736435.40185862,3854777495.486451,3847181005.876565,3449760.89026841,0.0,1.0,0.0,1.0,0.2564102564102564,0.22564102564102564,0.0,1.0,0.0
ic_g4,final_first,4,8,0.9984922554536432,11736435.40185862,3854777495.486451,3847181005.876565,3449760.89026841,0.0,1.0,0.0,1.0,0.2564102564102564,0.22564102564102564,0.0,1.0,0.0
ic_g4,final_first,4,9,0.9984922554536432,11736435.40185862,3854777495.486451,3847181005.876565,3449760.89026841,0.0,1.0,0.0,1.0,0.2564102564102564,0.22564102564102564,0.0,1.0,0.0
ic_g4,final_first,4,10,0.9984922554536432,11736435.40185862,3854777495.486451,3847181005.876565,3449760.89026841,0.0,1.0,0.0,1.0,0.2564102564102564,0.22564102564102564,0.0,1.0,0.0
